date,landing_page,sessions,engaged_sessions,bounce_rate,conversions,revenue
2025-04-01,/,441,123,0.7222,5,279.35
2025-04-01,/collections/bestsellers,549,188,0.6569,11,690.34
2025-04-01,/lp/free-serum-sample,2081,689,0.6687,64,3905.51
2025-04-01,/lp/skincare-routine-quiz,1348,528,0.6081,39,2418.41
2025-04-01,/lp/spf-bundle-20-off,1738,762,0.5618,87,5037.92
2025-04-01,/products/vitamin-c-serum,859,370,0.5695,29,1689.18
2025-04-02,/,386,111,0.712,4,252.12
2025-04-02,/collections/bestsellers,519,193,0.6288,12,709.14
2025-04-02,/lp/free-serum-sample,1823,627,0.6563,57,3592.79
2025-04-02,/lp/skincare-routine-quiz,1129,430,0.6189,33,2066.65
2025-04-02,/lp/spf-bundle-20-off,1731,787,0.5453,95,5526.09
2025-04-02,/products/vitamin-c-serum,769,311,0.5958,27,1599.75
2025-04-03,/,428,118,0.7233,5,313.29
2025-04-03,/collections/bestsellers,589,214,0.6375,13,780.35
2025-04-03,/lp/free-serum-sample,2386,848,0.6448,76,4430.22
2025-04-03,/lp/skincare-routine-quiz,1316,512,0.611,39,2478.72
2025-04-03,/lp/spf-bundle-20-off,1946,881,0.5474,106,6224.47
2025-04-03,/products/vitamin-c-serum,915,382,0.5828,33,2048.35
2025-04-04,/,441,125,0.7175,5,321.57
2025-04-04,/collections/bestsellers,562,201,0.6431,12,708.43
2025-04-04,/lp/free-serum-sample,2064,683,0.6689,59,3539.07
2025-04-04,/lp/skincare-routine-quiz,1215,461,0.6202,36,2139.55
2025-04-04,/lp/spf-bundle-20-off,1822,817,0.5516,96,6067.58
2025-04-04,/products/vitamin-c-serum,897,384,0.5723,32,1947.69
2025-04-05,/,427,127,0.7026,5,287.83
2025-04-05,/collections/bestsellers,622,215,0.6539,14,800.78
2025-04-05,/lp/free-serum-sample,2117,720,0.6597,60,3493.49
2025-04-05,/lp/skincare-routine-quiz,1322,502,0.6199,36,2114.64
2025-04-05,/lp/spf-bundle-20-off,1913,855,0.553,98,5475.77
2025-04-05,/products/vitamin-c-serum,902,381,0.5777,32,1920.87
2025-04-06,/,370,103,0.7228,4,234.93
2025-04-06,/collections/bestsellers,505,181,0.6408,11,673.48
2025-04-06,/lp/free-serum-sample,2071,691,0.6665,66,3988.44
2025-04-06,/lp/skincare-routine-quiz,1220,471,0.6137,32,1997.74
2025-04-06,/lp/spf-bundle-20-off,1719,776,0.5488,94,5354.55
2025-04-06,/products/vitamin-c-serum,756,318,0.5796,25,1450.49
2025-04-07,/,390,112,0.7121,5,296.85
2025-04-07,/collections/bestsellers,499,175,0.6484,11,645.0
2025-04-07,/lp/free-serum-sample,2131,756,0.6452,63,4050.26
2025-04-07,/lp/skincare-routine-quiz,1118,451,0.5968,31,1878.11
2025-04-07,/lp/spf-bundle-20-off,1660,748,0.5491,83,5349.19
2025-04-07,/products/vitamin-c-serum,801,325,0.5947,26,1579.22
2025-04-08,/,357,109,0.6948,4,265.03
2025-04-08,/collections/bestsellers,460,170,0.6315,11,698.92
2025-04-08,/lp/free-serum-sample,1958,679,0.6531,62,3817.2
2025-04-08,/lp/skincare-routine-quiz,1184,461,0.6108,34,2028.08
2025-04-08,/lp/spf-bundle-20-off,1643,733,0.5539,88,5588.46
2025-04-08,/products/vitamin-c-serum,741,308,0.584,24,1418.25
2025-04-09,/,358,111,0.6899,5,291.28
2025-04-09,/collections/bestsellers,478,166,0.6528,11,688.21
2025-04-09,/lp/free-serum-sample,2000,662,0.6689,64,3798.98
2025-04-09,/lp/skincare-routine-quiz,1095,426,0.6111,30,1731.87
2025-04-09,/lp/spf-bundle-20-off,1673,734,0.5615,83,4961.01
2025-04-09,/products/vitamin-c-serum,806,346,0.5705,27,1719.21
2025-04-10,/,403,112,0.7229,5,305.87
2025-04-10,/collections/bestsellers,548,195,0.6441,13,849.67
2025-04-10,/lp/free-serum-sample,1849,602,0.6744,56,3464.19
2025-04-10,/lp/skincare-routine-quiz,1169,476,0.5931,34,2197.44
2025-04-10,/lp/spf-bundle-20-off,1678,778,0.5364,87,5393.95
2025-04-10,/products/vitamin-c-serum,855,349,0.592,30,1904.35
2025-04-11,/,385,109,0.7181,4,246.15
2025-04-11,/collections/bestsellers,488,179,0.6328,11,683.37
2025-04-11,/lp/free-serum-sample,1802,645,0.6418,55,3228.45
2025-04-11,/lp/skincare-routine-quiz,1088,421,0.6133,31,1861.68
2025-04-11,/lp/spf-bundle-20-off,1708,771,0.5488,94,5951.18
2025-04-11,/products/vitamin-c-serum,793,325,0.5896,29,1734.15
2025-04-12,/,422,131,0.6894,5,299.23
2025-04-12,/collections/bestsellers,641,235,0.6327,14,804.02
2025-04-12,/lp/free-serum-sample,2098,738,0.6484,65,3973.73
2025-04-12,/lp/skincare-routine-quiz,1409,536,0.6195,42,2599.27
2025-04-12,/lp/spf-bundle-20-off,1955,873,0.5534,105,6720.84
2025-04-12,/products/vitamin-c-serum,914,384,0.5799,31,1883.38
2025-04-13,/,408,112,0.7244,5,303.71
2025-04-13,/collections/bestsellers,569,212,0.6278,13,782.13
2025-04-13,/lp/free-serum-sample,2083,734,0.6477,60,3770.6
2025-04-13,/lp/skincare-routine-quiz,1250,512,0.59,36,2099.46
2025-04-13,/lp/spf-bundle-20-off,1850,868,0.531,94,5981.59
2025-04-13,/products/vitamin-c-serum,861,352,0.5914,29,1847.14
2025-04-14,/,353,101,0.7134,4,242.26
2025-04-14,/collections/bestsellers,498,187,0.624,12,680.17
2025-04-14,/lp/free-serum-sample,1965,657,0.6658,62,3884.48
2025-04-14,/lp/skincare-routine-quiz,1094,433,0.6039,31,1891.72
2025-04-14,/lp/spf-bundle-20-off,1501,664,0.5574,81,4810.85
2025-04-14,/products/vitamin-c-serum,765,313,0.5914,26,1580.94
2025-04-15,/,386,116,0.6994,5,322.1
2025-04-15,/collections/bestsellers,500,188,0.6237,12,729.68
2025-04-15,/lp/free-serum-sample,2052,694,0.662,66,3905.17
2025-04-15,/lp/skincare-routine-quiz,1147,456,0.6021,31,1930.72
2025-04-15,/lp/spf-bundle-20-off,1775,795,0.5522,95,5697.21
2025-04-15,/products/vitamin-c-serum,757,332,0.5611,26,1668.49
2025-04-16,/,428,120,0.7203,5,315.25
2025-04-16,/collections/bestsellers,538,186,0.6542,13,814.25
2025-04-16,/lp/free-serum-sample,2231,800,0.6414,70,4432.25
2025-04-16,/lp/skincare-routine-quiz,1309,521,0.6017,38,2364.78
2025-04-16,/lp/spf-bundle-20-off,1707,758,0.5562,95,5590.46
2025-04-16,/products/vitamin-c-serum,829,343,0.5858,28,1738.71
2025-04-17,/,364,103,0.7184,4,251.1
2025-04-17,/collections/bestsellers,456,160,0.6497,10,584.27
2025-04-17,/lp/free-serum-sample,1774,635,0.6421,54,3338.43
2025-04-17,/lp/skincare-routine-quiz,1163,440,0.6219,32,2031.98
2025-04-17,/lp/spf-bundle-20-off,1617,758,0.531,81,4931.16
2025-04-17,/products/vitamin-c-serum,684,298,0.5642,23,1372.73
2025-04-18,/,417,128,0.693,5,316.28
2025-04-18,/collections/bestsellers,574,198,0.6546,13,781.62
2025-04-18,/lp/free-serum-sample,2345,813,0.6534,68,4424.6
2025-04-18,/lp/skincare-routine-quiz,1376,557,0.5954,38,2228.35
2025-04-18,/lp/spf-bundle-20-off,1780,793,0.5546,88,5337.79
2025-04-18,/products/vitamin-c-serum,915,387,0.5766,31,1892.69
2025-04-19,/,444,130,0.7063,6,376.68
2025-04-19,/collections/bestsellers,536,191,0.6442,12,718.04
2025-04-19,/lp/free-serum-sample,1964,705,0.6411,63,3804.49
2025-04-19,/lp/skincare-routine-quiz,1217,472,0.6122,36,2176.72
2025-04-19,/lp/spf-bundle-20-off,1753,783,0.5534,95,6106.42
2025-04-19,/products/vitamin-c-serum,778,319,0.5898,28,1735.66
2025-04-20,/,436,130,0.701,5,313.24
2025-04-20,/collections/bestsellers,566,204,0.6392,12,711.45
2025-04-20,/lp/free-serum-sample,2086,736,0.647,66,3810.12
2025-04-20,/lp/skincare-routine-quiz,1213,460,0.6207,36,2289.1
2025-04-20,/lp/spf-bundle-20-off,1647,726,0.5593,83,4789.14
2025-04-20,/products/vitamin-c-serum,812,345,0.5757,29,1856.43
2025-04-21,/,419,126,0.6999,5,299.04
2025-04-21,/collections/bestsellers,625,236,0.623,14,909.4
2025-04-21,/lp/free-serum-sample,2206,787,0.6433,66,4165.32
2025-04-21,/lp/skincare-routine-quiz,1258,511,0.594,37,2334.64
2025-04-21,/lp/spf-bundle-20-off,1917,886,0.5378,106,6563.69
2025-04-21,/products/vitamin-c-serum,956,418,0.5631,34,2271.42
2025-04-22,/,385,116,0.6997,5,312.93
2025-04-22,/collections/bestsellers,503,192,0.6189,11,692.2
2025-04-22,/lp/free-serum-sample,1933,664,0.6564,57,3363.94
2025-04-22,/lp/skincare-routine-quiz,1199,488,0.5928,36,2160.71
2025-04-22,/lp/spf-bundle-20-off,1547,717,0.5365,80,4844.57
2025-04-22,/products/vitamin-c-serum,830,354,0.5732,29,1788.67
2025-04-23,/,424,129,0.6953,5,295.22
2025-04-23,/collections/bestsellers,556,198,0.6442,13,780.61
2025-04-23,/lp/free-serum-sample,2028,737,0.6364,62,3700.2
2025-04-23,/lp/skincare-routine-quiz,1159,472,0.5926,33,2102.33
2025-04-23,/lp/spf-bundle-20-off,1763,785,0.5549,95,5798.29
2025-04-23,/products/vitamin-c-serum,744,326,0.5622,26,1518.29
2025-04-24,/,393,116,0.705,5,314.51
2025-04-24,/collections/bestsellers,507,190,0.6255,11,646.84
2025-04-24,/lp/free-serum-sample,1812,598,0.6701,55,3359.5
2025-04-24,/lp/skincare-routine-quiz,1130,430,0.6192,31,1894.5
2025-04-24,/lp/spf-bundle-20-off,1782,819,0.5403,92,5697.54
2025-04-24,/products/vitamin-c-serum,791,337,0.574,28,1729.1
2025-04-25,/,431,121,0.7201,5,304.63
2025-04-25,/collections/bestsellers,561,205,0.6348,12,782.97
2025-04-25,/lp/free-serum-sample,1866,629,0.6631,59,3781.12
2025-04-25,/lp/skincare-routine-quiz,1244,492,0.6048,35,2180.55
2025-04-25,/lp/spf-bundle-20-off,1676,776,0.5372,90,5570.21
2025-04-25,/products/vitamin-c-serum,788,347,0.5597,27,1673.12
2025-04-26,/,408,123,0.6989,5,321.76
2025-04-26,/collections/bestsellers,620,227,0.6332,14,845.1
2025-04-26,/lp/free-serum-sample,2175,776,0.6434,67,4432.18
2025-04-26,/lp/skincare-routine-quiz,1210,462,0.6182,34,2040.5
2025-04-26,/lp/spf-bundle-20-off,1801,844,0.5315,100,6319.19
2025-04-26,/products/vitamin-c-serum,826,341,0.5871,28,1763.78
2025-04-27,/,443,121,0.7265,6,384.96
2025-04-27,/collections/bestsellers,651,246,0.6225,16,1051.69
2025-04-27,/lp/free-serum-sample,2254,792,0.6487,69,4330.38
2025-04-27,/lp/skincare-routine-quiz,1394,558,0.5995,43,2797.07
2025-04-27,/lp/spf-bundle-20-off,2118,967,0.5433,105,6238.62
2025-04-27,/products/vitamin-c-serum,929,412,0.557,34,2112.66
2025-04-28,/,368,104,0.7176,5,301.09
2025-04-28,/collections/bestsellers,542,195,0.6407,13,785.69
2025-04-28,/lp/free-serum-sample,1970,652,0.6692,63,3840.98
2025-04-28,/lp/skincare-routine-quiz,1216,500,0.5892,34,2144.27
2025-04-28,/lp/spf-bundle-20-off,1784,813,0.5444,94,5928.07
2025-04-28,/products/vitamin-c-serum,790,345,0.5634,26,1546.36
2025-04-29,/,410,129,0.6865,5,293.43
2025-04-29,/collections/bestsellers,610,224,0.6325,13,832.12
2025-04-29,/lp/free-serum-sample,2000,713,0.6433,61,3578.32
2025-04-29,/lp/skincare-routine-quiz,1264,489,0.6134,35,2217.76
2025-04-29,/lp/spf-bundle-20-off,1778,827,0.5348,99,5788.7
2025-04-29,/products/vitamin-c-serum,873,384,0.5603,30,1776.78
2025-04-30,/,380,112,0.7063,5,329.56
2025-04-30,/collections/bestsellers,507,188,0.63,12,722.79
2025-04-30,/lp/free-serum-sample,1743,589,0.662,51,3222.45
2025-04-30,/lp/skincare-routine-quiz,1124,464,0.5868,32,1968.67
2025-04-30,/lp/spf-bundle-20-off,1675,781,0.5337,88,5604.57
2025-04-30,/products/vitamin-c-serum,728,314,0.5686,27,1704.66
2025-05-01,/,429,125,0.7085,6,378.38
2025-05-01,/collections/bestsellers,524,190,0.6383,12,718.2
2025-05-01,/lp/free-serum-sample,2158,778,0.6396,68,4128.62
2025-05-01,/lp/skincare-routine-quiz,1221,492,0.5968,34,2178.48
2025-05-01,/lp/spf-bundle-20-off,1770,811,0.542,93,5773.12
2025-05-01,/products/vitamin-c-serum,807,353,0.5631,29,1707.47
2025-05-02,/,480,148,0.6915,6,385.81
2025-05-02,/collections/bestsellers,620,234,0.6224,14,898.09
2025-05-02,/lp/free-serum-sample,2275,768,0.6625,74,4326.63
2025-05-02,/lp/skincare-routine-quiz,1350,520,0.6145,37,2131.78
2025-05-02,/lp/spf-bundle-20-off,2114,1001,0.5263,116,7337.98
2025-05-02,/products/vitamin-c-serum,917,404,0.5594,31,1987.55
2025-05-03,/,425,123,0.7107,5,316.43
2025-05-03,/collections/bestsellers,622,228,0.6336,14,935.19
2025-05-03,/lp/free-serum-sample,2024,677,0.6653,63,3954.38
2025-05-03,/lp/skincare-routine-quiz,1368,536,0.6084,37,2448.16
2025-05-03,/lp/spf-bundle-20-off,1968,909,0.5381,109,7198.9
2025-05-03,/products/vitamin-c-serum,934,394,0.5781,33,1994.75
2025-05-04,/,446,134,0.7001,6,363.37
2025-05-04,/collections/bestsellers,609,220,0.6387,14,870.47
2025-05-04,/lp/free-serum-sample,2126,703,0.6694,67,4033.38
2025-05-04,/lp/skincare-routine-quiz,1245,489,0.6071,34,2075.28
2025-05-04,/lp/spf-bundle-20-off,1722,807,0.5313,88,5160.3
2025-05-04,/products/vitamin-c-serum,841,358,0.5747,31,1979.92
2025-05-05,/,444,132,0.7023,5,319.88
2025-05-05,/collections/bestsellers,560,205,0.6343,13,825.96
2025-05-05,/lp/free-serum-sample,2249,787,0.6501,66,3830.98
2025-05-05,/lp/skincare-routine-quiz,1330,545,0.5899,40,2501.3
2025-05-05,/lp/spf-bundle-20-off,1820,824,0.5471,92,5910.8
2025-05-05,/products/vitamin-c-serum,911,405,0.5552,34,2050.1
2025-05-06,/,437,122,0.7219,6,365.47
2025-05-06,/collections/bestsellers,539,204,0.6224,12,774.61
2025-05-06,/lp/free-serum-sample,2193,769,0.6492,72,4466.15
2025-05-06,/lp/skincare-routine-quiz,1299,504,0.6121,40,2604.7
2025-05-06,/lp/spf-bundle-20-off,1993,916,0.5404,110,7166.72
2025-05-06,/products/vitamin-c-serum,921,397,0.5689,31,1921.83
2025-05-07,/,386,109,0.7171,5,305.93
2025-05-07,/collections/bestsellers,515,192,0.6268,11,684.63
2025-05-07,/lp/free-serum-sample,2130,765,0.6407,65,3952.87
2025-05-07,/lp/skincare-routine-quiz,1161,467,0.5979,32,1924.67
2025-05-07,/lp/spf-bundle-20-off,1810,838,0.5371,94,5812.4
2025-05-07,/products/vitamin-c-serum,821,345,0.58,28,1702.55
2025-05-08,/,406,112,0.7233,5,301.97
2025-05-08,/collections/bestsellers,540,201,0.6287,12,725.83
2025-05-08,/lp/free-serum-sample,1857,634,0.6584,59,3812.72
2025-05-08,/lp/skincare-routine-quiz,1178,492,0.5827,34,2214.24
2025-05-08,/lp/spf-bundle-20-off,1779,828,0.5346,92,5859.15
2025-05-08,/products/vitamin-c-serum,778,324,0.5841,26,1723.22
2025-05-09,/,415,118,0.7153,5,301.0
2025-05-09,/collections/bestsellers,626,225,0.6411,15,897.86
2025-05-09,/lp/free-serum-sample,2146,744,0.6533,65,4094.2
2025-05-09,/lp/skincare-routine-quiz,1282,527,0.5889,39,2495.24
2025-05-09,/lp/spf-bundle-20-off,1797,802,0.5539,99,5718.55
2025-05-09,/products/vitamin-c-serum,836,373,0.5542,31,1833.76
2025-05-10,/,445,139,0.6886,6,387.22
2025-05-10,/collections/bestsellers,561,206,0.6325,13,818.31
2025-05-10,/lp/free-serum-sample,2246,777,0.6542,70,4213.16
2025-05-10,/lp/skincare-routine-quiz,1382,529,0.617,43,2649.93
2025-05-10,/lp/spf-bundle-20-off,1872,867,0.5367,97,6001.68
2025-05-10,/products/vitamin-c-serum,884,393,0.5552,30,1952.83
2025-05-11,/,391,110,0.7191,5,296.1
2025-05-11,/collections/bestsellers,543,197,0.638,12,704.75
2025-05-11,/lp/free-serum-sample,2127,765,0.6404,69,3980.15
2025-05-11,/lp/skincare-routine-quiz,1285,534,0.5848,39,2327.96
2025-05-11,/lp/spf-bundle-20-off,1654,778,0.5295,88,5070.69
2025-05-11,/products/vitamin-c-serum,803,331,0.5872,27,1720.92
2025-05-12,/,386,121,0.6873,5,322.42
2025-05-12,/collections/bestsellers,546,200,0.6338,12,778.94
2025-05-12,/lp/free-serum-sample,2018,681,0.6626,62,4000.91
2025-05-12,/lp/skincare-routine-quiz,1308,532,0.5929,39,2497.7
2025-05-12,/lp/spf-bundle-20-off,1793,820,0.5425,100,5937.02
2025-05-12,/products/vitamin-c-serum,789,351,0.5546,29,1723.06
2025-05-13,/,400,126,0.6839,5,312.93
2025-05-13,/collections/bestsellers,574,202,0.6481,13,804.48
2025-05-13,/lp/free-serum-sample,1880,686,0.635,57,3729.19
2025-05-13,/lp/skincare-routine-quiz,1141,460,0.5969,33,2099.94
2025-05-13,/lp/spf-bundle-20-off,1707,809,0.5262,88,5246.59
2025-05-13,/products/vitamin-c-serum,804,351,0.5635,29,1857.44
2025-05-14,/,373,105,0.719,5,298.42
2025-05-14,/collections/bestsellers,536,197,0.6328,12,698.19
2025-05-14,/lp/free-serum-sample,1936,714,0.6311,58,3715.33
2025-05-14,/lp/skincare-routine-quiz,1150,481,0.5815,32,1967.34
2025-05-14,/lp/spf-bundle-20-off,1655,755,0.5437,85,4957.71
2025-05-14,/products/vitamin-c-serum,739,317,0.5715,26,1595.82
2025-05-15,/,435,132,0.697,6,398.74
2025-05-15,/collections/bestsellers,602,227,0.6225,15,950.74
2025-05-15,/lp/free-serum-sample,2038,735,0.6394,65,4339.29
2025-05-15,/lp/skincare-routine-quiz,1280,529,0.5866,39,2509.65
2025-05-15,/lp/spf-bundle-20-off,1926,881,0.5427,103,6596.44
2025-05-15,/products/vitamin-c-serum,881,387,0.5612,32,2018.91
2025-05-16,/,449,126,0.7184,6,396.41
2025-05-16,/collections/bestsellers,625,227,0.6367,14,908.47
2025-05-16,/lp/free-serum-sample,2560,864,0.6625,81,5204.54
2025-05-16,/lp/skincare-routine-quiz,1536,592,0.6143,43,2752.28
2025-05-16,/lp/spf-bundle-20-off,2188,975,0.5546,119,7074.41
2025-05-16,/products/vitamin-c-serum,929,415,0.5528,34,2103.15
2025-05-17,/,434,134,0.6918,5,292.76
2025-05-17,/collections/bestsellers,549,196,0.6434,13,826.92
2025-05-17,/lp/free-serum-sample,2143,746,0.6519,67,3973.0
2025-05-17,/lp/skincare-routine-quiz,1337,543,0.5936,38,2192.97
2025-05-17,/lp/spf-bundle-20-off,1963,886,0.5487,101,6009.19
2025-05-17,/products/vitamin-c-serum,810,350,0.5674,29,1697.96
2025-05-18,/,421,116,0.7238,6,367.22
2025-05-18,/collections/bestsellers,567,201,0.6458,13,765.1
2025-05-18,/lp/free-serum-sample,2241,804,0.6413,67,4416.4
2025-05-18,/lp/skincare-routine-quiz,1412,587,0.584,39,2576.67
2025-05-18,/lp/spf-bundle-20-off,1850,883,0.5226,95,5623.74
2025-05-18,/products/vitamin-c-serum,928,386,0.5841,31,2027.68
2025-05-19,/,375,111,0.7046,5,317.51
2025-05-19,/collections/bestsellers,556,204,0.6328,13,818.72
2025-05-19,/lp/free-serum-sample,2040,743,0.6356,65,3897.67
2025-05-19,/lp/skincare-routine-quiz,1189,469,0.6055,34,2106.08
2025-05-19,/lp/spf-bundle-20-off,1799,826,0.541,101,6161.34
2025-05-19,/products/vitamin-c-serum,807,353,0.5631,29,1667.84
2025-05-20,/,435,133,0.6937,5,301.85
2025-05-20,/collections/bestsellers,556,200,0.6399,13,807.06
2025-05-20,/lp/free-serum-sample,2090,709,0.6606,63,3782.84
2025-05-20,/lp/skincare-routine-quiz,1242,500,0.5972,38,2279.83
2025-05-20,/lp/spf-bundle-20-off,1893,884,0.5332,101,6120.55
2025-05-20,/products/vitamin-c-serum,803,359,0.5531,27,1654.92
2025-05-21,/,431,126,0.7079,6,381.92
2025-05-21,/collections/bestsellers,545,194,0.6444,13,773.41
2025-05-21,/lp/free-serum-sample,2010,686,0.6586,66,3999.1
2025-05-21,/lp/skincare-routine-quiz,1285,519,0.5964,36,2114.11
2025-05-21,/lp/spf-bundle-20-off,1726,785,0.545,97,6111.85
2025-05-21,/products/vitamin-c-serum,813,357,0.5614,28,1659.98
2025-05-22,/,408,117,0.7135,5,298.93
2025-05-22,/collections/bestsellers,546,209,0.6165,12,735.1
2025-05-22,/lp/free-serum-sample,1880,665,0.6462,62,3825.7
2025-05-22,/lp/skincare-routine-quiz,1122,443,0.6053,33,2033.54
2025-05-22,/lp/spf-bundle-20-off,1731,792,0.5423,93,5923.05
2025-05-22,/products/vitamin-c-serum,772,337,0.564,29,1759.87
2025-05-23,/,441,137,0.6888,5,298.46
2025-05-23,/collections/bestsellers,560,205,0.6332,13,818.18
2025-05-23,/lp/free-serum-sample,2249,839,0.6268,68,4091.26
2025-05-23,/lp/skincare-routine-quiz,1285,511,0.6022,38,2458.46
2025-05-23,/lp/spf-bundle-20-off,1862,871,0.5324,106,6583.68
2025-05-23,/products/vitamin-c-serum,943,396,0.5799,32,1958.82
2025-05-24,/,431,120,0.7214,6,357.74
2025-05-24,/collections/bestsellers,562,216,0.6159,13,796.75
2025-05-24,/lp/free-serum-sample,2302,792,0.6559,72,4405.81
2025-05-24,/lp/skincare-routine-quiz,1377,534,0.6125,41,2637.77
2025-05-24,/lp/spf-bundle-20-off,1937,928,0.5211,102,6641.43
2025-05-24,/products/vitamin-c-serum,847,375,0.5576,28,1717.5
2025-05-25,/,456,134,0.7057,6,378.02
2025-05-25,/collections/bestsellers,623,226,0.6379,15,951.79
2025-05-25,/lp/free-serum-sample,2228,786,0.6471,73,4597.56
2025-05-25,/lp/skincare-routine-quiz,1432,557,0.6113,42,2711.42
2025-05-25,/lp/spf-bundle-20-off,2012,944,0.531,113,7612.67
2025-05-25,/products/vitamin-c-serum,979,433,0.5579,34,2302.69
2025-05-26,/,406,113,0.7227,5,320.71
2025-05-26,/collections/bestsellers,507,186,0.6323,12,779.68
2025-05-26,/lp/free-serum-sample,2146,742,0.6541,65,4088.04
2025-05-26,/lp/skincare-routine-quiz,1170,481,0.5886,35,2153.28
2025-05-26,/lp/spf-bundle-20-off,1797,860,0.5216,93,5828.64
2025-05-26,/products/vitamin-c-serum,753,323,0.5717,27,1714.47
2025-05-27,/,408,126,0.6918,5,312.31
2025-05-27,/collections/bestsellers,521,202,0.613,12,715.58
2025-05-27,/lp/free-serum-sample,1992,673,0.662,66,4324.9
2025-05-27,/lp/skincare-routine-quiz,1165,461,0.6047,35,2193.07
2025-05-27,/lp/spf-bundle-20-off,1732,796,0.5405,88,5180.95
2025-05-27,/products/vitamin-c-serum,742,324,0.5628,25,1463.63
2025-05-28,/,394,121,0.6932,5,297.41
2025-05-28,/collections/bestsellers,526,196,0.6266,12,737.88
2025-05-28,/lp/free-serum-sample,1922,707,0.6319,58,3681.11
2025-05-28,/lp/skincare-routine-quiz,1166,455,0.6102,35,2207.2
2025-05-28,/lp/spf-bundle-20-off,1574,728,0.5375,85,5077.76
2025-05-28,/products/vitamin-c-serum,762,336,0.5596,29,1808.22
2025-05-29,/,389,113,0.709,5,325.96
2025-05-29,/collections/bestsellers,533,195,0.6334,12,741.57
2025-05-29,/lp/free-serum-sample,1835,653,0.6443,56,3483.93
2025-05-29,/lp/skincare-routine-quiz,1192,488,0.5907,35,2106.74
2025-05-29,/lp/spf-bundle-20-off,1726,807,0.5322,91,5650.35
2025-05-29,/products/vitamin-c-serum,762,329,0.5688,28,1842.93
2025-05-30,/,453,144,0.6819,6,362.48
2025-05-30,/collections/bestsellers,577,215,0.6271,13,762.93
2025-05-30,/lp/free-serum-sample,2206,756,0.6572,69,4263.75
2025-05-30,/lp/skincare-routine-quiz,1432,588,0.5894,43,2788.8
2025-05-30,/lp/spf-bundle-20-off,1871,868,0.5359,103,6167.32
2025-05-30,/products/vitamin-c-serum,900,384,0.5734,31,1971.22
2025-05-31,/,420,129,0.6925,5,302.96
2025-05-31,/collections/bestsellers,517,188,0.6356,12,803.49
2025-05-31,/lp/free-serum-sample,2139,735,0.6566,72,4728.13
2025-05-31,/lp/skincare-routine-quiz,1330,540,0.5939,42,2539.86
2025-05-31,/lp/spf-bundle-20-off,1714,772,0.5494,92,5770.92
2025-05-31,/products/vitamin-c-serum,885,393,0.5555,30,1964.65
2025-06-01,/,478,146,0.6949,6,378.16
2025-06-01,/collections/bestsellers,576,217,0.6227,14,884.86
2025-06-01,/lp/free-serum-sample,2145,790,0.6317,69,4295.33
2025-06-01,/lp/skincare-routine-quiz,1349,549,0.5927,39,2521.9
2025-06-01,/lp/spf-bundle-20-off,1873,843,0.55,104,6093.24
2025-06-01,/products/vitamin-c-serum,900,396,0.5602,32,1871.79
2025-06-02,/,418,127,0.6966,5,322.7
2025-06-02,/collections/bestsellers,570,218,0.6182,13,768.63
2025-06-02,/lp/free-serum-sample,2158,747,0.6539,68,4308.42
2025-06-02,/lp/skincare-routine-quiz,1229,485,0.6051,35,2113.42
2025-06-02,/lp/spf-bundle-20-off,1823,846,0.5362,93,5950.78
2025-06-02,/products/vitamin-c-serum,874,375,0.571,30,1780.65
2025-06-03,/,431,136,0.6852,5,327.72
2025-06-03,/collections/bestsellers,573,203,0.6456,13,799.37
2025-06-03,/lp/free-serum-sample,2337,809,0.654,72,4276.25
2025-06-03,/lp/skincare-routine-quiz,1312,553,0.5782,39,2313.15
2025-06-03,/lp/spf-bundle-20-off,1802,812,0.5494,98,6101.8
2025-06-03,/products/vitamin-c-serum,856,368,0.5701,29,1920.81
2025-06-04,/,405,113,0.7222,5,318.48
2025-06-04,/collections/bestsellers,562,215,0.6176,13,767.87
2025-06-04,/lp/free-serum-sample,2029,758,0.6262,63,3809.56
2025-06-04,/lp/skincare-routine-quiz,1307,537,0.5894,40,2423.98
2025-06-04,/lp/spf-bundle-20-off,1799,857,0.5237,98,6428.75
2025-06-04,/products/vitamin-c-serum,924,396,0.5712,34,2020.09
2025-06-05,/,395,113,0.7145,5,319.58
2025-06-05,/collections/bestsellers,453,174,0.6164,11,664.9
2025-06-05,/lp/free-serum-sample,1935,727,0.6243,61,3552.27
2025-06-05,/lp/skincare-routine-quiz,1153,453,0.6067,35,2201.99
2025-06-05,/lp/spf-bundle-20-off,1488,705,0.5261,80,5075.23
2025-06-05,/products/vitamin-c-serum,720,311,0.5685,25,1456.91
2025-06-06,/,414,124,0.6994,6,356.24
2025-06-06,/collections/bestsellers,552,199,0.6397,12,739.67
2025-06-06,/lp/free-serum-sample,2037,745,0.6343,68,4276.19
2025-06-06,/lp/skincare-routine-quiz,1191,504,0.5766,36,2136.94
2025-06-06,/lp/spf-bundle-20-off,1850,840,0.5459,103,6091.33
2025-06-06,/products/vitamin-c-serum,910,407,0.5527,32,2002.85
2025-06-07,/,392,124,0.6827,5,325.24
2025-06-07,/collections/bestsellers,551,208,0.6218,12,764.69
2025-06-07,/lp/free-serum-sample,1942,725,0.6269,61,4047.98
2025-06-07,/lp/skincare-routine-quiz,1183,496,0.5807,34,2155.36
2025-06-07,/lp/spf-bundle-20-off,1711,803,0.5306,91,6077.99
2025-06-07,/products/vitamin-c-serum,813,354,0.565,29,1778.6
2025-06-08,/,480,141,0.7055,6,389.48
2025-06-08,/collections/bestsellers,573,209,0.6354,13,787.45
2025-06-08,/lp/free-serum-sample,2105,759,0.6393,66,3815.19
2025-06-08,/lp/skincare-routine-quiz,1400,576,0.5888,42,2557.45
2025-06-08,/lp/spf-bundle-20-off,2086,984,0.5281,117,7482.89
2025-06-08,/products/vitamin-c-serum,834,364,0.5632,28,1631.63
2025-06-09,/,366,113,0.6916,5,304.07
2025-06-09,/collections/bestsellers,511,197,0.6144,11,690.67
2025-06-09,/lp/free-serum-sample,2074,739,0.6436,65,4163.38
2025-06-09,/lp/skincare-routine-quiz,1233,496,0.5979,39,2549.17
2025-06-09,/lp/spf-bundle-20-off,1642,761,0.5366,88,5526.52
2025-06-09,/products/vitamin-c-serum,782,341,0.5633,27,1677.92
2025-06-10,/,459,143,0.6886,6,377.36
2025-06-10,/collections/bestsellers,541,204,0.6235,12,748.42
2025-06-10,/lp/free-serum-sample,2230,791,0.6454,74,4895.93
2025-06-10,/lp/skincare-routine-quiz,1336,528,0.6048,39,2449.52
2025-06-10,/lp/spf-bundle-20-off,1870,896,0.5208,96,5854.78
2025-06-10,/products/vitamin-c-serum,854,364,0.5735,29,1889.04
2025-06-11,/,399,116,0.7094,5,319.75
2025-06-11,/collections/bestsellers,587,224,0.6187,13,857.83
2025-06-11,/lp/free-serum-sample,2006,737,0.6326,65,4314.72
2025-06-11,/lp/skincare-routine-quiz,1283,537,0.5818,38,2400.29
2025-06-11,/lp/spf-bundle-20-off,1635,749,0.5422,93,5640.72
2025-06-11,/products/vitamin-c-serum,838,376,0.5518,31,1854.52
2025-06-12,/,405,129,0.6827,5,316.92
2025-06-12,/collections/bestsellers,538,191,0.6448,13,813.1
2025-06-12,/lp/free-serum-sample,2037,705,0.6538,69,4523.45
2025-06-12,/lp/skincare-routine-quiz,1172,486,0.5857,34,2163.35
2025-06-12,/lp/spf-bundle-20-off,1701,798,0.5308,92,6183.09
2025-06-12,/products/vitamin-c-serum,770,348,0.5479,28,1806.53
2025-06-13,/,445,127,0.7145,6,372.97
2025-06-13,/collections/bestsellers,547,200,0.6352,13,866.87
2025-06-13,/lp/free-serum-sample,2211,832,0.6237,71,4648.52
2025-06-13,/lp/skincare-routine-quiz,1361,565,0.5852,42,2512.91
2025-06-13,/lp/spf-bundle-20-off,1731,799,0.5384,90,5769.04
2025-06-13,/products/vitamin-c-serum,854,364,0.574,32,1918.31
2025-06-14,/,464,132,0.7145,6,398.67
2025-06-14,/collections/bestsellers,582,210,0.6388,14,927.25
2025-06-14,/lp/free-serum-sample,2271,822,0.6381,75,5020.84
2025-06-14,/lp/skincare-routine-quiz,1226,525,0.5721,37,2418.64
2025-06-14,/lp/spf-bundle-20-off,2012,920,0.5429,103,6425.7
2025-06-14,/products/vitamin-c-serum,851,367,0.5683,32,2043.0
2025-06-15,/,440,129,0.7075,6,380.84
2025-06-15,/collections/bestsellers,566,221,0.6097,13,804.08
2025-06-15,/lp/free-serum-sample,1986,712,0.6414,65,4388.27
2025-06-15,/lp/skincare-routine-quiz,1223,488,0.601,37,2269.03
2025-06-15,/lp/spf-bundle-20-off,1921,930,0.5159,106,7217.29
2025-06-15,/products/vitamin-c-serum,823,358,0.5653,31,1900.9
2025-06-16,/,444,139,0.6878,6,384.73
2025-06-16,/collections/bestsellers,615,220,0.6419,14,837.38
2025-06-16,/lp/free-serum-sample,2283,808,0.6461,74,4873.79
2025-06-16,/lp/skincare-routine-quiz,1326,536,0.5958,40,2652.03
2025-06-16,/lp/spf-bundle-20-off,2035,937,0.5398,106,6858.59
2025-06-16,/products/vitamin-c-serum,832,362,0.5648,30,1937.69
2025-06-17,/,381,117,0.6942,5,319.03
2025-06-17,/collections/bestsellers,568,206,0.6369,14,852.14
2025-06-17,/lp/free-serum-sample,2152,763,0.6456,74,4760.43
2025-06-17,/lp/skincare-routine-quiz,1326,552,0.5839,39,2540.78
2025-06-17,/lp/spf-bundle-20-off,1681,797,0.5258,95,6130.34
2025-06-17,/products/vitamin-c-serum,866,366,0.577,32,2053.72
2025-06-18,/,435,133,0.6948,6,381.93
2025-06-18,/collections/bestsellers,592,211,0.6429,14,861.2
2025-06-18,/lp/free-serum-sample,2239,817,0.635,73,4521.55
2025-06-18,/lp/skincare-routine-quiz,1248,516,0.5864,40,2518.68
2025-06-18,/lp/spf-bundle-20-off,1760,847,0.5185,92,5951.34
2025-06-18,/products/vitamin-c-serum,880,389,0.5579,34,2251.2
2025-06-19,/,447,135,0.6991,6,370.09
2025-06-19,/collections/bestsellers,560,206,0.6327,13,777.81
2025-06-19,/lp/free-serum-sample,2032,763,0.6243,63,3771.25
2025-06-19,/lp/skincare-routine-quiz,1302,553,0.5756,41,2464.13
2025-06-19,/lp/spf-bundle-20-off,1768,820,0.5362,101,6309.96
2025-06-19,/products/vitamin-c-serum,801,353,0.5593,29,1759.86
2025-06-20,/,379,116,0.6943,5,313.98
2025-06-20,/collections/bestsellers,527,199,0.6222,13,818.16
2025-06-20,/lp/free-serum-sample,1844,647,0.6491,62,3850.2
2025-06-20,/lp/skincare-routine-quiz,1114,474,0.5748,35,2251.47
2025-06-20,/lp/spf-bundle-20-off,1625,773,0.5243,87,5367.66
2025-06-20,/products/vitamin-c-serum,841,376,0.5534,30,1781.47
2025-06-21,/,444,141,0.682,6,355.16
2025-06-21,/collections/bestsellers,603,221,0.6328,14,871.51
2025-06-21,/lp/free-serum-sample,1980,712,0.6404,61,3871.39
2025-06-21,/lp/skincare-routine-quiz,1277,537,0.5795,40,2598.26
2025-06-21,/lp/spf-bundle-20-off,1828,870,0.5242,106,6845.11
2025-06-21,/products/vitamin-c-serum,825,355,0.5702,30,1830.18
2025-06-22,/,402,122,0.6961,5,304.1
2025-06-22,/collections/bestsellers,522,194,0.6289,13,809.63
2025-06-22,/lp/free-serum-sample,1994,739,0.6295,64,3937.31
2025-06-22,/lp/skincare-routine-quiz,1206,483,0.5997,35,2316.08
2025-06-22,/lp/spf-bundle-20-off,1786,830,0.5354,93,5707.89
2025-06-22,/products/vitamin-c-serum,779,339,0.5653,28,1803.26
2025-06-23,/,436,131,0.6984,6,370.44
2025-06-23,/collections/bestsellers,579,227,0.6071,13,816.15
2025-06-23,/lp/free-serum-sample,1963,710,0.6382,67,4360.11
2025-06-23,/lp/skincare-routine-quiz,1238,500,0.5959,37,2444.61
2025-06-23,/lp/spf-bundle-20-off,1956,902,0.5387,108,6648.09
2025-06-23,/products/vitamin-c-serum,858,383,0.5534,32,1906.04
2025-06-24,/,393,116,0.705,5,312.6
2025-06-24,/collections/bestsellers,519,186,0.6421,12,748.57
2025-06-24,/lp/free-serum-sample,1854,644,0.6526,57,3793.37
2025-06-24,/lp/skincare-routine-quiz,1199,477,0.602,37,2281.83
2025-06-24,/lp/spf-bundle-20-off,1784,841,0.5288,103,6668.51
2025-06-24,/products/vitamin-c-serum,742,317,0.5725,27,1671.6
2025-06-25,/,415,127,0.6946,6,353.79
2025-06-25,/collections/bestsellers,614,220,0.6422,15,903.48
2025-06-25,/lp/free-serum-sample,2283,848,0.6286,74,4299.9
2025-06-25,/lp/skincare-routine-quiz,1375,585,0.5744,40,2553.84
2025-06-25,/lp/spf-bundle-20-off,1750,799,0.5436,95,6071.95
2025-06-25,/products/vitamin-c-serum,841,375,0.5546,30,1767.4
2025-06-26,/,428,120,0.7194,5,317.8
2025-06-26,/collections/bestsellers,528,207,0.6079,13,860.48
2025-06-26,/lp/free-serum-sample,2156,826,0.6171,74,4426.75
2025-06-26,/lp/skincare-routine-quiz,1364,545,0.6007,43,2846.07
2025-06-26,/lp/spf-bundle-20-off,1831,854,0.5334,98,6085.77
2025-06-26,/products/vitamin-c-serum,898,402,0.5523,33,2133.03
2025-06-27,/,453,142,0.686,6,382.88
2025-06-27,/collections/bestsellers,644,252,0.609,16,1079.38
2025-06-27,/lp/free-serum-sample,2206,830,0.6239,69,4309.97
2025-06-27,/lp/skincare-routine-quiz,1336,547,0.5904,41,2605.17
2025-06-27,/lp/spf-bundle-20-off,2125,1031,0.5148,113,7627.75
2025-06-27,/products/vitamin-c-serum,924,421,0.5447,34,2170.03
2025-06-28,/,397,114,0.712,5,316.88
2025-06-28,/collections/bestsellers,577,224,0.6123,14,881.97
2025-06-28,/lp/free-serum-sample,2196,831,0.6217,71,4657.44
2025-06-28,/lp/skincare-routine-quiz,1333,550,0.5873,41,2589.04
2025-06-28,/lp/spf-bundle-20-off,1902,924,0.514,110,7015.3
2025-06-28,/products/vitamin-c-serum,860,372,0.5675,32,2009.51
2025-06-29,/,433,139,0.679,6,395.51
2025-06-29,/collections/bestsellers,541,210,0.6112,14,916.39
2025-06-29,/lp/free-serum-sample,1987,720,0.6378,69,4225.29
2025-06-29,/lp/skincare-routine-quiz,1297,517,0.6014,41,2549.85
2025-06-29,/lp/spf-bundle-20-off,1673,811,0.5151,87,5205.1
2025-06-29,/products/vitamin-c-serum,833,376,0.5492,29,1903.91
2025-06-30,/,384,117,0.6951,5,319.8
2025-06-30,/collections/bestsellers,537,194,0.6385,13,822.99
2025-06-30,/lp/free-serum-sample,2090,763,0.6351,67,4091.07
2025-06-30,/lp/skincare-routine-quiz,1204,508,0.5778,35,2198.88
2025-06-30,/lp/spf-bundle-20-off,1811,856,0.5273,105,6477.36
2025-06-30,/products/vitamin-c-serum,816,347,0.5742,30,1818.34
2025-07-01,/,372,118,0.6828,5,338.88
2025-07-01,/collections/bestsellers,515,200,0.612,12,798.24
2025-07-01,/lp/free-serum-sample,2175,756,0.6524,69,4286.12
2025-07-01,/lp/skincare-routine-quiz,1124,474,0.5781,33,2037.77
2025-07-01,/lp/spf-bundle-20-off,1638,767,0.5318,95,5863.37
2025-07-01,/products/vitamin-c-serum,793,339,0.5719,30,2035.74
2025-07-02,/,431,127,0.7047,6,395.22
2025-07-02,/collections/bestsellers,552,217,0.6061,14,917.62
2025-07-02,/lp/free-serum-sample,2045,713,0.6512,67,4112.25
2025-07-02,/lp/skincare-routine-quiz,1197,483,0.5961,38,2382.85
2025-07-02,/lp/spf-bundle-20-off,1728,803,0.5355,90,5564.23
2025-07-02,/products/vitamin-c-serum,798,354,0.5564,30,2011.56
2025-07-03,/,459,141,0.6928,6,394.51
2025-07-03,/collections/bestsellers,594,234,0.6055,15,987.55
2025-07-03,/lp/free-serum-sample,2173,784,0.6394,75,4780.12
2025-07-03,/lp/skincare-routine-quiz,1375,554,0.5968,42,2582.07
2025-07-03,/lp/spf-bundle-20-off,1841,874,0.5254,96,6201.87
2025-07-03,/products/vitamin-c-serum,801,349,0.5638,28,1755.52
2025-07-04,/,466,137,0.707,6,371.65
2025-07-04,/collections/bestsellers,567,203,0.6419,13,845.24
2025-07-04,/lp/free-serum-sample,2332,835,0.6419,77,5119.49
2025-07-04,/lp/skincare-routine-quiz,1276,538,0.5784,41,2576.32
2025-07-04,/lp/spf-bundle-20-off,1875,891,0.5249,110,6835.02
2025-07-04,/products/vitamin-c-serum,941,400,0.5749,35,2138.27
2025-07-05,/,445,129,0.7094,6,392.41
2025-07-05,/collections/bestsellers,516,201,0.6112,13,833.05
2025-07-05,/lp/free-serum-sample,2106,804,0.6184,70,4728.28
2025-07-05,/lp/skincare-routine-quiz,1287,551,0.5718,41,2690.54
2025-07-05,/lp/spf-bundle-20-off,1813,877,0.5161,99,6219.55
2025-07-05,/products/vitamin-c-serum,825,378,0.5423,32,2147.11
2025-07-06,/,446,134,0.7006,6,387.57
2025-07-06,/collections/bestsellers,557,220,0.6045,13,870.52
2025-07-06,/lp/free-serum-sample,2124,814,0.6169,67,4234.07
2025-07-06,/lp/skincare-routine-quiz,1208,495,0.5904,38,2378.1
2025-07-06,/lp/spf-bundle-20-off,1841,891,0.5158,97,5955.37
2025-07-06,/products/vitamin-c-serum,881,375,0.5743,34,2038.58
2025-07-07,/,380,120,0.685,5,297.46
2025-07-07,/collections/bestsellers,502,196,0.6105,13,811.36
2025-07-07,/lp/free-serum-sample,1922,685,0.6436,63,3895.46
2025-07-07,/lp/skincare-routine-quiz,1253,509,0.5938,41,2490.7
2025-07-07,/lp/spf-bundle-20-off,1748,834,0.5227,100,5985.35
2025-07-07,/products/vitamin-c-serum,795,343,0.5687,29,1843.75
2025-07-08,/,405,125,0.6907,5,307.85
2025-07-08,/collections/bestsellers,498,190,0.6189,12,789.41
2025-07-08,/lp/free-serum-sample,1837,705,0.6162,60,3936.03
2025-07-08,/lp/skincare-routine-quiz,1210,522,0.5686,38,2467.95
2025-07-08,/lp/spf-bundle-20-off,1561,732,0.5311,83,5552.13
2025-07-08,/products/vitamin-c-serum,736,321,0.5634,29,1953.24
2025-07-09,/,413,125,0.6985,6,381.97
2025-07-09,/collections/bestsellers,530,207,0.609,12,704.82
2025-07-09,/lp/free-serum-sample,2095,738,0.6477,67,4033.77
2025-07-09,/lp/skincare-routine-quiz,1178,473,0.5985,35,2223.97
2025-07-09,/lp/spf-bundle-20-off,1689,792,0.5312,98,6283.59
2025-07-09,/products/vitamin-c-serum,838,362,0.5683,30,1889.29
2025-07-10,/,421,134,0.6808,5,322.58
2025-07-10,/collections/bestsellers,484,186,0.615,12,743.74
2025-07-10,/lp/free-serum-sample,1905,675,0.6458,65,4297.12
2025-07-10,/lp/skincare-routine-quiz,1090,468,0.5702,35,2369.49
2025-07-10,/lp/spf-bundle-20-off,1786,859,0.519,95,6338.54
2025-07-10,/products/vitamin-c-serum,771,335,0.5658,28,1867.26
2025-07-11,/,454,141,0.689,6,362.64
2025-07-11,/collections/bestsellers,625,232,0.6287,16,980.0
2025-07-11,/lp/free-serum-sample,2439,939,0.6149,81,5358.69
2025-07-11,/lp/skincare-routine-quiz,1257,512,0.5928,39,2502.88
2025-07-11,/lp/spf-bundle-20-off,2054,972,0.5269,111,7397.75
2025-07-11,/products/vitamin-c-serum,837,365,0.5638,30,2027.39
2025-07-12,/,388,114,0.7064,5,298.64
2025-07-12,/collections/bestsellers,578,223,0.6137,14,892.32
2025-07-12,/lp/free-serum-sample,1870,688,0.6322,66,3908.85
2025-07-12,/lp/skincare-routine-quiz,1150,471,0.5906,35,2215.66
2025-07-12,/lp/spf-bundle-20-off,1785,851,0.5232,99,6405.23
2025-07-12,/products/vitamin-c-serum,804,345,0.5706,28,1784.74
2025-07-13,/,435,133,0.6937,6,382.87
2025-07-13,/collections/bestsellers,584,217,0.6286,13,784.76
2025-07-13,/lp/free-serum-sample,1983,703,0.6453,69,4197.39
2025-07-13,/lp/skincare-routine-quiz,1143,485,0.5755,35,2247.25
2025-07-13,/lp/spf-bundle-20-off,1728,846,0.5102,98,5826.76
2025-07-13,/products/vitamin-c-serum,820,374,0.5442,31,1993.82
2025-07-14,/,429,128,0.7013,5,336.71
2025-07-14,/collections/bestsellers,509,193,0.6215,12,726.0
2025-07-14,/lp/free-serum-sample,1915,716,0.6263,66,4313.19
2025-07-14,/lp/skincare-routine-quiz,1242,511,0.5885,41,2714.65
2025-07-14,/lp/spf-bundle-20-off,1863,882,0.5267,107,7180.97
2025-07-14,/products/vitamin-c-serum,819,364,0.5554,30,1882.59
2025-07-15,/,414,117,0.7165,6,403.46
2025-07-15,/collections/bestsellers,527,207,0.6069,13,864.71
2025-07-15,/lp/free-serum-sample,2054,748,0.6358,66,4179.87
2025-07-15,/lp/skincare-routine-quiz,1205,495,0.589,37,2410.3
2025-07-15,/lp/spf-bundle-20-off,1786,877,0.5089,98,6443.06
2025-07-15,/products/vitamin-c-serum,871,382,0.5609,33,2231.8
2025-07-16,/,448,133,0.7038,6,351.41
2025-07-16,/collections/bestsellers,633,237,0.6249,16,1002.92
2025-07-16,/lp/free-serum-sample,2090,762,0.6352,72,4386.76
2025-07-16,/lp/skincare-routine-quiz,1369,562,0.5897,43,2612.65
2025-07-16,/lp/spf-bundle-20-off,1951,942,0.5174,107,6395.6
2025-07-16,/products/vitamin-c-serum,926,405,0.5631,32,2081.39
2025-07-17,/,449,145,0.677,6,400.37
2025-07-17,/collections/bestsellers,560,218,0.6105,13,804.44
2025-07-17,/lp/free-serum-sample,2161,771,0.6433,76,4544.1
2025-07-17,/lp/skincare-routine-quiz,1263,532,0.5787,40,2445.76
2025-07-17,/lp/spf-bundle-20-off,2011,945,0.5303,118,7114.93
2025-07-17,/products/vitamin-c-serum,888,399,0.5504,34,2120.98
2025-07-18,/,466,145,0.6884,6,356.72
2025-07-18,/collections/bestsellers,562,210,0.627,14,827.45
2025-07-18,/lp/free-serum-sample,2300,855,0.6282,79,4955.5
2025-07-18,/lp/skincare-routine-quiz,1373,558,0.5937,41,2716.87
2025-07-18,/lp/spf-bundle-20-off,1946,900,0.5374,110,7209.11
2025-07-18,/products/vitamin-c-serum,838,361,0.5695,32,1995.78
2025-07-19,/,484,138,0.7154,6,361.87
2025-07-19,/collections/bestsellers,591,214,0.6378,14,847.88
2025-07-19,/lp/free-serum-sample,2180,816,0.6259,75,4583.96
2025-07-19,/lp/skincare-routine-quiz,1478,646,0.563,47,2852.85
2025-07-19,/lp/spf-bundle-20-off,1991,939,0.5284,116,7014.15
2025-07-19,/products/vitamin-c-serum,909,405,0.5546,34,2050.2
2025-07-20,/,447,133,0.7026,6,388.05
2025-07-20,/collections/bestsellers,551,211,0.6176,13,858.34
2025-07-20,/lp/free-serum-sample,2099,809,0.6148,66,3925.95
2025-07-20,/lp/skincare-routine-quiz,1258,549,0.5635,38,2310.51
2025-07-20,/lp/spf-bundle-20-off,1817,853,0.5308,98,5858.44
2025-07-20,/products/vitamin-c-serum,882,406,0.5392,32,1949.09
2025-07-21,/,415,133,0.6789,6,397.87
2025-07-21,/collections/bestsellers,562,213,0.6213,13,857.87
2025-07-21,/lp/free-serum-sample,2274,832,0.6343,72,4677.18
2025-07-21,/lp/skincare-routine-quiz,1331,549,0.5874,44,2783.87
2025-07-21,/lp/spf-bundle-20-off,1811,839,0.5369,105,6539.73
2025-07-21,/products/vitamin-c-serum,841,365,0.566,30,1874.1
2025-07-22,/,406,132,0.6761,6,416.06
2025-07-22,/collections/bestsellers,564,222,0.6072,14,953.01
2025-07-22,/lp/free-serum-sample,1957,703,0.6406,69,4633.51
2025-07-22,/lp/skincare-routine-quiz,1198,522,0.5642,39,2424.59
2025-07-22,/lp/spf-bundle-20-off,1857,912,0.509,108,6807.15
2025-07-22,/products/vitamin-c-serum,783,356,0.5458,30,1915.64
2025-07-23,/,443,142,0.6802,6,386.77
2025-07-23,/collections/bestsellers,627,235,0.6255,15,979.32
2025-07-23,/lp/free-serum-sample,2161,832,0.6148,69,4434.49
2025-07-23,/lp/skincare-routine-quiz,1390,605,0.565,45,2977.83
2025-07-23,/lp/spf-bundle-20-off,1856,910,0.5095,108,6620.54
2025-07-23,/products/vitamin-c-serum,927,428,0.5385,32,1923.97
2025-07-24,/,431,128,0.704,6,392.68
2025-07-24,/collections/bestsellers,594,221,0.6278,14,903.97
2025-07-24,/lp/free-serum-sample,2238,839,0.6253,79,5052.98
2025-07-24,/lp/skincare-routine-quiz,1263,549,0.5655,41,2457.42
2025-07-24,/lp/spf-bundle-20-off,2030,957,0.5288,112,6780.67
2025-07-24,/products/vitamin-c-serum,921,423,0.541,35,2242.38
2025-07-25,/,436,133,0.6959,6,407.03
2025-07-25,/collections/bestsellers,525,206,0.6082,13,846.17
2025-07-25,/lp/free-serum-sample,1975,715,0.6378,71,4469.81
2025-07-25,/lp/skincare-routine-quiz,1217,512,0.5791,37,2413.74
2025-07-25,/lp/spf-bundle-20-off,1930,931,0.5177,103,6742.49
2025-07-25,/products/vitamin-c-serum,871,384,0.5589,34,2105.34
2025-07-26,/,432,128,0.7037,6,377.88
2025-07-26,/collections/bestsellers,624,230,0.6314,16,992.61
2025-07-26,/lp/free-serum-sample,2283,818,0.6418,74,4680.35
2025-07-26,/lp/skincare-routine-quiz,1342,559,0.5834,40,2580.89
2025-07-26,/lp/spf-bundle-20-off,1888,880,0.5339,106,6325.12
2025-07-26,/products/vitamin-c-serum,951,414,0.5642,37,2296.13
2025-07-27,/,427,125,0.707,6,378.28
2025-07-27,/collections/bestsellers,557,206,0.6306,14,875.75
2025-07-27,/lp/free-serum-sample,2241,830,0.6298,74,4679.22
2025-07-27,/lp/skincare-routine-quiz,1163,489,0.5797,38,2498.9
2025-07-27,/lp/spf-bundle-20-off,1687,813,0.518,98,5800.53
2025-07-27,/products/vitamin-c-serum,827,368,0.5548,29,1867.38
2025-07-28,/,433,130,0.7005,6,369.02
2025-07-28,/collections/bestsellers,619,225,0.6373,16,1082.05
2025-07-28,/lp/free-serum-sample,2429,892,0.6328,81,5331.28
2025-07-28,/lp/skincare-routine-quiz,1301,557,0.5722,43,2753.32
2025-07-28,/lp/spf-bundle-20-off,1874,927,0.5051,110,6759.6
2025-07-28,/products/vitamin-c-serum,874,393,0.5509,31,2004.32
2025-07-29,/,487,140,0.7132,7,449.85
2025-07-29,/collections/bestsellers,582,219,0.6239,14,895.19
2025-07-29,/lp/free-serum-sample,2236,865,0.6131,77,5136.41
2025-07-29,/lp/skincare-routine-quiz,1424,617,0.567,44,2853.13
2025-07-29,/lp/spf-bundle-20-off,1845,887,0.5191,100,6512.33
2025-07-29,/products/vitamin-c-serum,870,384,0.5588,33,2123.55
2025-07-30,/,441,131,0.7023,6,392.02
2025-07-30,/collections/bestsellers,526,196,0.627,13,819.08
2025-07-30,/lp/free-serum-sample,2223,836,0.6238,78,4918.26
2025-07-30,/lp/skincare-routine-quiz,1309,550,0.5801,43,2664.16
2025-07-30,/lp/spf-bundle-20-off,1923,920,0.5217,111,6861.94
2025-07-30,/products/vitamin-c-serum,849,370,0.564,33,2174.81
2025-07-31,/,386,120,0.6891,5,322.56
2025-07-31,/collections/bestsellers,543,197,0.6363,13,875.73
2025-07-31,/lp/free-serum-sample,1859,714,0.616,66,4450.45
2025-07-31,/lp/skincare-routine-quiz,1170,489,0.5819,35,2213.52
2025-07-31,/lp/spf-bundle-20-off,1659,822,0.5044,90,6091.79
2025-07-31,/products/vitamin-c-serum,789,342,0.5662,29,1754.4
2025-08-01,/,435,133,0.6937,6,376.82
2025-08-01,/collections/bestsellers,632,231,0.6349,15,1026.99
2025-08-01,/lp/free-serum-sample,2054,797,0.6118,66,4042.01
2025-08-01,/lp/skincare-routine-quiz,1250,531,0.5751,40,2659.87
2025-08-01,/lp/spf-bundle-20-off,1797,844,0.5305,97,6479.96
2025-08-01,/products/vitamin-c-serum,858,388,0.5474,33,2259.59
2025-08-02,/,394,125,0.6816,5,313.57
2025-08-02,/collections/bestsellers,520,201,0.6137,13,866.23
2025-08-02,/lp/free-serum-sample,2182,840,0.615,77,5168.55
2025-08-02,/lp/skincare-routine-quiz,1257,513,0.5917,40,2669.39
2025-08-02,/lp/spf-bundle-20-off,1978,955,0.5174,115,7106.66
2025-08-02,/products/vitamin-c-serum,856,395,0.538,34,2097.54
2025-08-03,/,472,153,0.6756,7,467.63
2025-08-03,/collections/bestsellers,543,208,0.6162,13,865.31
2025-08-03,/lp/free-serum-sample,2196,785,0.6425,75,4979.1
2025-08-03,/lp/skincare-routine-quiz,1222,502,0.5893,39,2386.13
2025-08-03,/lp/spf-bundle-20-off,2040,955,0.5318,113,7577.8
2025-08-03,/products/vitamin-c-serum,809,371,0.5411,31,2003.63
2025-08-04,/,406,121,0.7031,5,303.2
2025-08-04,/collections/bestsellers,558,206,0.63,14,899.15
2025-08-04,/lp/free-serum-sample,2174,782,0.6403,71,4344.31
2025-08-04,/lp/skincare-routine-quiz,1283,544,0.5757,39,2640.58
2025-08-04,/lp/spf-bundle-20-off,1778,874,0.5087,106,7146.53
2025-08-04,/products/vitamin-c-serum,779,345,0.5577,30,2035.59
2025-08-05,/,385,114,0.7032,6,357.73
2025-08-05,/collections/bestsellers,470,183,0.6112,12,775.31
2025-08-05,/lp/free-serum-sample,1747,645,0.6306,60,3917.78
2025-08-05,/lp/skincare-routine-quiz,1094,477,0.5638,35,2225.45
2025-08-05,/lp/spf-bundle-20-off,1754,866,0.5062,100,6440.51
2025-08-05,/products/vitamin-c-serum,735,332,0.5484,26,1573.5
2025-08-06,/,415,124,0.7001,6,398.89
2025-08-06,/collections/bestsellers,535,214,0.5998,13,848.61
2025-08-06,/lp/free-serum-sample,2197,864,0.6069,72,4360.22
2025-08-06,/lp/skincare-routine-quiz,1159,489,0.5782,39,2497.55
2025-08-06,/lp/spf-bundle-20-off,1946,937,0.5186,104,6635.33
2025-08-06,/products/vitamin-c-serum,774,336,0.566,30,1841.76
2025-08-07,/,415,133,0.6785,6,397.22
2025-08-07,/collections/bestsellers,524,204,0.6113,13,778.23
2025-08-07,/lp/free-serum-sample,2047,782,0.6182,74,4687.55
2025-08-07,/lp/skincare-routine-quiz,1256,537,0.5721,42,2598.3
2025-08-07,/lp/spf-bundle-20-off,1744,863,0.505,97,5932.14
2025-08-07,/products/vitamin-c-serum,811,360,0.5566,29,1747.63
2025-08-08,/,388,111,0.7131,5,333.55
2025-08-08,/collections/bestsellers,546,201,0.6327,14,933.1
2025-08-08,/lp/free-serum-sample,1974,723,0.6339,66,3974.83
2025-08-08,/lp/skincare-routine-quiz,1245,541,0.5657,38,2361.13
2025-08-08,/lp/spf-bundle-20-off,1820,892,0.5098,102,6189.75
2025-08-08,/products/vitamin-c-serum,829,363,0.5624,33,2002.71
2025-08-09,/,436,132,0.6968,6,408.1
2025-08-09,/collections/bestsellers,654,256,0.6091,15,968.21
2025-08-09,/lp/free-serum-sample,2416,916,0.6207,83,5607.38
2025-08-09,/lp/skincare-routine-quiz,1355,572,0.5779,46,2839.54
2025-08-09,/lp/spf-bundle-20-off,2112,994,0.5294,126,8216.74
2025-08-09,/products/vitamin-c-serum,896,394,0.5606,33,2179.84
2025-08-10,/,390,127,0.6754,5,314.1
2025-08-10,/collections/bestsellers,524,205,0.6091,13,830.68
2025-08-10,/lp/free-serum-sample,1976,776,0.6074,65,4146.4
2025-08-10,/lp/skincare-routine-quiz,1223,521,0.5742,37,2449.76
2025-08-10,/lp/spf-bundle-20-off,1824,904,0.5046,106,6586.01
2025-08-10,/products/vitamin-c-serum,855,371,0.5661,32,1905.25
2025-08-11,/,434,138,0.6828,6,408.28
2025-08-11,/collections/bestsellers,600,221,0.631,16,1115.12
2025-08-11,/lp/free-serum-sample,2328,835,0.6413,84,5797.13
2025-08-11,/lp/skincare-routine-quiz,1481,624,0.5789,50,3156.91
2025-08-11,/lp/spf-bundle-20-off,1877,934,0.5026,112,7618.61
2025-08-11,/products/vitamin-c-serum,986,429,0.5652,38,2386.87
2025-08-12,/,407,118,0.7098,5,327.57
2025-08-12,/collections/bestsellers,559,211,0.622,13,864.74
2025-08-12,/lp/free-serum-sample,2200,823,0.6257,78,4693.29
2025-08-12,/lp/skincare-routine-quiz,1293,574,0.5559,42,2720.73
2025-08-12,/lp/spf-bundle-20-off,1823,870,0.5226,99,6451.83
2025-08-12,/products/vitamin-c-serum,809,354,0.5619,32,2094.07
2025-08-13,/,406,128,0.6838,5,332.53
2025-08-13,/collections/bestsellers,536,215,0.5993,13,871.21
2025-08-13,/lp/free-serum-sample,2281,869,0.6191,80,4864.0
2025-08-13,/lp/skincare-routine-quiz,1383,586,0.5761,46,3057.11
2025-08-13,/lp/spf-bundle-20-off,1885,916,0.5139,113,6992.95
2025-08-13,/products/vitamin-c-serum,910,401,0.5598,32,2036.87
2025-08-14,/,398,117,0.7053,6,398.3
2025-08-14,/collections/bestsellers,509,188,0.6299,13,878.39
2025-08-14,/lp/free-serum-sample,1788,690,0.614,62,4111.24
2025-08-14,/lp/skincare-routine-quiz,1135,488,0.5702,37,2426.94
2025-08-14,/lp/spf-bundle-20-off,1713,803,0.531,102,6411.48
2025-08-14,/products/vitamin-c-serum,813,370,0.5453,31,2049.13
2025-08-15,/,382,123,0.6787,5,317.85
2025-08-15,/collections/bestsellers,518,205,0.605,12,796.29
2025-08-15,/lp/free-serum-sample,2007,758,0.6221,69,4552.28
2025-08-15,/lp/skincare-routine-quiz,1164,498,0.5722,39,2605.12
2025-08-15,/lp/spf-bundle-20-off,1716,829,0.5167,98,6112.41
2025-08-15,/products/vitamin-c-serum,787,349,0.5564,30,1973.82
2025-08-16,/,464,136,0.7062,6,396.56
2025-08-16,/collections/bestsellers,661,256,0.6127,17,1090.67
2025-08-16,/lp/free-serum-sample,2498,942,0.6227,90,6076.36
2025-08-16,/lp/skincare-routine-quiz,1496,655,0.5619,51,3342.36
2025-08-16,/lp/spf-bundle-20-off,1931,932,0.5172,104,6654.69
2025-08-16,/products/vitamin-c-serum,874,388,0.5559,35,2184.89
2025-08-17,/,444,130,0.7075,6,389.87
2025-08-17,/collections/bestsellers,633,233,0.6314,16,1080.79
2025-08-17,/lp/free-serum-sample,2332,892,0.6174,79,5148.05
2025-08-17,/lp/skincare-routine-quiz,1397,587,0.5797,44,2949.01
2025-08-17,/lp/spf-bundle-20-off,1988,981,0.5067,107,6703.13
2025-08-17,/products/vitamin-c-serum,903,399,0.5579,35,2289.74
2025-08-18,/,433,139,0.6785,6,384.1
2025-08-18,/collections/bestsellers,599,219,0.6336,15,916.54
2025-08-18,/lp/free-serum-sample,2110,799,0.6212,75,4606.91
2025-08-18,/lp/skincare-routine-quiz,1438,638,0.5565,46,2806.73
2025-08-18,/lp/spf-bundle-20-off,1989,960,0.5174,111,7267.28
2025-08-18,/products/vitamin-c-serum,915,413,0.5489,35,2215.97
2025-08-19,/,374,121,0.6752,5,332.84
2025-08-19,/collections/bestsellers,497,197,0.6027,13,792.61
2025-08-19,/lp/free-serum-sample,2076,794,0.6177,73,4636.73
2025-08-19,/lp/skincare-routine-quiz,1264,552,0.5632,39,2537.56
2025-08-19,/lp/spf-bundle-20-off,1756,837,0.5232,97,6110.9
2025-08-19,/products/vitamin-c-serum,759,345,0.5452,30,1816.71
2025-08-20,/,414,132,0.6818,6,399.83
2025-08-20,/collections/bestsellers,546,213,0.6092,13,812.9
2025-08-20,/lp/free-serum-sample,1997,734,0.6326,72,4336.46
2025-08-20,/lp/skincare-routine-quiz,1221,524,0.5707,39,2471.53
2025-08-20,/lp/spf-bundle-20-off,1694,804,0.5256,94,5599.44
2025-08-20,/products/vitamin-c-serum,809,376,0.5357,30,1817.09
2025-08-21,/,426,132,0.6894,6,386.12
2025-08-21,/collections/bestsellers,577,218,0.6226,14,927.72
2025-08-21,/lp/free-serum-sample,1910,728,0.6186,67,4354.39
2025-08-21,/lp/skincare-routine-quiz,1196,495,0.5864,41,2781.54
2025-08-21,/lp/spf-bundle-20-off,1820,887,0.5126,109,7177.44
2025-08-21,/products/vitamin-c-serum,811,357,0.5599,31,1932.28
2025-08-22,/,459,148,0.6768,6,377.8
2025-08-22,/collections/bestsellers,577,229,0.6034,15,981.62
2025-08-22,/lp/free-serum-sample,2152,782,0.6366,74,4479.86
2025-08-22,/lp/skincare-routine-quiz,1441,608,0.5781,45,3005.96
2025-08-22,/lp/spf-bundle-20-off,1859,898,0.5172,107,6531.02
2025-08-22,/products/vitamin-c-serum,977,448,0.541,37,2426.93
2025-08-23,/,436,140,0.6788,6,392.26
2025-08-23,/collections/bestsellers,562,209,0.6275,14,960.51
2025-08-23,/lp/free-serum-sample,2222,848,0.6182,77,5101.04
2025-08-23,/lp/skincare-routine-quiz,1142,485,0.5751,39,2671.2
2025-08-23,/lp/spf-bundle-20-off,1889,897,0.5254,102,6956.81
2025-08-23,/products/vitamin-c-serum,869,391,0.5506,31,2107.96
2025-08-24,/,428,135,0.6855,6,371.39
2025-08-24,/collections/bestsellers,523,207,0.6038,14,900.04
2025-08-24,/lp/free-serum-sample,1867,691,0.6298,67,4325.36
2025-08-24,/lp/skincare-routine-quiz,1169,490,0.5807,39,2543.37
2025-08-24,/lp/spf-bundle-20-off,1740,840,0.5173,104,6788.56
2025-08-24,/products/vitamin-c-serum,783,363,0.5365,28,1755.06
2025-08-25,/,414,136,0.6713,6,399.52
2025-08-25,/collections/bestsellers,575,229,0.6026,15,933.56
2025-08-25,/lp/free-serum-sample,2107,816,0.6127,75,4692.7
2025-08-25,/lp/skincare-routine-quiz,1380,590,0.5725,45,2884.01
2025-08-25,/lp/spf-bundle-20-off,1794,888,0.5048,104,6689.94
2025-08-25,/products/vitamin-c-serum,882,388,0.5596,32,2202.53
2025-08-26,/,480,156,0.676,7,451.64
2025-08-26,/collections/bestsellers,603,239,0.6041,15,992.81
2025-08-26,/lp/free-serum-sample,2150,845,0.6072,71,4641.31
2025-08-26,/lp/skincare-routine-quiz,1294,580,0.552,44,2745.76
2025-08-26,/lp/spf-bundle-20-off,2079,1009,0.5147,123,7505.84
2025-08-26,/products/vitamin-c-serum,828,372,0.5503,31,1908.99
2025-08-27,/,455,148,0.6758,6,382.65
2025-08-27,/collections/bestsellers,620,245,0.6044,15,992.28
2025-08-27,/lp/free-serum-sample,2184,845,0.6133,74,4682.45
2025-08-27,/lp/skincare-routine-quiz,1275,547,0.5706,39,2488.86
2025-08-27,/lp/spf-bundle-20-off,1877,918,0.5107,107,6628.6
2025-08-27,/products/vitamin-c-serum,819,361,0.5596,31,1891.96
2025-08-28,/,462,141,0.6938,7,455.02
2025-08-28,/collections/bestsellers,616,231,0.625,15,930.22
2025-08-28,/lp/free-serum-sample,2049,815,0.6024,68,4440.41
2025-08-28,/lp/skincare-routine-quiz,1319,572,0.5662,43,2878.48
2025-08-28,/lp/spf-bundle-20-off,1796,890,0.5046,107,6982.93
2025-08-28,/products/vitamin-c-serum,875,394,0.5497,35,2248.45
2025-08-29,/,488,144,0.7057,7,456.2
2025-08-29,/collections/bestsellers,675,269,0.6018,16,1107.67
2025-08-29,/lp/free-serum-sample,2192,841,0.6163,73,4918.06
2025-08-29,/lp/skincare-routine-quiz,1484,650,0.5618,49,3100.37
2025-08-29,/lp/spf-bundle-20-off,1934,947,0.5101,112,7515.85
2025-08-29,/products/vitamin-c-serum,914,425,0.5353,36,2278.41
2025-08-30,/,454,132,0.7098,6,391.46
2025-08-30,/collections/bestsellers,586,224,0.618,15,937.55
2025-08-30,/lp/free-serum-sample,1959,765,0.6095,66,4251.09
2025-08-30,/lp/skincare-routine-quiz,1207,510,0.5773,41,2648.7
2025-08-30,/lp/spf-bundle-20-off,1955,961,0.5084,109,6864.05
2025-08-30,/products/vitamin-c-serum,796,371,0.534,31,2139.12
2025-08-31,/,434,136,0.6876,6,399.82
2025-08-31,/collections/bestsellers,572,227,0.6024,15,932.3
2025-08-31,/lp/free-serum-sample,2078,830,0.6008,74,4914.58
2025-08-31,/lp/skincare-routine-quiz,1165,487,0.5817,37,2414.58
2025-08-31,/lp/spf-bundle-20-off,1934,920,0.5244,109,6890.96
2025-08-31,/products/vitamin-c-serum,799,376,0.5294,31,2058.12
2025-09-01,/,477,156,0.6726,6,394.76
2025-09-01,/collections/bestsellers,629,246,0.6096,16,1036.63
2025-09-01,/lp/free-serum-sample,2187,847,0.6125,76,5041.88
2025-09-01,/lp/skincare-routine-quiz,1314,555,0.5776,44,2827.96
2025-09-01,/lp/spf-bundle-20-off,1980,980,0.5053,113,7089.2
2025-09-01,/products/vitamin-c-serum,937,416,0.5555,35,2408.37
2025-09-02,/,484,141,0.7078,7,434.28
2025-09-02,/collections/bestsellers,587,229,0.6094,14,945.12
2025-09-02,/lp/free-serum-sample,2128,830,0.6101,72,4885.15
2025-09-02,/lp/skincare-routine-quiz,1409,586,0.5838,45,2949.81
2025-09-02,/lp/spf-bundle-20-off,2044,980,0.5207,118,7220.12
2025-09-02,/products/vitamin-c-serum,886,394,0.5552,33,2139.12
2025-09-03,/,443,145,0.6725,6,386.52
2025-09-03,/collections/bestsellers,606,232,0.6176,15,962.42
2025-09-03,/lp/free-serum-sample,2254,858,0.6193,78,4928.9
2025-09-03,/lp/skincare-routine-quiz,1540,687,0.5541,48,3030.74
2025-09-03,/lp/spf-bundle-20-off,1987,994,0.4996,108,6730.08
2025-09-03,/products/vitamin-c-serum,932,412,0.5582,36,2434.05
2025-09-04,/,462,135,0.7082,7,479.62
2025-09-04,/collections/bestsellers,610,239,0.6075,15,1038.53
2025-09-04,/lp/free-serum-sample,2135,791,0.6293,71,4407.68
2025-09-04,/lp/skincare-routine-quiz,1244,528,0.5759,40,2696.57
2025-09-04,/lp/spf-bundle-20-off,2039,1020,0.4998,119,7448.47
2025-09-04,/products/vitamin-c-serum,872,384,0.56,32,2005.48
2025-09-05,/,519,163,0.685,7,462.19
2025-09-05,/collections/bestsellers,692,268,0.6123,17,1100.7
2025-09-05,/lp/free-serum-sample,2226,829,0.6275,80,5348.64
2025-09-05,/lp/skincare-routine-quiz,1454,645,0.5564,51,3259.92
2025-09-05,/lp/spf-bundle-20-off,2192,1094,0.5009,119,7842.07
2025-09-05,/products/vitamin-c-serum,964,441,0.5428,38,2356.11
2025-09-06,/,461,135,0.7071,6,397.18
2025-09-06,/collections/bestsellers,675,265,0.6074,17,1180.01
2025-09-06,/lp/free-serum-sample,2489,1002,0.5976,93,6294.39
2025-09-06,/lp/skincare-routine-quiz,1417,604,0.5737,47,3068.93
2025-09-06,/lp/spf-bundle-20-off,1998,985,0.5071,110,7487.61
2025-09-06,/products/vitamin-c-serum,918,410,0.5533,35,2351.25
2025-09-07,/,481,141,0.7079,7,477.46
2025-09-07,/collections/bestsellers,696,258,0.6293,17,1075.11
2025-09-07,/lp/free-serum-sample,2457,932,0.6205,85,5864.8
2025-09-07,/lp/skincare-routine-quiz,1471,661,0.5505,49,3240.21
2025-09-07,/lp/spf-bundle-20-off,2104,1029,0.5109,124,8440.82
2025-09-07,/products/vitamin-c-serum,936,422,0.5493,35,2361.98
2025-09-08,/,459,135,0.7066,6,383.19
2025-09-08,/collections/bestsellers,634,240,0.6209,16,1055.62
2025-09-08,/lp/free-serum-sample,2256,828,0.6331,83,5221.93
2025-09-08,/lp/skincare-routine-quiz,1386,581,0.5808,48,3100.72
2025-09-08,/lp/spf-bundle-20-off,1941,949,0.5109,115,7543.24
2025-09-08,/products/vitamin-c-serum,848,374,0.5588,33,2224.82
2025-09-09,/,402,117,0.7088,6,405.74
2025-09-09,/collections/bestsellers,570,215,0.6226,15,1014.92
2025-09-09,/lp/free-serum-sample,2180,846,0.612,73,4868.97
2025-09-09,/lp/skincare-routine-quiz,1298,548,0.5776,43,2826.6
2025-09-09,/lp/spf-bundle-20-off,1762,846,0.5198,108,6831.08
2025-09-09,/products/vitamin-c-serum,793,360,0.5458,29,1889.12
2025-09-10,/,450,136,0.6968,6,374.18
2025-09-10,/collections/bestsellers,623,248,0.6018,16,1078.29
2025-09-10,/lp/free-serum-sample,2223,831,0.6261,75,5076.15
2025-09-10,/lp/skincare-routine-quiz,1226,523,0.5737,39,2432.46
2025-09-10,/lp/spf-bundle-20-off,1790,856,0.522,98,6408.36
2025-09-10,/products/vitamin-c-serum,825,375,0.5456,31,1985.38
2025-09-11,/,383,125,0.673,5,349.66
2025-09-11,/collections/bestsellers,546,211,0.6138,14,869.3
2025-09-11,/lp/free-serum-sample,1940,749,0.6139,66,4157.91
2025-09-11,/lp/skincare-routine-quiz,1185,522,0.5593,37,2543.66
2025-09-11,/lp/spf-bundle-20-off,1830,903,0.5064,102,7000.6
2025-09-11,/products/vitamin-c-serum,798,361,0.5481,31,2078.99
2025-09-12,/,469,143,0.6944,7,459.48
2025-09-12,/collections/bestsellers,607,236,0.6106,15,918.21
2025-09-12,/lp/free-serum-sample,2527,986,0.6097,88,5958.96
2025-09-12,/lp/skincare-routine-quiz,1421,631,0.556,45,3014.06
2025-09-12,/lp/spf-bundle-20-off,1948,942,0.5162,119,7957.74
2025-09-12,/products/vitamin-c-serum,1004,460,0.5419,38,2313.68
2025-09-13,/,426,135,0.6839,6,396.49
2025-09-13,/collections/bestsellers,585,234,0.5999,14,920.36
2025-09-13,/lp/free-serum-sample,2176,869,0.6007,81,5475.31
2025-09-13,/lp/skincare-routine-quiz,1438,626,0.5646,50,3240.29
2025-09-13,/lp/spf-bundle-20-off,2113,1068,0.4945,124,8142.83
2025-09-13,/products/vitamin-c-serum,958,445,0.5352,38,2490.89
2025-09-14,/,489,162,0.6694,7,426.26
2025-09-14,/collections/bestsellers,655,245,0.6254,16,1073.64
2025-09-14,/lp/free-serum-sample,2524,971,0.6154,86,5668.61
2025-09-14,/lp/skincare-routine-quiz,1504,680,0.5482,48,2973.44
2025-09-14,/lp/spf-bundle-20-off,2070,1005,0.5143,118,7437.43
2025-09-14,/products/vitamin-c-serum,916,420,0.541,35,2186.95
2025-09-15,/,420,125,0.7015,6,386.42
2025-09-15,/collections/bestsellers,518,208,0.5983,13,846.62
2025-09-15,/lp/free-serum-sample,1973,741,0.6245,74,4919.64
2025-09-15,/lp/skincare-routine-quiz,1163,515,0.5573,38,2538.15
2025-09-15,/lp/spf-bundle-20-off,1920,943,0.5087,114,8021.5
2025-09-15,/products/vitamin-c-serum,892,401,0.5501,34,2196.55
2025-09-16,/,433,135,0.6884,6,400.62
2025-09-16,/collections/bestsellers,577,231,0.6004,15,964.72
2025-09-16,/lp/free-serum-sample,2107,802,0.6195,74,4727.99
2025-09-16,/lp/skincare-routine-quiz,1211,536,0.5571,39,2594.24
2025-09-16,/lp/spf-bundle-20-off,1925,961,0.5007,106,7166.66
2025-09-16,/products/vitamin-c-serum,873,410,0.5307,33,2300.53
2025-09-17,/,492,145,0.7054,7,456.28
2025-09-17,/collections/bestsellers,660,256,0.6117,17,1075.21
2025-09-17,/lp/free-serum-sample,2579,984,0.6183,91,6147.95
2025-09-17,/lp/skincare-routine-quiz,1483,673,0.5462,49,3116.93
2025-09-17,/lp/spf-bundle-20-off,2180,1085,0.5022,127,8238.7
2025-09-17,/products/vitamin-c-serum,905,411,0.546,37,2376.84
2025-09-18,/,432,132,0.6954,6,385.27
2025-09-18,/collections/bestsellers,558,209,0.6263,15,1006.41
2025-09-18,/lp/free-serum-sample,2054,771,0.6245,71,4601.1
2025-09-18,/lp/skincare-routine-quiz,1324,585,0.5579,42,2594.68
2025-09-18,/lp/spf-bundle-20-off,1791,890,0.5033,98,6703.4
2025-09-18,/products/vitamin-c-serum,843,399,0.5271,33,2212.6
2025-09-19,/,502,165,0.6718,7,482.25
2025-09-19,/collections/bestsellers,602,224,0.6273,15,1001.61
2025-09-19,/lp/free-serum-sample,2332,910,0.6099,83,5428.91
2025-09-19,/lp/skincare-routine-quiz,1479,631,0.5734,49,3304.1
2025-09-19,/lp/spf-bundle-20-off,1941,948,0.5114,108,7535.52
2025-09-19,/products/vitamin-c-serum,870,396,0.5453,34,2136.09
2025-09-20,/,505,165,0.6729,7,428.86
2025-09-20,/collections/bestsellers,599,225,0.624,16,1012.08
2025-09-20,/lp/free-serum-sample,2348,919,0.6086,87,5460.39
2025-09-20,/lp/skincare-routine-quiz,1393,615,0.5586,44,2789.01
2025-09-20,/lp/spf-bundle-20-off,2069,996,0.5186,121,7535.51
2025-09-20,/products/vitamin-c-serum,975,439,0.5501,38,2357.28
2025-09-21,/,425,133,0.6863,6,400.27
2025-09-21,/collections/bestsellers,603,229,0.6196,15,988.15
2025-09-21,/lp/free-serum-sample,2313,911,0.6062,80,5238.58
2025-09-21,/lp/skincare-routine-quiz,1277,575,0.5499,43,2782.16
2025-09-21,/lp/spf-bundle-20-off,2057,1020,0.5043,122,7863.94
2025-09-21,/products/vitamin-c-serum,909,412,0.5466,35,2311.8
2025-09-22,/,440,142,0.6769,6,391.88
2025-09-22,/collections/bestsellers,559,223,0.6013,14,921.28
2025-09-22,/lp/free-serum-sample,2073,788,0.6197,76,5264.85
2025-09-22,/lp/skincare-routine-quiz,1369,612,0.5528,46,3104.16
2025-09-22,/lp/spf-bundle-20-off,1921,969,0.4956,117,7304.59
2025-09-22,/products/vitamin-c-serum,827,377,0.5437,32,2184.78
2025-09-23,/,422,139,0.6696,6,414.43
2025-09-23,/collections/bestsellers,552,209,0.6218,14,891.18
2025-09-23,/lp/free-serum-sample,2059,820,0.6016,70,4754.86
2025-09-23,/lp/skincare-routine-quiz,1307,581,0.5555,46,2939.58
2025-09-23,/lp/spf-bundle-20-off,1871,928,0.5042,105,7330.58
2025-09-23,/products/vitamin-c-serum,838,391,0.5339,31,2021.5
2025-09-24,/,421,135,0.6782,6,380.54
2025-09-24,/collections/bestsellers,607,246,0.5947,16,1079.0
2025-09-24,/lp/free-serum-sample,2136,855,0.5997,80,5606.43
2025-09-24,/lp/skincare-routine-quiz,1380,603,0.5628,44,2815.05
2025-09-24,/lp/spf-bundle-20-off,1785,863,0.5167,100,6361.43
2025-09-24,/products/vitamin-c-serum,850,404,0.5246,32,2084.61
2025-09-25,/,418,126,0.698,6,382.21
2025-09-25,/collections/bestsellers,553,223,0.5962,13,911.38
2025-09-25,/lp/free-serum-sample,2109,839,0.602,76,4913.5
2025-09-25,/lp/skincare-routine-quiz,1187,519,0.5624,41,2613.71
2025-09-25,/lp/spf-bundle-20-off,1858,921,0.5044,106,7251.31
2025-09-25,/products/vitamin-c-serum,865,404,0.5331,33,2085.35
2025-09-26,/,494,151,0.6936,7,451.69
2025-09-26,/collections/bestsellers,563,221,0.6071,15,972.83
2025-09-26,/lp/free-serum-sample,2252,904,0.5985,82,5475.81
2025-09-26,/lp/skincare-routine-quiz,1409,614,0.5644,47,3136.59
2025-09-26,/lp/spf-bundle-20-off,1969,990,0.4973,118,7711.63
2025-09-26,/products/vitamin-c-serum,956,438,0.5416,36,2328.66
2025-09-27,/,437,143,0.6736,6,365.25
2025-09-27,/collections/bestsellers,569,223,0.6074,15,1003.33
2025-09-27,/lp/free-serum-sample,2362,949,0.5982,87,5421.97
2025-09-27,/lp/skincare-routine-quiz,1298,584,0.5498,41,2710.24
2025-09-27,/lp/spf-bundle-20-off,1879,933,0.5035,115,7110.92
2025-09-27,/products/vitamin-c-serum,832,390,0.5311,34,2294.76
2025-09-28,/,510,169,0.6681,7,458.6
2025-09-28,/collections/bestsellers,696,284,0.5921,19,1270.84
2025-09-28,/lp/free-serum-sample,2300,917,0.6013,82,5372.83
2025-09-28,/lp/skincare-routine-quiz,1555,680,0.5629,52,3540.9
2025-09-28,/lp/spf-bundle-20-off,2221,1095,0.507,124,7731.98
2025-09-28,/products/vitamin-c-serum,1053,482,0.5423,43,2722.37
2025-09-29,/,480,147,0.6928,7,452.63
2025-09-29,/collections/bestsellers,607,240,0.6048,17,1193.64
2025-09-29,/lp/free-serum-sample,2151,873,0.5942,78,4999.37
2025-09-29,/lp/skincare-routine-quiz,1251,570,0.5442,44,3054.41
2025-09-29,/lp/spf-bundle-20-off,2061,1033,0.4986,115,8196.19
2025-09-29,/products/vitamin-c-serum,849,378,0.5543,32,2264.5
2025-09-30,/,417,128,0.6927,6,393.99
2025-09-30,/collections/bestsellers,526,214,0.5925,14,880.44
2025-09-30,/lp/free-serum-sample,2253,900,0.6006,83,5489.32
2025-09-30,/lp/skincare-routine-quiz,1248,546,0.5627,43,2985.33
2025-09-30,/lp/spf-bundle-20-off,1733,884,0.4898,101,6557.87
2025-09-30,/products/vitamin-c-serum,849,398,0.5307,31,1931.26
2025-10-01,/,380,122,0.6802,5,331.08
2025-10-01,/collections/bestsellers,564,217,0.6149,15,945.47
2025-10-01,/lp/free-serum-sample,2098,788,0.6242,72,4997.13
2025-10-01,/lp/skincare-routine-quiz,1239,538,0.5659,42,2742.08
2025-10-01,/lp/spf-bundle-20-off,1745,884,0.4936,105,7174.45
2025-10-01,/products/vitamin-c-serum,773,358,0.5372,30,2062.21
2025-10-02,/,463,138,0.7021,7,488.37
2025-10-02,/collections/bestsellers,601,226,0.6246,15,1051.49
2025-10-02,/lp/free-serum-sample,2264,883,0.6099,85,5669.89
2025-10-02,/lp/skincare-routine-quiz,1309,590,0.5492,43,2966.9
2025-10-02,/lp/spf-bundle-20-off,1911,951,0.5024,115,7400.27
2025-10-02,/products/vitamin-c-serum,835,399,0.522,32,2253.18
2025-10-03,/,454,150,0.6702,6,401.72
2025-10-03,/collections/bestsellers,616,238,0.6131,16,1077.89
2025-10-03,/lp/free-serum-sample,2395,897,0.6253,86,5243.55
2025-10-03,/lp/skincare-routine-quiz,1504,689,0.5422,51,3438.46
2025-10-03,/lp/spf-bundle-20-off,2075,1049,0.4943,119,7674.32
2025-10-03,/products/vitamin-c-serum,985,468,0.5244,37,2335.24
2025-10-04,/,547,172,0.6847,8,549.96
2025-10-04,/collections/bestsellers,723,286,0.6039,19,1229.22
2025-10-04,/lp/free-serum-sample,2554,1020,0.6005,92,6402.38
2025-10-04,/lp/skincare-routine-quiz,1485,667,0.5506,48,3260.89
2025-10-04,/lp/spf-bundle-20-off,2309,1167,0.4948,134,8540.07
2025-10-04,/products/vitamin-c-serum,1092,489,0.5519,42,2869.88
2025-10-05,/,485,144,0.7031,7,476.31
2025-10-05,/collections/bestsellers,604,245,0.5948,15,1010.66
2025-10-05,/lp/free-serum-sample,2448,933,0.6187,87,6172.22
2025-10-05,/lp/skincare-routine-quiz,1470,648,0.5595,48,3225.44
2025-10-05,/lp/spf-bundle-20-off,1909,974,0.4898,108,7146.06
2025-10-05,/products/vitamin-c-serum,946,433,0.5418,35,2361.47
2025-10-06,/,412,135,0.6715,6,386.16
2025-10-06,/collections/bestsellers,562,229,0.5917,15,937.25
2025-10-06,/lp/free-serum-sample,2361,942,0.6012,82,5579.56
2025-10-06,/lp/skincare-routine-quiz,1327,607,0.5426,42,2671.34
2025-10-06,/lp/spf-bundle-20-off,1866,943,0.4949,114,7904.23
2025-10-06,/products/vitamin-c-serum,878,413,0.5296,34,2118.17
2025-10-07,/,410,130,0.6822,6,391.15
2025-10-07,/collections/bestsellers,570,232,0.5933,15,936.97
2025-10-07,/lp/free-serum-sample,2038,786,0.6143,72,4754.12
2025-10-07,/lp/skincare-routine-quiz,1228,558,0.5459,40,2444.23
2025-10-07,/lp/spf-bundle-20-off,1760,853,0.5153,108,6853.93
2025-10-07,/products/vitamin-c-serum,803,374,0.5347,30,1879.75
2025-10-08,/,416,131,0.6861,6,390.45
2025-10-08,/collections/bestsellers,625,253,0.5954,17,1177.44
2025-10-08,/lp/free-serum-sample,2065,838,0.594,72,4743.74
2025-10-08,/lp/skincare-routine-quiz,1344,616,0.5416,43,3030.33
2025-10-08,/lp/spf-bundle-20-off,1838,910,0.5049,112,7627.6
2025-10-08,/products/vitamin-c-serum,809,386,0.5232,33,2174.8
2025-10-09,/,509,154,0.6974,7,482.57
2025-10-09,/collections/bestsellers,626,242,0.6142,17,1112.58
2025-10-09,/lp/free-serum-sample,2302,912,0.6037,87,5705.33
2025-10-09,/lp/skincare-routine-quiz,1332,592,0.5557,45,2814.75
2025-10-09,/lp/spf-bundle-20-off,2115,1043,0.5068,126,8751.02
2025-10-09,/products/vitamin-c-serum,899,405,0.5495,33,2114.44
2025-10-10,/,466,155,0.6671,7,473.68
2025-10-10,/collections/bestsellers,612,238,0.6104,16,1034.81
2025-10-10,/lp/free-serum-sample,2611,1039,0.6019,93,5961.58
2025-10-10,/lp/skincare-routine-quiz,1370,616,0.5507,48,3058.53
2025-10-10,/lp/spf-bundle-20-off,2149,1100,0.488,123,8528.41
2025-10-10,/products/vitamin-c-serum,952,434,0.5438,36,2478.81
2025-10-11,/,544,166,0.6956,8,549.68
2025-10-11,/collections/bestsellers,620,246,0.6035,16,1036.43
2025-10-11,/lp/free-serum-sample,2418,939,0.6117,92,5876.09
2025-10-11,/lp/skincare-routine-quiz,1467,639,0.5643,47,2933.6
2025-10-11,/lp/spf-bundle-20-off,2246,1088,0.5155,129,8699.53
2025-10-11,/products/vitamin-c-serum,988,474,0.5204,37,2536.61
2025-10-12,/,405,132,0.6742,6,424.01
2025-10-12,/collections/bestsellers,568,225,0.6047,14,900.44
2025-10-12,/lp/free-serum-sample,2070,783,0.6216,79,5241.27
2025-10-12,/lp/skincare-routine-quiz,1238,542,0.5624,44,2975.37
2025-10-12,/lp/spf-bundle-20-off,1833,888,0.5153,111,7217.01
2025-10-12,/products/vitamin-c-serum,841,399,0.5252,32,2127.35
2025-10-13,/,455,142,0.6887,6,415.23
2025-10-13,/collections/bestsellers,577,223,0.6135,15,948.15
2025-10-13,/lp/free-serum-sample,2100,831,0.6042,73,4793.63
2025-10-13,/lp/skincare-routine-quiz,1406,621,0.5586,50,3420.95
2025-10-13,/lp/spf-bundle-20-off,1812,918,0.4934,113,7587.62
2025-10-13,/products/vitamin-c-serum,946,446,0.529,38,2670.88
2025-10-14,/,453,143,0.6846,7,462.29
2025-10-14,/collections/bestsellers,583,222,0.6194,16,1024.4
2025-10-14,/lp/free-serum-sample,2200,884,0.598,78,4885.73
2025-10-14,/lp/skincare-routine-quiz,1337,603,0.5487,44,2943.49
2025-10-14,/lp/spf-bundle-20-off,1890,940,0.5028,105,6376.21
2025-10-14,/products/vitamin-c-serum,962,446,0.5361,38,2393.08
2025-10-15,/,424,138,0.6755,6,384.1
2025-10-15,/collections/bestsellers,527,208,0.6044,14,985.65
2025-10-15,/lp/free-serum-sample,2184,873,0.6005,84,5859.24
2025-10-15,/lp/skincare-routine-quiz,1302,586,0.5498,42,2717.82
2025-10-15,/lp/spf-bundle-20-off,1873,922,0.5076,109,7066.75
2025-10-15,/products/vitamin-c-serum,849,408,0.5198,35,2316.46
2025-10-16,/,409,126,0.6926,6,404.49
2025-10-16,/collections/bestsellers,569,231,0.594,14,905.12
2025-10-16,/lp/free-serum-sample,2050,831,0.5946,73,4823.56
2025-10-16,/lp/skincare-routine-quiz,1324,596,0.5497,44,2714.53
2025-10-16,/lp/spf-bundle-20-off,1827,934,0.4886,110,6710.35
2025-10-16,/products/vitamin-c-serum,811,373,0.5395,33,2171.65
2025-10-17,/,443,137,0.6905,6,414.6
2025-10-17,/collections/bestsellers,570,231,0.5952,16,1023.95
2025-10-17,/lp/free-serum-sample,2372,945,0.6016,91,6027.22
2025-10-17,/lp/skincare-routine-quiz,1345,584,0.5656,47,2948.97
2025-10-17,/lp/spf-bundle-20-off,2001,1011,0.4949,122,7682.68
2025-10-17,/products/vitamin-c-serum,911,422,0.5365,36,2321.73
2025-10-18,/,499,156,0.687,7,488.13
2025-10-18,/collections/bestsellers,640,255,0.6019,17,1181.13
2025-10-18,/lp/free-serum-sample,2420,991,0.5903,93,5995.01
2025-10-18,/lp/skincare-routine-quiz,1499,647,0.5685,51,3350.51
2025-10-18,/lp/spf-bundle-20-off,2062,1038,0.4967,117,7460.26
2025-10-18,/products/vitamin-c-serum,955,458,0.5204,36,2530.95
2025-10-19,/,428,139,0.6742,6,429.45
2025-10-19,/collections/bestsellers,660,269,0.5927,17,1164.36
2025-10-19,/lp/free-serum-sample,2314,914,0.6048,85,6004.76
2025-10-19,/lp/skincare-routine-quiz,1360,619,0.5447,46,3124.83
2025-10-19,/lp/spf-bundle-20-off,2029,987,0.5137,123,7944.79
2025-10-19,/products/vitamin-c-serum,852,391,0.5408,33,2344.12
2025-10-20,/,418,133,0.6808,6,403.64
2025-10-20,/collections/bestsellers,560,224,0.6001,14,905.47
2025-10-20,/lp/free-serum-sample,2120,834,0.6067,80,5083.44
2025-10-20,/lp/skincare-routine-quiz,1333,595,0.5537,45,3025.94
2025-10-20,/lp/spf-bundle-20-off,1900,969,0.4899,107,7315.72
2025-10-20,/products/vitamin-c-serum,904,435,0.5184,36,2479.28
2025-10-21,/,411,127,0.6922,6,401.46
2025-10-21,/collections/bestsellers,588,237,0.597,15,999.12
2025-10-21,/lp/free-serum-sample,2069,824,0.6017,75,5008.43
2025-10-21,/lp/skincare-routine-quiz,1332,578,0.5659,47,3130.75
2025-10-21,/lp/spf-bundle-20-off,1738,866,0.5017,101,6219.8
2025-10-21,/products/vitamin-c-serum,809,371,0.5415,32,1959.05
2025-10-22,/,435,130,0.7013,7,494.92
2025-10-22,/collections/bestsellers,612,244,0.6006,15,962.2
2025-10-22,/lp/free-serum-sample,2302,936,0.5932,83,5557.35
2025-10-22,/lp/skincare-routine-quiz,1287,555,0.5688,41,2888.31
2025-10-22,/lp/spf-bundle-20-off,1819,912,0.4987,111,7071.36
2025-10-22,/products/vitamin-c-serum,946,436,0.5389,39,2584.8
2025-10-23,/,431,145,0.6639,6,416.63
2025-10-23,/collections/bestsellers,571,228,0.6005,16,1097.67
2025-10-23,/lp/free-serum-sample,2086,796,0.6183,77,4966.81
2025-10-23,/lp/skincare-routine-quiz,1316,594,0.549,44,3043.48
2025-10-23,/lp/spf-bundle-20-off,1929,963,0.501,119,7802.58
2025-10-23,/products/vitamin-c-serum,955,452,0.5269,36,2320.69
2025-10-24,/,504,169,0.6653,8,556.92
2025-10-24,/collections/bestsellers,705,284,0.5972,18,1153.38
2025-10-24,/lp/free-serum-sample,2552,999,0.6086,95,6770.16
2025-10-24,/lp/skincare-routine-quiz,1524,674,0.558,50,3245.33
2025-10-24,/lp/spf-bundle-20-off,1977,1009,0.4895,115,7598.2
2025-10-24,/products/vitamin-c-serum,1020,469,0.5406,39,2685.24
2025-10-25,/,499,167,0.6662,7,478.18
2025-10-25,/collections/bestsellers,625,248,0.6035,17,1205.72
2025-10-25,/lp/free-serum-sample,2294,912,0.6023,85,5716.08
2025-10-25,/lp/skincare-routine-quiz,1357,592,0.5639,45,3057.46
2025-10-25,/lp/spf-bundle-20-off,1890,938,0.5035,116,7681.9
2025-10-25,/products/vitamin-c-serum,873,412,0.5281,36,2462.78
2025-10-26,/,528,157,0.7023,8,531.53
2025-10-26,/collections/bestsellers,679,264,0.6106,18,1231.94
2025-10-26,/lp/free-serum-sample,2450,969,0.6046,88,5961.04
2025-10-26,/lp/skincare-routine-quiz,1493,645,0.5683,54,3648.19
2025-10-26,/lp/spf-bundle-20-off,2121,1076,0.4928,125,8091.95
2025-10-26,/products/vitamin-c-serum,1042,491,0.5289,43,2888.83
2025-10-27,/,475,158,0.6667,7,468.34
2025-10-27,/collections/bestsellers,653,249,0.6194,18,1257.37
2025-10-27,/lp/free-serum-sample,2448,1003,0.5904,94,6648.81
2025-10-27,/lp/skincare-routine-quiz,1386,626,0.5482,49,3234.74
2025-10-27,/lp/spf-bundle-20-off,2109,1072,0.4916,125,8835.76
2025-10-27,/products/vitamin-c-serum,944,431,0.5433,37,2473.5
2025-10-28,/,462,155,0.6643,7,470.22
2025-10-28,/collections/bestsellers,596,239,0.5985,16,1048.11
2025-10-28,/lp/free-serum-sample,2394,981,0.5901,93,6269.19
2025-10-28,/lp/skincare-routine-quiz,1509,664,0.5599,51,3213.16
2025-10-28,/lp/spf-bundle-20-off,2145,1064,0.5039,132,9316.7
2025-10-28,/products/vitamin-c-serum,907,416,0.541,34,2311.83
2025-10-29,/,452,138,0.6945,7,497.74
2025-10-29,/collections/bestsellers,602,247,0.5904,15,1025.46
2025-10-29,/lp/free-serum-sample,2340,976,0.5831,83,5845.19
2025-10-29,/lp/skincare-routine-quiz,1429,620,0.5658,47,3255.35
2025-10-29,/lp/spf-bundle-20-off,2180,1070,0.5091,133,8989.19
2025-10-29,/products/vitamin-c-serum,957,450,0.5295,40,2664.18
2025-10-30,/,409,122,0.7014,6,388.52
2025-10-30,/collections/bestsellers,564,229,0.5931,15,1025.86
2025-10-30,/lp/free-serum-sample,2194,915,0.5828,83,5579.27
2025-10-30,/lp/skincare-routine-quiz,1399,613,0.562,50,3364.86
2025-10-30,/lp/spf-bundle-20-off,1987,1010,0.4917,121,7888.7
2025-10-30,/products/vitamin-c-serum,888,429,0.5167,34,2350.52
2025-10-31,/,536,180,0.6645,7,444.5
2025-10-31,/collections/bestsellers,758,312,0.5887,19,1231.28
2025-10-31,/lp/free-serum-sample,2699,1075,0.6017,103,6471.05
2025-10-31,/lp/skincare-routine-quiz,1616,750,0.5359,53,3317.91
2025-10-31,/lp/spf-bundle-20-off,2381,1182,0.5035,142,9210.21
2025-10-31,/products/vitamin-c-serum,1002,455,0.5463,41,2633.7
2025-11-01,/,448,142,0.6827,6,395.43
2025-11-01,/collections/bestsellers,592,237,0.5998,16,1032.71
2025-11-01,/lp/free-serum-sample,2131,883,0.5855,77,4902.33
2025-11-01,/lp/skincare-routine-quiz,1281,559,0.564,45,3168.96
2025-11-01,/lp/spf-bundle-20-off,1944,964,0.5042,120,7535.18
2025-11-01,/products/vitamin-c-serum,987,464,0.5295,40,2807.89
2025-11-02,/,476,159,0.6658,7,475.42
2025-11-02,/collections/bestsellers,697,274,0.6074,19,1245.16
2025-11-02,/lp/free-serum-sample,2688,1062,0.6049,94,6345.19
2025-11-02,/lp/skincare-routine-quiz,1504,698,0.5357,50,3177.03
2025-11-02,/lp/spf-bundle-20-off,2076,1072,0.4838,124,8709.45
2025-11-02,/products/vitamin-c-serum,1098,520,0.5261,42,2853.87
2025-11-03,/,477,160,0.6636,7,484.7
2025-11-03,/collections/bestsellers,606,243,0.5997,16,1061.45
2025-11-03,/lp/free-serum-sample,2205,899,0.5925,84,5646.18
2025-11-03,/lp/skincare-routine-quiz,1369,611,0.5537,49,3298.23
2025-11-03,/lp/spf-bundle-20-off,1852,931,0.4975,105,6725.13
2025-11-03,/products/vitamin-c-serum,936,447,0.522,39,2518.31
2025-11-04,/,514,162,0.6853,7,474.25
2025-11-04,/collections/bestsellers,614,254,0.587,16,1034.7
2025-11-04,/lp/free-serum-sample,2504,964,0.6152,97,6738.12
2025-11-04,/lp/skincare-routine-quiz,1428,638,0.5531,52,3492.45
2025-11-04,/lp/spf-bundle-20-off,2299,1142,0.5033,143,8993.15
2025-11-04,/products/vitamin-c-serum,1003,478,0.5236,41,2787.29
2025-11-05,/,436,137,0.6861,7,471.75
2025-11-05,/collections/bestsellers,540,217,0.599,14,950.07
2025-11-05,/lp/free-serum-sample,2163,905,0.5815,79,5076.66
2025-11-05,/lp/skincare-routine-quiz,1269,590,0.5353,43,2709.62
2025-11-05,/lp/spf-bundle-20-off,1893,935,0.5059,113,7231.83
2025-11-05,/products/vitamin-c-serum,918,443,0.5177,38,2479.83
2025-11-06,/,515,161,0.6881,7,471.36
2025-11-06,/collections/bestsellers,668,269,0.5967,18,1195.54
2025-11-06,/lp/free-serum-sample,2562,1018,0.6027,98,6816.23
2025-11-06,/lp/skincare-routine-quiz,1479,670,0.5468,48,3196.29
2025-11-06,/lp/spf-bundle-20-off,2044,1054,0.4842,129,9092.32
2025-11-06,/products/vitamin-c-serum,1056,507,0.52,43,2694.86
2025-11-07,/,529,167,0.6834,8,506.65
2025-11-07,/collections/bestsellers,694,265,0.618,18,1208.13
2025-11-07,/lp/free-serum-sample,2384,972,0.5922,91,5863.62
2025-11-07,/lp/skincare-routine-quiz,1617,719,0.5551,53,3530.21
2025-11-07,/lp/spf-bundle-20-off,2071,1054,0.4913,125,8004.81
2025-11-07,/products/vitamin-c-serum,977,461,0.5282,40,2543.29
2025-11-08,/,477,160,0.664,7,490.19
2025-11-08,/collections/bestsellers,618,251,0.5931,16,1136.85
2025-11-08,/lp/free-serum-sample,2389,921,0.6144,90,5710.4
2025-11-08,/lp/skincare-routine-quiz,1310,608,0.5355,47,3143.95
2025-11-08,/lp/spf-bundle-20-off,1895,958,0.4945,120,8302.98
2025-11-08,/products/vitamin-c-serum,895,429,0.521,38,2419.02
2025-11-09,/,515,162,0.685,7,459.31
2025-11-09,/collections/bestsellers,700,283,0.5961,19,1280.67
2025-11-09,/lp/free-serum-sample,2273,905,0.6019,82,5451.47
2025-11-09,/lp/skincare-routine-quiz,1528,707,0.5374,53,3430.54
2025-11-09,/lp/spf-bundle-20-off,2306,1143,0.5043,134,8595.23
2025-11-09,/products/vitamin-c-serum,975,467,0.5213,40,2662.77
2025-11-10,/,435,145,0.6658,6,404.62
2025-11-10,/collections/bestsellers,598,235,0.6068,17,1075.48
2025-11-10,/lp/free-serum-sample,2193,861,0.6074,81,5248.72
2025-11-10,/lp/skincare-routine-quiz,1403,614,0.5626,47,2990.91
2025-11-10,/lp/spf-bundle-20-off,1958,970,0.5047,115,7571.8
2025-11-10,/products/vitamin-c-serum,938,432,0.5393,36,2283.44
2025-11-11,/,508,170,0.6651,8,528.32
2025-11-11,/collections/bestsellers,683,267,0.6095,19,1333.88
2025-11-11,/lp/free-serum-sample,2663,1054,0.6042,104,7029.66
2025-11-11,/lp/skincare-routine-quiz,1620,709,0.5623,60,4181.4
2025-11-11,/lp/spf-bundle-20-off,2387,1178,0.5067,139,9441.33
2025-11-11,/products/vitamin-c-serum,951,443,0.5347,38,2761.14
2025-11-12,/,446,144,0.6761,6,401.76
2025-11-12,/collections/bestsellers,624,241,0.6133,16,1066.59
2025-11-12,/lp/free-serum-sample,2353,975,0.5857,89,5775.4
2025-11-12,/lp/skincare-routine-quiz,1326,600,0.5475,47,3270.4
2025-11-12,/lp/spf-bundle-20-off,2091,1047,0.4992,121,8511.95
2025-11-12,/products/vitamin-c-serum,964,444,0.5399,37,2389.21
2025-11-13,/,513,166,0.6756,7,480.67
2025-11-13,/collections/bestsellers,587,225,0.6173,16,1089.37
2025-11-13,/lp/free-serum-sample,2405,967,0.598,95,6079.56
2025-11-13,/lp/skincare-routine-quiz,1371,634,0.5372,50,3305.23
2025-11-13,/lp/spf-bundle-20-off,1992,1040,0.478,125,8106.56
2025-11-13,/products/vitamin-c-serum,945,455,0.5186,39,2691.23
2025-11-14,/,504,153,0.6955,8,527.17
2025-11-14,/collections/bestsellers,667,258,0.6131,18,1191.15
2025-11-14,/lp/free-serum-sample,2577,1025,0.6021,92,6040.3
2025-11-14,/lp/skincare-routine-quiz,1505,662,0.56,51,3409.01
2025-11-14,/lp/spf-bundle-20-off,2242,1147,0.4884,135,8891.09
2025-11-14,/products/vitamin-c-serum,1017,486,0.5217,40,2803.07
2025-11-15,/,450,138,0.6944,7,485.54
2025-11-15,/collections/bestsellers,619,254,0.589,17,1101.45
2025-11-15,/lp/free-serum-sample,2484,1021,0.5888,93,6442.5
2025-11-15,/lp/skincare-routine-quiz,1537,708,0.5396,51,3368.26
2025-11-15,/lp/spf-bundle-20-off,2005,1036,0.4835,119,7646.27
2025-11-15,/products/vitamin-c-serum,1008,461,0.5427,39,2668.92
2025-11-16,/,503,169,0.6635,8,535.41
2025-11-16,/collections/bestsellers,744,285,0.6163,20,1311.22
2025-11-16,/lp/free-serum-sample,2619,1046,0.6008,98,6923.48
2025-11-16,/lp/skincare-routine-quiz,1438,632,0.5606,48,3372.67
2025-11-16,/lp/spf-bundle-20-off,2156,1086,0.4964,125,8829.46
2025-11-16,/products/vitamin-c-serum,969,460,0.5249,40,2644.43
2025-11-17,/,460,156,0.6611,7,447.46
2025-11-17,/collections/bestsellers,650,268,0.5877,17,1052.35
2025-11-17,/lp/free-serum-sample,2371,922,0.611,94,5927.37
2025-11-17,/lp/skincare-routine-quiz,1286,592,0.5396,45,2796.4
2025-11-17,/lp/spf-bundle-20-off,2145,1100,0.4873,133,8336.01
2025-11-17,/products/vitamin-c-serum,966,448,0.5361,40,2707.85
2025-11-18,/,519,157,0.6975,8,566.83
2025-11-18,/collections/bestsellers,690,285,0.5863,17,1128.93
2025-11-18,/lp/free-serum-sample,2332,916,0.6073,89,6314.69
2025-11-18,/lp/skincare-routine-quiz,1370,644,0.5299,47,3175.5
2025-11-18,/lp/spf-bundle-20-off,2198,1093,0.5029,127,8395.77
2025-11-18,/products/vitamin-c-serum,987,472,0.5215,40,2844.84
2025-11-19,/,485,158,0.674,8,540.45
2025-11-19,/collections/bestsellers,720,301,0.5819,19,1251.43
2025-11-19,/lp/free-serum-sample,2555,1048,0.5897,99,6837.78
2025-11-19,/lp/skincare-routine-quiz,1561,697,0.5536,56,3657.4
2025-11-19,/lp/spf-bundle-20-off,2019,1053,0.4786,115,8014.13
2025-11-19,/products/vitamin-c-serum,957,448,0.5321,37,2408.02
2025-11-20,/,439,140,0.6808,7,471.59
2025-11-20,/collections/bestsellers,662,256,0.613,17,1159.56
2025-11-20,/lp/free-serum-sample,2313,971,0.58,87,5916.47
2025-11-20,/lp/skincare-routine-quiz,1454,659,0.5467,49,3329.7
2025-11-20,/lp/spf-bundle-20-off,1959,984,0.4978,112,7441.6
2025-11-20,/products/vitamin-c-serum,937,454,0.5159,39,2473.07
2025-11-21,/,550,170,0.6905,8,545.93
2025-11-21,/collections/bestsellers,653,260,0.602,17,1093.16
2025-11-21,/lp/free-serum-sample,2700,1058,0.608,102,6455.98
2025-11-21,/lp/skincare-routine-quiz,1424,656,0.539,47,3205.39
2025-11-21,/lp/spf-bundle-20-off,2330,1192,0.4882,139,9034.54
2025-11-21,/products/vitamin-c-serum,1103,535,0.515,46,3087.21
2025-11-22,/,508,172,0.6606,7,434.33
2025-11-22,/collections/bestsellers,662,274,0.5858,18,1220.75
2025-11-22,/lp/free-serum-sample,2351,962,0.5907,85,5909.38
2025-11-22,/lp/skincare-routine-quiz,1566,690,0.5591,58,3971.21
2025-11-22,/lp/spf-bundle-20-off,2143,1092,0.4905,126,7838.8
2025-11-22,/products/vitamin-c-serum,976,466,0.5229,38,2528.73
2025-11-23,/,520,173,0.6666,7,447.66
2025-11-23,/collections/bestsellers,644,263,0.5914,17,1205.65
2025-11-23,/lp/free-serum-sample,2511,1055,0.5797,96,6609.08
2025-11-23,/lp/skincare-routine-quiz,1448,638,0.5596,53,3484.14
2025-11-23,/lp/spf-bundle-20-off,2385,1210,0.4928,136,8992.22
2025-11-23,/products/vitamin-c-serum,1074,497,0.5373,44,2914.69
2025-11-24,/,440,145,0.6709,7,459.55
2025-11-24,/collections/bestsellers,597,236,0.6041,16,1028.79
2025-11-24,/lp/free-serum-sample,2187,883,0.5964,80,5079.42
2025-11-24,/lp/skincare-routine-quiz,1258,586,0.5341,43,2828.96
2025-11-24,/lp/spf-bundle-20-off,1837,957,0.4788,117,8127.39
2025-11-24,/products/vitamin-c-serum,936,444,0.526,37,2598.0
2025-11-25,/,431,137,0.6831,7,439.81
2025-11-25,/collections/bestsellers,620,245,0.6041,17,1090.29
2025-11-25,/lp/free-serum-sample,2092,858,0.5898,81,5505.66
2025-11-25,/lp/skincare-routine-quiz,1345,612,0.545,46,3035.52
2025-11-25,/lp/spf-bundle-20-off,2033,1020,0.4983,119,7505.95
2025-11-25,/products/vitamin-c-serum,847,398,0.53,34,2335.23
2025-11-26,/,413,134,0.675,6,416.57
2025-11-26,/collections/bestsellers,542,212,0.6095,15,996.86
2025-11-26,/lp/free-serum-sample,2119,841,0.603,79,5721.59
2025-11-26,/lp/skincare-routine-quiz,1385,613,0.5575,47,3313.66
2025-11-26,/lp/spf-bundle-20-off,1830,924,0.4949,110,7592.62
2025-11-26,/products/vitamin-c-serum,852,407,0.5223,35,2386.85
2025-11-27,/,498,165,0.6695,8,542.64
2025-11-27,/collections/bestsellers,748,291,0.611,20,1417.92
2025-11-27,/lp/free-serum-sample,2668,1062,0.6021,98,6423.94
2025-11-27,/lp/skincare-routine-quiz,1658,737,0.5555,58,3949.75
2025-11-27,/lp/spf-bundle-20-off,2352,1169,0.5031,138,9223.1
2025-11-27,/products/vitamin-c-serum,1071,514,0.5203,42,2957.34
2025-11-28,/,542,183,0.6629,9,612.87
2025-11-28,/collections/bestsellers,764,312,0.5913,20,1327.85
2025-11-28,/lp/free-serum-sample,2645,1093,0.5866,103,6632.87
2025-11-28,/lp/skincare-routine-quiz,1621,735,0.5465,58,3835.1
2025-11-28,/lp/spf-bundle-20-off,2445,1253,0.4874,147,9553.22
2025-11-28,/products/vitamin-c-serum,1071,505,0.5282,43,2972.44
2025-11-29,/,507,171,0.6632,8,535.65
2025-11-29,/collections/bestsellers,689,285,0.5868,18,1212.76
2025-11-29,/lp/free-serum-sample,2571,1062,0.5869,94,6469.34
2025-11-29,/lp/skincare-routine-quiz,1612,725,0.5504,56,3506.42
2025-11-29,/lp/spf-bundle-20-off,2336,1171,0.4988,143,9870.4
2025-11-29,/products/vitamin-c-serum,1101,507,0.5394,44,2933.82
2025-11-30,/,470,154,0.6721,7,450.84
2025-11-30,/collections/bestsellers,709,288,0.5939,20,1280.16
2025-11-30,/lp/free-serum-sample,2558,1016,0.6029,99,6587.22
2025-11-30,/lp/skincare-routine-quiz,1420,654,0.5392,49,3120.5
2025-11-30,/lp/spf-bundle-20-off,2307,1174,0.4909,138,9273.33
2025-11-30,/products/vitamin-c-serum,923,438,0.5257,37,2632.54
2025-12-01,/,537,166,0.6904,8,518.93
2025-12-01,/collections/bestsellers,678,279,0.5892,19,1256.16
2025-12-01,/lp/free-serum-sample,2507,1055,0.5792,98,6869.09
2025-12-01,/lp/skincare-routine-quiz,1500,694,0.5376,54,3531.11
2025-12-01,/lp/spf-bundle-20-off,2040,1045,0.4878,125,8560.84
2025-12-01,/products/vitamin-c-serum,1067,505,0.5269,44,2929.14
2025-12-02,/,500,155,0.6905,7,441.29
2025-12-02,/collections/bestsellers,667,274,0.5895,17,1167.09
2025-12-02,/lp/free-serum-sample,2415,961,0.6021,89,6218.93
2025-12-02,/lp/skincare-routine-quiz,1557,714,0.5414,53,3640.72
2025-12-02,/lp/spf-bundle-20-off,2144,1096,0.4887,128,8436.43
2025-12-02,/products/vitamin-c-serum,1094,529,0.5163,46,3195.21
2025-12-03,/,473,150,0.6819,7,464.4
2025-12-03,/collections/bestsellers,606,251,0.5858,16,1173.94
2025-12-03,/lp/free-serum-sample,2422,1022,0.5779,95,6431.37
2025-12-03,/lp/skincare-routine-quiz,1392,637,0.5421,47,3346.14
2025-12-03,/lp/spf-bundle-20-off,2072,1065,0.4859,133,9196.16
2025-12-03,/products/vitamin-c-serum,916,425,0.5363,39,2638.03
2025-12-04,/,539,166,0.6925,8,563.66
2025-12-04,/collections/bestsellers,724,299,0.5869,20,1398.89
2025-12-04,/lp/free-serum-sample,2372,940,0.6035,95,6318.42
2025-12-04,/lp/skincare-routine-quiz,1636,754,0.5393,61,4070.9
2025-12-04,/lp/spf-bundle-20-off,2084,1074,0.4847,129,8989.04
2025-12-04,/products/vitamin-c-serum,1065,496,0.5341,45,3158.38
2025-12-05,/,474,145,0.6948,7,466.31
2025-12-05,/collections/bestsellers,636,260,0.5915,18,1148.08
2025-12-05,/lp/free-serum-sample,2379,961,0.596,92,6425.98
2025-12-05,/lp/skincare-routine-quiz,1566,744,0.5246,57,3833.38
2025-12-05,/lp/spf-bundle-20-off,2254,1157,0.4869,131,8649.26
2025-12-05,/products/vitamin-c-serum,1078,507,0.5297,43,3061.54
2025-12-06,/,481,159,0.67,7,486.74
2025-12-06,/collections/bestsellers,750,304,0.5943,20,1387.14
2025-12-06,/lp/free-serum-sample,2542,1043,0.5898,103,7000.17
2025-12-06,/lp/skincare-routine-quiz,1609,760,0.5276,57,4016.01
2025-12-06,/lp/spf-bundle-20-off,2433,1222,0.4979,149,10455.56
2025-12-06,/products/vitamin-c-serum,1012,485,0.5203,43,2872.16
2025-12-07,/,511,165,0.6769,8,522.09
2025-12-07,/collections/bestsellers,737,308,0.5822,20,1414.42
2025-12-07,/lp/free-serum-sample,2695,1108,0.5889,99,7032.47
2025-12-07,/lp/skincare-routine-quiz,1499,710,0.5263,54,3891.77
2025-12-07,/lp/spf-bundle-20-off,2383,1228,0.4848,139,9287.12
2025-12-07,/products/vitamin-c-serum,1054,509,0.5172,42,2831.31
2025-12-08,/,510,167,0.6734,8,561.79
2025-12-08,/collections/bestsellers,619,244,0.6059,17,1172.85
2025-12-08,/lp/free-serum-sample,2536,1046,0.5877,92,6257.77
2025-12-08,/lp/skincare-routine-quiz,1553,720,0.5365,52,3356.01
2025-12-08,/lp/spf-bundle-20-off,2002,1016,0.4924,125,7843.43
2025-12-08,/products/vitamin-c-serum,1018,474,0.5343,42,2655.75
2025-12-09,/,527,180,0.659,8,526.47
2025-12-09,/collections/bestsellers,672,275,0.5904,19,1252.75
2025-12-09,/lp/free-serum-sample,2259,948,0.5802,88,5829.5
2025-12-09,/lp/skincare-routine-quiz,1488,698,0.5306,51,3332.2
2025-12-09,/lp/spf-bundle-20-off,2170,1106,0.4905,135,9090.89
2025-12-09,/products/vitamin-c-serum,1055,496,0.5301,45,3050.32
2025-12-10,/,420,137,0.6738,6,420.95
2025-12-10,/collections/bestsellers,557,216,0.6116,14,999.1
2025-12-10,/lp/free-serum-sample,2222,888,0.6002,89,6214.63
2025-12-10,/lp/skincare-routine-quiz,1332,618,0.5364,47,3004.13
2025-12-10,/lp/spf-bundle-20-off,2094,1073,0.4875,125,8296.63
2025-12-10,/products/vitamin-c-serum,836,393,0.5296,35,2507.84
2025-12-11,/,483,151,0.6884,7,497.03
2025-12-11,/collections/bestsellers,661,272,0.589,18,1220.18
2025-12-11,/lp/free-serum-sample,2276,960,0.5782,92,6404.18
2025-12-11,/lp/skincare-routine-quiz,1377,615,0.5531,50,3484.68
2025-12-11,/lp/spf-bundle-20-off,2211,1107,0.4991,136,9295.4
2025-12-11,/products/vitamin-c-serum,1026,499,0.514,42,2732.09
2025-12-12,/,543,169,0.6883,8,544.17
2025-12-12,/collections/bestsellers,811,331,0.592,21,1346.94
2025-12-12,/lp/free-serum-sample,2756,1098,0.6017,102,7096.37
2025-12-12,/lp/skincare-routine-quiz,1678,790,0.529,62,4003.34
2025-12-12,/lp/spf-bundle-20-off,2344,1218,0.4805,136,9572.36
2025-12-12,/products/vitamin-c-serum,1193,569,0.5227,46,2902.23
2025-12-13,/,505,168,0.6683,8,548.65
2025-12-13,/collections/bestsellers,687,287,0.5827,19,1227.98
2025-12-13,/lp/free-serum-sample,2361,955,0.5956,95,6681.79
2025-12-13,/lp/skincare-routine-quiz,1444,649,0.5508,51,3575.16
2025-12-13,/lp/spf-bundle-20-off,2081,1053,0.4941,121,8416.64
2025-12-13,/products/vitamin-c-serum,1002,464,0.5365,39,2583.55
2025-12-14,/,581,179,0.6925,9,637.09
2025-12-14,/collections/bestsellers,704,277,0.6069,19,1327.14
2025-12-14,/lp/free-serum-sample,2936,1235,0.5793,117,8569.11
2025-12-14,/lp/skincare-routine-quiz,1782,845,0.526,61,4189.6
2025-12-14,/lp/spf-bundle-20-off,2503,1270,0.4925,160,11423.54
2025-12-14,/products/vitamin-c-serum,1074,506,0.5292,45,2942.98
2025-12-15,/,465,156,0.6644,7,465.37
2025-12-15,/collections/bestsellers,693,277,0.5998,20,1388.18
2025-12-15,/lp/free-serum-sample,2327,990,0.5746,84,5571.04
2025-12-15,/lp/skincare-routine-quiz,1565,713,0.5443,59,3972.53
2025-12-15,/lp/spf-bundle-20-off,2250,1191,0.4707,146,10087.44
2025-12-15,/products/vitamin-c-serum,1082,511,0.5276,44,3072.21
2025-12-16,/,468,152,0.6754,7,483.62
2025-12-16,/collections/bestsellers,683,276,0.5963,19,1277.7
2025-12-16,/lp/free-serum-sample,2438,1013,0.5847,92,5905.24
2025-12-16,/lp/skincare-routine-quiz,1434,666,0.5354,51,3440.24
2025-12-16,/lp/spf-bundle-20-off,2019,1033,0.4882,119,8546.46
2025-12-16,/products/vitamin-c-serum,951,456,0.521,38,2645.1
2025-12-17,/,515,159,0.6917,8,528.91
2025-12-17,/collections/bestsellers,712,280,0.6071,20,1371.34
2025-12-17,/lp/free-serum-sample,2697,1135,0.5791,109,7777.0
2025-12-17,/lp/skincare-routine-quiz,1461,688,0.5292,50,3617.06
2025-12-17,/lp/spf-bundle-20-off,2271,1149,0.4941,137,9931.93
2025-12-17,/products/vitamin-c-serum,1072,518,0.5165,47,3208.23
2025-12-18,/,496,167,0.6626,7,496.44
2025-12-18,/collections/bestsellers,695,292,0.5805,18,1201.8
2025-12-18,/lp/free-serum-sample,2681,1095,0.5915,108,7279.81
2025-12-18,/lp/skincare-routine-quiz,1398,657,0.5297,47,3200.15
2025-12-18,/lp/spf-bundle-20-off,2305,1185,0.4858,146,9826.1
2025-12-18,/products/vitamin-c-serum,1056,500,0.5268,44,2973.05
2025-12-19,/,595,196,0.6714,9,639.74
2025-12-19,/collections/bestsellers,792,320,0.5962,21,1499.35
2025-12-19,/lp/free-serum-sample,3167,1321,0.5828,116,7549.69
2025-12-19,/lp/skincare-routine-quiz,1878,853,0.5458,67,4433.59
2025-12-19,/lp/spf-bundle-20-off,2408,1263,0.4753,154,10244.99
2025-12-19,/products/vitamin-c-serum,1168,560,0.5203,45,2978.63
2025-12-20,/,602,195,0.6754,9,593.54
2025-12-20,/collections/bestsellers,788,331,0.5804,21,1381.79
2025-12-20,/lp/free-serum-sample,2949,1222,0.5857,114,7806.67
2025-12-20,/lp/skincare-routine-quiz,1689,789,0.5327,59,3946.89
2025-12-20,/lp/spf-bundle-20-off,2656,1401,0.4724,157,10583.29
2025-12-20,/products/vitamin-c-serum,1224,591,0.5173,48,3245.48
2025-12-21,/,449,149,0.6682,7,434.7
2025-12-21,/collections/bestsellers,673,274,0.593,19,1181.26
2025-12-21,/lp/free-serum-sample,2429,996,0.5901,97,6274.37
2025-12-21,/lp/skincare-routine-quiz,1495,716,0.5213,56,3816.79
2025-12-21,/lp/spf-bundle-20-off,2014,1013,0.4972,129,8830.78
2025-12-21,/products/vitamin-c-serum,1003,471,0.5304,43,2670.33
2025-12-22,/,559,178,0.6819,9,595.77
2025-12-22,/collections/bestsellers,708,280,0.6049,20,1411.22
2025-12-22,/lp/free-serum-sample,2711,1116,0.5885,102,6589.42
2025-12-22,/lp/skincare-routine-quiz,1622,742,0.5423,59,3720.43
2025-12-22,/lp/spf-bundle-20-off,2241,1178,0.4744,131,9153.02
2025-12-22,/products/vitamin-c-serum,1009,471,0.5335,43,2743.58
2025-12-23,/,511,162,0.6821,8,555.34
2025-12-23,/collections/bestsellers,669,274,0.5909,19,1296.77
2025-12-23,/lp/free-serum-sample,2550,1059,0.5847,101,6373.42
2025-12-23,/lp/skincare-routine-quiz,1424,659,0.5374,51,3263.15
2025-12-23,/lp/spf-bundle-20-off,1974,997,0.4948,115,7927.75
2025-12-23,/products/vitamin-c-serum,977,468,0.521,40,2732.1
2025-12-24,/,545,181,0.6673,8,582.77
2025-12-24,/collections/bestsellers,712,289,0.5935,19,1242.66
2025-12-24,/lp/free-serum-sample,2401,1010,0.5793,94,6805.57
2025-12-24,/lp/skincare-routine-quiz,1523,694,0.5441,55,3669.34
2025-12-24,/lp/spf-bundle-20-off,2077,1090,0.4754,126,8938.35
2025-12-24,/products/vitamin-c-serum,1010,491,0.514,40,2620.56
2025-12-25,/,520,170,0.6738,8,555.85
2025-12-25,/collections/bestsellers,693,281,0.5945,19,1262.95
2025-12-25,/lp/free-serum-sample,2514,1040,0.5863,99,6496.36
2025-12-25,/lp/skincare-routine-quiz,1459,665,0.5443,54,3715.52
2025-12-25,/lp/spf-bundle-20-off,2316,1200,0.4817,148,10274.58
2025-12-25,/products/vitamin-c-serum,990,482,0.5135,42,2855.06
2025-12-26,/,538,174,0.6767,9,619.47
2025-12-26,/collections/bestsellers,675,264,0.6095,19,1309.11
2025-12-26,/lp/free-serum-sample,2754,1111,0.5965,109,7197.75
2025-12-26,/lp/skincare-routine-quiz,1658,781,0.529,59,4224.07
2025-12-26,/lp/spf-bundle-20-off,2169,1147,0.4711,136,8949.92
2025-12-26,/products/vitamin-c-serum,1062,505,0.5249,44,3185.73
2025-12-27,/,506,164,0.6755,8,521.52
2025-12-27,/collections/bestsellers,694,272,0.6084,18,1244.25
2025-12-27,/lp/free-serum-sample,2636,1072,0.5933,97,6392.61
2025-12-27,/lp/skincare-routine-quiz,1645,761,0.5374,61,3940.18
2025-12-27,/lp/spf-bundle-20-off,2234,1151,0.4849,134,9282.97
2025-12-27,/products/vitamin-c-serum,1054,513,0.5132,43,2835.54
2025-12-28,/,514,173,0.6626,8,568.29
2025-12-28,/collections/bestsellers,666,268,0.597,17,1117.04
2025-12-28,/lp/free-serum-sample,2478,1006,0.5942,95,6877.71
2025-12-28,/lp/skincare-routine-quiz,1528,708,0.5366,57,3994.85
2025-12-28,/lp/spf-bundle-20-off,2074,1048,0.4945,135,9826.86
2025-12-28,/products/vitamin-c-serum,1011,477,0.5277,44,2887.54
2025-12-29,/,501,169,0.6627,7,445.19
2025-12-29,/collections/bestsellers,616,257,0.5833,18,1193.43
2025-12-29,/lp/free-serum-sample,2469,1043,0.5777,94,6089.41
2025-12-29,/lp/skincare-routine-quiz,1397,642,0.5404,50,3361.79
2025-12-29,/lp/spf-bundle-20-off,2121,1116,0.4738,132,9003.33
2025-12-29,/products/vitamin-c-serum,1050,490,0.5331,41,2717.2
2025-12-30,/,486,149,0.6933,7,494.33
2025-12-30,/collections/bestsellers,661,278,0.5801,18,1266.13
2025-12-30,/lp/free-serum-sample,2712,1149,0.5765,112,7681.91
2025-12-30,/lp/skincare-routine-quiz,1480,689,0.5343,56,3957.0
2025-12-30,/lp/spf-bundle-20-off,2371,1236,0.4785,150,9607.95
2025-12-30,/products/vitamin-c-serum,994,481,0.5163,42,2699.28
2025-12-31,/,495,157,0.6828,7,478.87
2025-12-31,/collections/bestsellers,657,274,0.5827,18,1226.57
2025-12-31,/lp/free-serum-sample,2495,1023,0.5898,97,6399.31
2025-12-31,/lp/skincare-routine-quiz,1519,707,0.5345,55,3554.25
2025-12-31,/lp/spf-bundle-20-off,2239,1145,0.4887,132,9343.11
2025-12-31,/products/vitamin-c-serum,996,496,0.5022,43,2969.94
2026-01-01,/,482,158,0.672,8,522.34
2026-01-01,/collections/bestsellers,653,261,0.6,17,1181.84
2026-01-01,/lp/free-serum-sample,2430,975,0.5986,101,6881.32
2026-01-01,/lp/skincare-routine-quiz,1592,738,0.5366,58,3985.48
2026-01-01,/lp/spf-bundle-20-off,2129,1121,0.4734,130,9162.96
2026-01-01,/products/vitamin-c-serum,982,465,0.5263,43,2983.07
2026-01-02,/,601,192,0.6811,9,599.63
2026-01-02,/collections/bestsellers,810,324,0.5997,23,1479.66
2026-01-02,/lp/free-serum-sample,2707,1162,0.5708,109,7197.04
2026-01-02,/lp/skincare-routine-quiz,1711,797,0.534,64,4484.16
2026-01-02,/lp/spf-bundle-20-off,2725,1384,0.492,166,10637.36
2026-01-02,/products/vitamin-c-serum,1165,569,0.5114,46,3252.6
2026-01-03,/,588,202,0.6562,9,617.04
2026-01-03,/collections/bestsellers,733,303,0.587,20,1305.31
2026-01-03,/lp/free-serum-sample,2973,1250,0.5797,119,8457.5
2026-01-03,/lp/skincare-routine-quiz,1742,831,0.5232,63,4473.63
2026-01-03,/lp/spf-bundle-20-off,2283,1196,0.4762,137,9468.25
2026-01-03,/products/vitamin-c-serum,1040,500,0.519,42,2992.64
2026-01-04,/,639,218,0.6589,10,682.19
2026-01-04,/collections/bestsellers,840,334,0.6029,22,1438.3
2026-01-04,/lp/free-serum-sample,2948,1180,0.5996,112,7066.62
2026-01-04,/lp/skincare-routine-quiz,1884,908,0.5181,70,4626.13
2026-01-04,/lp/spf-bundle-20-off,2663,1409,0.4708,158,11123.47
2026-01-04,/products/vitamin-c-serum,1115,539,0.5168,49,3465.23
2026-01-05,/,518,167,0.678,8,552.08
2026-01-05,/collections/bestsellers,682,280,0.5893,18,1225.19
2026-01-05,/lp/free-serum-sample,2745,1176,0.5715,113,8037.79
2026-01-05,/lp/skincare-routine-quiz,1516,726,0.5213,58,4201.41
2026-01-05,/lp/spf-bundle-20-off,2328,1179,0.4934,146,10233.37
2026-01-05,/products/vitamin-c-serum,1077,518,0.5192,45,3131.61
2026-01-06,/,536,182,0.6606,8,553.79
2026-01-06,/collections/bestsellers,681,279,0.5906,18,1254.37
2026-01-06,/lp/free-serum-sample,2797,1129,0.5965,108,7482.91
2026-01-06,/lp/skincare-routine-quiz,1712,803,0.5311,59,3784.45
2026-01-06,/lp/spf-bundle-20-off,2514,1323,0.4739,160,10334.84
2026-01-06,/products/vitamin-c-serum,1042,495,0.5246,45,2917.21
2026-01-07,/,487,151,0.6898,8,525.43
2026-01-07,/collections/bestsellers,649,265,0.5921,17,1102.43
2026-01-07,/lp/free-serum-sample,2402,1017,0.5767,94,6453.88
2026-01-07,/lp/skincare-routine-quiz,1522,719,0.5275,57,3757.47
2026-01-07,/lp/spf-bundle-20-off,2238,1135,0.4928,139,8961.03
2026-01-07,/products/vitamin-c-serum,981,488,0.503,41,2912.22
2026-01-08,/,541,181,0.6661,9,597.72
2026-01-08,/collections/bestsellers,691,274,0.6038,19,1337.61
2026-01-08,/lp/free-serum-sample,2443,981,0.5983,95,5999.5
2026-01-08,/lp/skincare-routine-quiz,1504,684,0.5449,57,3760.91
2026-01-08,/lp/spf-bundle-20-off,2352,1209,0.4861,147,10306.66
2026-01-08,/products/vitamin-c-serum,997,472,0.5265,42,2818.92
2026-01-09,/,566,188,0.668,8,561.45
2026-01-09,/collections/bestsellers,755,310,0.589,21,1410.22
2026-01-09,/lp/free-serum-sample,2795,1171,0.5809,109,7648.11
2026-01-09,/lp/skincare-routine-quiz,1487,721,0.5154,57,4151.2
2026-01-09,/lp/spf-bundle-20-off,2228,1165,0.4769,132,9092.17
2026-01-09,/products/vitamin-c-serum,1135,542,0.5223,45,3109.4
2026-01-10,/,533,176,0.6695,8,588.17
2026-01-10,/collections/bestsellers,701,290,0.587,19,1308.99
2026-01-10,/lp/free-serum-sample,2671,1137,0.5744,99,6502.97
2026-01-10,/lp/skincare-routine-quiz,1588,730,0.5404,57,3982.14
2026-01-10,/lp/spf-bundle-20-off,2406,1252,0.4795,153,10587.46
2026-01-10,/products/vitamin-c-serum,973,480,0.5062,41,2957.98
2026-01-11,/,509,170,0.6653,8,540.16
2026-01-11,/collections/bestsellers,644,265,0.5888,17,1227.05
2026-01-11,/lp/free-serum-sample,2674,1127,0.5784,108,7368.35
2026-01-11,/lp/skincare-routine-quiz,1443,661,0.5421,54,3912.8
2026-01-11,/lp/spf-bundle-20-off,2110,1075,0.4906,132,9499.88
2026-01-11,/products/vitamin-c-serum,964,479,0.503,43,2911.1
2026-01-12,/,490,168,0.6581,8,539.22
2026-01-12,/collections/bestsellers,663,284,0.5721,19,1327.45
2026-01-12,/lp/free-serum-sample,2565,1121,0.563,106,6768.77
2026-01-12,/lp/skincare-routine-quiz,1614,755,0.5322,57,3673.31
2026-01-12,/lp/spf-bundle-20-off,2178,1123,0.4846,128,8668.27
2026-01-12,/products/vitamin-c-serum,986,476,0.5174,41,2943.02
2026-01-13,/,519,167,0.6777,8,583.88
2026-01-13,/collections/bestsellers,675,277,0.5903,20,1350.48
2026-01-13,/lp/free-serum-sample,2669,1146,0.5705,105,7038.37
2026-01-13,/lp/skincare-routine-quiz,1440,666,0.5377,54,3683.39
2026-01-13,/lp/spf-bundle-20-off,2129,1111,0.478,130,8980.22
2026-01-13,/products/vitamin-c-serum,1016,498,0.5102,41,2716.95
2026-01-14,/,460,148,0.6772,7,492.74
2026-01-14,/collections/bestsellers,668,269,0.5979,19,1279.01
2026-01-14,/lp/free-serum-sample,2370,1023,0.5685,93,6266.77
2026-01-14,/lp/skincare-routine-quiz,1345,642,0.5224,49,3258.83
2026-01-14,/lp/spf-bundle-20-off,2028,1076,0.4694,128,8212.06
2026-01-14,/products/vitamin-c-serum,999,499,0.501,44,3016.07
2026-01-15,/,566,176,0.6883,8,510.18
2026-01-15,/collections/bestsellers,710,281,0.6037,19,1210.29
2026-01-15,/lp/free-serum-sample,2863,1173,0.5902,107,7375.33
2026-01-15,/lp/skincare-routine-quiz,1720,813,0.5274,62,4160.2
2026-01-15,/lp/spf-bundle-20-off,2553,1349,0.4716,150,9748.2
2026-01-15,/products/vitamin-c-serum,1066,524,0.5085,45,3027.11
2026-01-16,/,557,173,0.69,9,614.29
2026-01-16,/collections/bestsellers,790,335,0.5763,21,1457.89
2026-01-16,/lp/free-serum-sample,2634,1074,0.5924,99,7094.34
2026-01-16,/lp/skincare-routine-quiz,1746,830,0.5249,68,4505.03
2026-01-16,/lp/spf-bundle-20-off,2343,1244,0.4689,144,10099.4
2026-01-16,/products/vitamin-c-serum,1169,565,0.5164,49,3348.5
2026-01-17,/,589,193,0.673,10,738.45
2026-01-17,/collections/bestsellers,768,319,0.5842,20,1404.36
2026-01-17,/lp/free-serum-sample,2829,1195,0.5777,114,8055.31
2026-01-17,/lp/skincare-routine-quiz,1869,896,0.5207,70,4897.19
2026-01-17,/lp/spf-bundle-20-off,2635,1359,0.4843,174,12167.44
2026-01-17,/products/vitamin-c-serum,1112,536,0.5179,47,3200.34
2026-01-18,/,536,183,0.6587,8,528.53
2026-01-18,/collections/bestsellers,719,303,0.5786,19,1347.96
2026-01-18,/lp/free-serum-sample,2847,1175,0.5873,115,7548.17
2026-01-18,/lp/skincare-routine-quiz,1606,735,0.5426,62,4288.3
2026-01-18,/lp/spf-bundle-20-off,2545,1322,0.4805,158,10176.74
2026-01-18,/products/vitamin-c-serum,1170,561,0.5207,50,3170.7
2026-01-19,/,573,176,0.6923,9,595.09
2026-01-19,/collections/bestsellers,770,315,0.5911,22,1499.15
2026-01-19,/lp/free-serum-sample,2573,1074,0.5824,104,7243.05
2026-01-19,/lp/skincare-routine-quiz,1696,782,0.539,66,4707.97
2026-01-19,/lp/spf-bundle-20-off,2389,1279,0.4648,148,9804.32
2026-01-19,/products/vitamin-c-serum,1105,546,0.5062,47,3202.95
2026-01-20,/,567,196,0.6551,9,583.4
2026-01-20,/collections/bestsellers,712,301,0.5768,19,1309.07
2026-01-20,/lp/free-serum-sample,2958,1221,0.5871,120,8464.15
2026-01-20,/lp/skincare-routine-quiz,1618,763,0.5286,62,4443.58
2026-01-20,/lp/spf-bundle-20-off,2426,1256,0.4823,149,10290.99
2026-01-20,/products/vitamin-c-serum,1059,517,0.5114,46,2950.78
2026-01-21,/,481,156,0.6752,8,565.28
2026-01-21,/collections/bestsellers,620,256,0.5869,16,1178.85
2026-01-21,/lp/free-serum-sample,2240,950,0.5759,84,6220.81
2026-01-21,/lp/skincare-routine-quiz,1417,655,0.5376,54,3625.13
2026-01-21,/lp/spf-bundle-20-off,2020,1035,0.4878,133,9055.27
2026-01-21,/products/vitamin-c-serum,1006,483,0.5195,41,2743.0
2026-01-22,/,460,143,0.6891,8,541.67
2026-01-22,/collections/bestsellers,626,249,0.6027,18,1242.49
2026-01-22,/lp/free-serum-sample,2218,933,0.5794,90,6252.2
2026-01-22,/lp/skincare-routine-quiz,1351,641,0.5256,48,3291.62
2026-01-22,/lp/spf-bundle-20-off,2236,1179,0.4727,147,10229.11
2026-01-22,/products/vitamin-c-serum,934,458,0.5097,42,2908.22
2026-01-23,/,558,183,0.6717,9,596.31
2026-01-23,/collections/bestsellers,785,329,0.5809,22,1473.26
2026-01-23,/lp/free-serum-sample,2840,1177,0.5856,115,8111.03
2026-01-23,/lp/skincare-routine-quiz,1626,778,0.5216,63,4372.33
2026-01-23,/lp/spf-bundle-20-off,2527,1316,0.4791,155,9833.73
2026-01-23,/products/vitamin-c-serum,1198,576,0.5195,51,3241.33
2026-01-24,/,500,165,0.6696,8,541.02
2026-01-24,/collections/bestsellers,699,298,0.5735,19,1297.94
2026-01-24,/lp/free-serum-sample,2405,1016,0.5777,92,6725.07
2026-01-24,/lp/skincare-routine-quiz,1586,729,0.5406,57,3835.88
2026-01-24,/lp/spf-bundle-20-off,2038,1084,0.4683,126,9050.89
2026-01-24,/products/vitamin-c-serum,1004,505,0.497,43,2959.44
2026-01-25,/,491,164,0.6659,8,570.83
2026-01-25,/collections/bestsellers,649,266,0.5906,18,1188.19
2026-01-25,/lp/free-serum-sample,2457,1027,0.5819,93,5986.5
2026-01-25,/lp/skincare-routine-quiz,1501,728,0.5151,57,3660.6
2026-01-25,/lp/spf-bundle-20-off,2263,1201,0.4694,138,9906.94
2026-01-25,/products/vitamin-c-serum,1052,511,0.5139,46,3294.0
2026-01-26,/,559,189,0.6627,9,644.31
2026-01-26,/collections/bestsellers,730,295,0.596,20,1408.45
2026-01-26,/lp/free-serum-sample,3151,1289,0.5908,122,8604.29
2026-01-26,/lp/skincare-routine-quiz,1670,798,0.5219,64,4652.45
2026-01-26,/lp/spf-bundle-20-off,2431,1299,0.4658,149,9870.6
2026-01-26,/products/vitamin-c-serum,1101,553,0.4973,48,3217.92
2026-01-27,/,481,154,0.6794,7,490.55
2026-01-27,/collections/bestsellers,688,285,0.5864,19,1265.85
2026-01-27,/lp/free-serum-sample,2569,1098,0.5726,99,6831.52
2026-01-27,/lp/skincare-routine-quiz,1589,743,0.5326,56,3907.33
2026-01-27,/lp/spf-bundle-20-off,2248,1169,0.4801,137,9010.48
2026-01-27,/products/vitamin-c-serum,1054,508,0.5181,47,3218.76
2026-01-28,/,501,169,0.6617,8,532.39
2026-01-28,/collections/bestsellers,725,295,0.5927,21,1390.06
2026-01-28,/lp/free-serum-sample,2709,1108,0.5911,105,7063.05
2026-01-28,/lp/skincare-routine-quiz,1725,793,0.5402,67,4293.13
2026-01-28,/lp/spf-bundle-20-off,2138,1121,0.4759,142,9998.77
2026-01-28,/products/vitamin-c-serum,1137,565,0.5027,49,3215.48
2026-01-29,/,539,176,0.6741,9,630.88
2026-01-29,/collections/bestsellers,784,330,0.5795,21,1344.52
2026-01-29,/lp/free-serum-sample,2841,1233,0.5661,109,7255.37
2026-01-29,/lp/skincare-routine-quiz,1711,797,0.5339,61,4262.18
2026-01-29,/lp/spf-bundle-20-off,2483,1335,0.4625,154,10440.37
2026-01-29,/products/vitamin-c-serum,1232,608,0.5063,52,3628.97
2026-01-30,/,561,174,0.6903,9,622.18
2026-01-30,/collections/bestsellers,822,347,0.5776,22,1463.41
2026-01-30,/lp/free-serum-sample,3107,1304,0.5804,118,7997.51
2026-01-30,/lp/skincare-routine-quiz,1718,792,0.5391,61,4386.02
2026-01-30,/lp/spf-bundle-20-off,2527,1301,0.4851,150,10092.78
2026-01-30,/products/vitamin-c-serum,1218,598,0.509,54,3658.14
2026-01-31,/,562,190,0.6611,9,611.55
2026-01-31,/collections/bestsellers,779,336,0.569,21,1465.83
2026-01-31,/lp/free-serum-sample,3000,1245,0.5849,124,8385.05
2026-01-31,/lp/skincare-routine-quiz,1856,904,0.5127,67,4778.66
2026-01-31,/lp/spf-bundle-20-off,2758,1474,0.4657,177,12784.9
2026-01-31,/products/vitamin-c-serum,1174,591,0.4964,50,3464.06
2026-02-01,/,545,181,0.6684,8,515.69
2026-02-01,/collections/bestsellers,672,282,0.5801,18,1176.29
2026-02-01,/lp/free-serum-sample,2758,1143,0.5855,113,7205.18
2026-02-01,/lp/skincare-routine-quiz,1496,699,0.5328,54,3792.23
2026-02-01,/lp/spf-bundle-20-off,2355,1257,0.4661,151,10007.31
2026-02-01,/products/vitamin-c-serum,1026,514,0.4986,43,2839.76
2026-02-02,/,556,184,0.6686,9,605.35
2026-02-02,/collections/bestsellers,720,304,0.5775,21,1548.94
2026-02-02,/lp/free-serum-sample,2885,1192,0.5868,114,7591.99
2026-02-02,/lp/skincare-routine-quiz,1739,835,0.5199,62,4342.51
2026-02-02,/lp/spf-bundle-20-off,2153,1126,0.4768,132,8857.59
2026-02-02,/products/vitamin-c-serum,993,490,0.5069,42,2997.38
2026-02-03,/,527,181,0.6558,9,611.73
2026-02-03,/collections/bestsellers,678,272,0.5987,19,1325.39
2026-02-03,/lp/free-serum-sample,2551,1070,0.5806,99,6998.47
2026-02-03,/lp/skincare-routine-quiz,1556,757,0.5133,56,3741.56
2026-02-03,/lp/spf-bundle-20-off,2277,1174,0.4842,147,9936.65
2026-02-03,/products/vitamin-c-serum,1038,511,0.5081,46,3179.19
2026-02-04,/,610,213,0.6508,10,684.98
2026-02-04,/collections/bestsellers,803,336,0.5819,22,1616.31
2026-02-04,/lp/free-serum-sample,3051,1286,0.5786,122,8423.47
2026-02-04,/lp/skincare-routine-quiz,1619,793,0.5103,60,4169.38
2026-02-04,/lp/spf-bundle-20-off,2533,1304,0.485,155,11113.93
2026-02-04,/products/vitamin-c-serum,1205,604,0.4989,54,3927.27
2026-02-05,/,560,176,0.6862,8,531.72
2026-02-05,/collections/bestsellers,695,296,0.5744,20,1461.35
2026-02-05,/lp/free-serum-sample,2902,1223,0.5785,113,7674.14
2026-02-05,/lp/skincare-routine-quiz,1560,763,0.5111,58,3854.51
2026-02-05,/lp/spf-bundle-20-off,2248,1195,0.4684,148,10708.43
2026-02-05,/products/vitamin-c-serum,1047,529,0.4952,43,3100.07
2026-02-06,/,546,180,0.6699,8,527.67
2026-02-06,/collections/bestsellers,827,332,0.5986,24,1674.48
2026-02-06,/lp/free-serum-sample,2818,1172,0.5841,109,7495.27
2026-02-06,/lp/skincare-routine-quiz,1761,829,0.5292,69,4871.75
2026-02-06,/lp/spf-bundle-20-off,2547,1321,0.4815,168,11270.7
2026-02-06,/products/vitamin-c-serum,1143,572,0.4996,47,3174.23
2026-02-07,/,619,214,0.6545,10,712.49
2026-02-07,/collections/bestsellers,769,316,0.5894,21,1486.06
2026-02-07,/lp/free-serum-sample,3025,1342,0.5564,120,8000.87
2026-02-07,/lp/skincare-routine-quiz,1609,773,0.5197,64,4258.91
2026-02-07,/lp/spf-bundle-20-off,2500,1298,0.4806,153,10143.99
2026-02-07,/products/vitamin-c-serum,1244,623,0.4988,51,3580.08
2026-02-08,/,521,169,0.6748,8,519.3
2026-02-08,/collections/bestsellers,676,276,0.5917,20,1278.86
2026-02-08,/lp/free-serum-sample,2768,1190,0.5701,114,8100.36
2026-02-08,/lp/skincare-routine-quiz,1439,696,0.516,51,3592.33
2026-02-08,/lp/spf-bundle-20-off,2334,1246,0.466,155,9987.85
2026-02-08,/products/vitamin-c-serum,1088,522,0.5204,46,3160.13
2026-02-09,/,555,180,0.6749,9,635.7
2026-02-09,/collections/bestsellers,863,371,0.5696,24,1549.3
2026-02-09,/lp/free-serum-sample,3025,1302,0.5695,120,8501.69
2026-02-09,/lp/skincare-routine-quiz,1895,879,0.5359,68,4304.57
2026-02-09,/lp/spf-bundle-20-off,2489,1315,0.4718,162,10925.86
2026-02-09,/products/vitamin-c-serum,1291,636,0.5074,53,3561.01
2026-02-10,/,550,173,0.6857,9,593.04
2026-02-10,/collections/bestsellers,734,314,0.5725,20,1368.89
2026-02-10,/lp/free-serum-sample,2542,1058,0.5839,106,7193.3
2026-02-10,/lp/skincare-routine-quiz,1683,816,0.5153,62,4429.51
2026-02-10,/lp/spf-bundle-20-off,2334,1267,0.4571,139,9187.42
2026-02-10,/products/vitamin-c-serum,1164,574,0.5065,50,3452.11
2026-02-11,/,570,189,0.6681,9,633.01
2026-02-11,/collections/bestsellers,765,318,0.5841,21,1447.81
2026-02-11,/lp/free-serum-sample,2674,1178,0.5593,107,7710.01
2026-02-11,/lp/skincare-routine-quiz,1729,817,0.5273,65,4833.16
2026-02-11,/lp/spf-bundle-20-off,2612,1398,0.4649,156,10735.94
2026-02-11,/products/vitamin-c-serum,1193,588,0.5075,53,3645.19
2026-02-12,/,523,163,0.6886,8,513.18
2026-02-12,/collections/bestsellers,675,284,0.5788,18,1255.29
2026-02-12,/lp/free-serum-sample,2647,1164,0.5603,113,7891.32
2026-02-12,/lp/skincare-routine-quiz,1503,726,0.5168,60,4139.36
2026-02-12,/lp/spf-bundle-20-off,2080,1109,0.467,133,9038.93
2026-02-12,/products/vitamin-c-serum,1029,514,0.5009,46,3134.07
2026-02-13,/,562,176,0.6866,9,603.05
2026-02-13,/collections/bestsellers,734,308,0.5802,20,1412.38
2026-02-13,/lp/free-serum-sample,2924,1289,0.559,120,7932.53
2026-02-13,/lp/skincare-routine-quiz,1709,834,0.5121,61,4378.75
2026-02-13,/lp/spf-bundle-20-off,2446,1308,0.4654,156,10863.05
2026-02-13,/products/vitamin-c-serum,1213,595,0.5098,51,3387.4
2026-02-14,/,557,182,0.6736,9,622.56
2026-02-14,/collections/bestsellers,707,304,0.5695,19,1277.1
2026-02-14,/lp/free-serum-sample,2778,1146,0.5876,117,8159.66
2026-02-14,/lp/skincare-routine-quiz,1585,765,0.5174,62,4241.56
2026-02-14,/lp/spf-bundle-20-off,2505,1351,0.4608,168,12229.81
2026-02-14,/products/vitamin-c-serum,1054,532,0.4948,43,3059.62
2026-02-15,/,615,205,0.6667,10,678.78
2026-02-15,/collections/bestsellers,864,345,0.6006,24,1650.27
2026-02-15,/lp/free-serum-sample,2967,1291,0.565,115,8193.67
2026-02-15,/lp/skincare-routine-quiz,1709,801,0.5313,66,4518.12
2026-02-15,/lp/spf-bundle-20-off,2710,1476,0.4555,163,11928.07
2026-02-15,/products/vitamin-c-serum,1290,624,0.516,54,3708.14
2026-02-16,/,541,179,0.6692,8,512.93
2026-02-16,/collections/bestsellers,718,310,0.5683,20,1268.69
2026-02-16,/lp/free-serum-sample,2910,1285,0.5584,114,8043.64
2026-02-16,/lp/skincare-routine-quiz,1603,777,0.515,60,3866.32
2026-02-16,/lp/spf-bundle-20-off,2365,1240,0.4758,150,9580.37
2026-02-16,/products/vitamin-c-serum,1101,527,0.5209,47,3133.54
2026-02-17,/,545,184,0.6618,9,591.01
2026-02-17,/collections/bestsellers,665,272,0.5908,20,1314.19
2026-02-17,/lp/free-serum-sample,2609,1083,0.5848,110,7587.59
2026-02-17,/lp/skincare-routine-quiz,1476,710,0.519,59,4133.85
2026-02-17,/lp/spf-bundle-20-off,2300,1206,0.4758,140,10227.34
2026-02-17,/products/vitamin-c-serum,1081,520,0.5193,47,3328.02
2026-02-18,/,576,195,0.6614,10,709.43
2026-02-18,/collections/bestsellers,707,285,0.5963,19,1309.05
2026-02-18,/lp/free-serum-sample,2939,1303,0.5567,117,8448.34
2026-02-18,/lp/skincare-routine-quiz,1626,760,0.5328,65,4496.69
2026-02-18,/lp/spf-bundle-20-off,2386,1278,0.4642,148,10204.98
2026-02-18,/products/vitamin-c-serum,1212,600,0.5053,54,3857.71
2026-02-19,/,610,198,0.6749,10,645.27
2026-02-19,/collections/bestsellers,760,325,0.5727,21,1514.1
2026-02-19,/lp/free-serum-sample,2975,1249,0.5803,117,7528.42
2026-02-19,/lp/skincare-routine-quiz,1902,938,0.5067,68,4429.52
2026-02-19,/lp/spf-bundle-20-off,2432,1261,0.4813,147,10044.44
2026-02-19,/products/vitamin-c-serum,1224,622,0.4919,50,3265.81
2026-02-20,/,542,171,0.6836,8,576.76
2026-02-20,/collections/bestsellers,761,309,0.5934,21,1430.95
2026-02-20,/lp/free-serum-sample,2800,1198,0.5722,112,8146.23
2026-02-20,/lp/skincare-routine-quiz,1828,854,0.5327,73,4974.19
2026-02-20,/lp/spf-bundle-20-off,2403,1311,0.4543,154,10977.77
2026-02-20,/products/vitamin-c-serum,1085,540,0.5027,44,3220.88
2026-02-21,/,540,170,0.6855,8,515.85
2026-02-21,/collections/bestsellers,820,332,0.5954,22,1421.9
2026-02-21,/lp/free-serum-sample,3107,1317,0.5761,132,9354.64
2026-02-21,/lp/skincare-routine-quiz,1707,824,0.517,63,4421.81
2026-02-21,/lp/spf-bundle-20-off,2409,1250,0.4812,150,9962.54
2026-02-21,/products/vitamin-c-serum,1092,549,0.4973,49,3395.65
2026-02-22,/,533,187,0.6498,8,561.88
2026-02-22,/collections/bestsellers,827,338,0.5907,23,1610.0
2026-02-22,/lp/free-serum-sample,3102,1328,0.572,124,8514.38
2026-02-22,/lp/skincare-routine-quiz,1706,840,0.5077,67,4528.38
2026-02-22,/lp/spf-bundle-20-off,2443,1326,0.4572,151,10443.72
2026-02-22,/products/vitamin-c-serum,1144,572,0.5,51,3338.7
2026-02-23,/,508,163,0.6783,8,566.6
2026-02-23,/collections/bestsellers,713,297,0.583,21,1509.86
2026-02-23,/lp/free-serum-sample,2694,1189,0.5586,116,8579.03
2026-02-23,/lp/skincare-routine-quiz,1629,770,0.5274,63,4568.08
2026-02-23,/lp/spf-bundle-20-off,2122,1148,0.459,138,9870.98
2026-02-23,/products/vitamin-c-serum,964,477,0.505,42,3019.52
2026-02-24,/,573,193,0.6626,10,700.27
2026-02-24,/collections/bestsellers,755,313,0.5851,20,1452.15
2026-02-24,/lp/free-serum-sample,2737,1227,0.5516,107,7777.07
2026-02-24,/lp/skincare-routine-quiz,1810,887,0.5101,67,4611.71
2026-02-24,/lp/spf-bundle-20-off,2534,1319,0.4796,164,11660.46
2026-02-24,/products/vitamin-c-serum,1234,599,0.5148,56,3972.21
2026-02-25,/,536,168,0.6857,8,535.22
2026-02-25,/collections/bestsellers,709,300,0.5764,21,1401.08
2026-02-25,/lp/free-serum-sample,2630,1106,0.5795,107,7606.9
2026-02-25,/lp/skincare-routine-quiz,1419,666,0.5307,52,3469.32
2026-02-25,/lp/spf-bundle-20-off,2060,1072,0.4798,136,8947.73
2026-02-25,/products/vitamin-c-serum,1008,497,0.5068,43,2980.22
2026-02-26,/,640,201,0.6852,10,700.13
2026-02-26,/collections/bestsellers,804,328,0.5921,24,1716.09
2026-02-26,/lp/free-serum-sample,2956,1322,0.5529,118,8252.09
2026-02-26,/lp/skincare-routine-quiz,1992,954,0.5209,79,5239.61
2026-02-26,/lp/spf-bundle-20-off,2665,1423,0.4661,168,11029.22
2026-02-26,/products/vitamin-c-serum,1237,608,0.5085,51,3406.82
2026-02-27,/,519,176,0.661,8,534.87
2026-02-27,/collections/bestsellers,700,285,0.5924,19,1286.95
2026-02-27,/lp/free-serum-sample,2958,1269,0.5711,121,8491.53
2026-02-27,/lp/skincare-routine-quiz,1560,771,0.5056,63,4573.9
2026-02-27,/lp/spf-bundle-20-off,2503,1326,0.4701,158,11441.08
2026-02-27,/products/vitamin-c-serum,1106,546,0.5067,48,3507.64
2026-02-28,/,539,170,0.6841,8,593.65
2026-02-28,/collections/bestsellers,712,295,0.5861,20,1415.12
2026-02-28,/lp/free-serum-sample,2890,1218,0.5784,119,8272.23
2026-02-28,/lp/skincare-routine-quiz,1736,814,0.5312,64,4364.84
2026-02-28,/lp/spf-bundle-20-off,2531,1358,0.4635,160,11591.62
2026-02-28,/products/vitamin-c-serum,1174,583,0.5038,52,3546.06
2026-03-01,/,621,196,0.6839,11,755.69
2026-03-01,/collections/bestsellers,869,356,0.5909,24,1706.67
2026-03-01,/lp/free-serum-sample,2797,1235,0.5583,108,7436.5
2026-03-01,/lp/skincare-routine-quiz,1694,808,0.5232,63,4208.48
2026-03-01,/lp/spf-bundle-20-off,2796,1514,0.4586,176,11995.45
2026-03-01,/products/vitamin-c-serum,1306,642,0.5086,60,3906.87
2026-03-02,/,551,192,0.6515,9,607.81
2026-03-02,/collections/bestsellers,791,344,0.5656,23,1555.54
2026-03-02,/lp/free-serum-sample,2996,1280,0.5727,123,8867.94
2026-03-02,/lp/skincare-routine-quiz,1616,796,0.5075,62,4388.49
2026-03-02,/lp/spf-bundle-20-off,2643,1406,0.468,167,12130.94
2026-03-02,/products/vitamin-c-serum,1085,531,0.5102,45,3380.08
2026-03-03,/,611,196,0.6788,10,684.07
2026-03-03,/collections/bestsellers,837,361,0.5692,25,1832.77
2026-03-03,/lp/free-serum-sample,2810,1264,0.5502,113,7778.51
2026-03-03,/lp/skincare-routine-quiz,1839,864,0.5303,73,5294.21
2026-03-03,/lp/spf-bundle-20-off,2735,1499,0.452,183,12646.26
2026-03-03,/products/vitamin-c-serum,1252,608,0.5146,52,3477.63
2026-03-04,/,636,221,0.6528,11,773.99
2026-03-04,/collections/bestsellers,804,324,0.5971,23,1701.78
2026-03-04,/lp/free-serum-sample,3306,1485,0.5509,140,10143.73
2026-03-04,/lp/skincare-routine-quiz,1885,884,0.5309,76,5377.04
2026-03-04,/lp/spf-bundle-20-off,2765,1503,0.4563,184,12309.4
2026-03-04,/products/vitamin-c-serum,1249,620,0.5036,54,3641.95
2026-03-05,/,574,198,0.6555,9,612.19
2026-03-05,/collections/bestsellers,792,326,0.5883,22,1472.96
2026-03-05,/lp/free-serum-sample,3150,1399,0.5558,123,8218.03
2026-03-05,/lp/skincare-routine-quiz,1862,899,0.517,74,5378.43
2026-03-05,/lp/spf-bundle-20-off,2489,1304,0.4761,166,11363.23
2026-03-05,/products/vitamin-c-serum,1208,612,0.4937,53,3932.63
2026-03-06,/,602,197,0.6731,9,648.24
2026-03-06,/collections/bestsellers,868,356,0.5895,24,1643.03
2026-03-06,/lp/free-serum-sample,3003,1270,0.577,121,7765.97
2026-03-06,/lp/skincare-routine-quiz,1821,891,0.5109,71,4833.01
2026-03-06,/lp/spf-bundle-20-off,2905,1526,0.4746,175,11645.51
2026-03-06,/products/vitamin-c-serum,1193,604,0.4937,50,3491.6
2026-03-07,/,571,192,0.6635,10,641.37
2026-03-07,/collections/bestsellers,831,358,0.5697,23,1608.01
2026-03-07,/lp/free-serum-sample,3109,1328,0.5728,129,8725.75
2026-03-07,/lp/skincare-routine-quiz,1741,852,0.5106,66,4732.42
2026-03-07,/lp/spf-bundle-20-off,2558,1368,0.4652,157,10426.4
2026-03-07,/products/vitamin-c-serum,1150,579,0.4961,49,3456.82
2026-03-08,/,661,208,0.6856,10,718.54
2026-03-08,/collections/bestsellers,911,391,0.5709,25,1702.19
2026-03-08,/lp/free-serum-sample,3344,1488,0.5551,145,9401.6
2026-03-08,/lp/skincare-routine-quiz,2100,987,0.5299,81,5415.21
2026-03-08,/lp/spf-bundle-20-off,2842,1486,0.477,187,13052.63
2026-03-08,/products/vitamin-c-serum,1238,613,0.505,54,3782.21
2026-03-09,/,583,198,0.661,10,665.48
2026-03-09,/collections/bestsellers,784,335,0.5722,23,1645.19
2026-03-09,/lp/free-serum-sample,3103,1382,0.5547,127,8958.97
2026-03-09,/lp/skincare-routine-quiz,1946,944,0.5151,71,4622.16
2026-03-09,/lp/spf-bundle-20-off,2668,1404,0.4737,179,11861.82
2026-03-09,/products/vitamin-c-serum,1137,577,0.4923,48,3449.93
2026-03-10,/,587,200,0.659,10,696.47
2026-03-10,/collections/bestsellers,723,303,0.5808,21,1513.63
2026-03-10,/lp/free-serum-sample,2979,1264,0.5756,124,8938.21
2026-03-10,/lp/skincare-routine-quiz,1653,796,0.5184,61,4505.68
2026-03-10,/lp/spf-bundle-20-off,2347,1235,0.4738,149,11133.89
2026-03-10,/products/vitamin-c-serum,1199,583,0.5139,54,3628.76
2026-03-11,/,602,207,0.6568,10,704.46
2026-03-11,/collections/bestsellers,786,332,0.5771,22,1467.39
2026-03-11,/lp/free-serum-sample,2818,1222,0.5663,120,8606.99
2026-03-11,/lp/skincare-routine-quiz,1617,795,0.5085,61,4331.8
2026-03-11,/lp/spf-bundle-20-off,2564,1375,0.4638,171,12470.44
2026-03-11,/products/vitamin-c-serum,1210,594,0.5088,54,3868.73
2026-03-12,/,586,187,0.6811,9,620.65
2026-03-12,/collections/bestsellers,902,393,0.5638,27,1913.66
2026-03-12,/lp/free-serum-sample,3380,1427,0.5779,147,10181.47
2026-03-12,/lp/skincare-routine-quiz,1787,890,0.5019,68,4616.94
2026-03-12,/lp/spf-bundle-20-off,2688,1423,0.4707,168,11496.32
2026-03-12,/products/vitamin-c-serum,1220,600,0.5083,54,3462.66
2026-03-13,/,588,189,0.6785,9,600.12
2026-03-13,/collections/bestsellers,744,317,0.5745,22,1455.22
2026-03-13,/lp/free-serum-sample,2794,1265,0.5471,110,7239.55
2026-03-13,/lp/skincare-routine-quiz,1512,757,0.4995,55,3637.21
2026-03-13,/lp/spf-bundle-20-off,2480,1302,0.4748,157,10670.46
2026-03-13,/products/vitamin-c-serum,1011,498,0.5074,43,2866.37
2026-03-14,/,569,200,0.6484,10,679.37
2026-03-14,/collections/bestsellers,786,323,0.5885,23,1526.11
2026-03-14,/lp/free-serum-sample,2993,1302,0.5649,126,9073.06
2026-03-14,/lp/skincare-routine-quiz,1788,869,0.5141,71,4961.31
2026-03-14,/lp/spf-bundle-20-off,2364,1296,0.4518,151,9873.68
2026-03-14,/products/vitamin-c-serum,1152,589,0.4884,50,3315.04
2026-03-15,/,620,197,0.6815,11,745.34
2026-03-15,/collections/bestsellers,762,314,0.5876,23,1650.02
2026-03-15,/lp/free-serum-sample,2779,1239,0.5541,113,7527.51
2026-03-15,/lp/skincare-routine-quiz,1681,822,0.5108,63,4692.5
2026-03-15,/lp/spf-bundle-20-off,2761,1453,0.4736,169,11939.79
2026-03-15,/products/vitamin-c-serum,1200,590,0.5085,54,3764.72
2026-03-16,/,664,233,0.6484,10,704.31
2026-03-16,/collections/bestsellers,807,328,0.5933,24,1570.14
2026-03-16,/lp/free-serum-sample,3164,1394,0.5593,124,8291.47
2026-03-16,/lp/skincare-routine-quiz,1807,876,0.5154,68,4768.23
2026-03-16,/lp/spf-bundle-20-off,2906,1597,0.4503,187,13356.05
2026-03-16,/products/vitamin-c-serum,1278,635,0.5035,58,3825.78
2026-03-17,/,638,211,0.6686,10,666.9
2026-03-17,/collections/bestsellers,862,352,0.592,25,1660.32
2026-03-17,/lp/free-serum-sample,2978,1341,0.5497,130,9033.68
2026-03-17,/lp/skincare-routine-quiz,1704,827,0.5147,68,4526.54
2026-03-17,/lp/spf-bundle-20-off,2512,1354,0.461,166,11717.06
2026-03-17,/products/vitamin-c-serum,1216,600,0.5066,52,3677.79
2026-03-18,/,554,185,0.6667,9,598.12
2026-03-18,/collections/bestsellers,772,318,0.5881,23,1565.46
2026-03-18,/lp/free-serum-sample,2926,1242,0.5754,118,8515.58
2026-03-18,/lp/skincare-routine-quiz,1827,892,0.5118,67,4828.02
2026-03-18,/lp/spf-bundle-20-off,2550,1365,0.4649,160,11246.16
2026-03-18,/products/vitamin-c-serum,1209,605,0.4992,54,3765.53
2026-03-19,/,606,199,0.6713,10,686.86
2026-03-19,/collections/bestsellers,849,369,0.5658,26,1716.36
2026-03-19,/lp/free-serum-sample,2808,1269,0.5482,117,7720.15
2026-03-19,/lp/skincare-routine-quiz,1885,924,0.5097,75,5121.53
2026-03-19,/lp/spf-bundle-20-off,2440,1313,0.4617,156,10706.16
2026-03-19,/products/vitamin-c-serum,1113,553,0.5029,49,3427.79
2026-03-20,/,632,200,0.6838,11,821.06
2026-03-20,/collections/bestsellers,838,367,0.5616,24,1645.93
2026-03-20,/lp/free-serum-sample,3183,1350,0.5759,125,9118.02
2026-03-20,/lp/skincare-routine-quiz,1950,932,0.5221,75,5466.17
2026-03-20,/lp/spf-bundle-20-off,2726,1444,0.4703,172,11562.14
2026-03-20,/products/vitamin-c-serum,1335,659,0.5064,60,4392.22
2026-03-21,/,632,208,0.6703,10,728.41
2026-03-21,/collections/bestsellers,909,390,0.5709,28,1849.7
2026-03-21,/lp/free-serum-sample,3142,1384,0.5595,136,9900.64
2026-03-21,/lp/skincare-routine-quiz,1990,981,0.5069,81,5434.14
2026-03-21,/lp/spf-bundle-20-off,2589,1364,0.4731,177,12599.49
2026-03-21,/products/vitamin-c-serum,1242,617,0.5033,56,3959.39
2026-03-22,/,615,214,0.6514,11,752.97
2026-03-22,/collections/bestsellers,861,352,0.5907,27,1917.24
2026-03-22,/lp/free-serum-sample,3106,1388,0.5531,127,8553.77
2026-03-22,/lp/skincare-routine-quiz,1842,917,0.502,74,5199.44
2026-03-22,/lp/spf-bundle-20-off,2660,1439,0.4592,181,13090.1
2026-03-22,/products/vitamin-c-serum,1285,663,0.484,59,3972.4
2026-03-23,/,645,224,0.6524,11,791.35
2026-03-23,/collections/bestsellers,787,321,0.5915,24,1697.98
2026-03-23,/lp/free-serum-sample,3184,1370,0.5698,133,9445.03
2026-03-23,/lp/skincare-routine-quiz,1866,885,0.5257,75,5510.9
2026-03-23,/lp/spf-bundle-20-off,2745,1455,0.4701,177,13130.46
2026-03-23,/products/vitamin-c-serum,1279,636,0.503,56,3897.03
2026-03-24,/,586,185,0.6844,10,705.38
2026-03-24,/collections/bestsellers,813,354,0.5641,24,1699.19
2026-03-24,/lp/free-serum-sample,3054,1328,0.5651,132,9959.65
2026-03-24,/lp/skincare-routine-quiz,1955,951,0.5135,75,5105.72
2026-03-24,/lp/spf-bundle-20-off,2758,1507,0.4535,183,12369.38
2026-03-24,/products/vitamin-c-serum,1186,596,0.4978,54,3844.93
2026-03-25,/,661,227,0.6569,11,743.07
2026-03-25,/collections/bestsellers,857,377,0.5598,24,1662.0
2026-03-25,/lp/free-serum-sample,3094,1378,0.5545,135,9895.63
2026-03-25,/lp/skincare-routine-quiz,1844,928,0.497,71,5075.99
2026-03-25,/lp/spf-bundle-20-off,2844,1551,0.4548,177,11983.65
2026-03-25,/products/vitamin-c-serum,1164,580,0.502,49,3324.84
2026-03-26,/,556,192,0.6544,10,689.18
2026-03-26,/collections/bestsellers,789,343,0.565,24,1629.97
2026-03-26,/lp/free-serum-sample,3017,1349,0.553,121,8781.99
2026-03-26,/lp/skincare-routine-quiz,1675,818,0.5114,62,4189.74
2026-03-26,/lp/spf-bundle-20-off,2536,1357,0.4648,169,11280.5
2026-03-26,/products/vitamin-c-serum,1171,593,0.4936,52,3402.08
2026-03-27,/,654,208,0.6813,11,762.9
2026-03-27,/collections/bestsellers,852,363,0.5737,25,1650.5
2026-03-27,/lp/free-serum-sample,3486,1488,0.5731,142,10267.62
2026-03-27,/lp/skincare-routine-quiz,2034,977,0.5195,80,5778.68
2026-03-27,/lp/spf-bundle-20-off,2840,1569,0.4475,175,11540.34
2026-03-27,/products/vitamin-c-serum,1392,679,0.5125,62,4211.41
2026-03-28,/,690,218,0.6839,12,864.37
2026-03-28,/collections/bestsellers,911,375,0.5888,27,1792.48
2026-03-28,/lp/free-serum-sample,3285,1406,0.572,141,10239.82
2026-03-28,/lp/skincare-routine-quiz,1968,967,0.5086,75,5237.27
2026-03-28,/lp/spf-bundle-20-off,2758,1520,0.449,179,12253.63
2026-03-28,/products/vitamin-c-serum,1376,710,0.4842,59,4250.91
2026-03-29,/,619,207,0.6651,11,822.26
2026-03-29,/collections/bestsellers,810,344,0.5753,25,1841.52
2026-03-29,/lp/free-serum-sample,2849,1214,0.574,117,8079.16
2026-03-29,/lp/skincare-routine-quiz,1793,891,0.503,72,5165.65
2026-03-29,/lp/spf-bundle-20-off,2496,1345,0.4613,155,11588.13
2026-03-29,/products/vitamin-c-serum,1202,617,0.4867,56,4117.72
2026-03-30,/,507,174,0.6566,8,564.3
2026-03-30,/collections/bestsellers,775,332,0.5714,22,1567.1
2026-03-30,/lp/free-serum-sample,2566,1130,0.5595,107,7103.54
2026-03-30,/lp/skincare-routine-quiz,1655,836,0.495,61,4157.85
2026-03-30,/lp/spf-bundle-20-off,2342,1285,0.4512,157,10706.75
2026-03-30,/products/vitamin-c-serum,1148,568,0.5056,51,3682.28
2026-03-31,/,532,177,0.6671,9,677.2
2026-03-31,/collections/bestsellers,717,301,0.5795,20,1410.99
2026-03-31,/lp/free-serum-sample,2653,1214,0.5423,106,7969.65
2026-03-31,/lp/skincare-routine-quiz,1809,903,0.5007,72,5140.84
2026-03-31,/lp/spf-bundle-20-off,2475,1369,0.4467,152,11034.53
2026-03-31,/products/vitamin-c-serum,1240,636,0.4873,54,3889.45
2026-04-01,/,615,195,0.6835,10,760.33
2026-04-01,/collections/bestsellers,731,299,0.5907,21,1598.13
2026-04-01,/lp/free-serum-sample,2712,1233,0.5452,112,7893.24
2026-04-01,/lp/skincare-routine-quiz,1681,850,0.4946,62,4581.74
2026-04-01,/lp/spf-bundle-20-off,2499,1332,0.4668,171,11739.45
2026-04-01,/products/vitamin-c-serum,1092,544,0.5015,48,3493.04
2026-04-02,/,677,216,0.6814,12,839.52
2026-04-02,/collections/bestsellers,897,366,0.5915,27,1864.87
2026-04-02,/lp/free-serum-sample,3298,1403,0.5745,147,10223.14
2026-04-02,/lp/skincare-routine-quiz,1778,857,0.5182,73,5003.98
2026-04-02,/lp/spf-bundle-20-off,2643,1411,0.4663,171,12513.71
2026-04-02,/products/vitamin-c-serum,1356,691,0.4901,58,4005.23
2026-04-03,/,693,221,0.6816,11,742.8
2026-04-03,/collections/bestsellers,824,341,0.5862,25,1677.1
2026-04-03,/lp/free-serum-sample,3268,1478,0.5478,136,9400.69
2026-04-03,/lp/skincare-routine-quiz,2035,980,0.5184,84,5806.97
2026-04-03,/lp/spf-bundle-20-off,2959,1613,0.4548,190,12973.1
2026-04-03,/products/vitamin-c-serum,1291,642,0.5028,59,4359.45
2026-04-04,/,616,199,0.6771,10,696.45
2026-04-04,/collections/bestsellers,890,371,0.5835,28,1974.52
2026-04-04,/lp/free-serum-sample,2995,1369,0.5429,120,8799.88
2026-04-04,/lp/skincare-routine-quiz,1846,891,0.5173,69,4750.07
2026-04-04,/lp/spf-bundle-20-off,2755,1466,0.4679,189,13652.91
2026-04-04,/products/vitamin-c-serum,1305,646,0.5048,59,3996.48
2026-04-05,/,675,238,0.6476,11,783.16
2026-04-05,/collections/bestsellers,911,376,0.5875,28,1897.94
2026-04-05,/lp/free-serum-sample,3170,1424,0.5509,131,9632.91
2026-04-05,/lp/skincare-routine-quiz,1905,917,0.5184,76,5495.01
2026-04-05,/lp/spf-bundle-20-off,2654,1457,0.4511,180,13113.52
2026-04-05,/products/vitamin-c-serum,1276,658,0.4841,58,4095.07
2026-04-06,/,639,225,0.6486,11,733.64
2026-04-06,/collections/bestsellers,851,368,0.567,26,1872.37
2026-04-06,/lp/free-serum-sample,3099,1420,0.5419,138,8931.49
2026-04-06,/lp/skincare-routine-quiz,2118,1074,0.4928,80,5488.06
2026-04-06,/lp/spf-bundle-20-off,2676,1455,0.4561,180,12108.47
2026-04-06,/products/vitamin-c-serum,1335,660,0.5059,58,3766.04
2026-04-07,/,642,212,0.6695,10,694.05
2026-04-07,/collections/bestsellers,891,394,0.5583,25,1716.19
2026-04-07,/lp/free-serum-sample,3049,1323,0.5661,121,8807.17
2026-04-07,/lp/skincare-routine-quiz,1777,868,0.5116,71,5439.83
2026-04-07,/lp/spf-bundle-20-off,2769,1480,0.4654,171,12863.23
2026-04-07,/products/vitamin-c-serum,1314,667,0.4926,57,4187.78
2026-04-08,/,601,213,0.6462,9,672.92
2026-04-08,/collections/bestsellers,837,351,0.5802,24,1654.09
2026-04-08,/lp/free-serum-sample,2785,1192,0.572,120,8225.82
2026-04-08,/lp/skincare-routine-quiz,1733,863,0.5019,68,5010.72
2026-04-08,/lp/spf-bundle-20-off,2685,1495,0.4431,176,13319.62
2026-04-08,/products/vitamin-c-serum,1156,575,0.5024,53,3776.72
2026-04-09,/,615,203,0.6701,10,657.36
2026-04-09,/collections/bestsellers,812,347,0.5732,25,1699.78
2026-04-09,/lp/free-serum-sample,2874,1245,0.5669,121,8549.68
2026-04-09,/lp/skincare-routine-quiz,1833,907,0.5051,70,4801.66
2026-04-09,/lp/spf-bundle-20-off,2503,1347,0.462,171,11024.52
2026-04-09,/products/vitamin-c-serum,1326,675,0.4907,58,3989.29
2026-04-10,/,613,217,0.6467,10,673.24
2026-04-10,/collections/bestsellers,846,367,0.566,26,1939.36
2026-04-10,/lp/free-serum-sample,3003,1361,0.5467,128,8696.66
2026-04-10,/lp/skincare-routine-quiz,1748,867,0.5041,66,4623.08
2026-04-10,/lp/spf-bundle-20-off,2459,1310,0.4674,162,11053.39
2026-04-10,/products/vitamin-c-serum,1188,610,0.4863,52,3849.15
2026-04-11,/,672,218,0.6753,11,755.07
2026-04-11,/collections/bestsellers,857,380,0.5567,26,1777.58
2026-04-11,/lp/free-serum-sample,3606,1566,0.5656,156,11464.53
2026-04-11,/lp/skincare-routine-quiz,2075,1052,0.4929,83,5766.03
2026-04-11,/lp/spf-bundle-20-off,3109,1687,0.4573,212,16244.55
2026-04-11,/products/vitamin-c-serum,1431,711,0.5032,60,4194.8
2026-04-12,/,640,207,0.6766,11,785.85
2026-04-12,/collections/bestsellers,863,354,0.5898,25,1798.29
2026-04-12,/lp/free-serum-sample,3360,1471,0.5623,147,10075.8
2026-04-12,/lp/skincare-routine-quiz,2007,970,0.5167,80,5430.02
2026-04-12,/lp/spf-bundle-20-off,2727,1520,0.4426,187,13641.01
2026-04-12,/products/vitamin-c-serum,1290,637,0.5059,59,4062.39
2026-04-13,/,644,209,0.675,11,822.42
2026-04-13,/collections/bestsellers,787,333,0.5769,24,1808.69
2026-04-13,/lp/free-serum-sample,3304,1512,0.5425,138,10458.54
2026-04-13,/lp/skincare-routine-quiz,1874,946,0.495,77,5424.26
2026-04-13,/lp/spf-bundle-20-off,2604,1422,0.454,179,13301.93
2026-04-13,/products/vitamin-c-serum,1286,632,0.5085,60,4240.95
2026-04-14,/,609,216,0.6446,10,687.53
2026-04-14,/collections/bestsellers,884,376,0.575,28,2029.84
2026-04-14,/lp/free-serum-sample,2954,1283,0.5658,132,9435.06
2026-04-14,/lp/skincare-routine-quiz,1745,871,0.5011,69,4861.66
2026-04-14,/lp/spf-bundle-20-off,2644,1471,0.4436,164,10912.5
2026-04-14,/products/vitamin-c-serum,1363,671,0.5075,59,4254.78
2026-04-15,/,610,218,0.6426,10,693.58
2026-04-15,/collections/bestsellers,890,386,0.5663,27,1808.36
2026-04-15,/lp/free-serum-sample,3125,1372,0.5611,135,9724.77
2026-04-15,/lp/skincare-routine-quiz,2007,1011,0.4965,78,5582.67
2026-04-15,/lp/spf-bundle-20-off,2803,1501,0.4644,181,12607.04
2026-04-15,/products/vitamin-c-serum,1224,621,0.4925,55,3596.28
2026-04-16,/,539,186,0.6541,9,617.7
2026-04-16,/collections/bestsellers,723,308,0.5739,22,1515.62
2026-04-16,/lp/free-serum-sample,3001,1346,0.5514,126,9152.8
2026-04-16,/lp/skincare-routine-quiz,1786,865,0.5159,67,4660.51
2026-04-16,/lp/spf-bundle-20-off,2268,1212,0.4656,140,10081.5
2026-04-16,/products/vitamin-c-serum,1215,622,0.4881,54,3612.14
2026-04-17,/,723,256,0.6466,13,932.9
2026-04-17,/collections/bestsellers,932,393,0.5782,29,2012.96
2026-04-17,/lp/free-serum-sample,3649,1635,0.5518,152,10393.51
2026-04-17,/lp/skincare-routine-quiz,2034,1018,0.4997,76,5174.07
2026-04-17,/lp/spf-bundle-20-off,2789,1510,0.4586,193,13421.47
2026-04-17,/products/vitamin-c-serum,1319,670,0.492,56,3930.9
2026-04-18,/,752,255,0.6604,13,906.03
2026-04-18,/collections/bestsellers,950,403,0.5757,29,2039.1
2026-04-18,/lp/free-serum-sample,3821,1690,0.5578,155,10639.01
2026-04-18,/lp/skincare-routine-quiz,2236,1088,0.5132,89,6581.08
2026-04-18,/lp/spf-bundle-20-off,3247,1748,0.4618,203,13929.33
2026-04-18,/products/vitamin-c-serum,1336,687,0.4861,63,4348.03
2026-04-19,/,606,206,0.6605,10,696.42
2026-04-19,/collections/bestsellers,797,353,0.5576,23,1703.42
2026-04-19,/lp/free-serum-sample,3254,1412,0.5661,140,9931.0
2026-04-19,/lp/skincare-routine-quiz,1825,914,0.4991,75,5419.54
2026-04-19,/lp/spf-bundle-20-off,2797,1505,0.462,177,12736.46
2026-04-19,/products/vitamin-c-serum,1263,658,0.4793,56,3954.84
2026-04-20,/,630,223,0.6461,10,705.33
2026-04-20,/collections/bestsellers,895,369,0.5881,26,1923.48
2026-04-20,/lp/free-serum-sample,3196,1425,0.554,142,10044.98
2026-04-20,/lp/skincare-routine-quiz,1813,876,0.5169,71,5097.73
2026-04-20,/lp/spf-bundle-20-off,2877,1584,0.4495,184,12430.68
2026-04-20,/products/vitamin-c-serum,1166,599,0.4866,54,3705.17
2026-04-21,/,582,203,0.6508,10,707.84
2026-04-21,/collections/bestsellers,800,350,0.5627,23,1654.09
2026-04-21,/lp/free-serum-sample,2672,1214,0.5457,117,8687.97
2026-04-21,/lp/skincare-routine-quiz,1705,853,0.4998,66,5006.6
2026-04-21,/lp/spf-bundle-20-off,2640,1474,0.4416,172,12417.8
2026-04-21,/products/vitamin-c-serum,1188,616,0.4811,50,3439.78
2026-04-22,/,696,223,0.679,11,762.26
2026-04-22,/collections/bestsellers,846,372,0.5598,25,1780.26
2026-04-22,/lp/free-serum-sample,3325,1477,0.5559,146,9692.66
2026-04-22,/lp/skincare-routine-quiz,2163,1049,0.5148,90,6180.79
2026-04-22,/lp/spf-bundle-20-off,2736,1536,0.4386,186,12489.8
2026-04-22,/products/vitamin-c-serum,1325,691,0.4783,59,3916.54
2026-04-23,/,607,215,0.6452,10,717.73
2026-04-23,/collections/bestsellers,841,362,0.5701,24,1729.08
2026-04-23,/lp/free-serum-sample,3320,1489,0.5515,143,10484.59
2026-04-23,/lp/skincare-routine-quiz,1958,971,0.5039,74,5279.0
2026-04-23,/lp/spf-bundle-20-off,2794,1496,0.4647,176,11932.6
2026-04-23,/products/vitamin-c-serum,1332,676,0.4928,58,4084.31
2026-04-24,/,665,238,0.6428,12,829.16
2026-04-24,/collections/bestsellers,889,369,0.585,25,1888.01
2026-04-24,/lp/free-serum-sample,3416,1486,0.565,152,10818.3
2026-04-24,/lp/skincare-routine-quiz,1861,932,0.4994,78,5540.34
2026-04-24,/lp/spf-bundle-20-off,2901,1553,0.4647,183,13412.31
2026-04-24,/products/vitamin-c-serum,1229,615,0.4995,58,4353.43
2026-04-25,/,703,229,0.6745,12,831.48
2026-04-25,/collections/bestsellers,865,380,0.561,26,1744.97
2026-04-25,/lp/free-serum-sample,3584,1622,0.5473,154,10360.43
2026-04-25,/lp/skincare-routine-quiz,2137,1091,0.4894,86,6347.54
2026-04-25,/lp/spf-bundle-20-off,3045,1706,0.4398,199,13576.85
2026-04-25,/products/vitamin-c-serum,1505,768,0.4895,65,4382.96
2026-04-26,/,690,236,0.6574,12,823.09
2026-04-26,/collections/bestsellers,872,387,0.556,28,2012.68
2026-04-26,/lp/free-serum-sample,3766,1684,0.5528,153,11168.48
2026-04-26,/lp/skincare-routine-quiz,2069,1014,0.51,83,6127.34
2026-04-26,/lp/spf-bundle-20-off,3244,1746,0.4618,215,14556.13
2026-04-26,/products/vitamin-c-serum,1388,697,0.4979,60,3995.1
2026-04-27,/,624,217,0.652,11,762.51
2026-04-27,/collections/bestsellers,780,337,0.5677,24,1702.81
2026-04-27,/lp/free-serum-sample,3191,1393,0.5635,137,9903.8
2026-04-27,/lp/skincare-routine-quiz,1975,1003,0.4922,79,5870.93
2026-04-27,/lp/spf-bundle-20-off,2585,1453,0.4379,170,12104.73
2026-04-27,/products/vitamin-c-serum,1277,657,0.4858,60,4112.06
2026-04-28,/,629,221,0.6494,11,751.57
2026-04-28,/collections/bestsellers,851,374,0.56,24,1764.83
2026-04-28,/lp/free-serum-sample,3317,1442,0.5654,136,9609.83
2026-04-28,/lp/skincare-routine-quiz,2145,1049,0.5108,87,5970.24
2026-04-28,/lp/spf-bundle-20-off,2853,1551,0.4563,183,12221.09
2026-04-28,/products/vitamin-c-serum,1253,639,0.4899,57,4186.44
2026-04-29,/,628,223,0.6453,11,813.65
2026-04-29,/collections/bestsellers,875,377,0.5697,27,2039.09
2026-04-29,/lp/free-serum-sample,3210,1451,0.5481,130,9214.02
2026-04-29,/lp/skincare-routine-quiz,1902,928,0.5122,78,5544.13
2026-04-29,/lp/spf-bundle-20-off,2575,1387,0.4613,170,12650.03
2026-04-29,/products/vitamin-c-serum,1278,655,0.4875,57,3944.7
2026-04-30,/,585,201,0.6563,10,673.14
2026-04-30,/collections/bestsellers,763,328,0.5706,23,1683.88
2026-04-30,/lp/free-serum-sample,2939,1316,0.5521,125,8660.64
2026-04-30,/lp/skincare-routine-quiz,1726,852,0.5066,69,4675.05
2026-04-30,/lp/spf-bundle-20-off,2694,1476,0.452,168,11652.27
2026-04-30,/products/vitamin-c-serum,1209,634,0.476,53,3813.5
