date,campaign,ad_group,keyword,match_type,intent_tier,is_high_intent,is_crm_verified,impressions,clicks,cost,gads_conversions,gads_conv_value
2025-04-01,Best Serum for Dry Skin,Vitamin C Serum,best vitamin c serum for dry skin,Exact match,Tier 1 - High Intent,True,True,17018,376,759.53,23.5,1341.53
2025-04-01,Best Serum for Dry Skin,Hydrating Serum,buy hydrating face serum online,Exact match,Tier 1 - High Intent,True,True,12748,285,641.59,17.7,1137.72
2025-04-01,Best Serum for Dry Skin,Natural Serum,natural skincare routine,Phrase match,Tier 2 - Mid Intent,True,False,7119,154,345.87,9.9,548.82
2025-04-01,Best Serum for Dry Skin,Broad Skincare,skincare,Broad match,Untiered - Broad,False,False,8112,159,308.38,9.9,606.92
2025-04-01,Brand Defense,Brand Core,pureglow skincare,Exact match,Tier 3 - Brand Defense,False,True,5918,133,261.1,7.8,529.52
2025-04-01,Brand Defense,Brand Bundle,pureglow spf bundle,Exact match,Tier 3 - Brand Defense,False,True,3030,73,150.4,4.5,248.46
2025-04-01,Brand Defense,Brand Product,pureglow vitamin c serum,Exact match,Tier 3 - Brand Defense,False,True,5004,110,224.55,7.6,457.89
2025-04-01,SPF Moisturizer Bundle,Daily SPF,buy spf moisturizer online,Exact match,Tier 1 - High Intent,True,True,10377,200,409.17,13.2,828.33
2025-04-01,SPF Moisturizer Bundle,Broad Moisturizer,moisturizer,Broad match,Untiered - Broad,False,False,5766,128,293.17,9.6,558.3
2025-04-01,SPF Moisturizer Bundle,SPF Bundle,spf moisturizer bundle,Exact match,Tier 1 - High Intent,True,True,11616,275,595.36,16.6,955.1
2025-04-01,SPF Moisturizer Bundle,Vegan SPF,vegan spf moisturizer,Phrase match,Tier 2 - Mid Intent,True,True,4997,109,216.34,7.8,418.32
2025-04-01,Skincare Routine Quiz,Routine Quiz,best skincare routine for dry skin,Phrase match,Tier 2 - Mid Intent,True,True,7907,171,393.1,13.0,623.61
2025-04-01,Skincare Routine Quiz,Plant Based,plant based moisturizer,Phrase match,Tier 2 - Mid Intent,True,True,7079,167,324.87,11.0,652.04
2025-04-02,Best Serum for Dry Skin,Vitamin C Serum,best vitamin c serum for dry skin,Exact match,Tier 1 - High Intent,True,True,17641,366,728.89,22.8,1431.26
2025-04-02,Best Serum for Dry Skin,Hydrating Serum,buy hydrating face serum online,Exact match,Tier 1 - High Intent,True,True,14169,306,610.9,15.6,1058.12
2025-04-02,Best Serum for Dry Skin,Natural Serum,natural skincare routine,Phrase match,Tier 2 - Mid Intent,True,False,7839,158,297.5,8.9,546.87
2025-04-02,Best Serum for Dry Skin,Broad Skincare,skincare,Broad match,Untiered - Broad,False,False,6751,158,302.04,9.9,541.35
2025-04-02,Brand Defense,Brand Core,pureglow skincare,Exact match,Tier 3 - Brand Defense,False,True,6499,121,277.17,7.6,482.72
2025-04-02,Brand Defense,Brand Bundle,pureglow spf bundle,Exact match,Tier 3 - Brand Defense,False,True,2929,70,123.33,3.9,248.67
2025-04-02,Brand Defense,Brand Product,pureglow vitamin c serum,Exact match,Tier 3 - Brand Defense,False,True,4933,110,221.09,6.3,441.1
2025-04-02,SPF Moisturizer Bundle,Daily SPF,buy spf moisturizer online,Exact match,Tier 1 - High Intent,True,True,9235,183,372.53,13.5,807.1
2025-04-02,SPF Moisturizer Bundle,Broad Moisturizer,moisturizer,Broad match,Untiered - Broad,False,False,5743,132,265.58,9.0,530.76
2025-04-02,SPF Moisturizer Bundle,SPF Bundle,spf moisturizer bundle,Exact match,Tier 1 - High Intent,True,True,11150,271,499.35,17.2,1035.12
2025-04-02,SPF Moisturizer Bundle,Vegan SPF,vegan spf moisturizer,Phrase match,Tier 2 - Mid Intent,True,True,5001,111,229.72,6.8,391.85
2025-04-02,Skincare Routine Quiz,Routine Quiz,best skincare routine for dry skin,Phrase match,Tier 2 - Mid Intent,True,True,7891,183,372.55,11.6,663.59
2025-04-02,Skincare Routine Quiz,Plant Based,plant based moisturizer,Phrase match,Tier 2 - Mid Intent,True,True,6472,157,310.06,9.1,570.47
2025-04-03,Best Serum for Dry Skin,Vitamin C Serum,best vitamin c serum for dry skin,Exact match,Tier 1 - High Intent,True,True,16352,413,785.49,21.6,1556.75
2025-04-03,Best Serum for Dry Skin,Hydrating Serum,buy hydrating face serum online,Exact match,Tier 1 - High Intent,True,True,13231,309,623.41,20.0,1173.44
2025-04-03,Best Serum for Dry Skin,Natural Serum,natural skincare routine,Phrase match,Tier 2 - Mid Intent,True,False,8261,165,340.4,10.5,613.73
2025-04-03,Best Serum for Dry Skin,Broad Skincare,skincare,Broad match,Untiered - Broad,False,False,7540,166,352.87,10.2,654.11
2025-04-03,Brand Defense,Brand Core,pureglow skincare,Exact match,Tier 3 - Brand Defense,False,True,7042,147,306.44,9.6,557.41
2025-04-03,Brand Defense,Brand Bundle,pureglow spf bundle,Exact match,Tier 3 - Brand Defense,False,True,3050,74,137.03,4.8,291.82
2025-04-03,Brand Defense,Brand Product,pureglow vitamin c serum,Exact match,Tier 3 - Brand Defense,False,True,5889,122,234.14,8.3,452.42
2025-04-03,SPF Moisturizer Bundle,Daily SPF,buy spf moisturizer online,Exact match,Tier 1 - High Intent,True,True,10025,211,409.19,12.8,818.69
2025-04-03,SPF Moisturizer Bundle,Broad Moisturizer,moisturizer,Broad match,Untiered - Broad,False,False,6879,150,306.56,9.1,536.81
2025-04-03,SPF Moisturizer Bundle,SPF Bundle,spf moisturizer bundle,Exact match,Tier 1 - High Intent,True,True,14448,280,597.79,19.9,1148.46
2025-04-03,SPF Moisturizer Bundle,Vegan SPF,vegan spf moisturizer,Phrase match,Tier 2 - Mid Intent,True,True,6004,114,242.67,7.6,439.36
2025-04-03,Skincare Routine Quiz,Routine Quiz,best skincare routine for dry skin,Phrase match,Tier 2 - Mid Intent,True,True,8460,184,388.86,12.9,671.13
2025-04-03,Skincare Routine Quiz,Plant Based,plant based moisturizer,Phrase match,Tier 2 - Mid Intent,True,True,8343,160,345.41,10.0,634.57
2025-04-04,Best Serum for Dry Skin,Vitamin C Serum,best vitamin c serum for dry skin,Exact match,Tier 1 - High Intent,True,True,16695,361,827.6,21.9,1414.57
2025-04-04,Best Serum for Dry Skin,Hydrating Serum,buy hydrating face serum online,Exact match,Tier 1 - High Intent,True,True,13808,311,612.07,21.4,1154.52
2025-04-04,Best Serum for Dry Skin,Natural Serum,natural skincare routine,Phrase match,Tier 2 - Mid Intent,True,False,7140,161,318.38,10.5,607.48
2025-04-04,Best Serum for Dry Skin,Broad Skincare,skincare,Broad match,Untiered - Broad,False,False,7255,148,319.53,9.9,701.97
2025-04-04,Brand Defense,Brand Core,pureglow skincare,Exact match,Tier 3 - Brand Defense,False,True,6310,128,289.59,8.1,528.94
2025-04-04,Brand Defense,Brand Bundle,pureglow spf bundle,Exact match,Tier 3 - Brand Defense,False,True,2908,64,136.16,4.9,260.74
2025-04-04,Brand Defense,Brand Product,pureglow vitamin c serum,Exact match,Tier 3 - Brand Defense,False,True,5493,117,240.52,7.1,471.99
2025-04-04,SPF Moisturizer Bundle,Daily SPF,buy spf moisturizer online,Exact match,Tier 1 - High Intent,True,True,8788,191,441.07,13.0,789.36
2025-04-04,SPF Moisturizer Bundle,Broad Moisturizer,moisturizer,Broad match,Untiered - Broad,False,False,7034,146,294.13,8.9,574.48
2025-04-04,SPF Moisturizer Bundle,SPF Bundle,spf moisturizer bundle,Exact match,Tier 1 - High Intent,True,True,12155,261,626.3,16.4,1102.37
2025-04-04,SPF Moisturizer Bundle,Vegan SPF,vegan spf moisturizer,Phrase match,Tier 2 - Mid Intent,True,True,4872,105,255.29,7.8,445.69
2025-04-04,Skincare Routine Quiz,Routine Quiz,best skincare routine for dry skin,Phrase match,Tier 2 - Mid Intent,True,True,8637,168,381.1,12.8,693.32
2025-04-04,Skincare Routine Quiz,Plant Based,plant based moisturizer,Phrase match,Tier 2 - Mid Intent,True,True,7831,159,321.0,10.6,654.01
2025-04-05,Best Serum for Dry Skin,Vitamin C Serum,best vitamin c serum for dry skin,Exact match,Tier 1 - High Intent,True,True,20164,400,860.49,28.9,1376.92
2025-04-05,Best Serum for Dry Skin,Hydrating Serum,buy hydrating face serum online,Exact match,Tier 1 - High Intent,True,True,14144,306,654.62,18.8,1285.59
2025-04-05,Best Serum for Dry Skin,Natural Serum,natural skincare routine,Phrase match,Tier 2 - Mid Intent,True,False,8630,157,346.35,12.1,612.78
2025-04-05,Best Serum for Dry Skin,Broad Skincare,skincare,Broad match,Untiered - Broad,False,False,8401,162,367.92,10.0,702.02
2025-04-05,Brand Defense,Brand Core,pureglow skincare,Exact match,Tier 3 - Brand Defense,False,True,6942,135,284.1,9.1,562.82
2025-04-05,Brand Defense,Brand Bundle,pureglow spf bundle,Exact match,Tier 3 - Brand Defense,False,True,3285,75,152.05,5.4,260.57
2025-04-05,Brand Defense,Brand Product,pureglow vitamin c serum,Exact match,Tier 3 - Brand Defense,False,True,5892,130,240.75,8.6,519.13
2025-04-05,SPF Moisturizer Bundle,Daily SPF,buy spf moisturizer online,Exact match,Tier 1 - High Intent,True,True,9736,234,415.91,15.7,856.61
2025-04-05,SPF Moisturizer Bundle,Broad Moisturizer,moisturizer,Broad match,Untiered - Broad,False,False,7631,147,299.52,10.3,615.82
2025-04-05,SPF Moisturizer Bundle,SPF Bundle,spf moisturizer bundle,Exact match,Tier 1 - High Intent,True,True,14275,290,626.76,17.7,1065.58
2025-04-05,SPF Moisturizer Bundle,Vegan SPF,vegan spf moisturizer,Phrase match,Tier 2 - Mid Intent,True,True,6129,115,235.2,8.6,492.49
2025-04-05,Skincare Routine Quiz,Routine Quiz,best skincare routine for dry skin,Phrase match,Tier 2 - Mid Intent,True,True,10126,207,419.48,12.2,710.74
2025-04-05,Skincare Routine Quiz,Plant Based,plant based moisturizer,Phrase match,Tier 2 - Mid Intent,True,True,8704,172,374.2,12.0,641.47
2025-04-06,Best Serum for Dry Skin,Vitamin C Serum,best vitamin c serum for dry skin,Exact match,Tier 1 - High Intent,True,True,14339,362,680.88,26.1,1422.98
2025-04-06,Best Serum for Dry Skin,Hydrating Serum,buy hydrating face serum online,Exact match,Tier 1 - High Intent,True,True,13657,260,552.91,18.7,1137.31
2025-04-06,Best Serum for Dry Skin,Natural Serum,natural skincare routine,Phrase match,Tier 2 - Mid Intent,True,False,7069,143,347.43,9.7,610.15
2025-04-06,Best Serum for Dry Skin,Broad Skincare,skincare,Broad match,Untiered - Broad,False,False,7469,147,340.33,11.3,555.72
2025-04-06,Brand Defense,Brand Core,pureglow skincare,Exact match,Tier 3 - Brand Defense,False,True,5723,138,283.36,8.2,561.84
2025-04-06,Brand Defense,Brand Bundle,pureglow spf bundle,Exact match,Tier 3 - Brand Defense,False,True,3142,61,131.97,4.4,291.47
2025-04-06,Brand Defense,Brand Product,pureglow vitamin c serum,Exact match,Tier 3 - Brand Defense,False,True,5032,113,244.12,6.7,472.8
2025-04-06,SPF Moisturizer Bundle,Daily SPF,buy spf moisturizer online,Exact match,Tier 1 - High Intent,True,True,9705,191,428.7,14.9,767.24
2025-04-06,SPF Moisturizer Bundle,Broad Moisturizer,moisturizer,Broad match,Untiered - Broad,False,False,6454,119,260.01,8.3,549.55
2025-04-06,SPF Moisturizer Bundle,SPF Bundle,spf moisturizer bundle,Exact match,Tier 1 - High Intent,True,True,11894,239,585.12,17.4,1104.63
2025-04-06,SPF Moisturizer Bundle,Vegan SPF,vegan spf moisturizer,Phrase match,Tier 2 - Mid Intent,True,True,4958,106,247.26,7.4,435.67
2025-04-06,Skincare Routine Quiz,Routine Quiz,best skincare routine for dry skin,Phrase match,Tier 2 - Mid Intent,True,True,8074,166,341.86,10.7,752.7
2025-04-06,Skincare Routine Quiz,Plant Based,plant based moisturizer,Phrase match,Tier 2 - Mid Intent,True,True,6674,147,319.58,11.5,588.72
2025-04-07,Best Serum for Dry Skin,Vitamin C Serum,best vitamin c serum for dry skin,Exact match,Tier 1 - High Intent,True,True,16112,336,775.74,26.9,1478.57
2025-04-07,Best Serum for Dry Skin,Hydrating Serum,buy hydrating face serum online,Exact match,Tier 1 - High Intent,True,True,14060,304,611.02,19.5,1307.68
2025-04-07,Best Serum for Dry Skin,Natural Serum,natural skincare routine,Phrase match,Tier 2 - Mid Intent,True,False,7707,150,316.43,9.9,612.98
2025-04-07,Best Serum for Dry Skin,Broad Skincare,skincare,Broad match,Untiered - Broad,False,False,6625,167,354.74,10.8,676.51
2025-04-07,Brand Defense,Brand Core,pureglow skincare,Exact match,Tier 3 - Brand Defense,False,True,6565,130,287.25,9.3,561.57
2025-04-07,Brand Defense,Brand Bundle,pureglow spf bundle,Exact match,Tier 3 - Brand Defense,False,True,2851,69,154.32,4.3,279.92
2025-04-07,Brand Defense,Brand Product,pureglow vitamin c serum,Exact match,Tier 3 - Brand Defense,False,True,5056,106,231.17,8.5,442.92
2025-04-07,SPF Moisturizer Bundle,Daily SPF,buy spf moisturizer online,Exact match,Tier 1 - High Intent,True,True,9985,188,415.46,15.2,886.36
2025-04-07,SPF Moisturizer Bundle,Broad Moisturizer,moisturizer,Broad match,Untiered - Broad,False,False,6194,136,276.03,10.1,585.25
2025-04-07,SPF Moisturizer Bundle,SPF Bundle,spf moisturizer bundle,Exact match,Tier 1 - High Intent,True,True,13020,265,576.13,16.5,1127.99
2025-04-07,SPF Moisturizer Bundle,Vegan SPF,vegan spf moisturizer,Phrase match,Tier 2 - Mid Intent,True,True,5359,109,239.01,7.3,466.89
2025-04-07,Skincare Routine Quiz,Routine Quiz,best skincare routine for dry skin,Phrase match,Tier 2 - Mid Intent,True,True,8524,189,407.3,11.7,693.92
2025-04-07,Skincare Routine Quiz,Plant Based,plant based moisturizer,Phrase match,Tier 2 - Mid Intent,True,True,6691,148,344.87,11.8,713.77
2025-04-08,Best Serum for Dry Skin,Vitamin C Serum,best vitamin c serum for dry skin,Exact match,Tier 1 - High Intent,True,True,14575,336,626.97,19.2,1353.44
2025-04-08,Best Serum for Dry Skin,Hydrating Serum,buy hydrating face serum online,Exact match,Tier 1 - High Intent,True,True,13146,248,538.71,19.5,1164.86
2025-04-08,Best Serum for Dry Skin,Natural Serum,natural skincare routine,Phrase match,Tier 2 - Mid Intent,True,False,6618,139,295.39,8.6,620.5
2025-04-08,Best Serum for Dry Skin,Broad Skincare,skincare,Broad match,Untiered - Broad,False,False,6263,140,262.24,8.5,528.21
2025-04-08,Brand Defense,Brand Core,pureglow skincare,Exact match,Tier 3 - Brand Defense,False,True,5262,130,234.9,7.5,463.62
2025-04-08,Brand Defense,Brand Bundle,pureglow spf bundle,Exact match,Tier 3 - Brand Defense,False,True,2962,62,124.4,3.9,267.45
2025-04-08,Brand Defense,Brand Product,pureglow vitamin c serum,Exact match,Tier 3 - Brand Defense,False,True,4805,98,211.36,6.6,383.53
2025-04-08,SPF Moisturizer Bundle,Daily SPF,buy spf moisturizer online,Exact match,Tier 1 - High Intent,True,True,8641,168,377.03,11.6,786.66
2025-04-08,SPF Moisturizer Bundle,Broad Moisturizer,moisturizer,Broad match,Untiered - Broad,False,False,5351,115,228.12,8.8,522.28
2025-04-08,SPF Moisturizer Bundle,SPF Bundle,spf moisturizer bundle,Exact match,Tier 1 - High Intent,True,True,11288,254,485.04,15.6,1085.43
2025-04-08,SPF Moisturizer Bundle,Vegan SPF,vegan spf moisturizer,Phrase match,Tier 2 - Mid Intent,True,True,4860,102,189.84,6.6,402.06
2025-04-08,Skincare Routine Quiz,Routine Quiz,best skincare routine for dry skin,Phrase match,Tier 2 - Mid Intent,True,True,7476,159,333.5,10.7,720.91
2025-04-08,Skincare Routine Quiz,Plant Based,plant based moisturizer,Phrase match,Tier 2 - Mid Intent,True,True,6769,144,307.42,10.2,604.14
2025-04-09,Best Serum for Dry Skin,Vitamin C Serum,best vitamin c serum for dry skin,Exact match,Tier 1 - High Intent,True,True,14319,320,724.29,20.7,1332.04
2025-04-09,Best Serum for Dry Skin,Hydrating Serum,buy hydrating face serum online,Exact match,Tier 1 - High Intent,True,True,11497,268,578.93,19.7,1246.25
2025-04-09,Best Serum for Dry Skin,Natural Serum,natural skincare routine,Phrase match,Tier 2 - Mid Intent,True,False,6123,133,292.72,9.9,630.4
2025-04-09,Best Serum for Dry Skin,Broad Skincare,skincare,Broad match,Untiered - Broad,False,False,6532,142,314.06,9.9,584.66
2025-04-09,Brand Defense,Brand Core,pureglow skincare,Exact match,Tier 3 - Brand Defense,False,True,6050,125,261.69,7.9,502.65
2025-04-09,Brand Defense,Brand Bundle,pureglow spf bundle,Exact match,Tier 3 - Brand Defense,False,True,3019,60,126.86,4.0,282.85
2025-04-09,Brand Defense,Brand Product,pureglow vitamin c serum,Exact match,Tier 3 - Brand Defense,False,True,4495,108,229.21,7.1,461.39
2025-04-09,SPF Moisturizer Bundle,Daily SPF,buy spf moisturizer online,Exact match,Tier 1 - High Intent,True,True,8015,187,398.95,13.3,812.78
2025-04-09,SPF Moisturizer Bundle,Broad Moisturizer,moisturizer,Broad match,Untiered - Broad,False,False,5625,111,245.07,8.9,535.5
2025-04-09,SPF Moisturizer Bundle,SPF Bundle,spf moisturizer bundle,Exact match,Tier 1 - High Intent,True,True,10332,227,519.55,16.2,1049.46
2025-04-09,SPF Moisturizer Bundle,Vegan SPF,vegan spf moisturizer,Phrase match,Tier 2 - Mid Intent,True,True,4491,105,230.7,7.9,448.37
2025-04-09,Skincare Routine Quiz,Routine Quiz,best skincare routine for dry skin,Phrase match,Tier 2 - Mid Intent,True,True,7152,159,336.2,12.7,644.55
2025-04-09,Skincare Routine Quiz,Plant Based,plant based moisturizer,Phrase match,Tier 2 - Mid Intent,True,True,7044,144,300.94,10.3,626.94
2025-04-10,Best Serum for Dry Skin,Vitamin C Serum,best vitamin c serum for dry skin,Exact match,Tier 1 - High Intent,True,True,14469,333,697.54,19.8,1311.61
2025-04-10,Best Serum for Dry Skin,Hydrating Serum,buy hydrating face serum online,Exact match,Tier 1 - High Intent,True,True,13341,256,505.45,18.5,1020.07
2025-04-10,Best Serum for Dry Skin,Natural Serum,natural skincare routine,Phrase match,Tier 2 - Mid Intent,True,False,6014,144,298.77,9.1,600.1
2025-04-10,Best Serum for Dry Skin,Broad Skincare,skincare,Broad match,Untiered - Broad,False,False,6006,134,301.02,9.7,561.77
2025-04-10,Brand Defense,Brand Core,pureglow skincare,Exact match,Tier 3 - Brand Defense,False,True,5600,125,227.58,7.9,509.3
2025-04-10,Brand Defense,Brand Bundle,pureglow spf bundle,Exact match,Tier 3 - Brand Defense,False,True,2929,62,132.56,4.1,258.68
2025-04-10,Brand Defense,Brand Product,pureglow vitamin c serum,Exact match,Tier 3 - Brand Defense,False,True,4629,100,211.22,6.2,396.4
2025-04-10,SPF Moisturizer Bundle,Daily SPF,buy spf moisturizer online,Exact match,Tier 1 - High Intent,True,True,9033,183,352.55,13.1,731.78
2025-04-10,SPF Moisturizer Bundle,Broad Moisturizer,moisturizer,Broad match,Untiered - Broad,False,False,5566,123,256.28,9.0,485.68
2025-04-10,SPF Moisturizer Bundle,SPF Bundle,spf moisturizer bundle,Exact match,Tier 1 - High Intent,True,True,10933,241,497.69,17.7,1051.88
2025-04-10,SPF Moisturizer Bundle,Vegan SPF,vegan spf moisturizer,Phrase match,Tier 2 - Mid Intent,True,True,4687,96,194.92,7.0,406.61
2025-04-10,Skincare Routine Quiz,Routine Quiz,best skincare routine for dry skin,Phrase match,Tier 2 - Mid Intent,True,True,7232,173,353.12,10.6,640.08
2025-04-10,Skincare Routine Quiz,Plant Based,plant based moisturizer,Phrase match,Tier 2 - Mid Intent,True,True,6816,148,296.34,9.3,596.57
2025-04-11,Best Serum for Dry Skin,Vitamin C Serum,best vitamin c serum for dry skin,Exact match,Tier 1 - High Intent,True,True,15205,328,712.15,22.2,1429.25
2025-04-11,Best Serum for Dry Skin,Hydrating Serum,buy hydrating face serum online,Exact match,Tier 1 - High Intent,True,True,12799,284,578.97,19.1,1089.92
2025-04-11,Best Serum for Dry Skin,Natural Serum,natural skincare routine,Phrase match,Tier 2 - Mid Intent,True,False,7103,137,275.3,9.7,588.09
2025-04-11,Best Serum for Dry Skin,Broad Skincare,skincare,Broad match,Untiered - Broad,False,False,7120,135,300.48,9.0,542.54
2025-04-11,Brand Defense,Brand Core,pureglow skincare,Exact match,Tier 3 - Brand Defense,False,True,5586,114,238.74,8.4,526.85
2025-04-11,Brand Defense,Brand Bundle,pureglow spf bundle,Exact match,Tier 3 - Brand Defense,False,True,2790,65,129.57,4.3,236.95
2025-04-11,Brand Defense,Brand Product,pureglow vitamin c serum,Exact match,Tier 3 - Brand Defense,False,True,4814,107,222.08,7.4,460.76
2025-04-11,SPF Moisturizer Bundle,Daily SPF,buy spf moisturizer online,Exact match,Tier 1 - High Intent,True,True,9270,175,359.22,12.8,766.25
2025-04-11,SPF Moisturizer Bundle,Broad Moisturizer,moisturizer,Broad match,Untiered - Broad,False,False,6035,117,241.61,9.1,543.63
2025-04-11,SPF Moisturizer Bundle,SPF Bundle,spf moisturizer bundle,Exact match,Tier 1 - High Intent,True,True,10405,239,538.61,17.0,951.24
2025-04-11,SPF Moisturizer Bundle,Vegan SPF,vegan spf moisturizer,Phrase match,Tier 2 - Mid Intent,True,True,4537,103,210.1,7.3,470.83
2025-04-11,Skincare Routine Quiz,Routine Quiz,best skincare routine for dry skin,Phrase match,Tier 2 - Mid Intent,True,True,7604,164,364.16,11.6,651.19
2025-04-11,Skincare Routine Quiz,Plant Based,plant based moisturizer,Phrase match,Tier 2 - Mid Intent,True,True,7268,146,304.84,9.7,614.91
2025-04-12,Best Serum for Dry Skin,Vitamin C Serum,best vitamin c serum for dry skin,Exact match,Tier 1 - High Intent,True,True,15440,403,735.97,27.1,1557.76
2025-04-12,Best Serum for Dry Skin,Hydrating Serum,buy hydrating face serum online,Exact match,Tier 1 - High Intent,True,True,13086,321,677.29,23.4,1215.75
2025-04-12,Best Serum for Dry Skin,Natural Serum,natural skincare routine,Phrase match,Tier 2 - Mid Intent,True,False,6759,176,331.62,12.9,641.43
2025-04-12,Best Serum for Dry Skin,Broad Skincare,skincare,Broad match,Untiered - Broad,False,False,6672,177,321.02,12.3,656.75
2025-04-12,Brand Defense,Brand Core,pureglow skincare,Exact match,Tier 3 - Brand Defense,False,True,6823,148,294.18,10.0,579.34
2025-04-12,Brand Defense,Brand Bundle,pureglow spf bundle,Exact match,Tier 3 - Brand Defense,False,True,2885,69,153.76,4.7,294.99
2025-04-12,Brand Defense,Brand Product,pureglow vitamin c serum,Exact match,Tier 3 - Brand Defense,False,True,5408,121,223.41,8.2,483.67
2025-04-12,SPF Moisturizer Bundle,Daily SPF,buy spf moisturizer online,Exact match,Tier 1 - High Intent,True,True,9214,230,420.06,13.9,811.78
2025-04-12,SPF Moisturizer Bundle,Broad Moisturizer,moisturizer,Broad match,Untiered - Broad,False,False,6317,143,264.81,9.2,551.78
2025-04-12,SPF Moisturizer Bundle,SPF Bundle,spf moisturizer bundle,Exact match,Tier 1 - High Intent,True,True,11845,312,572.23,19.7,1291.41
2025-04-12,SPF Moisturizer Bundle,Vegan SPF,vegan spf moisturizer,Phrase match,Tier 2 - Mid Intent,True,True,4828,124,249.35,7.5,520.38
2025-04-12,Skincare Routine Quiz,Routine Quiz,best skincare routine for dry skin,Phrase match,Tier 2 - Mid Intent,True,True,9236,187,410.48,13.2,748.35
2025-04-12,Skincare Routine Quiz,Plant Based,plant based moisturizer,Phrase match,Tier 2 - Mid Intent,True,True,8136,172,353.67,11.0,741.06
2025-04-13,Best Serum for Dry Skin,Vitamin C Serum,best vitamin c serum for dry skin,Exact match,Tier 1 - High Intent,True,True,15939,373,708.53,22.7,1525.1
2025-04-13,Best Serum for Dry Skin,Hydrating Serum,buy hydrating face serum online,Exact match,Tier 1 - High Intent,True,True,12755,293,603.72,18.1,1278.47
2025-04-13,Best Serum for Dry Skin,Natural Serum,natural skincare routine,Phrase match,Tier 2 - Mid Intent,True,False,7659,158,320.74,10.0,630.79
2025-04-13,Best Serum for Dry Skin,Broad Skincare,skincare,Broad match,Untiered - Broad,False,False,7305,161,297.73,10.2,709.61
2025-04-13,Brand Defense,Brand Core,pureglow skincare,Exact match,Tier 3 - Brand Defense,False,True,6484,140,280.95,8.3,575.62
2025-04-13,Brand Defense,Brand Bundle,pureglow spf bundle,Exact match,Tier 3 - Brand Defense,False,True,3190,65,147.21,4.4,270.07
2025-04-13,Brand Defense,Brand Product,pureglow vitamin c serum,Exact match,Tier 3 - Brand Defense,False,True,4992,115,243.55,8.4,499.07
2025-04-13,SPF Moisturizer Bundle,Daily SPF,buy spf moisturizer online,Exact match,Tier 1 - High Intent,True,True,9250,211,410.03,12.6,806.71
2025-04-13,SPF Moisturizer Bundle,Broad Moisturizer,moisturizer,Broad match,Untiered - Broad,False,False,6142,130,262.15,9.0,604.47
2025-04-13,SPF Moisturizer Bundle,SPF Bundle,spf moisturizer bundle,Exact match,Tier 1 - High Intent,True,True,12428,271,567.78,17.5,1192.76
2025-04-13,SPF Moisturizer Bundle,Vegan SPF,vegan spf moisturizer,Phrase match,Tier 2 - Mid Intent,True,True,5634,106,238.07,7.1,472.79
2025-04-13,Skincare Routine Quiz,Routine Quiz,best skincare routine for dry skin,Phrase match,Tier 2 - Mid Intent,True,True,8053,170,371.89,11.2,694.19
2025-04-13,Skincare Routine Quiz,Plant Based,plant based moisturizer,Phrase match,Tier 2 - Mid Intent,True,True,7654,142,323.86,10.0,612.07
2025-04-14,Best Serum for Dry Skin,Vitamin C Serum,best vitamin c serum for dry skin,Exact match,Tier 1 - High Intent,True,True,13074,310,675.46,25.6,1331.85
2025-04-14,Best Serum for Dry Skin,Hydrating Serum,buy hydrating face serum online,Exact match,Tier 1 - High Intent,True,True,11907,268,522.45,20.9,1094.16
2025-04-14,Best Serum for Dry Skin,Natural Serum,natural skincare routine,Phrase match,Tier 2 - Mid Intent,True,False,6705,129,286.03,9.4,661.87
2025-04-14,Best Serum for Dry Skin,Broad Skincare,skincare,Broad match,Untiered - Broad,False,False,6498,134,290.67,10.8,603.47
2025-04-14,Brand Defense,Brand Core,pureglow skincare,Exact match,Tier 3 - Brand Defense,False,True,5322,121,238.02,7.8,531.34
2025-04-14,Brand Defense,Brand Bundle,pureglow spf bundle,Exact match,Tier 3 - Brand Defense,False,True,2892,61,125.39,4.4,236.73
2025-04-14,Brand Defense,Brand Product,pureglow vitamin c serum,Exact match,Tier 3 - Brand Defense,False,True,4647,97,197.72,6.8,449.81
2025-04-14,SPF Moisturizer Bundle,Daily SPF,buy spf moisturizer online,Exact match,Tier 1 - High Intent,True,True,7458,160,394.3,13.3,828.15
2025-04-14,SPF Moisturizer Bundle,Broad Moisturizer,moisturizer,Broad match,Untiered - Broad,False,False,5736,121,237.13,9.5,468.09
2025-04-14,SPF Moisturizer Bundle,SPF Bundle,spf moisturizer bundle,Exact match,Tier 1 - High Intent,True,True,11023,250,499.94,17.4,1130.56
2025-04-14,SPF Moisturizer Bundle,Vegan SPF,vegan spf moisturizer,Phrase match,Tier 2 - Mid Intent,True,True,4671,100,199.37,8.2,469.43
2025-04-14,Skincare Routine Quiz,Routine Quiz,best skincare routine for dry skin,Phrase match,Tier 2 - Mid Intent,True,True,7794,157,311.54,11.3,670.77
2025-04-14,Skincare Routine Quiz,Plant Based,plant based moisturizer,Phrase match,Tier 2 - Mid Intent,True,True,5896,127,308.14,9.3,645.49
2025-04-15,Best Serum for Dry Skin,Vitamin C Serum,best vitamin c serum for dry skin,Exact match,Tier 1 - High Intent,True,True,15961,325,661.2,24.7,1324.73
2025-04-15,Best Serum for Dry Skin,Hydrating Serum,buy hydrating face serum online,Exact match,Tier 1 - High Intent,True,True,13001,252,511.67,16.9,1093.52
2025-04-15,Best Serum for Dry Skin,Natural Serum,natural skincare routine,Phrase match,Tier 2 - Mid Intent,True,False,6101,146,302.15,9.4,560.13
2025-04-15,Best Serum for Dry Skin,Broad Skincare,skincare,Broad match,Untiered - Broad,False,False,5831,129,296.03,9.4,592.11
2025-04-15,Brand Defense,Brand Core,pureglow skincare,Exact match,Tier 3 - Brand Defense,False,True,5982,119,252.73,8.0,563.94
2025-04-15,Brand Defense,Brand Bundle,pureglow spf bundle,Exact match,Tier 3 - Brand Defense,False,True,2739,62,136.05,4.6,274.6
2025-04-15,Brand Defense,Brand Product,pureglow vitamin c serum,Exact match,Tier 3 - Brand Defense,False,True,4154,103,197.11,6.6,461.7
2025-04-15,SPF Moisturizer Bundle,Daily SPF,buy spf moisturizer online,Exact match,Tier 1 - High Intent,True,True,7752,176,408.42,13.8,866.28
2025-04-15,SPF Moisturizer Bundle,Broad Moisturizer,moisturizer,Broad match,Untiered - Broad,False,False,5645,126,234.35,8.8,534.04
2025-04-15,SPF Moisturizer Bundle,SPF Bundle,spf moisturizer bundle,Exact match,Tier 1 - High Intent,True,True,10754,230,481.2,16.7,1085.07
2025-04-15,SPF Moisturizer Bundle,Vegan SPF,vegan spf moisturizer,Phrase match,Tier 2 - Mid Intent,True,True,4778,101,215.61,7.6,419.1
2025-04-15,Skincare Routine Quiz,Routine Quiz,best skincare routine for dry skin,Phrase match,Tier 2 - Mid Intent,True,True,6991,157,318.68,12.8,681.13
2025-04-15,Skincare Routine Quiz,Plant Based,plant based moisturizer,Phrase match,Tier 2 - Mid Intent,True,True,6540,150,293.42,9.9,610.48
2025-04-16,Best Serum for Dry Skin,Vitamin C Serum,best vitamin c serum for dry skin,Exact match,Tier 1 - High Intent,True,True,16581,341,718.62,27.1,1660.63
2025-04-16,Best Serum for Dry Skin,Hydrating Serum,buy hydrating face serum online,Exact match,Tier 1 - High Intent,True,True,14532,285,565.16,18.6,1336.09
2025-04-16,Best Serum for Dry Skin,Natural Serum,natural skincare routine,Phrase match,Tier 2 - Mid Intent,True,False,6599,143,330.62,10.1,621.5
2025-04-16,Best Serum for Dry Skin,Broad Skincare,skincare,Broad match,Untiered - Broad,False,False,7428,147,319.7,11.1,697.77
2025-04-16,Brand Defense,Brand Core,pureglow skincare,Exact match,Tier 3 - Brand Defense,False,True,6479,129,264.11,8.5,590.28
2025-04-16,Brand Defense,Brand Bundle,pureglow spf bundle,Exact match,Tier 3 - Brand Defense,False,True,2827,68,124.28,5.0,306.51
2025-04-16,Brand Defense,Brand Product,pureglow vitamin c serum,Exact match,Tier 3 - Brand Defense,False,True,5076,105,219.83,7.1,467.43
2025-04-16,SPF Moisturizer Bundle,Daily SPF,buy spf moisturizer online,Exact match,Tier 1 - High Intent,True,True,9647,186,427.73,13.0,870.33
2025-04-16,SPF Moisturizer Bundle,Broad Moisturizer,moisturizer,Broad match,Untiered - Broad,False,False,5531,128,261.88,9.5,605.88
2025-04-16,SPF Moisturizer Bundle,SPF Bundle,spf moisturizer bundle,Exact match,Tier 1 - High Intent,True,True,12967,282,561.33,18.3,1229.51
2025-04-16,SPF Moisturizer Bundle,Vegan SPF,vegan spf moisturizer,Phrase match,Tier 2 - Mid Intent,True,True,4910,115,217.04,7.7,487.42
2025-04-16,Skincare Routine Quiz,Routine Quiz,best skincare routine for dry skin,Phrase match,Tier 2 - Mid Intent,True,True,7891,183,385.33,13.4,827.01
2025-04-16,Skincare Routine Quiz,Plant Based,plant based moisturizer,Phrase match,Tier 2 - Mid Intent,True,True,6766,150,300.5,11.9,687.71
2025-04-17,Best Serum for Dry Skin,Vitamin C Serum,best vitamin c serum for dry skin,Exact match,Tier 1 - High Intent,True,True,13162,284,631.01,22.7,1261.56
2025-04-17,Best Serum for Dry Skin,Hydrating Serum,buy hydrating face serum online,Exact match,Tier 1 - High Intent,True,True,11649,238,544.32,18.2,1064.7
2025-04-17,Best Serum for Dry Skin,Natural Serum,natural skincare routine,Phrase match,Tier 2 - Mid Intent,True,False,5314,132,262.14,8.9,577.8
2025-04-17,Best Serum for Dry Skin,Broad Skincare,skincare,Broad match,Untiered - Broad,False,False,5852,139,282.32,9.7,602.43
2025-04-17,Brand Defense,Brand Core,pureglow skincare,Exact match,Tier 3 - Brand Defense,False,True,5132,117,231.13,8.7,542.11
2025-04-17,Brand Defense,Brand Bundle,pureglow spf bundle,Exact match,Tier 3 - Brand Defense,False,True,2532,60,115.31,3.7,248.28
2025-04-17,Brand Defense,Brand Product,pureglow vitamin c serum,Exact match,Tier 3 - Brand Defense,False,True,4204,100,196.95,7.3,394.13
2025-04-17,SPF Moisturizer Bundle,Daily SPF,buy spf moisturizer online,Exact match,Tier 1 - High Intent,True,True,7337,164,341.21,13.9,734.64
2025-04-17,SPF Moisturizer Bundle,Broad Moisturizer,moisturizer,Broad match,Untiered - Broad,False,False,5005,112,253.4,7.9,522.28
2025-04-17,SPF Moisturizer Bundle,SPF Bundle,spf moisturizer bundle,Exact match,Tier 1 - High Intent,True,True,9610,233,525.25,16.9,943.15
2025-04-17,SPF Moisturizer Bundle,Vegan SPF,vegan spf moisturizer,Phrase match,Tier 2 - Mid Intent,True,True,4574,99,220.51,7.3,433.52
2025-04-17,Skincare Routine Quiz,Routine Quiz,best skincare routine for dry skin,Phrase match,Tier 2 - Mid Intent,True,True,6431,162,343.55,11.9,690.87
2025-04-17,Skincare Routine Quiz,Plant Based,plant based moisturizer,Phrase match,Tier 2 - Mid Intent,True,True,5455,134,284.43,8.6,553.4
2025-04-18,Best Serum for Dry Skin,Vitamin C Serum,best vitamin c serum for dry skin,Exact match,Tier 1 - High Intent,True,True,16470,350,765.06,27.7,1760.31
2025-04-18,Best Serum for Dry Skin,Hydrating Serum,buy hydrating face serum online,Exact match,Tier 1 - High Intent,True,True,13221,305,653.43,21.8,1305.78
2025-04-18,Best Serum for Dry Skin,Natural Serum,natural skincare routine,Phrase match,Tier 2 - Mid Intent,True,False,7288,153,320.33,10.9,718.51
2025-04-18,Best Serum for Dry Skin,Broad Skincare,skincare,Broad match,Untiered - Broad,False,False,6976,147,300.52,12.3,708.59
2025-04-18,Brand Defense,Brand Core,pureglow skincare,Exact match,Tier 3 - Brand Defense,False,True,5324,129,273.54,8.6,581.69
2025-04-18,Brand Defense,Brand Bundle,pureglow spf bundle,Exact match,Tier 3 - Brand Defense,False,True,3177,67,143.7,4.9,318.42
2025-04-18,Brand Defense,Brand Product,pureglow vitamin c serum,Exact match,Tier 3 - Brand Defense,False,True,4934,103,238.52,7.6,518.42
2025-04-18,SPF Moisturizer Bundle,Daily SPF,buy spf moisturizer online,Exact match,Tier 1 - High Intent,True,True,9516,202,431.03,16.2,986.14
2025-04-18,SPF Moisturizer Bundle,Broad Moisturizer,moisturizer,Broad match,Untiered - Broad,False,False,5347,139,255.96,9.7,635.28
2025-04-18,SPF Moisturizer Bundle,SPF Bundle,spf moisturizer bundle,Exact match,Tier 1 - High Intent,True,True,11442,272,524.4,18.3,1163.44
2025-04-18,SPF Moisturizer Bundle,Vegan SPF,vegan spf moisturizer,Phrase match,Tier 2 - Mid Intent,True,True,4830,116,248.11,7.6,461.81
2025-04-18,Skincare Routine Quiz,Routine Quiz,best skincare routine for dry skin,Phrase match,Tier 2 - Mid Intent,True,True,7272,171,352.55,11.7,773.99
2025-04-18,Skincare Routine Quiz,Plant Based,plant based moisturizer,Phrase match,Tier 2 - Mid Intent,True,True,6417,166,318.26,10.4,684.52
2025-04-19,Best Serum for Dry Skin,Vitamin C Serum,best vitamin c serum for dry skin,Exact match,Tier 1 - High Intent,True,True,16077,372,671.36,22.9,1598.29
2025-04-19,Best Serum for Dry Skin,Hydrating Serum,buy hydrating face serum online,Exact match,Tier 1 - High Intent,True,True,14217,291,544.9,22.1,1400.7
2025-04-19,Best Serum for Dry Skin,Natural Serum,natural skincare routine,Phrase match,Tier 2 - Mid Intent,True,False,6850,145,309.57,11.4,741.62
2025-04-19,Best Serum for Dry Skin,Broad Skincare,skincare,Broad match,Untiered - Broad,False,False,7443,152,305.78,9.7,726.01
2025-04-19,Brand Defense,Brand Core,pureglow skincare,Exact match,Tier 3 - Brand Defense,False,True,5644,136,253.45,8.6,562.58
2025-04-19,Brand Defense,Brand Bundle,pureglow spf bundle,Exact match,Tier 3 - Brand Defense,False,True,3343,62,142.25,5.3,292.45
2025-04-19,Brand Defense,Brand Product,pureglow vitamin c serum,Exact match,Tier 3 - Brand Defense,False,True,4751,115,224.08,8.7,519.61
2025-04-19,SPF Moisturizer Bundle,Daily SPF,buy spf moisturizer online,Exact match,Tier 1 - High Intent,True,True,8577,209,423.1,15.5,851.01
2025-04-19,SPF Moisturizer Bundle,Broad Moisturizer,moisturizer,Broad match,Untiered - Broad,False,False,6062,123,247.66,10.5,561.57
2025-04-19,SPF Moisturizer Bundle,SPF Bundle,spf moisturizer bundle,Exact match,Tier 1 - High Intent,True,True,11727,256,513.61,18.0,1094.83
2025-04-19,SPF Moisturizer Bundle,Vegan SPF,vegan spf moisturizer,Phrase match,Tier 2 - Mid Intent,True,True,5211,121,240.26,7.5,528.18
2025-04-19,Skincare Routine Quiz,Routine Quiz,best skincare routine for dry skin,Phrase match,Tier 2 - Mid Intent,True,True,8549,195,373.44,13.6,790.2
2025-04-19,Skincare Routine Quiz,Plant Based,plant based moisturizer,Phrase match,Tier 2 - Mid Intent,True,True,6801,164,335.0,10.8,657.79
2025-04-20,Best Serum for Dry Skin,Vitamin C Serum,best vitamin c serum for dry skin,Exact match,Tier 1 - High Intent,True,True,16058,311,683.37,24.3,1492.92
2025-04-20,Best Serum for Dry Skin,Hydrating Serum,buy hydrating face serum online,Exact match,Tier 1 - High Intent,True,True,11993,255,548.22,22.3,1090.59
2025-04-20,Best Serum for Dry Skin,Natural Serum,natural skincare routine,Phrase match,Tier 2 - Mid Intent,True,False,6237,140,308.92,10.4,646.57
2025-04-20,Best Serum for Dry Skin,Broad Skincare,skincare,Broad match,Untiered - Broad,False,False,5742,145,284.0,9.4,567.03
2025-04-20,Brand Defense,Brand Core,pureglow skincare,Exact match,Tier 3 - Brand Defense,False,True,4916,117,241.07,9.5,586.38
2025-04-20,Brand Defense,Brand Bundle,pureglow spf bundle,Exact match,Tier 3 - Brand Defense,False,True,2981,60,130.54,4.9,298.11
2025-04-20,Brand Defense,Brand Product,pureglow vitamin c serum,Exact match,Tier 3 - Brand Defense,False,True,4496,106,200.47,7.4,454.17
2025-04-20,SPF Moisturizer Bundle,Daily SPF,buy spf moisturizer online,Exact match,Tier 1 - High Intent,True,True,8745,175,369.99,14.6,805.98
2025-04-20,SPF Moisturizer Bundle,Broad Moisturizer,moisturizer,Broad match,Untiered - Broad,False,False,4824,128,251.35,9.9,509.91
2025-04-20,SPF Moisturizer Bundle,SPF Bundle,spf moisturizer bundle,Exact match,Tier 1 - High Intent,True,True,10038,245,485.21,18.8,1026.17
2025-04-20,SPF Moisturizer Bundle,Vegan SPF,vegan spf moisturizer,Phrase match,Tier 2 - Mid Intent,True,True,4965,102,220.02,7.6,487.16
2025-04-20,Skincare Routine Quiz,Routine Quiz,best skincare routine for dry skin,Phrase match,Tier 2 - Mid Intent,True,True,7722,157,337.78,12.7,738.32
2025-04-20,Skincare Routine Quiz,Plant Based,plant based moisturizer,Phrase match,Tier 2 - Mid Intent,True,True,6140,133,294.14,11.9,650.93
2025-04-21,Best Serum for Dry Skin,Vitamin C Serum,best vitamin c serum for dry skin,Exact match,Tier 1 - High Intent,True,True,15194,369,653.08,26.4,1638.04
2025-04-21,Best Serum for Dry Skin,Hydrating Serum,buy hydrating face serum online,Exact match,Tier 1 - High Intent,True,True,12814,270,563.48,18.7,1391.73
2025-04-21,Best Serum for Dry Skin,Natural Serum,natural skincare routine,Phrase match,Tier 2 - Mid Intent,True,False,6115,156,312.15,11.6,723.77
2025-04-21,Best Serum for Dry Skin,Broad Skincare,skincare,Broad match,Untiered - Broad,False,False,6997,139,303.78,11.5,633.94
2025-04-21,Brand Defense,Brand Core,pureglow skincare,Exact match,Tier 3 - Brand Defense,False,True,6305,138,247.39,10.2,552.16
2025-04-21,Brand Defense,Brand Bundle,pureglow spf bundle,Exact match,Tier 3 - Brand Defense,False,True,2968,66,132.12,4.2,276.31
2025-04-21,Brand Defense,Brand Product,pureglow vitamin c serum,Exact match,Tier 3 - Brand Defense,False,True,4759,105,229.84,7.0,448.45
2025-04-21,SPF Moisturizer Bundle,Daily SPF,buy spf moisturizer online,Exact match,Tier 1 - High Intent,True,True,7971,200,405.49,12.5,919.96
2025-04-21,SPF Moisturizer Bundle,Broad Moisturizer,moisturizer,Broad match,Untiered - Broad,False,False,5957,131,254.4,8.3,520.72
2025-04-21,SPF Moisturizer Bundle,SPF Bundle,spf moisturizer bundle,Exact match,Tier 1 - High Intent,True,True,10939,255,490.04,16.7,1147.22
2025-04-21,SPF Moisturizer Bundle,Vegan SPF,vegan spf moisturizer,Phrase match,Tier 2 - Mid Intent,True,True,4672,119,205.62,8.3,468.98
2025-04-21,Skincare Routine Quiz,Routine Quiz,best skincare routine for dry skin,Phrase match,Tier 2 - Mid Intent,True,True,8079,182,328.98,10.9,834.44
2025-04-21,Skincare Routine Quiz,Plant Based,plant based moisturizer,Phrase match,Tier 2 - Mid Intent,True,True,6991,146,282.3,9.5,704.94
2025-04-22,Best Serum for Dry Skin,Vitamin C Serum,best vitamin c serum for dry skin,Exact match,Tier 1 - High Intent,True,True,13706,311,672.1,23.2,1288.61
2025-04-22,Best Serum for Dry Skin,Hydrating Serum,buy hydrating face serum online,Exact match,Tier 1 - High Intent,True,True,9749,258,542.7,19.6,1069.39
2025-04-22,Best Serum for Dry Skin,Natural Serum,natural skincare routine,Phrase match,Tier 2 - Mid Intent,True,False,5860,139,291.86,10.5,615.68
2025-04-22,Best Serum for Dry Skin,Broad Skincare,skincare,Broad match,Untiered - Broad,False,False,5405,126,249.04,8.4,559.76
2025-04-22,Brand Defense,Brand Core,pureglow skincare,Exact match,Tier 3 - Brand Defense,False,True,5384,108,253.7,7.6,556.17
2025-04-22,Brand Defense,Brand Bundle,pureglow spf bundle,Exact match,Tier 3 - Brand Defense,False,True,2427,60,124.26,3.9,245.95
2025-04-22,Brand Defense,Brand Product,pureglow vitamin c serum,Exact match,Tier 3 - Brand Defense,False,True,3730,102,204.89,6.3,428.38
2025-04-22,SPF Moisturizer Bundle,Daily SPF,buy spf moisturizer online,Exact match,Tier 1 - High Intent,True,True,7691,172,354.37,12.6,761.18
2025-04-22,SPF Moisturizer Bundle,Broad Moisturizer,moisturizer,Broad match,Untiered - Broad,False,False,5210,110,222.67,8.1,545.04
2025-04-22,SPF Moisturizer Bundle,SPF Bundle,spf moisturizer bundle,Exact match,Tier 1 - High Intent,True,True,9214,220,450.37,16.8,1088.67
2025-04-22,SPF Moisturizer Bundle,Vegan SPF,vegan spf moisturizer,Phrase match,Tier 2 - Mid Intent,True,True,4225,92,203.4,6.1,450.53
2025-04-22,Skincare Routine Quiz,Routine Quiz,best skincare routine for dry skin,Phrase match,Tier 2 - Mid Intent,True,True,6194,157,307.98,12.3,715.92
2025-04-22,Skincare Routine Quiz,Plant Based,plant based moisturizer,Phrase match,Tier 2 - Mid Intent,True,True,6010,141,288.97,9.0,641.96
2025-04-23,Best Serum for Dry Skin,Vitamin C Serum,best vitamin c serum for dry skin,Exact match,Tier 1 - High Intent,True,True,13729,329,656.0,26.4,1646.91
2025-04-23,Best Serum for Dry Skin,Hydrating Serum,buy hydrating face serum online,Exact match,Tier 1 - High Intent,True,True,11588,272,533.33,18.3,1361.99
2025-04-23,Best Serum for Dry Skin,Natural Serum,natural skincare routine,Phrase match,Tier 2 - Mid Intent,True,False,6441,153,299.84,11.1,725.55
2025-04-23,Best Serum for Dry Skin,Broad Skincare,skincare,Broad match,Untiered - Broad,False,False,6246,151,295.91,11.3,610.22
2025-04-23,Brand Defense,Brand Core,pureglow skincare,Exact match,Tier 3 - Brand Defense,False,True,5403,130,268.68,10.0,561.88
2025-04-23,Brand Defense,Brand Bundle,pureglow spf bundle,Exact match,Tier 3 - Brand Defense,False,True,3070,64,119.43,4.4,263.43
2025-04-23,Brand Defense,Brand Product,pureglow vitamin c serum,Exact match,Tier 3 - Brand Defense,False,True,4341,96,218.19,7.6,445.63
2025-04-23,SPF Moisturizer Bundle,Daily SPF,buy spf moisturizer online,Exact match,Tier 1 - High Intent,True,True,9333,184,365.91,12.5,873.74
2025-04-23,SPF Moisturizer Bundle,Broad Moisturizer,moisturizer,Broad match,Untiered - Broad,False,False,5164,114,249.31,10.0,551.41
2025-04-23,SPF Moisturizer Bundle,SPF Bundle,spf moisturizer bundle,Exact match,Tier 1 - High Intent,True,True,11362,258,489.73,20.6,1084.35
2025-04-23,SPF Moisturizer Bundle,Vegan SPF,vegan spf moisturizer,Phrase match,Tier 2 - Mid Intent,True,True,4294,104,219.47,8.4,520.19
2025-04-23,Skincare Routine Quiz,Routine Quiz,best skincare routine for dry skin,Phrase match,Tier 2 - Mid Intent,True,True,7566,178,323.47,13.6,729.17
2025-04-23,Skincare Routine Quiz,Plant Based,plant based moisturizer,Phrase match,Tier 2 - Mid Intent,True,True,6606,154,290.36,11.5,716.54
2025-04-24,Best Serum for Dry Skin,Vitamin C Serum,best vitamin c serum for dry skin,Exact match,Tier 1 - High Intent,True,True,12934,288,641.68,24.2,1442.22
2025-04-24,Best Serum for Dry Skin,Hydrating Serum,buy hydrating face serum online,Exact match,Tier 1 - High Intent,True,True,10282,259,469.42,16.7,1051.17
2025-04-24,Best Serum for Dry Skin,Natural Serum,natural skincare routine,Phrase match,Tier 2 - Mid Intent,True,False,6272,136,268.71,9.4,557.31
2025-04-24,Best Serum for Dry Skin,Broad Skincare,skincare,Broad match,Untiered - Broad,False,False,6237,135,256.48,9.8,635.62
2025-04-24,Brand Defense,Brand Core,pureglow skincare,Exact match,Tier 3 - Brand Defense,False,True,5477,118,214.52,9.1,524.88
2025-04-24,Brand Defense,Brand Bundle,pureglow spf bundle,Exact match,Tier 3 - Brand Defense,False,True,2736,56,113.66,4.2,244.37
2025-04-24,Brand Defense,Brand Product,pureglow vitamin c serum,Exact match,Tier 3 - Brand Defense,False,True,4505,100,181.09,7.5,450.94
2025-04-24,SPF Moisturizer Bundle,Daily SPF,buy spf moisturizer online,Exact match,Tier 1 - High Intent,True,True,7119,176,331.49,12.4,817.62
2025-04-24,SPF Moisturizer Bundle,Broad Moisturizer,moisturizer,Broad match,Untiered - Broad,False,False,5221,118,243.37,8.7,533.18
2025-04-24,SPF Moisturizer Bundle,SPF Bundle,spf moisturizer bundle,Exact match,Tier 1 - High Intent,True,True,9893,237,502.44,17.5,1101.6
2025-04-24,SPF Moisturizer Bundle,Vegan SPF,vegan spf moisturizer,Phrase match,Tier 2 - Mid Intent,True,True,4050,90,196.03,8.1,414.15
2025-04-24,Skincare Routine Quiz,Routine Quiz,best skincare routine for dry skin,Phrase match,Tier 2 - Mid Intent,True,True,7129,149,327.7,10.5,731.04
2025-04-24,Skincare Routine Quiz,Plant Based,plant based moisturizer,Phrase match,Tier 2 - Mid Intent,True,True,5826,131,278.85,10.6,593.93
2025-04-25,Best Serum for Dry Skin,Vitamin C Serum,best vitamin c serum for dry skin,Exact match,Tier 1 - High Intent,True,True,14139,309,695.5,27.0,1624.5
2025-04-25,Best Serum for Dry Skin,Hydrating Serum,buy hydrating face serum online,Exact match,Tier 1 - High Intent,True,True,10755,261,558.12,21.4,1332.29
2025-04-25,Best Serum for Dry Skin,Natural Serum,natural skincare routine,Phrase match,Tier 2 - Mid Intent,True,False,5684,140,278.89,11.7,615.58
2025-04-25,Best Serum for Dry Skin,Broad Skincare,skincare,Broad match,Untiered - Broad,False,False,6400,139,273.48,9.5,645.54
2025-04-25,Brand Defense,Brand Core,pureglow skincare,Exact match,Tier 3 - Brand Defense,False,True,5037,117,241.12,8.0,508.11
2025-04-25,Brand Defense,Brand Bundle,pureglow spf bundle,Exact match,Tier 3 - Brand Defense,False,True,2695,62,133.85,4.1,277.15
2025-04-25,Brand Defense,Brand Product,pureglow vitamin c serum,Exact match,Tier 3 - Brand Defense,False,True,4710,107,204.05,7.3,457.47
2025-04-25,SPF Moisturizer Bundle,Daily SPF,buy spf moisturizer online,Exact match,Tier 1 - High Intent,True,True,7512,180,352.7,14.6,772.92
2025-04-25,SPF Moisturizer Bundle,Broad Moisturizer,moisturizer,Broad match,Untiered - Broad,False,False,5120,116,256.84,8.3,532.53
2025-04-25,SPF Moisturizer Bundle,SPF Bundle,spf moisturizer bundle,Exact match,Tier 1 - High Intent,True,True,11302,254,496.28,20.2,1168.1
2025-04-25,SPF Moisturizer Bundle,Vegan SPF,vegan spf moisturizer,Phrase match,Tier 2 - Mid Intent,True,True,4300,96,195.95,7.7,514.96
2025-04-25,Skincare Routine Quiz,Routine Quiz,best skincare routine for dry skin,Phrase match,Tier 2 - Mid Intent,True,True,7576,151,348.75,13.6,818.89
2025-04-25,Skincare Routine Quiz,Plant Based,plant based moisturizer,Phrase match,Tier 2 - Mid Intent,True,True,6524,148,282.6,11.7,607.06
2025-04-26,Best Serum for Dry Skin,Vitamin C Serum,best vitamin c serum for dry skin,Exact match,Tier 1 - High Intent,True,True,13227,336,646.24,24.0,1596.46
2025-04-26,Best Serum for Dry Skin,Hydrating Serum,buy hydrating face serum online,Exact match,Tier 1 - High Intent,True,True,11486,292,564.39,18.1,1255.74
2025-04-26,Best Serum for Dry Skin,Natural Serum,natural skincare routine,Phrase match,Tier 2 - Mid Intent,True,False,5947,140,286.89,10.6,699.29
2025-04-26,Best Serum for Dry Skin,Broad Skincare,skincare,Broad match,Untiered - Broad,False,False,6169,134,297.96,10.4,633.3
2025-04-26,Brand Defense,Brand Core,pureglow skincare,Exact match,Tier 3 - Brand Defense,False,True,5320,129,264.32,9.9,574.33
2025-04-26,Brand Defense,Brand Bundle,pureglow spf bundle,Exact match,Tier 3 - Brand Defense,False,True,2742,69,120.6,4.9,276.53
2025-04-26,Brand Defense,Brand Product,pureglow vitamin c serum,Exact match,Tier 3 - Brand Defense,False,True,4457,107,227.08,7.1,475.15
2025-04-26,SPF Moisturizer Bundle,Daily SPF,buy spf moisturizer online,Exact match,Tier 1 - High Intent,True,True,8482,200,365.12,12.2,779.4
2025-04-26,SPF Moisturizer Bundle,Broad Moisturizer,moisturizer,Broad match,Untiered - Broad,False,False,5675,123,258.66,9.9,592.42
2025-04-26,SPF Moisturizer Bundle,SPF Bundle,spf moisturizer bundle,Exact match,Tier 1 - High Intent,True,True,11561,265,532.03,19.1,1096.97
2025-04-26,SPF Moisturizer Bundle,Vegan SPF,vegan spf moisturizer,Phrase match,Tier 2 - Mid Intent,True,True,4190,114,215.53,7.5,480.61
2025-04-26,Skincare Routine Quiz,Routine Quiz,best skincare routine for dry skin,Phrase match,Tier 2 - Mid Intent,True,True,7143,175,368.44,13.7,794.55
2025-04-26,Skincare Routine Quiz,Plant Based,plant based moisturizer,Phrase match,Tier 2 - Mid Intent,True,True,6696,150,302.79,9.7,697.8
2025-04-27,Best Serum for Dry Skin,Vitamin C Serum,best vitamin c serum for dry skin,Exact match,Tier 1 - High Intent,True,True,14306,340,695.34,25.1,1720.73
2025-04-27,Best Serum for Dry Skin,Hydrating Serum,buy hydrating face serum online,Exact match,Tier 1 - High Intent,True,True,12449,273,560.56,22.6,1245.14
2025-04-27,Best Serum for Dry Skin,Natural Serum,natural skincare routine,Phrase match,Tier 2 - Mid Intent,True,False,6393,162,295.68,11.7,753.15
2025-04-27,Best Serum for Dry Skin,Broad Skincare,skincare,Broad match,Untiered - Broad,False,False,6599,157,319.21,11.2,700.88
2025-04-27,Brand Defense,Brand Core,pureglow skincare,Exact match,Tier 3 - Brand Defense,False,True,5275,134,286.56,10.3,553.91
2025-04-27,Brand Defense,Brand Bundle,pureglow spf bundle,Exact match,Tier 3 - Brand Defense,False,True,3058,67,137.37,4.6,318.7
2025-04-27,Brand Defense,Brand Product,pureglow vitamin c serum,Exact match,Tier 3 - Brand Defense,False,True,4840,118,238.4,8.1,469.64
2025-04-27,SPF Moisturizer Bundle,Daily SPF,buy spf moisturizer online,Exact match,Tier 1 - High Intent,True,True,8315,193,397.79,14.9,914.45
2025-04-27,SPF Moisturizer Bundle,Broad Moisturizer,moisturizer,Broad match,Untiered - Broad,False,False,6024,132,236.72,8.5,561.49
2025-04-27,SPF Moisturizer Bundle,SPF Bundle,spf moisturizer bundle,Exact match,Tier 1 - High Intent,True,True,10865,256,535.64,19.6,1179.21
2025-04-27,SPF Moisturizer Bundle,Vegan SPF,vegan spf moisturizer,Phrase match,Tier 2 - Mid Intent,True,True,5035,105,215.55,8.8,491.87
2025-04-27,Skincare Routine Quiz,Routine Quiz,best skincare routine for dry skin,Phrase match,Tier 2 - Mid Intent,True,True,7798,186,360.02,13.8,859.95
2025-04-27,Skincare Routine Quiz,Plant Based,plant based moisturizer,Phrase match,Tier 2 - Mid Intent,True,True,6543,167,331.84,12.2,761.93
2025-04-28,Best Serum for Dry Skin,Vitamin C Serum,best vitamin c serum for dry skin,Exact match,Tier 1 - High Intent,True,True,13118,322,630.04,25.3,1450.82
2025-04-28,Best Serum for Dry Skin,Hydrating Serum,buy hydrating face serum online,Exact match,Tier 1 - High Intent,True,True,11179,268,516.27,22.5,1161.57
2025-04-28,Best Serum for Dry Skin,Natural Serum,natural skincare routine,Phrase match,Tier 2 - Mid Intent,True,False,6217,134,289.79,11.7,676.02
2025-04-28,Best Serum for Dry Skin,Broad Skincare,skincare,Broad match,Untiered - Broad,False,False,5546,136,297.24,10.3,649.7
2025-04-28,Brand Defense,Brand Core,pureglow skincare,Exact match,Tier 3 - Brand Defense,False,True,4873,122,247.0,9.6,541.87
2025-04-28,Brand Defense,Brand Bundle,pureglow spf bundle,Exact match,Tier 3 - Brand Defense,False,True,2559,57,121.47,5.1,270.19
2025-04-28,Brand Defense,Brand Product,pureglow vitamin c serum,Exact match,Tier 3 - Brand Defense,False,True,4342,101,204.29,7.0,446.91
2025-04-28,SPF Moisturizer Bundle,Daily SPF,buy spf moisturizer online,Exact match,Tier 1 - High Intent,True,True,7988,181,408.07,15.0,801.83
2025-04-28,SPF Moisturizer Bundle,Broad Moisturizer,moisturizer,Broad match,Untiered - Broad,False,False,5464,122,227.13,8.5,560.91
2025-04-28,SPF Moisturizer Bundle,SPF Bundle,spf moisturizer bundle,Exact match,Tier 1 - High Intent,True,True,10936,229,468.15,18.8,1137.33
2025-04-28,SPF Moisturizer Bundle,Vegan SPF,vegan spf moisturizer,Phrase match,Tier 2 - Mid Intent,True,True,4447,94,205.13,8.0,490.62
2025-04-28,Skincare Routine Quiz,Routine Quiz,best skincare routine for dry skin,Phrase match,Tier 2 - Mid Intent,True,True,7487,160,312.21,12.7,793.26
2025-04-28,Skincare Routine Quiz,Plant Based,plant based moisturizer,Phrase match,Tier 2 - Mid Intent,True,True,5757,149,289.88,10.6,686.9
2025-04-29,Best Serum for Dry Skin,Vitamin C Serum,best vitamin c serum for dry skin,Exact match,Tier 1 - High Intent,True,True,15357,328,692.85,24.7,1579.19
2025-04-29,Best Serum for Dry Skin,Hydrating Serum,buy hydrating face serum online,Exact match,Tier 1 - High Intent,True,True,11164,275,490.87,19.0,1178.67
2025-04-29,Best Serum for Dry Skin,Natural Serum,natural skincare routine,Phrase match,Tier 2 - Mid Intent,True,False,5505,130,284.04,11.3,688.28
2025-04-29,Best Serum for Dry Skin,Broad Skincare,skincare,Broad match,Untiered - Broad,False,False,6308,144,256.6,9.5,640.33
2025-04-29,Brand Defense,Brand Core,pureglow skincare,Exact match,Tier 3 - Brand Defense,False,True,5400,117,226.72,9.8,509.04
2025-04-29,Brand Defense,Brand Bundle,pureglow spf bundle,Exact match,Tier 3 - Brand Defense,False,True,2533,62,128.42,4.0,289.18
2025-04-29,Brand Defense,Brand Product,pureglow vitamin c serum,Exact match,Tier 3 - Brand Defense,False,True,4142,108,194.98,8.4,451.86
2025-04-29,SPF Moisturizer Bundle,Daily SPF,buy spf moisturizer online,Exact match,Tier 1 - High Intent,True,True,7354,185,355.11,14.6,813.24
2025-04-29,SPF Moisturizer Bundle,Broad Moisturizer,moisturizer,Broad match,Untiered - Broad,False,False,5462,111,227.51,9.8,514.19
2025-04-29,SPF Moisturizer Bundle,SPF Bundle,spf moisturizer bundle,Exact match,Tier 1 - High Intent,True,True,11034,247,460.24,20.5,1217.04
2025-04-29,SPF Moisturizer Bundle,Vegan SPF,vegan spf moisturizer,Phrase match,Tier 2 - Mid Intent,True,True,4076,94,193.02,8.7,469.59
2025-04-29,Skincare Routine Quiz,Routine Quiz,best skincare routine for dry skin,Phrase match,Tier 2 - Mid Intent,True,True,7475,156,332.34,12.8,823.29
2025-04-29,Skincare Routine Quiz,Plant Based,plant based moisturizer,Phrase match,Tier 2 - Mid Intent,True,True,5759,134,283.71,10.2,669.02
2025-04-30,Best Serum for Dry Skin,Vitamin C Serum,best vitamin c serum for dry skin,Exact match,Tier 1 - High Intent,True,True,12991,296,541.16,21.7,1362.15
2025-04-30,Best Serum for Dry Skin,Hydrating Serum,buy hydrating face serum online,Exact match,Tier 1 - High Intent,True,True,10394,250,502.53,16.6,1105.69
2025-04-30,Best Serum for Dry Skin,Natural Serum,natural skincare routine,Phrase match,Tier 2 - Mid Intent,True,False,5446,120,265.14,8.2,576.52
2025-04-30,Best Serum for Dry Skin,Broad Skincare,skincare,Broad match,Untiered - Broad,False,False,4825,115,237.88,8.2,512.15
2025-04-30,Brand Defense,Brand Core,pureglow skincare,Exact match,Tier 3 - Brand Defense,False,True,4178,101,212.11,8.9,550.34
2025-04-30,Brand Defense,Brand Bundle,pureglow spf bundle,Exact match,Tier 3 - Brand Defense,False,True,2151,51,115.37,3.7,236.12
2025-04-30,Brand Defense,Brand Product,pureglow vitamin c serum,Exact match,Tier 3 - Brand Defense,False,True,3850,96,173.83,6.6,450.58
2025-04-30,SPF Moisturizer Bundle,Daily SPF,buy spf moisturizer online,Exact match,Tier 1 - High Intent,True,True,6959,167,339.81,11.8,801.96
2025-04-30,SPF Moisturizer Bundle,Broad Moisturizer,moisturizer,Broad match,Untiered - Broad,False,False,4683,113,225.62,7.2,454.52
2025-04-30,SPF Moisturizer Bundle,SPF Bundle,spf moisturizer bundle,Exact match,Tier 1 - High Intent,True,True,8593,220,437.55,15.7,1094.77
2025-04-30,SPF Moisturizer Bundle,Vegan SPF,vegan spf moisturizer,Phrase match,Tier 2 - Mid Intent,True,True,4147,88,176.84,6.9,436.33
2025-04-30,Skincare Routine Quiz,Routine Quiz,best skincare routine for dry skin,Phrase match,Tier 2 - Mid Intent,True,True,6721,137,275.81,12.2,638.6
2025-04-30,Skincare Routine Quiz,Plant Based,plant based moisturizer,Phrase match,Tier 2 - Mid Intent,True,True,5599,136,243.2,9.9,641.98
2025-05-01,Best Serum for Dry Skin,Vitamin C Serum,best vitamin c serum for dry skin,Exact match,Tier 1 - High Intent,True,True,14737,310,644.8,27.6,1625.46
2025-05-01,Best Serum for Dry Skin,Hydrating Serum,buy hydrating face serum online,Exact match,Tier 1 - High Intent,True,True,12357,274,542.33,23.4,1199.03
2025-05-01,Best Serum for Dry Skin,Natural Serum,natural skincare routine,Phrase match,Tier 2 - Mid Intent,True,False,6779,141,306.33,10.0,707.23
2025-05-01,Best Serum for Dry Skin,Broad Skincare,skincare,Broad match,Untiered - Broad,False,False,6540,142,260.97,11.3,607.4
2025-05-01,Brand Defense,Brand Core,pureglow skincare,Exact match,Tier 3 - Brand Defense,False,True,5347,120,252.87,8.7,633.48
2025-05-01,Brand Defense,Brand Bundle,pureglow spf bundle,Exact match,Tier 3 - Brand Defense,False,True,2724,66,122.33,5.3,318.42
2025-05-01,Brand Defense,Brand Product,pureglow vitamin c serum,Exact match,Tier 3 - Brand Defense,False,True,4786,105,214.61,7.1,486.63
2025-05-01,SPF Moisturizer Bundle,Daily SPF,buy spf moisturizer online,Exact match,Tier 1 - High Intent,True,True,8534,172,360.06,14.8,860.38
2025-05-01,SPF Moisturizer Bundle,Broad Moisturizer,moisturizer,Broad match,Untiered - Broad,False,False,5219,118,227.44,8.8,586.83
2025-05-01,SPF Moisturizer Bundle,SPF Bundle,spf moisturizer bundle,Exact match,Tier 1 - High Intent,True,True,10148,242,532.09,20.6,1203.8
2025-05-01,SPF Moisturizer Bundle,Vegan SPF,vegan spf moisturizer,Phrase match,Tier 2 - Mid Intent,True,True,4454,106,228.02,7.2,498.35
2025-05-01,Skincare Routine Quiz,Routine Quiz,best skincare routine for dry skin,Phrase match,Tier 2 - Mid Intent,True,True,7717,161,356.04,12.0,804.42
2025-05-01,Skincare Routine Quiz,Plant Based,plant based moisturizer,Phrase match,Tier 2 - Mid Intent,True,True,6643,148,291.31,11.8,740.86
2025-05-02,Best Serum for Dry Skin,Vitamin C Serum,best vitamin c serum for dry skin,Exact match,Tier 1 - High Intent,True,True,14414,388,744.99,28.0,1528.78
2025-05-02,Best Serum for Dry Skin,Hydrating Serum,buy hydrating face serum online,Exact match,Tier 1 - High Intent,True,True,12328,288,547.49,20.0,1408.58
2025-05-02,Best Serum for Dry Skin,Natural Serum,natural skincare routine,Phrase match,Tier 2 - Mid Intent,True,False,7091,145,326.45,11.8,674.58
2025-05-02,Best Serum for Dry Skin,Broad Skincare,skincare,Broad match,Untiered - Broad,False,False,5791,154,311.83,12.0,626.79
2025-05-02,Brand Defense,Brand Core,pureglow skincare,Exact match,Tier 3 - Brand Defense,False,True,6049,146,250.72,10.5,586.96
2025-05-02,Brand Defense,Brand Bundle,pureglow spf bundle,Exact match,Tier 3 - Brand Defense,False,True,2886,70,127.29,5.0,287.64
2025-05-02,Brand Defense,Brand Product,pureglow vitamin c serum,Exact match,Tier 3 - Brand Defense,False,True,5175,116,221.47,8.8,547.83
2025-05-02,SPF Moisturizer Bundle,Daily SPF,buy spf moisturizer online,Exact match,Tier 1 - High Intent,True,True,8373,207,418.9,14.5,885.67
2025-05-02,SPF Moisturizer Bundle,Broad Moisturizer,moisturizer,Broad match,Untiered - Broad,False,False,5649,138,251.97,9.2,593.58
2025-05-02,SPF Moisturizer Bundle,SPF Bundle,spf moisturizer bundle,Exact match,Tier 1 - High Intent,True,True,12606,290,579.53,20.6,1359.79
2025-05-02,SPF Moisturizer Bundle,Vegan SPF,vegan spf moisturizer,Phrase match,Tier 2 - Mid Intent,True,True,4326,119,212.04,8.8,477.47
2025-05-02,Skincare Routine Quiz,Routine Quiz,best skincare routine for dry skin,Phrase match,Tier 2 - Mid Intent,True,True,7591,188,367.94,13.0,765.59
2025-05-02,Skincare Routine Quiz,Plant Based,plant based moisturizer,Phrase match,Tier 2 - Mid Intent,True,True,6674,164,333.58,12.8,656.47
2025-05-03,Best Serum for Dry Skin,Vitamin C Serum,best vitamin c serum for dry skin,Exact match,Tier 1 - High Intent,True,True,15076,317,660.3,27.7,1547.6
2025-05-03,Best Serum for Dry Skin,Hydrating Serum,buy hydrating face serum online,Exact match,Tier 1 - High Intent,True,True,13282,270,575.61,22.7,1271.18
2025-05-03,Best Serum for Dry Skin,Natural Serum,natural skincare routine,Phrase match,Tier 2 - Mid Intent,True,False,5949,140,319.82,12.1,656.51
2025-05-03,Best Serum for Dry Skin,Broad Skincare,skincare,Broad match,Untiered - Broad,False,False,6099,131,275.96,11.7,687.87
2025-05-03,Brand Defense,Brand Core,pureglow skincare,Exact match,Tier 3 - Brand Defense,False,True,5222,124,241.14,9.1,566.9
2025-05-03,Brand Defense,Brand Bundle,pureglow spf bundle,Exact match,Tier 3 - Brand Defense,False,True,2933,62,127.14,4.6,326.1
2025-05-03,Brand Defense,Brand Product,pureglow vitamin c serum,Exact match,Tier 3 - Brand Defense,False,True,4224,111,218.92,8.4,556.86
2025-05-03,SPF Moisturizer Bundle,Daily SPF,buy spf moisturizer online,Exact match,Tier 1 - High Intent,True,True,8593,180,415.94,14.2,918.3
2025-05-03,SPF Moisturizer Bundle,Broad Moisturizer,moisturizer,Broad match,Untiered - Broad,False,False,5810,123,259.49,9.8,568.11
2025-05-03,SPF Moisturizer Bundle,SPF Bundle,spf moisturizer bundle,Exact match,Tier 1 - High Intent,True,True,11257,265,559.34,17.9,1286.11
2025-05-03,SPF Moisturizer Bundle,Vegan SPF,vegan spf moisturizer,Phrase match,Tier 2 - Mid Intent,True,True,4249,109,230.44,7.5,487.43
2025-05-03,Skincare Routine Quiz,Routine Quiz,best skincare routine for dry skin,Phrase match,Tier 2 - Mid Intent,True,True,7629,155,345.58,11.7,781.2
2025-05-03,Skincare Routine Quiz,Plant Based,plant based moisturizer,Phrase match,Tier 2 - Mid Intent,True,True,5895,155,315.59,11.3,733.22
2025-05-04,Best Serum for Dry Skin,Vitamin C Serum,best vitamin c serum for dry skin,Exact match,Tier 1 - High Intent,True,True,14226,331,722.14,27.4,1763.29
2025-05-04,Best Serum for Dry Skin,Hydrating Serum,buy hydrating face serum online,Exact match,Tier 1 - High Intent,True,True,11758,279,567.74,19.8,1288.55
2025-05-04,Best Serum for Dry Skin,Natural Serum,natural skincare routine,Phrase match,Tier 2 - Mid Intent,True,False,6244,158,295.86,12.7,698.42
2025-05-04,Best Serum for Dry Skin,Broad Skincare,skincare,Broad match,Untiered - Broad,False,False,6094,133,293.57,10.0,630.34
2025-05-04,Brand Defense,Brand Core,pureglow skincare,Exact match,Tier 3 - Brand Defense,False,True,5398,123,232.08,10.4,623.87
2025-05-04,Brand Defense,Brand Bundle,pureglow spf bundle,Exact match,Tier 3 - Brand Defense,False,True,2626,68,130.14,4.6,330.45
2025-05-04,Brand Defense,Brand Product,pureglow vitamin c serum,Exact match,Tier 3 - Brand Defense,False,True,4355,101,220.5,8.7,501.67
2025-05-04,SPF Moisturizer Bundle,Daily SPF,buy spf moisturizer online,Exact match,Tier 1 - High Intent,True,True,8139,190,361.8,16.4,887.01
2025-05-04,SPF Moisturizer Bundle,Broad Moisturizer,moisturizer,Broad match,Untiered - Broad,False,False,5508,115,257.19,9.5,519.57
2025-05-04,SPF Moisturizer Bundle,SPF Bundle,spf moisturizer bundle,Exact match,Tier 1 - High Intent,True,True,10504,245,535.27,22.2,1317.44
2025-05-04,SPF Moisturizer Bundle,Vegan SPF,vegan spf moisturizer,Phrase match,Tier 2 - Mid Intent,True,True,4626,115,215.27,8.8,529.63
2025-05-04,Skincare Routine Quiz,Routine Quiz,best skincare routine for dry skin,Phrase match,Tier 2 - Mid Intent,True,True,6709,179,352.42,12.4,866.61
2025-05-04,Skincare Routine Quiz,Plant Based,plant based moisturizer,Phrase match,Tier 2 - Mid Intent,True,True,6057,159,282.82,11.9,732.07
2025-05-05,Best Serum for Dry Skin,Vitamin C Serum,best vitamin c serum for dry skin,Exact match,Tier 1 - High Intent,True,True,15077,345,714.12,25.1,1462.49
2025-05-05,Best Serum for Dry Skin,Hydrating Serum,buy hydrating face serum online,Exact match,Tier 1 - High Intent,True,True,12580,282,528.18,21.3,1276.06
2025-05-05,Best Serum for Dry Skin,Natural Serum,natural skincare routine,Phrase match,Tier 2 - Mid Intent,True,False,5880,148,292.89,12.3,738.63
2025-05-05,Best Serum for Dry Skin,Broad Skincare,skincare,Broad match,Untiered - Broad,False,False,6191,132,285.75,10.7,605.35
2025-05-05,Brand Defense,Brand Core,pureglow skincare,Exact match,Tier 3 - Brand Defense,False,True,5758,122,251.4,9.7,625.13
2025-05-05,Brand Defense,Brand Bundle,pureglow spf bundle,Exact match,Tier 3 - Brand Defense,False,True,2985,67,131.01,5.2,290.43
2025-05-05,Brand Defense,Brand Product,pureglow vitamin c serum,Exact match,Tier 3 - Brand Defense,False,True,4418,115,195.21,7.4,536.24
2025-05-05,SPF Moisturizer Bundle,Daily SPF,buy spf moisturizer online,Exact match,Tier 1 - High Intent,True,True,8105,208,369.86,15.0,839.39
2025-05-05,SPF Moisturizer Bundle,Broad Moisturizer,moisturizer,Broad match,Untiered - Broad,False,False,4932,132,247.11,9.2,573.52
2025-05-05,SPF Moisturizer Bundle,SPF Bundle,spf moisturizer bundle,Exact match,Tier 1 - High Intent,True,True,10291,257,510.94,20.5,1298.03
2025-05-05,SPF Moisturizer Bundle,Vegan SPF,vegan spf moisturizer,Phrase match,Tier 2 - Mid Intent,True,True,4469,115,230.13,8.2,476.17
2025-05-05,Skincare Routine Quiz,Routine Quiz,best skincare routine for dry skin,Phrase match,Tier 2 - Mid Intent,True,True,7267,173,364.56,13.6,813.44
2025-05-05,Skincare Routine Quiz,Plant Based,plant based moisturizer,Phrase match,Tier 2 - Mid Intent,True,True,5892,139,276.49,12.0,650.86
2025-05-06,Best Serum for Dry Skin,Vitamin C Serum,best vitamin c serum for dry skin,Exact match,Tier 1 - High Intent,True,True,13628,344,610.22,27.2,1615.07
2025-05-06,Best Serum for Dry Skin,Hydrating Serum,buy hydrating face serum online,Exact match,Tier 1 - High Intent,True,True,10698,255,516.56,18.8,1263.68
2025-05-06,Best Serum for Dry Skin,Natural Serum,natural skincare routine,Phrase match,Tier 2 - Mid Intent,True,False,5892,151,285.06,11.8,648.92
2025-05-06,Best Serum for Dry Skin,Broad Skincare,skincare,Broad match,Untiered - Broad,False,False,5280,127,253.32,9.4,594.2
2025-05-06,Brand Defense,Brand Core,pureglow skincare,Exact match,Tier 3 - Brand Defense,False,True,4639,130,232.6,10.2,577.81
2025-05-06,Brand Defense,Brand Bundle,pureglow spf bundle,Exact match,Tier 3 - Brand Defense,False,True,2602,65,123.51,4.9,314.91
2025-05-06,Brand Defense,Brand Product,pureglow vitamin c serum,Exact match,Tier 3 - Brand Defense,False,True,4062,107,195.38,8.2,496.11
2025-05-06,SPF Moisturizer Bundle,Daily SPF,buy spf moisturizer online,Exact match,Tier 1 - High Intent,True,True,7412,186,387.28,14.2,962.74
2025-05-06,SPF Moisturizer Bundle,Broad Moisturizer,moisturizer,Broad match,Untiered - Broad,False,False,5127,119,221.22,9.9,592.87
2025-05-06,SPF Moisturizer Bundle,SPF Bundle,spf moisturizer bundle,Exact match,Tier 1 - High Intent,True,True,10335,243,468.58,19.5,1290.78
2025-05-06,SPF Moisturizer Bundle,Vegan SPF,vegan spf moisturizer,Phrase match,Tier 2 - Mid Intent,True,True,4570,101,200.58,8.9,501.81
2025-05-06,Skincare Routine Quiz,Routine Quiz,best skincare routine for dry skin,Phrase match,Tier 2 - Mid Intent,True,True,7353,166,321.31,11.7,817.93
2025-05-06,Skincare Routine Quiz,Plant Based,plant based moisturizer,Phrase match,Tier 2 - Mid Intent,True,True,6185,145,267.72,9.9,711.41
2025-05-07,Best Serum for Dry Skin,Vitamin C Serum,best vitamin c serum for dry skin,Exact match,Tier 1 - High Intent,True,True,14369,309,596.65,27.1,1576.19
2025-05-07,Best Serum for Dry Skin,Hydrating Serum,buy hydrating face serum online,Exact match,Tier 1 - High Intent,True,True,10186,241,483.6,20.9,1287.35
2025-05-07,Best Serum for Dry Skin,Natural Serum,natural skincare routine,Phrase match,Tier 2 - Mid Intent,True,False,6157,136,275.76,10.7,652.27
2025-05-07,Best Serum for Dry Skin,Broad Skincare,skincare,Broad match,Untiered - Broad,False,False,5238,139,274.95,10.0,578.38
2025-05-07,Brand Defense,Brand Core,pureglow skincare,Exact match,Tier 3 - Brand Defense,False,True,4889,114,240.04,8.7,609.97
2025-05-07,Brand Defense,Brand Bundle,pureglow spf bundle,Exact match,Tier 3 - Brand Defense,False,True,2456,55,115.94,4.1,266.14
2025-05-07,Brand Defense,Brand Product,pureglow vitamin c serum,Exact match,Tier 3 - Brand Defense,False,True,3789,100,207.46,7.4,440.65
2025-05-07,SPF Moisturizer Bundle,Daily SPF,buy spf moisturizer online,Exact match,Tier 1 - High Intent,True,True,7802,187,364.68,13.7,875.26
2025-05-07,SPF Moisturizer Bundle,Broad Moisturizer,moisturizer,Broad match,Untiered - Broad,False,False,5067,118,224.26,8.1,528.6
2025-05-07,SPF Moisturizer Bundle,SPF Bundle,spf moisturizer bundle,Exact match,Tier 1 - High Intent,True,True,9657,235,494.46,20.9,1081.28
2025-05-07,SPF Moisturizer Bundle,Vegan SPF,vegan spf moisturizer,Phrase match,Tier 2 - Mid Intent,True,True,4295,98,196.92,7.5,484.67
2025-05-07,Skincare Routine Quiz,Routine Quiz,best skincare routine for dry skin,Phrase match,Tier 2 - Mid Intent,True,True,6248,154,321.93,13.8,813.44
2025-05-07,Skincare Routine Quiz,Plant Based,plant based moisturizer,Phrase match,Tier 2 - Mid Intent,True,True,6114,140,283.88,11.6,620.02
2025-05-08,Best Serum for Dry Skin,Vitamin C Serum,best vitamin c serum for dry skin,Exact match,Tier 1 - High Intent,True,True,12332,331,616.72,22.0,1522.34
2025-05-08,Best Serum for Dry Skin,Hydrating Serum,buy hydrating face serum online,Exact match,Tier 1 - High Intent,True,True,11039,259,503.2,18.4,1314.75
2025-05-08,Best Serum for Dry Skin,Natural Serum,natural skincare routine,Phrase match,Tier 2 - Mid Intent,True,False,5308,139,261.49,10.9,598.79
2025-05-08,Best Serum for Dry Skin,Broad Skincare,skincare,Broad match,Untiered - Broad,False,False,5556,125,263.16,9.1,674.81
2025-05-08,Brand Defense,Brand Core,pureglow skincare,Exact match,Tier 3 - Brand Defense,False,True,4508,112,235.29,9.0,590.97
2025-05-08,Brand Defense,Brand Bundle,pureglow spf bundle,Exact match,Tier 3 - Brand Defense,False,True,2616,56,111.3,4.8,265.13
2025-05-08,Brand Defense,Brand Product,pureglow vitamin c serum,Exact match,Tier 3 - Brand Defense,False,True,3926,97,185.47,7.6,480.92
2025-05-08,SPF Moisturizer Bundle,Daily SPF,buy spf moisturizer online,Exact match,Tier 1 - High Intent,True,True,6743,160,379.84,12.6,816.69
2025-05-08,SPF Moisturizer Bundle,Broad Moisturizer,moisturizer,Broad match,Untiered - Broad,False,False,4837,104,230.44,8.0,498.23
2025-05-08,SPF Moisturizer Bundle,SPF Bundle,spf moisturizer bundle,Exact match,Tier 1 - High Intent,True,True,9499,231,486.21,16.8,1255.87
2025-05-08,SPF Moisturizer Bundle,Vegan SPF,vegan spf moisturizer,Phrase match,Tier 2 - Mid Intent,True,True,3884,104,196.2,8.2,512.57
2025-05-08,Skincare Routine Quiz,Routine Quiz,best skincare routine for dry skin,Phrase match,Tier 2 - Mid Intent,True,True,5952,145,301.06,11.6,771.57
2025-05-08,Skincare Routine Quiz,Plant Based,plant based moisturizer,Phrase match,Tier 2 - Mid Intent,True,True,5182,137,270.34,11.7,608.04
2025-05-09,Best Serum for Dry Skin,Vitamin C Serum,best vitamin c serum for dry skin,Exact match,Tier 1 - High Intent,True,True,13661,363,648.53,24.7,1766.07
2025-05-09,Best Serum for Dry Skin,Hydrating Serum,buy hydrating face serum online,Exact match,Tier 1 - High Intent,True,True,12518,271,579.38,23.8,1415.92
2025-05-09,Best Serum for Dry Skin,Natural Serum,natural skincare routine,Phrase match,Tier 2 - Mid Intent,True,False,5883,148,280.0,11.2,763.35
2025-05-09,Best Serum for Dry Skin,Broad Skincare,skincare,Broad match,Untiered - Broad,False,False,6430,147,261.08,10.6,672.85
2025-05-09,Brand Defense,Brand Core,pureglow skincare,Exact match,Tier 3 - Brand Defense,False,True,5839,122,237.32,10.1,635.68
2025-05-09,Brand Defense,Brand Bundle,pureglow spf bundle,Exact match,Tier 3 - Brand Defense,False,True,2542,65,131.21,5.0,290.35
2025-05-09,Brand Defense,Brand Product,pureglow vitamin c serum,Exact match,Tier 3 - Brand Defense,False,True,4152,114,193.4,8.3,485.46
2025-05-09,SPF Moisturizer Bundle,Daily SPF,buy spf moisturizer online,Exact match,Tier 1 - High Intent,True,True,8810,177,404.28,13.9,920.27
2025-05-09,SPF Moisturizer Bundle,Broad Moisturizer,moisturizer,Broad match,Untiered - Broad,False,False,4825,122,242.78,10.0,631.29
2025-05-09,SPF Moisturizer Bundle,SPF Bundle,spf moisturizer bundle,Exact match,Tier 1 - High Intent,True,True,11334,238,550.34,22.2,1138.73
2025-05-09,SPF Moisturizer Bundle,Vegan SPF,vegan spf moisturizer,Phrase match,Tier 2 - Mid Intent,True,True,4701,109,217.69,9.2,510.84
2025-05-09,Skincare Routine Quiz,Routine Quiz,best skincare routine for dry skin,Phrase match,Tier 2 - Mid Intent,True,True,6585,160,348.98,12.1,784.35
2025-05-09,Skincare Routine Quiz,Plant Based,plant based moisturizer,Phrase match,Tier 2 - Mid Intent,True,True,6429,138,313.44,12.3,661.2
2025-05-10,Best Serum for Dry Skin,Vitamin C Serum,best vitamin c serum for dry skin,Exact match,Tier 1 - High Intent,True,True,14059,369,654.47,29.6,1880.76
2025-05-10,Best Serum for Dry Skin,Hydrating Serum,buy hydrating face serum online,Exact match,Tier 1 - High Intent,True,True,12657,290,565.78,23.5,1509.99
2025-05-10,Best Serum for Dry Skin,Natural Serum,natural skincare routine,Phrase match,Tier 2 - Mid Intent,True,False,6795,144,286.66,12.6,774.15
2025-05-10,Best Serum for Dry Skin,Broad Skincare,skincare,Broad match,Untiered - Broad,False,False,5984,143,288.09,11.9,676.75
2025-05-10,Brand Defense,Brand Core,pureglow skincare,Exact match,Tier 3 - Brand Defense,False,True,5132,137,250.12,11.0,604.49
2025-05-10,Brand Defense,Brand Bundle,pureglow spf bundle,Exact match,Tier 3 - Brand Defense,False,True,2987,62,126.12,5.1,346.39
2025-05-10,Brand Defense,Brand Product,pureglow vitamin c serum,Exact match,Tier 3 - Brand Defense,False,True,4790,115,205.65,8.7,516.76
2025-05-10,SPF Moisturizer Bundle,Daily SPF,buy spf moisturizer online,Exact match,Tier 1 - High Intent,True,True,8060,205,403.51,15.2,928.46
2025-05-10,SPF Moisturizer Bundle,Broad Moisturizer,moisturizer,Broad match,Untiered - Broad,False,False,5580,125,252.49,9.2,660.41
2025-05-10,SPF Moisturizer Bundle,SPF Bundle,spf moisturizer bundle,Exact match,Tier 1 - High Intent,True,True,10913,259,530.48,22.2,1187.67
2025-05-10,SPF Moisturizer Bundle,Vegan SPF,vegan spf moisturizer,Phrase match,Tier 2 - Mid Intent,True,True,4707,111,218.18,8.5,586.54
2025-05-10,Skincare Routine Quiz,Routine Quiz,best skincare routine for dry skin,Phrase match,Tier 2 - Mid Intent,True,True,7764,172,345.97,12.4,846.05
2025-05-10,Skincare Routine Quiz,Plant Based,plant based moisturizer,Phrase match,Tier 2 - Mid Intent,True,True,5964,151,279.16,12.8,682.22
2025-05-11,Best Serum for Dry Skin,Vitamin C Serum,best vitamin c serum for dry skin,Exact match,Tier 1 - High Intent,True,True,11472,325,615.76,28.5,1588.14
2025-05-11,Best Serum for Dry Skin,Hydrating Serum,buy hydrating face serum online,Exact match,Tier 1 - High Intent,True,True,10283,268,543.13,22.4,1215.89
2025-05-11,Best Serum for Dry Skin,Natural Serum,natural skincare routine,Phrase match,Tier 2 - Mid Intent,True,False,5791,122,287.48,11.5,729.41
2025-05-11,Best Serum for Dry Skin,Broad Skincare,skincare,Broad match,Untiered - Broad,False,False,4630,122,238.07,10.4,626.47
2025-05-11,Brand Defense,Brand Core,pureglow skincare,Exact match,Tier 3 - Brand Defense,False,True,4682,123,227.46,9.3,538.43
2025-05-11,Brand Defense,Brand Bundle,pureglow spf bundle,Exact match,Tier 3 - Brand Defense,False,True,2403,59,112.55,5.1,310.16
2025-05-11,Brand Defense,Brand Product,pureglow vitamin c serum,Exact match,Tier 3 - Brand Defense,False,True,3811,95,208.94,8.0,492.33
2025-05-11,SPF Moisturizer Bundle,Daily SPF,buy spf moisturizer online,Exact match,Tier 1 - High Intent,True,True,7579,179,336.61,15.2,883.18
2025-05-11,SPF Moisturizer Bundle,Broad Moisturizer,moisturizer,Broad match,Untiered - Broad,False,False,4154,113,239.54,10.0,556.65
2025-05-11,SPF Moisturizer Bundle,SPF Bundle,spf moisturizer bundle,Exact match,Tier 1 - High Intent,True,True,9764,242,477.58,21.6,1119.39
2025-05-11,SPF Moisturizer Bundle,Vegan SPF,vegan spf moisturizer,Phrase match,Tier 2 - Mid Intent,True,True,4107,89,196.52,7.4,506.73
2025-05-11,Skincare Routine Quiz,Routine Quiz,best skincare routine for dry skin,Phrase match,Tier 2 - Mid Intent,True,True,6591,148,296.98,13.1,729.22
2025-05-11,Skincare Routine Quiz,Plant Based,plant based moisturizer,Phrase match,Tier 2 - Mid Intent,True,True,5434,124,288.61,11.9,650.11
2025-05-12,Best Serum for Dry Skin,Vitamin C Serum,best vitamin c serum for dry skin,Exact match,Tier 1 - High Intent,True,True,14210,309,615.54,23.4,1620.39
2025-05-12,Best Serum for Dry Skin,Hydrating Serum,buy hydrating face serum online,Exact match,Tier 1 - High Intent,True,True,11806,263,500.88,19.0,1430.35
2025-05-12,Best Serum for Dry Skin,Natural Serum,natural skincare routine,Phrase match,Tier 2 - Mid Intent,True,False,6371,147,264.57,11.9,629.23
2025-05-12,Best Serum for Dry Skin,Broad Skincare,skincare,Broad match,Untiered - Broad,False,False,5367,133,238.14,10.1,706.34
2025-05-12,Brand Defense,Brand Core,pureglow skincare,Exact match,Tier 3 - Brand Defense,False,True,4862,123,216.55,9.1,540.67
2025-05-12,Brand Defense,Brand Bundle,pureglow spf bundle,Exact match,Tier 3 - Brand Defense,False,True,2721,60,108.92,4.7,309.67
2025-05-12,Brand Defense,Brand Product,pureglow vitamin c serum,Exact match,Tier 3 - Brand Defense,False,True,4450,104,186.46,7.8,497.33
2025-05-12,SPF Moisturizer Bundle,Daily SPF,buy spf moisturizer online,Exact match,Tier 1 - High Intent,True,True,7878,187,348.3,14.6,973.07
2025-05-12,SPF Moisturizer Bundle,Broad Moisturizer,moisturizer,Broad match,Untiered - Broad,False,False,4877,108,240.18,9.4,519.49
2025-05-12,SPF Moisturizer Bundle,SPF Bundle,spf moisturizer bundle,Exact match,Tier 1 - High Intent,True,True,9855,261,452.93,20.6,1247.93
2025-05-12,SPF Moisturizer Bundle,Vegan SPF,vegan spf moisturizer,Phrase match,Tier 2 - Mid Intent,True,True,3943,95,192.39,7.7,523.14
2025-05-12,Skincare Routine Quiz,Routine Quiz,best skincare routine for dry skin,Phrase match,Tier 2 - Mid Intent,True,True,7543,168,340.52,12.7,810.88
2025-05-12,Skincare Routine Quiz,Plant Based,plant based moisturizer,Phrase match,Tier 2 - Mid Intent,True,True,6387,147,254.58,9.8,732.63
2025-05-13,Best Serum for Dry Skin,Vitamin C Serum,best vitamin c serum for dry skin,Exact match,Tier 1 - High Intent,True,True,13115,315,583.94,22.6,1494.84
2025-05-13,Best Serum for Dry Skin,Hydrating Serum,buy hydrating face serum online,Exact match,Tier 1 - High Intent,True,True,9822,240,519.12,19.2,1253.74
2025-05-13,Best Serum for Dry Skin,Natural Serum,natural skincare routine,Phrase match,Tier 2 - Mid Intent,True,False,5422,133,278.67,10.3,627.82
2025-05-13,Best Serum for Dry Skin,Broad Skincare,skincare,Broad match,Untiered - Broad,False,False,4541,127,234.77,9.1,614.69
2025-05-13,Brand Defense,Brand Core,pureglow skincare,Exact match,Tier 3 - Brand Defense,False,True,4743,111,238.76,8.8,563.42
2025-05-13,Brand Defense,Brand Bundle,pureglow spf bundle,Exact match,Tier 3 - Brand Defense,False,True,2190,52,114.69,4.0,282.73
2025-05-13,Brand Defense,Brand Product,pureglow vitamin c serum,Exact match,Tier 3 - Brand Defense,False,True,4045,87,177.25,7.3,464.23
2025-05-13,SPF Moisturizer Bundle,Daily SPF,buy spf moisturizer online,Exact match,Tier 1 - High Intent,True,True,7249,178,345.82,13.1,854.55
2025-05-13,SPF Moisturizer Bundle,Broad Moisturizer,moisturizer,Broad match,Untiered - Broad,False,False,4551,110,227.65,8.3,549.69
2025-05-13,SPF Moisturizer Bundle,SPF Bundle,spf moisturizer bundle,Exact match,Tier 1 - High Intent,True,True,8537,212,427.53,16.2,1107.14
2025-05-13,SPF Moisturizer Bundle,Vegan SPF,vegan spf moisturizer,Phrase match,Tier 2 - Mid Intent,True,True,3912,93,199.64,7.3,500.55
2025-05-13,Skincare Routine Quiz,Routine Quiz,best skincare routine for dry skin,Phrase match,Tier 2 - Mid Intent,True,True,6712,154,284.71,11.3,789.45
2025-05-13,Skincare Routine Quiz,Plant Based,plant based moisturizer,Phrase match,Tier 2 - Mid Intent,True,True,5849,120,261.34,10.2,684.59
2025-05-14,Best Serum for Dry Skin,Vitamin C Serum,best vitamin c serum for dry skin,Exact match,Tier 1 - High Intent,True,True,11111,259,572.47,21.1,1350.1
2025-05-14,Best Serum for Dry Skin,Hydrating Serum,buy hydrating face serum online,Exact match,Tier 1 - High Intent,True,True,9322,234,458.62,20.9,1157.76
2025-05-14,Best Serum for Dry Skin,Natural Serum,natural skincare routine,Phrase match,Tier 2 - Mid Intent,True,False,4737,120,257.53,10.3,669.53
2025-05-14,Best Serum for Dry Skin,Broad Skincare,skincare,Broad match,Untiered - Broad,False,False,4680,118,228.12,10.0,600.51
2025-05-14,Brand Defense,Brand Core,pureglow skincare,Exact match,Tier 3 - Brand Defense,False,True,3831,104,211.13,9.4,508.97
2025-05-14,Brand Defense,Brand Bundle,pureglow spf bundle,Exact match,Tier 3 - Brand Defense,False,True,2150,48,100.73,4.3,271.44
2025-05-14,Brand Defense,Brand Product,pureglow vitamin c serum,Exact match,Tier 3 - Brand Defense,False,True,3864,87,173.5,7.7,409.75
2025-05-14,SPF Moisturizer Bundle,Daily SPF,buy spf moisturizer online,Exact match,Tier 1 - High Intent,True,True,6847,160,330.97,12.0,776.33
2025-05-14,SPF Moisturizer Bundle,Broad Moisturizer,moisturizer,Broad match,Untiered - Broad,False,False,3635,102,188.8,8.3,550.75
2025-05-14,SPF Moisturizer Bundle,SPF Bundle,spf moisturizer bundle,Exact match,Tier 1 - High Intent,True,True,9337,220,464.0,18.0,1075.18
2025-05-14,SPF Moisturizer Bundle,Vegan SPF,vegan spf moisturizer,Phrase match,Tier 2 - Mid Intent,True,True,3453,83,167.51,6.6,426.23
2025-05-14,Skincare Routine Quiz,Routine Quiz,best skincare routine for dry skin,Phrase match,Tier 2 - Mid Intent,True,True,5682,130,290.26,11.7,777.61
2025-05-14,Skincare Routine Quiz,Plant Based,plant based moisturizer,Phrase match,Tier 2 - Mid Intent,True,True,4663,126,235.46,8.8,592.11
2025-05-15,Best Serum for Dry Skin,Vitamin C Serum,best vitamin c serum for dry skin,Exact match,Tier 1 - High Intent,True,True,11601,316,669.02,23.9,1548.77
2025-05-15,Best Serum for Dry Skin,Hydrating Serum,buy hydrating face serum online,Exact match,Tier 1 - High Intent,True,True,9928,230,537.33,21.2,1295.51
2025-05-15,Best Serum for Dry Skin,Natural Serum,natural skincare routine,Phrase match,Tier 2 - Mid Intent,True,False,5085,126,251.7,11.5,660.14
2025-05-15,Best Serum for Dry Skin,Broad Skincare,skincare,Broad match,Untiered - Broad,False,False,4837,116,237.26,11.0,681.02
2025-05-15,Brand Defense,Brand Core,pureglow skincare,Exact match,Tier 3 - Brand Defense,False,True,4064,114,247.5,10.2,602.27
2025-05-15,Brand Defense,Brand Bundle,pureglow spf bundle,Exact match,Tier 3 - Brand Defense,False,True,2315,55,114.34,4.8,278.95
2025-05-15,Brand Defense,Brand Product,pureglow vitamin c serum,Exact match,Tier 3 - Brand Defense,False,True,3979,96,184.02,7.5,490.81
2025-05-15,SPF Moisturizer Bundle,Daily SPF,buy spf moisturizer online,Exact match,Tier 1 - High Intent,True,True,7161,157,363.13,13.2,836.6
2025-05-15,SPF Moisturizer Bundle,Broad Moisturizer,moisturizer,Broad match,Untiered - Broad,False,False,4027,108,222.24,8.1,605.03
2025-05-15,SPF Moisturizer Bundle,SPF Bundle,spf moisturizer bundle,Exact match,Tier 1 - High Intent,True,True,8948,241,439.38,18.7,1177.1
2025-05-15,SPF Moisturizer Bundle,Vegan SPF,vegan spf moisturizer,Phrase match,Tier 2 - Mid Intent,True,True,3762,100,184.24,8.1,494.04
2025-05-15,Skincare Routine Quiz,Routine Quiz,best skincare routine for dry skin,Phrase match,Tier 2 - Mid Intent,True,True,5940,142,302.39,12.6,870.48
2025-05-15,Skincare Routine Quiz,Plant Based,plant based moisturizer,Phrase match,Tier 2 - Mid Intent,True,True,5474,139,285.95,11.6,732.74
2025-05-16,Best Serum for Dry Skin,Vitamin C Serum,best vitamin c serum for dry skin,Exact match,Tier 1 - High Intent,True,True,13223,370,703.2,28.9,1758.53
2025-05-16,Best Serum for Dry Skin,Hydrating Serum,buy hydrating face serum online,Exact match,Tier 1 - High Intent,True,True,12506,284,584.85,23.7,1306.82
2025-05-16,Best Serum for Dry Skin,Natural Serum,natural skincare routine,Phrase match,Tier 2 - Mid Intent,True,False,6123,143,281.35,12.6,774.01
2025-05-16,Best Serum for Dry Skin,Broad Skincare,skincare,Broad match,Untiered - Broad,False,False,6263,150,273.91,11.7,631.76
2025-05-16,Brand Defense,Brand Core,pureglow skincare,Exact match,Tier 3 - Brand Defense,False,True,5226,120,257.87,8.9,621.9
2025-05-16,Brand Defense,Brand Bundle,pureglow spf bundle,Exact match,Tier 3 - Brand Defense,False,True,2575,63,120.2,5.4,293.29
2025-05-16,Brand Defense,Brand Product,pureglow vitamin c serum,Exact match,Tier 3 - Brand Defense,False,True,4326,105,190.69,8.6,509.28
2025-05-16,SPF Moisturizer Bundle,Daily SPF,buy spf moisturizer online,Exact match,Tier 1 - High Intent,True,True,7432,202,374.72,16.5,982.58
2025-05-16,SPF Moisturizer Bundle,Broad Moisturizer,moisturizer,Broad match,Untiered - Broad,False,False,4959,128,247.29,10.0,625.78
2025-05-16,SPF Moisturizer Bundle,SPF Bundle,spf moisturizer bundle,Exact match,Tier 1 - High Intent,True,True,10342,247,531.29,21.1,1419.82
2025-05-16,SPF Moisturizer Bundle,Vegan SPF,vegan spf moisturizer,Phrase match,Tier 2 - Mid Intent,True,True,4974,115,215.34,7.8,547.8
2025-05-16,Skincare Routine Quiz,Routine Quiz,best skincare routine for dry skin,Phrase match,Tier 2 - Mid Intent,True,True,6603,178,357.77,14.6,865.41
2025-05-16,Skincare Routine Quiz,Plant Based,plant based moisturizer,Phrase match,Tier 2 - Mid Intent,True,True,5843,153,304.08,12.2,725.83
2025-05-17,Best Serum for Dry Skin,Vitamin C Serum,best vitamin c serum for dry skin,Exact match,Tier 1 - High Intent,True,True,11751,300,570.06,22.5,1467.69
2025-05-17,Best Serum for Dry Skin,Hydrating Serum,buy hydrating face serum online,Exact match,Tier 1 - High Intent,True,True,11413,276,514.19,20.3,1291.1
2025-05-17,Best Serum for Dry Skin,Natural Serum,natural skincare routine,Phrase match,Tier 2 - Mid Intent,True,False,5516,137,249.19,10.5,619.07
2025-05-17,Best Serum for Dry Skin,Broad Skincare,skincare,Broad match,Untiered - Broad,False,False,5124,135,264.08,10.7,657.53
2025-05-17,Brand Defense,Brand Core,pureglow skincare,Exact match,Tier 3 - Brand Defense,False,True,4899,114,221.8,9.7,602.26
2025-05-17,Brand Defense,Brand Bundle,pureglow spf bundle,Exact match,Tier 3 - Brand Defense,False,True,2137,59,109.22,4.8,282.6
2025-05-17,Brand Defense,Brand Product,pureglow vitamin c serum,Exact match,Tier 3 - Brand Defense,False,True,3831,102,202.34,8.0,449.19
2025-05-17,SPF Moisturizer Bundle,Daily SPF,buy spf moisturizer online,Exact match,Tier 1 - High Intent,True,True,7582,187,316.73,14.9,931.48
2025-05-17,SPF Moisturizer Bundle,Broad Moisturizer,moisturizer,Broad match,Untiered - Broad,False,False,4626,115,196.38,7.8,520.7
2025-05-17,SPF Moisturizer Bundle,SPF Bundle,spf moisturizer bundle,Exact match,Tier 1 - High Intent,True,True,10170,249,460.23,17.6,1267.78
2025-05-17,SPF Moisturizer Bundle,Vegan SPF,vegan spf moisturizer,Phrase match,Tier 2 - Mid Intent,True,True,4217,106,196.7,7.5,470.58
2025-05-17,Skincare Routine Quiz,Routine Quiz,best skincare routine for dry skin,Phrase match,Tier 2 - Mid Intent,True,True,6506,155,326.88,11.4,849.5
2025-05-17,Skincare Routine Quiz,Plant Based,plant based moisturizer,Phrase match,Tier 2 - Mid Intent,True,True,5657,131,258.39,12.0,706.89
2025-05-18,Best Serum for Dry Skin,Vitamin C Serum,best vitamin c serum for dry skin,Exact match,Tier 1 - High Intent,True,True,13365,305,629.07,26.1,1686.59
2025-05-18,Best Serum for Dry Skin,Hydrating Serum,buy hydrating face serum online,Exact match,Tier 1 - High Intent,True,True,11362,267,518.73,21.5,1180.29
2025-05-18,Best Serum for Dry Skin,Natural Serum,natural skincare routine,Phrase match,Tier 2 - Mid Intent,True,False,5271,143,248.39,10.4,733.02
2025-05-18,Best Serum for Dry Skin,Broad Skincare,skincare,Broad match,Untiered - Broad,False,False,5290,126,238.4,11.1,640.84
2025-05-18,Brand Defense,Brand Core,pureglow skincare,Exact match,Tier 3 - Brand Defense,False,True,4527,123,241.53,10.0,536.98
2025-05-18,Brand Defense,Brand Bundle,pureglow spf bundle,Exact match,Tier 3 - Brand Defense,False,True,2193,60,111.6,5.1,295.71
2025-05-18,Brand Defense,Brand Product,pureglow vitamin c serum,Exact match,Tier 3 - Brand Defense,False,True,3704,91,195.35,7.8,502.31
2025-05-18,SPF Moisturizer Bundle,Daily SPF,buy spf moisturizer online,Exact match,Tier 1 - High Intent,True,True,7433,193,327.47,14.6,910.71
2025-05-18,SPF Moisturizer Bundle,Broad Moisturizer,moisturizer,Broad match,Untiered - Broad,False,False,4635,108,206.7,9.0,519.96
2025-05-18,SPF Moisturizer Bundle,SPF Bundle,spf moisturizer bundle,Exact match,Tier 1 - High Intent,True,True,10128,246,449.23,19.5,1252.55
2025-05-18,SPF Moisturizer Bundle,Vegan SPF,vegan spf moisturizer,Phrase match,Tier 2 - Mid Intent,True,True,4048,95,191.4,7.3,496.76
2025-05-18,Skincare Routine Quiz,Routine Quiz,best skincare routine for dry skin,Phrase match,Tier 2 - Mid Intent,True,True,5991,152,318.11,13.7,870.31
2025-05-18,Skincare Routine Quiz,Plant Based,plant based moisturizer,Phrase match,Tier 2 - Mid Intent,True,True,5269,143,260.01,10.1,620.26
2025-05-19,Best Serum for Dry Skin,Vitamin C Serum,best vitamin c serum for dry skin,Exact match,Tier 1 - High Intent,True,True,11948,284,573.87,25.7,1555.88
2025-05-19,Best Serum for Dry Skin,Hydrating Serum,buy hydrating face serum online,Exact match,Tier 1 - High Intent,True,True,8737,228,466.27,18.9,1152.4
2025-05-19,Best Serum for Dry Skin,Natural Serum,natural skincare routine,Phrase match,Tier 2 - Mid Intent,True,False,4534,130,237.88,10.1,634.77
2025-05-19,Best Serum for Dry Skin,Broad Skincare,skincare,Broad match,Untiered - Broad,False,False,5054,122,248.06,9.3,630.4
2025-05-19,Brand Defense,Brand Core,pureglow skincare,Exact match,Tier 3 - Brand Defense,False,True,3903,103,218.82,9.5,611.02
2025-05-19,Brand Defense,Brand Bundle,pureglow spf bundle,Exact match,Tier 3 - Brand Defense,False,True,2321,50,115.32,4.5,298.17
2025-05-19,Brand Defense,Brand Product,pureglow vitamin c serum,Exact match,Tier 3 - Brand Defense,False,True,3752,92,191.16,7.0,481.26
2025-05-19,SPF Moisturizer Bundle,Daily SPF,buy spf moisturizer online,Exact match,Tier 1 - High Intent,True,True,6584,158,315.18,13.3,839.8
2025-05-19,SPF Moisturizer Bundle,Broad Moisturizer,moisturizer,Broad match,Untiered - Broad,False,False,3961,100,219.88,8.7,494.76
2025-05-19,SPF Moisturizer Bundle,SPF Bundle,spf moisturizer bundle,Exact match,Tier 1 - High Intent,True,True,9429,209,458.24,17.8,1172.03
2025-05-19,SPF Moisturizer Bundle,Vegan SPF,vegan spf moisturizer,Phrase match,Tier 2 - Mid Intent,True,True,3468,93,194.76,8.4,451.08
2025-05-19,Skincare Routine Quiz,Routine Quiz,best skincare routine for dry skin,Phrase match,Tier 2 - Mid Intent,True,True,6050,153,289.1,12.7,713.68
2025-05-19,Skincare Routine Quiz,Plant Based,plant based moisturizer,Phrase match,Tier 2 - Mid Intent,True,True,5328,137,236.25,10.7,693.84
2025-05-20,Best Serum for Dry Skin,Vitamin C Serum,best vitamin c serum for dry skin,Exact match,Tier 1 - High Intent,True,True,12464,283,565.9,25.4,1591.16
2025-05-20,Best Serum for Dry Skin,Hydrating Serum,buy hydrating face serum online,Exact match,Tier 1 - High Intent,True,True,9212,233,430.32,17.4,1183.84
2025-05-20,Best Serum for Dry Skin,Natural Serum,natural skincare routine,Phrase match,Tier 2 - Mid Intent,True,False,5673,131,246.69,10.6,602.03
2025-05-20,Best Serum for Dry Skin,Broad Skincare,skincare,Broad match,Untiered - Broad,False,False,5366,111,215.56,9.4,617.01
2025-05-20,Brand Defense,Brand Core,pureglow skincare,Exact match,Tier 3 - Brand Defense,False,True,4944,106,217.7,9.3,551.32
2025-05-20,Brand Defense,Brand Bundle,pureglow spf bundle,Exact match,Tier 3 - Brand Defense,False,True,2259,56,108.98,4.3,258.53
2025-05-20,Brand Defense,Brand Product,pureglow vitamin c serum,Exact match,Tier 3 - Brand Defense,False,True,3627,90,186.95,6.7,437.41
2025-05-20,SPF Moisturizer Bundle,Daily SPF,buy spf moisturizer online,Exact match,Tier 1 - High Intent,True,True,6280,177,341.01,13.9,877.68
2025-05-20,SPF Moisturizer Bundle,Broad Moisturizer,moisturizer,Broad match,Untiered - Broad,False,False,4401,98,184.12,8.0,543.01
2025-05-20,SPF Moisturizer Bundle,SPF Bundle,spf moisturizer bundle,Exact match,Tier 1 - High Intent,True,True,9871,230,443.93,20.0,1225.89
2025-05-20,SPF Moisturizer Bundle,Vegan SPF,vegan spf moisturizer,Phrase match,Tier 2 - Mid Intent,True,True,4125,97,191.72,7.8,514.73
2025-05-20,Skincare Routine Quiz,Routine Quiz,best skincare routine for dry skin,Phrase match,Tier 2 - Mid Intent,True,True,6044,145,306.83,12.6,684.9
2025-05-20,Skincare Routine Quiz,Plant Based,plant based moisturizer,Phrase match,Tier 2 - Mid Intent,True,True,5006,133,240.34,11.1,598.29
2025-05-21,Best Serum for Dry Skin,Vitamin C Serum,best vitamin c serum for dry skin,Exact match,Tier 1 - High Intent,True,True,12620,322,583.06,27.6,1429.62
2025-05-21,Best Serum for Dry Skin,Hydrating Serum,buy hydrating face serum online,Exact match,Tier 1 - High Intent,True,True,9272,231,453.45,20.8,1258.73
2025-05-21,Best Serum for Dry Skin,Natural Serum,natural skincare routine,Phrase match,Tier 2 - Mid Intent,True,False,4994,118,240.54,10.4,621.09
2025-05-21,Best Serum for Dry Skin,Broad Skincare,skincare,Broad match,Untiered - Broad,False,False,5215,124,252.57,11.5,668.88
2025-05-21,Brand Defense,Brand Core,pureglow skincare,Exact match,Tier 3 - Brand Defense,False,True,4921,121,211.31,9.6,594.58
2025-05-21,Brand Defense,Brand Bundle,pureglow spf bundle,Exact match,Tier 3 - Brand Defense,False,True,2562,54,115.33,5.1,308.99
2025-05-21,Brand Defense,Brand Product,pureglow vitamin c serum,Exact match,Tier 3 - Brand Defense,False,True,4033,91,174.69,8.3,527.07
2025-05-21,SPF Moisturizer Bundle,Daily SPF,buy spf moisturizer online,Exact match,Tier 1 - High Intent,True,True,6564,168,326.21,14.9,944.13
2025-05-21,SPF Moisturizer Bundle,Broad Moisturizer,moisturizer,Broad match,Untiered - Broad,False,False,4632,103,208.84,8.8,582.81
2025-05-21,SPF Moisturizer Bundle,SPF Bundle,spf moisturizer bundle,Exact match,Tier 1 - High Intent,True,True,10446,212,428.53,20.3,1260.53
2025-05-21,SPF Moisturizer Bundle,Vegan SPF,vegan spf moisturizer,Phrase match,Tier 2 - Mid Intent,True,True,4325,91,182.85,8.6,500.46
2025-05-21,Skincare Routine Quiz,Routine Quiz,best skincare routine for dry skin,Phrase match,Tier 2 - Mid Intent,True,True,6377,155,309.47,11.7,830.08
2025-05-21,Skincare Routine Quiz,Plant Based,plant based moisturizer,Phrase match,Tier 2 - Mid Intent,True,True,5530,135,244.45,10.5,653.23
2025-05-22,Best Serum for Dry Skin,Vitamin C Serum,best vitamin c serum for dry skin,Exact match,Tier 1 - High Intent,True,True,11400,273,538.75,22.7,1428.46
2025-05-22,Best Serum for Dry Skin,Hydrating Serum,buy hydrating face serum online,Exact match,Tier 1 - High Intent,True,True,8704,252,432.95,20.8,1230.51
2025-05-22,Best Serum for Dry Skin,Natural Serum,natural skincare routine,Phrase match,Tier 2 - Mid Intent,True,False,5298,132,249.03,9.2,664.98
2025-05-22,Best Serum for Dry Skin,Broad Skincare,skincare,Broad match,Untiered - Broad,False,False,4909,115,233.02,9.9,606.41
2025-05-22,Brand Defense,Brand Core,pureglow skincare,Exact match,Tier 3 - Brand Defense,False,True,3952,105,209.11,9.5,601.93
2025-05-22,Brand Defense,Brand Bundle,pureglow spf bundle,Exact match,Tier 3 - Brand Defense,False,True,2224,56,96.92,4.5,255.63
2025-05-22,Brand Defense,Brand Product,pureglow vitamin c serum,Exact match,Tier 3 - Brand Defense,False,True,3525,85,179.62,7.3,433.83
2025-05-22,SPF Moisturizer Bundle,Daily SPF,buy spf moisturizer online,Exact match,Tier 1 - High Intent,True,True,7041,163,323.97,14.0,936.48
2025-05-22,SPF Moisturizer Bundle,Broad Moisturizer,moisturizer,Broad match,Untiered - Broad,False,False,4062,103,209.75,8.8,499.63
2025-05-22,SPF Moisturizer Bundle,SPF Bundle,spf moisturizer bundle,Exact match,Tier 1 - High Intent,True,True,8168,203,399.58,20.8,1165.01
2025-05-22,SPF Moisturizer Bundle,Vegan SPF,vegan spf moisturizer,Phrase match,Tier 2 - Mid Intent,True,True,3639,86,168.67,7.2,473.7
2025-05-22,Skincare Routine Quiz,Routine Quiz,best skincare routine for dry skin,Phrase match,Tier 2 - Mid Intent,True,True,5808,147,303.15,13.4,766.08
2025-05-22,Skincare Routine Quiz,Plant Based,plant based moisturizer,Phrase match,Tier 2 - Mid Intent,True,True,4930,132,225.71,11.8,602.3
2025-05-23,Best Serum for Dry Skin,Vitamin C Serum,best vitamin c serum for dry skin,Exact match,Tier 1 - High Intent,True,True,12439,333,624.72,30.1,1785.96
2025-05-23,Best Serum for Dry Skin,Hydrating Serum,buy hydrating face serum online,Exact match,Tier 1 - High Intent,True,True,10475,246,564.56,23.7,1396.29
2025-05-23,Best Serum for Dry Skin,Natural Serum,natural skincare routine,Phrase match,Tier 2 - Mid Intent,True,False,5040,136,255.35,10.7,799.1
2025-05-23,Best Serum for Dry Skin,Broad Skincare,skincare,Broad match,Untiered - Broad,False,False,5356,132,254.43,12.1,647.0
2025-05-23,Brand Defense,Brand Core,pureglow skincare,Exact match,Tier 3 - Brand Defense,False,True,4511,115,244.07,10.8,687.53
2025-05-23,Brand Defense,Brand Bundle,pureglow spf bundle,Exact match,Tier 3 - Brand Defense,False,True,2224,63,122.05,5.3,314.13
2025-05-23,Brand Defense,Brand Product,pureglow vitamin c serum,Exact match,Tier 3 - Brand Defense,False,True,3657,107,200.8,9.3,578.13
2025-05-23,SPF Moisturizer Bundle,Daily SPF,buy spf moisturizer online,Exact match,Tier 1 - High Intent,True,True,6912,177,376.86,16.9,998.83
2025-05-23,SPF Moisturizer Bundle,Broad Moisturizer,moisturizer,Broad match,Untiered - Broad,False,False,4295,114,208.48,9.0,590.53
2025-05-23,SPF Moisturizer Bundle,SPF Bundle,spf moisturizer bundle,Exact match,Tier 1 - High Intent,True,True,10539,239,514.75,22.4,1372.49
2025-05-23,SPF Moisturizer Bundle,Vegan SPF,vegan spf moisturizer,Phrase match,Tier 2 - Mid Intent,True,True,3772,104,220.39,9.3,557.48
2025-05-23,Skincare Routine Quiz,Routine Quiz,best skincare routine for dry skin,Phrase match,Tier 2 - Mid Intent,True,True,6910,168,325.95,14.6,919.66
2025-05-23,Skincare Routine Quiz,Plant Based,plant based moisturizer,Phrase match,Tier 2 - Mid Intent,True,True,5762,135,268.5,12.9,747.96
2025-05-24,Best Serum for Dry Skin,Vitamin C Serum,best vitamin c serum for dry skin,Exact match,Tier 1 - High Intent,True,True,11611,313,577.22,26.1,1751.03
2025-05-24,Best Serum for Dry Skin,Hydrating Serum,buy hydrating face serum online,Exact match,Tier 1 - High Intent,True,True,9853,260,463.86,21.5,1332.27
2025-05-24,Best Serum for Dry Skin,Natural Serum,natural skincare routine,Phrase match,Tier 2 - Mid Intent,True,False,4622,133,243.92,11.4,700.17
2025-05-24,Best Serum for Dry Skin,Broad Skincare,skincare,Broad match,Untiered - Broad,False,False,4856,122,218.49,10.3,573.05
2025-05-24,Brand Defense,Brand Core,pureglow skincare,Exact match,Tier 3 - Brand Defense,False,True,4387,106,205.71,8.9,555.79
2025-05-24,Brand Defense,Brand Bundle,pureglow spf bundle,Exact match,Tier 3 - Brand Defense,False,True,2095,56,102.15,4.2,286.42
2025-05-24,Brand Defense,Brand Product,pureglow vitamin c serum,Exact match,Tier 3 - Brand Defense,False,True,4069,101,190.97,7.2,538.28
2025-05-24,SPF Moisturizer Bundle,Daily SPF,buy spf moisturizer online,Exact match,Tier 1 - High Intent,True,True,7283,185,333.46,13.4,899.64
2025-05-24,SPF Moisturizer Bundle,Broad Moisturizer,moisturizer,Broad match,Untiered - Broad,False,False,4473,110,206.77,9.5,534.64
2025-05-24,SPF Moisturizer Bundle,SPF Bundle,spf moisturizer bundle,Exact match,Tier 1 - High Intent,True,True,9464,242,468.87,17.9,1139.34
2025-05-24,SPF Moisturizer Bundle,Vegan SPF,vegan spf moisturizer,Phrase match,Tier 2 - Mid Intent,True,True,3999,99,183.86,7.1,536.16
2025-05-24,Skincare Routine Quiz,Routine Quiz,best skincare routine for dry skin,Phrase match,Tier 2 - Mid Intent,True,True,6605,147,315.29,14.0,842.17
2025-05-24,Skincare Routine Quiz,Plant Based,plant based moisturizer,Phrase match,Tier 2 - Mid Intent,True,True,5700,129,256.11,10.6,734.17
2025-05-25,Best Serum for Dry Skin,Vitamin C Serum,best vitamin c serum for dry skin,Exact match,Tier 1 - High Intent,True,True,14179,330,637.94,27.4,1730.11
2025-05-25,Best Serum for Dry Skin,Hydrating Serum,buy hydrating face serum online,Exact match,Tier 1 - High Intent,True,True,11073,304,493.48,19.5,1433.66
2025-05-25,Best Serum for Dry Skin,Natural Serum,natural skincare routine,Phrase match,Tier 2 - Mid Intent,True,False,5851,151,260.87,9.9,794.07
2025-05-25,Best Serum for Dry Skin,Broad Skincare,skincare,Broad match,Untiered - Broad,False,False,5558,132,264.15,11.2,689.26
2025-05-25,Brand Defense,Brand Core,pureglow skincare,Exact match,Tier 3 - Brand Defense,False,True,4929,119,250.48,10.7,667.64
2025-05-25,Brand Defense,Brand Bundle,pureglow spf bundle,Exact match,Tier 3 - Brand Defense,False,True,2781,61,116.35,5.1,298.7
2025-05-25,Brand Defense,Brand Product,pureglow vitamin c serum,Exact match,Tier 3 - Brand Defense,False,True,4544,106,204.22,7.8,491.83
2025-05-25,SPF Moisturizer Bundle,Daily SPF,buy spf moisturizer online,Exact match,Tier 1 - High Intent,True,True,7873,189,343.38,15.9,867.35
2025-05-25,SPF Moisturizer Bundle,Broad Moisturizer,moisturizer,Broad match,Untiered - Broad,False,False,4631,115,223.11,8.6,644.71
2025-05-25,SPF Moisturizer Bundle,SPF Bundle,spf moisturizer bundle,Exact match,Tier 1 - High Intent,True,True,10547,265,455.76,20.5,1386.93
2025-05-25,SPF Moisturizer Bundle,Vegan SPF,vegan spf moisturizer,Phrase match,Tier 2 - Mid Intent,True,True,4106,107,207.44,7.5,588.68
2025-05-25,Skincare Routine Quiz,Routine Quiz,best skincare routine for dry skin,Phrase match,Tier 2 - Mid Intent,True,True,6606,162,347.82,13.7,941.71
2025-05-25,Skincare Routine Quiz,Plant Based,plant based moisturizer,Phrase match,Tier 2 - Mid Intent,True,True,6314,159,259.86,11.5,722.34
2025-05-26,Best Serum for Dry Skin,Vitamin C Serum,best vitamin c serum for dry skin,Exact match,Tier 1 - High Intent,True,True,11247,324,648.99,27.9,1514.88
2025-05-26,Best Serum for Dry Skin,Hydrating Serum,buy hydrating face serum online,Exact match,Tier 1 - High Intent,True,True,8848,257,463.81,19.5,1412.76
2025-05-26,Best Serum for Dry Skin,Natural Serum,natural skincare routine,Phrase match,Tier 2 - Mid Intent,True,False,5176,136,273.54,9.8,638.77
2025-05-26,Best Serum for Dry Skin,Broad Skincare,skincare,Broad match,Untiered - Broad,False,False,4870,124,238.03,10.5,622.75
2025-05-26,Brand Defense,Brand Core,pureglow skincare,Exact match,Tier 3 - Brand Defense,False,True,4089,106,245.27,10.5,629.6
2025-05-26,Brand Defense,Brand Bundle,pureglow spf bundle,Exact match,Tier 3 - Brand Defense,False,True,2258,59,112.59,4.9,315.11
2025-05-26,Brand Defense,Brand Product,pureglow vitamin c serum,Exact match,Tier 3 - Brand Defense,False,True,3820,103,183.67,7.6,525.04
2025-05-26,SPF Moisturizer Bundle,Daily SPF,buy spf moisturizer online,Exact match,Tier 1 - High Intent,True,True,6202,180,365.2,15.4,911.15
2025-05-26,SPF Moisturizer Bundle,Broad Moisturizer,moisturizer,Broad match,Untiered - Broad,False,False,4268,99,219.57,9.8,609.61
2025-05-26,SPF Moisturizer Bundle,SPF Bundle,spf moisturizer bundle,Exact match,Tier 1 - High Intent,True,True,8082,248,440.21,18.3,1291.32
2025-05-26,SPF Moisturizer Bundle,Vegan SPF,vegan spf moisturizer,Phrase match,Tier 2 - Mid Intent,True,True,3468,91,195.34,8.1,481.89
2025-05-26,Skincare Routine Quiz,Routine Quiz,best skincare routine for dry skin,Phrase match,Tier 2 - Mid Intent,True,True,5585,148,303.9,12.3,789.6
2025-05-26,Skincare Routine Quiz,Plant Based,plant based moisturizer,Phrase match,Tier 2 - Mid Intent,True,True,5528,123,261.82,11.7,760.14
2025-05-27,Best Serum for Dry Skin,Vitamin C Serum,best vitamin c serum for dry skin,Exact match,Tier 1 - High Intent,True,True,11953,307,603.27,27.1,1513.58
2025-05-27,Best Serum for Dry Skin,Hydrating Serum,buy hydrating face serum online,Exact match,Tier 1 - High Intent,True,True,8339,243,459.7,21.5,1253.57
2025-05-27,Best Serum for Dry Skin,Natural Serum,natural skincare routine,Phrase match,Tier 2 - Mid Intent,True,False,4561,116,222.99,10.8,598.42
2025-05-27,Best Serum for Dry Skin,Broad Skincare,skincare,Broad match,Untiered - Broad,False,False,4442,112,230.41,10.9,652.91
2025-05-27,Brand Defense,Brand Core,pureglow skincare,Exact match,Tier 3 - Brand Defense,False,True,4026,105,217.48,9.6,612.64
2025-05-27,Brand Defense,Brand Bundle,pureglow spf bundle,Exact match,Tier 3 - Brand Defense,False,True,2078,55,98.56,4.9,260.64
2025-05-27,Brand Defense,Brand Product,pureglow vitamin c serum,Exact match,Tier 3 - Brand Defense,False,True,3780,97,175.58,7.0,519.34
2025-05-27,SPF Moisturizer Bundle,Daily SPF,buy spf moisturizer online,Exact match,Tier 1 - High Intent,True,True,6521,160,332.29,14.0,905.05
2025-05-27,SPF Moisturizer Bundle,Broad Moisturizer,moisturizer,Broad match,Untiered - Broad,False,False,3887,106,196.97,8.4,540.19
2025-05-27,SPF Moisturizer Bundle,SPF Bundle,spf moisturizer bundle,Exact match,Tier 1 - High Intent,True,True,8653,230,400.66,18.5,1119.55
2025-05-27,SPF Moisturizer Bundle,Vegan SPF,vegan spf moisturizer,Phrase match,Tier 2 - Mid Intent,True,True,3870,92,190.4,7.6,488.37
2025-05-27,Skincare Routine Quiz,Routine Quiz,best skincare routine for dry skin,Phrase match,Tier 2 - Mid Intent,True,True,6002,152,285.1,13.8,838.06
2025-05-27,Skincare Routine Quiz,Plant Based,plant based moisturizer,Phrase match,Tier 2 - Mid Intent,True,True,4839,121,233.59,11.4,654.85
2025-05-28,Best Serum for Dry Skin,Vitamin C Serum,best vitamin c serum for dry skin,Exact match,Tier 1 - High Intent,True,True,12124,291,571.51,25.6,1747.93
2025-05-28,Best Serum for Dry Skin,Hydrating Serum,buy hydrating face serum online,Exact match,Tier 1 - High Intent,True,True,9277,226,447.07,20.9,1375.02
2025-05-28,Best Serum for Dry Skin,Natural Serum,natural skincare routine,Phrase match,Tier 2 - Mid Intent,True,False,4533,117,253.37,9.6,665.77
2025-05-28,Best Serum for Dry Skin,Broad Skincare,skincare,Broad match,Untiered - Broad,False,False,4370,116,227.03,9.7,634.7
2025-05-28,Brand Defense,Brand Core,pureglow skincare,Exact match,Tier 3 - Brand Defense,False,True,4003,112,209.65,10.6,615.38
2025-05-28,Brand Defense,Brand Bundle,pureglow spf bundle,Exact match,Tier 3 - Brand Defense,False,True,2078,53,105.07,5.3,302.23
2025-05-28,Brand Defense,Brand Product,pureglow vitamin c serum,Exact match,Tier 3 - Brand Defense,False,True,3303,83,168.4,7.9,511.55
2025-05-28,SPF Moisturizer Bundle,Daily SPF,buy spf moisturizer online,Exact match,Tier 1 - High Intent,True,True,6312,153,331.3,15.7,939.58
2025-05-28,SPF Moisturizer Bundle,Broad Moisturizer,moisturizer,Broad match,Untiered - Broad,False,False,3799,91,209.7,8.6,582.32
2025-05-28,SPF Moisturizer Bundle,SPF Bundle,spf moisturizer bundle,Exact match,Tier 1 - High Intent,True,True,8910,223,418.45,19.5,1197.7
2025-05-28,SPF Moisturizer Bundle,Vegan SPF,vegan spf moisturizer,Phrase match,Tier 2 - Mid Intent,True,True,3437,83,182.78,8.1,507.57
2025-05-28,Skincare Routine Quiz,Routine Quiz,best skincare routine for dry skin,Phrase match,Tier 2 - Mid Intent,True,True,5765,134,266.69,12.6,854.42
2025-05-28,Skincare Routine Quiz,Plant Based,plant based moisturizer,Phrase match,Tier 2 - Mid Intent,True,True,4521,123,253.19,10.4,663.64
2025-05-29,Best Serum for Dry Skin,Vitamin C Serum,best vitamin c serum for dry skin,Exact match,Tier 1 - High Intent,True,True,10312,305,522.64,26.8,1529.01
2025-05-29,Best Serum for Dry Skin,Hydrating Serum,buy hydrating face serum online,Exact match,Tier 1 - High Intent,True,True,8767,248,475.14,18.8,1198.94
2025-05-29,Best Serum for Dry Skin,Natural Serum,natural skincare routine,Phrase match,Tier 2 - Mid Intent,True,False,4790,121,250.28,9.3,701.03
2025-05-29,Best Serum for Dry Skin,Broad Skincare,skincare,Broad match,Untiered - Broad,False,False,4434,114,234.3,10.7,577.84
2025-05-29,Brand Defense,Brand Core,pureglow skincare,Exact match,Tier 3 - Brand Defense,False,True,4152,102,220.32,8.2,620.54
2025-05-29,Brand Defense,Brand Bundle,pureglow spf bundle,Exact match,Tier 3 - Brand Defense,False,True,1952,58,103.74,4.0,260.49
2025-05-29,Brand Defense,Brand Product,pureglow vitamin c serum,Exact match,Tier 3 - Brand Defense,False,True,3304,90,169.35,7.5,444.87
2025-05-29,SPF Moisturizer Bundle,Daily SPF,buy spf moisturizer online,Exact match,Tier 1 - High Intent,True,True,6198,163,309.92,14.3,968.76
2025-05-29,SPF Moisturizer Bundle,Broad Moisturizer,moisturizer,Broad match,Untiered - Broad,False,False,4218,96,181.71,9.2,526.3
2025-05-29,SPF Moisturizer Bundle,SPF Bundle,spf moisturizer bundle,Exact match,Tier 1 - High Intent,True,True,7819,218,432.75,19.1,1133.76
2025-05-29,SPF Moisturizer Bundle,Vegan SPF,vegan spf moisturizer,Phrase match,Tier 2 - Mid Intent,True,True,3672,100,164.7,6.9,452.27
2025-05-29,Skincare Routine Quiz,Routine Quiz,best skincare routine for dry skin,Phrase match,Tier 2 - Mid Intent,True,True,6133,141,256.47,10.9,777.45
2025-05-29,Skincare Routine Quiz,Plant Based,plant based moisturizer,Phrase match,Tier 2 - Mid Intent,True,True,5267,121,226.76,9.6,666.89
2025-05-30,Best Serum for Dry Skin,Vitamin C Serum,best vitamin c serum for dry skin,Exact match,Tier 1 - High Intent,True,True,13505,306,691.31,26.4,1898.33
2025-05-30,Best Serum for Dry Skin,Hydrating Serum,buy hydrating face serum online,Exact match,Tier 1 - High Intent,True,True,9816,261,549.56,25.6,1317.64
2025-05-30,Best Serum for Dry Skin,Natural Serum,natural skincare routine,Phrase match,Tier 2 - Mid Intent,True,False,4853,126,281.59,11.1,740.27
2025-05-30,Best Serum for Dry Skin,Broad Skincare,skincare,Broad match,Untiered - Broad,False,False,4807,131,238.01,10.8,731.74
2025-05-30,Brand Defense,Brand Core,pureglow skincare,Exact match,Tier 3 - Brand Defense,False,True,4643,122,219.51,10.9,636.44
2025-05-30,Brand Defense,Brand Bundle,pureglow spf bundle,Exact match,Tier 3 - Brand Defense,False,True,2159,63,125.81,5.4,319.03
2025-05-30,Brand Defense,Brand Product,pureglow vitamin c serum,Exact match,Tier 3 - Brand Defense,False,True,3958,98,186.42,9.0,592.11
2025-05-30,SPF Moisturizer Bundle,Daily SPF,buy spf moisturizer online,Exact match,Tier 1 - High Intent,True,True,7210,181,343.61,14.2,1066.21
2025-05-30,SPF Moisturizer Bundle,Broad Moisturizer,moisturizer,Broad match,Untiered - Broad,False,False,4098,107,236.47,10.4,540.74
2025-05-30,SPF Moisturizer Bundle,SPF Bundle,spf moisturizer bundle,Exact match,Tier 1 - High Intent,True,True,9867,234,498.65,22.0,1401.93
2025-05-30,SPF Moisturizer Bundle,Vegan SPF,vegan spf moisturizer,Phrase match,Tier 2 - Mid Intent,True,True,4012,106,191.56,8.5,537.82
2025-05-30,Skincare Routine Quiz,Routine Quiz,best skincare routine for dry skin,Phrase match,Tier 2 - Mid Intent,True,True,6142,166,344.6,15.7,939.52
2025-05-30,Skincare Routine Quiz,Plant Based,plant based moisturizer,Phrase match,Tier 2 - Mid Intent,True,True,5984,130,259.42,12.8,731.12
2025-05-31,Best Serum for Dry Skin,Vitamin C Serum,best vitamin c serum for dry skin,Exact match,Tier 1 - High Intent,True,True,11409,303,619.76,24.2,1656.65
2025-05-31,Best Serum for Dry Skin,Hydrating Serum,buy hydrating face serum online,Exact match,Tier 1 - High Intent,True,True,9720,226,438.95,19.2,1275.86
2025-05-31,Best Serum for Dry Skin,Natural Serum,natural skincare routine,Phrase match,Tier 2 - Mid Intent,True,False,4349,116,227.86,10.2,646.61
2025-05-31,Best Serum for Dry Skin,Broad Skincare,skincare,Broad match,Untiered - Broad,False,False,4627,123,243.23,10.1,678.23
2025-05-31,Brand Defense,Brand Core,pureglow skincare,Exact match,Tier 3 - Brand Defense,False,True,3988,99,199.55,9.4,623.42
2025-05-31,Brand Defense,Brand Bundle,pureglow spf bundle,Exact match,Tier 3 - Brand Defense,False,True,2154,50,107.4,4.8,302.1
2025-05-31,Brand Defense,Brand Product,pureglow vitamin c serum,Exact match,Tier 3 - Brand Defense,False,True,3490,88,180.19,7.4,487.62
2025-05-31,SPF Moisturizer Bundle,Daily SPF,buy spf moisturizer online,Exact match,Tier 1 - High Intent,True,True,6654,162,318.74,14.6,830.65
2025-05-31,SPF Moisturizer Bundle,Broad Moisturizer,moisturizer,Broad match,Untiered - Broad,False,False,3793,98,181.98,9.3,584.17
2025-05-31,SPF Moisturizer Bundle,SPF Bundle,spf moisturizer bundle,Exact match,Tier 1 - High Intent,True,True,8817,214,421.91,18.1,1164.75
2025-05-31,SPF Moisturizer Bundle,Vegan SPF,vegan spf moisturizer,Phrase match,Tier 2 - Mid Intent,True,True,3385,90,170.68,7.8,535.88
2025-05-31,Skincare Routine Quiz,Routine Quiz,best skincare routine for dry skin,Phrase match,Tier 2 - Mid Intent,True,True,5688,152,295.76,11.4,732.34
2025-05-31,Skincare Routine Quiz,Plant Based,plant based moisturizer,Phrase match,Tier 2 - Mid Intent,True,True,4795,135,259.66,12.0,636.25
2025-06-01,Best Serum for Dry Skin,Vitamin C Serum,best vitamin c serum for dry skin,Exact match,Tier 1 - High Intent,True,True,11699,305,608.39,26.7,1790.47
2025-06-01,Best Serum for Dry Skin,Hydrating Serum,buy hydrating face serum online,Exact match,Tier 1 - High Intent,True,True,10268,261,501.25,22.1,1520.89
2025-06-01,Best Serum for Dry Skin,Natural Serum,natural skincare routine,Phrase match,Tier 2 - Mid Intent,True,False,5242,136,269.17,10.8,779.21
2025-06-01,Best Serum for Dry Skin,Broad Skincare,skincare,Broad match,Untiered - Broad,False,False,4546,128,238.69,11.2,733.06
2025-06-01,Brand Defense,Brand Core,pureglow skincare,Exact match,Tier 3 - Brand Defense,False,True,4571,124,215.48,10.1,592.5
2025-06-01,Brand Defense,Brand Bundle,pureglow spf bundle,Exact match,Tier 3 - Brand Defense,False,True,2409,59,104.82,5.0,313.96
2025-06-01,Brand Defense,Brand Product,pureglow vitamin c serum,Exact match,Tier 3 - Brand Defense,False,True,3547,91,184.47,8.3,505.12
2025-06-01,SPF Moisturizer Bundle,Daily SPF,buy spf moisturizer online,Exact match,Tier 1 - High Intent,True,True,7299,178,326.92,16.7,989.92
2025-06-01,SPF Moisturizer Bundle,Broad Moisturizer,moisturizer,Broad match,Untiered - Broad,False,False,3755,103,192.29,9.5,635.82
2025-06-01,SPF Moisturizer Bundle,SPF Bundle,spf moisturizer bundle,Exact match,Tier 1 - High Intent,True,True,10040,247,421.35,19.4,1367.77
2025-06-01,SPF Moisturizer Bundle,Vegan SPF,vegan spf moisturizer,Phrase match,Tier 2 - Mid Intent,True,True,3511,94,206.1,8.0,512.73
2025-06-01,Skincare Routine Quiz,Routine Quiz,best skincare routine for dry skin,Phrase match,Tier 2 - Mid Intent,True,True,6526,168,301.59,14.1,912.71
2025-06-01,Skincare Routine Quiz,Plant Based,plant based moisturizer,Phrase match,Tier 2 - Mid Intent,True,True,4853,132,266.2,13.0,773.05
2025-06-02,Best Serum for Dry Skin,Vitamin C Serum,best vitamin c serum for dry skin,Exact match,Tier 1 - High Intent,True,True,10802,307,552.94,23.9,1621.86
2025-06-02,Best Serum for Dry Skin,Hydrating Serum,buy hydrating face serum online,Exact match,Tier 1 - High Intent,True,True,9986,248,461.14,19.0,1247.24
2025-06-02,Best Serum for Dry Skin,Natural Serum,natural skincare routine,Phrase match,Tier 2 - Mid Intent,True,False,4764,136,233.49,10.9,606.03
2025-06-02,Best Serum for Dry Skin,Broad Skincare,skincare,Broad match,Untiered - Broad,False,False,4889,118,236.05,8.7,667.77
2025-06-02,Brand Defense,Brand Core,pureglow skincare,Exact match,Tier 3 - Brand Defense,False,True,3957,102,197.91,9.1,542.21
2025-06-02,Brand Defense,Brand Bundle,pureglow spf bundle,Exact match,Tier 3 - Brand Defense,False,True,2332,58,103.13,5.0,285.14
2025-06-02,Brand Defense,Brand Product,pureglow vitamin c serum,Exact match,Tier 3 - Brand Defense,False,True,3333,89,185.65,7.3,475.36
2025-06-02,SPF Moisturizer Bundle,Daily SPF,buy spf moisturizer online,Exact match,Tier 1 - High Intent,True,True,6678,165,319.71,15.6,823.18
2025-06-02,SPF Moisturizer Bundle,Broad Moisturizer,moisturizer,Broad match,Untiered - Broad,False,False,4213,102,190.44,8.8,557.34
2025-06-02,SPF Moisturizer Bundle,SPF Bundle,spf moisturizer bundle,Exact match,Tier 1 - High Intent,True,True,9424,221,427.24,17.7,1269.82
2025-06-02,SPF Moisturizer Bundle,Vegan SPF,vegan spf moisturizer,Phrase match,Tier 2 - Mid Intent,True,True,3435,98,175.07,8.1,515.73
2025-06-02,Skincare Routine Quiz,Routine Quiz,best skincare routine for dry skin,Phrase match,Tier 2 - Mid Intent,True,True,6058,146,278.34,14.0,742.6
2025-06-02,Skincare Routine Quiz,Plant Based,plant based moisturizer,Phrase match,Tier 2 - Mid Intent,True,True,5406,129,225.59,10.3,653.1
2025-06-03,Best Serum for Dry Skin,Vitamin C Serum,best vitamin c serum for dry skin,Exact match,Tier 1 - High Intent,True,True,13085,348,558.51,28.5,1568.78
2025-06-03,Best Serum for Dry Skin,Hydrating Serum,buy hydrating face serum online,Exact match,Tier 1 - High Intent,True,True,10362,270,493.58,21.0,1401.42
2025-06-03,Best Serum for Dry Skin,Natural Serum,natural skincare routine,Phrase match,Tier 2 - Mid Intent,True,False,4979,133,250.16,10.2,738.15
2025-06-03,Best Serum for Dry Skin,Broad Skincare,skincare,Broad match,Untiered - Broad,False,False,4798,128,246.57,10.4,726.31
2025-06-03,Brand Defense,Brand Core,pureglow skincare,Exact match,Tier 3 - Brand Defense,False,True,4728,124,213.99,9.4,655.63
2025-06-03,Brand Defense,Brand Bundle,pureglow spf bundle,Exact match,Tier 3 - Brand Defense,False,True,2348,62,105.73,5.2,332.09
2025-06-03,Brand Defense,Brand Product,pureglow vitamin c serum,Exact match,Tier 3 - Brand Defense,False,True,3627,100,179.56,7.3,556.59
2025-06-03,SPF Moisturizer Bundle,Daily SPF,buy spf moisturizer online,Exact match,Tier 1 - High Intent,True,True,7461,167,331.63,15.2,1037.81
2025-06-03,SPF Moisturizer Bundle,Broad Moisturizer,moisturizer,Broad match,Untiered - Broad,False,False,4548,115,198.58,9.0,537.59
2025-06-03,SPF Moisturizer Bundle,SPF Bundle,spf moisturizer bundle,Exact match,Tier 1 - High Intent,True,True,9677,244,449.61,19.1,1367.3
2025-06-03,SPF Moisturizer Bundle,Vegan SPF,vegan spf moisturizer,Phrase match,Tier 2 - Mid Intent,True,True,3665,96,194.31,9.5,582.04
2025-06-03,Skincare Routine Quiz,Routine Quiz,best skincare routine for dry skin,Phrase match,Tier 2 - Mid Intent,True,True,6202,167,291.9,14.9,829.89
2025-06-03,Skincare Routine Quiz,Plant Based,plant based moisturizer,Phrase match,Tier 2 - Mid Intent,True,True,5719,133,279.6,11.7,770.3
2025-06-04,Best Serum for Dry Skin,Vitamin C Serum,best vitamin c serum for dry skin,Exact match,Tier 1 - High Intent,True,True,12237,328,557.98,27.9,1768.14
2025-06-04,Best Serum for Dry Skin,Hydrating Serum,buy hydrating face serum online,Exact match,Tier 1 - High Intent,True,True,10361,263,444.56,19.4,1361.91
2025-06-04,Best Serum for Dry Skin,Natural Serum,natural skincare routine,Phrase match,Tier 2 - Mid Intent,True,False,5049,134,246.17,12.3,691.49
2025-06-04,Best Serum for Dry Skin,Broad Skincare,skincare,Broad match,Untiered - Broad,False,False,4520,115,243.13,9.7,681.31
2025-06-04,Brand Defense,Brand Core,pureglow skincare,Exact match,Tier 3 - Brand Defense,False,True,4679,119,206.79,8.7,587.27
2025-06-04,Brand Defense,Brand Bundle,pureglow spf bundle,Exact match,Tier 3 - Brand Defense,False,True,2293,55,109.7,5.2,305.67
2025-06-04,Brand Defense,Brand Product,pureglow vitamin c serum,Exact match,Tier 3 - Brand Defense,False,True,3855,95,185.8,8.2,534.04
2025-06-04,SPF Moisturizer Bundle,Daily SPF,buy spf moisturizer online,Exact match,Tier 1 - High Intent,True,True,6008,169,324.92,14.2,935.91
2025-06-04,SPF Moisturizer Bundle,Broad Moisturizer,moisturizer,Broad match,Untiered - Broad,False,False,4106,112,189.51,8.5,586.23
2025-06-04,SPF Moisturizer Bundle,SPF Bundle,spf moisturizer bundle,Exact match,Tier 1 - High Intent,True,True,8479,256,433.37,19.4,1405.38
2025-06-04,SPF Moisturizer Bundle,Vegan SPF,vegan spf moisturizer,Phrase match,Tier 2 - Mid Intent,True,True,3419,92,175.31,7.7,543.82
2025-06-04,Skincare Routine Quiz,Routine Quiz,best skincare routine for dry skin,Phrase match,Tier 2 - Mid Intent,True,True,5880,149,272.6,13.6,832.29
2025-06-04,Skincare Routine Quiz,Plant Based,plant based moisturizer,Phrase match,Tier 2 - Mid Intent,True,True,5131,125,254.02,10.9,766.66
2025-06-05,Best Serum for Dry Skin,Vitamin C Serum,best vitamin c serum for dry skin,Exact match,Tier 1 - High Intent,True,True,9575,269,509.68,22.7,1552.86
2025-06-05,Best Serum for Dry Skin,Hydrating Serum,buy hydrating face serum online,Exact match,Tier 1 - High Intent,True,True,7827,219,407.44,21.0,1213.34
2025-06-05,Best Serum for Dry Skin,Natural Serum,natural skincare routine,Phrase match,Tier 2 - Mid Intent,True,False,4000,108,235.99,9.4,613.76
2025-06-05,Best Serum for Dry Skin,Broad Skincare,skincare,Broad match,Untiered - Broad,False,False,3809,116,196.79,9.9,642.98
2025-06-05,Brand Defense,Brand Core,pureglow skincare,Exact match,Tier 3 - Brand Defense,False,True,3494,99,203.45,8.4,590.34
2025-06-05,Brand Defense,Brand Bundle,pureglow spf bundle,Exact match,Tier 3 - Brand Defense,False,True,1830,52,99.35,5.0,300.93
2025-06-05,Brand Defense,Brand Product,pureglow vitamin c serum,Exact match,Tier 3 - Brand Defense,False,True,3343,85,172.21,7.3,441.28
2025-06-05,SPF Moisturizer Bundle,Daily SPF,buy spf moisturizer online,Exact match,Tier 1 - High Intent,True,True,6064,167,305.72,14.4,915.18
2025-06-05,SPF Moisturizer Bundle,Broad Moisturizer,moisturizer,Broad match,Untiered - Broad,False,False,3704,99,179.62,8.3,558.87
2025-06-05,SPF Moisturizer Bundle,SPF Bundle,spf moisturizer bundle,Exact match,Tier 1 - High Intent,True,True,7857,205,408.43,17.1,1166.43
2025-06-05,SPF Moisturizer Bundle,Vegan SPF,vegan spf moisturizer,Phrase match,Tier 2 - Mid Intent,True,True,3330,87,155.87,8.2,456.89
2025-06-05,Skincare Routine Quiz,Routine Quiz,best skincare routine for dry skin,Phrase match,Tier 2 - Mid Intent,True,True,5145,149,246.41,12.6,852.2
2025-06-05,Skincare Routine Quiz,Plant Based,plant based moisturizer,Phrase match,Tier 2 - Mid Intent,True,True,4234,110,240.37,11.5,653.34
2025-06-06,Best Serum for Dry Skin,Vitamin C Serum,best vitamin c serum for dry skin,Exact match,Tier 1 - High Intent,True,True,11285,315,576.71,26.9,1702.24
2025-06-06,Best Serum for Dry Skin,Hydrating Serum,buy hydrating face serum online,Exact match,Tier 1 - High Intent,True,True,10350,273,466.35,22.3,1439.6
2025-06-06,Best Serum for Dry Skin,Natural Serum,natural skincare routine,Phrase match,Tier 2 - Mid Intent,True,False,5010,124,234.23,11.6,699.51
2025-06-06,Best Serum for Dry Skin,Broad Skincare,skincare,Broad match,Untiered - Broad,False,False,4847,115,212.45,11.6,612.96
2025-06-06,Brand Defense,Brand Core,pureglow skincare,Exact match,Tier 3 - Brand Defense,False,True,4361,117,214.93,11.0,686.25
2025-06-06,Brand Defense,Brand Bundle,pureglow spf bundle,Exact match,Tier 3 - Brand Defense,False,True,2246,53,102.04,5.1,329.85
2025-06-06,Brand Defense,Brand Product,pureglow vitamin c serum,Exact match,Tier 3 - Brand Defense,False,True,3372,100,166.94,8.5,579.79
2025-06-06,SPF Moisturizer Bundle,Daily SPF,buy spf moisturizer online,Exact match,Tier 1 - High Intent,True,True,6319,183,327.62,14.9,885.52
2025-06-06,SPF Moisturizer Bundle,Broad Moisturizer,moisturizer,Broad match,Untiered - Broad,False,False,3823,105,192.41,9.7,621.32
2025-06-06,SPF Moisturizer Bundle,SPF Bundle,spf moisturizer bundle,Exact match,Tier 1 - High Intent,True,True,9516,246,417.77,21.0,1319.58
2025-06-06,SPF Moisturizer Bundle,Vegan SPF,vegan spf moisturizer,Phrase match,Tier 2 - Mid Intent,True,True,3626,91,185.1,8.6,507.21
2025-06-06,Skincare Routine Quiz,Routine Quiz,best skincare routine for dry skin,Phrase match,Tier 2 - Mid Intent,True,True,5422,144,274.55,13.4,881.99
2025-06-06,Skincare Routine Quiz,Plant Based,plant based moisturizer,Phrase match,Tier 2 - Mid Intent,True,True,5181,127,245.66,12.7,726.7
2025-06-07,Best Serum for Dry Skin,Vitamin C Serum,best vitamin c serum for dry skin,Exact match,Tier 1 - High Intent,True,True,10555,319,576.53,25.2,1664.96
2025-06-07,Best Serum for Dry Skin,Hydrating Serum,buy hydrating face serum online,Exact match,Tier 1 - High Intent,True,True,8955,238,506.36,19.8,1458.29
2025-06-07,Best Serum for Dry Skin,Natural Serum,natural skincare routine,Phrase match,Tier 2 - Mid Intent,True,False,5114,134,256.5,11.5,733.21
2025-06-07,Best Serum for Dry Skin,Broad Skincare,skincare,Broad match,Untiered - Broad,False,False,4514,116,239.89,10.4,612.25
2025-06-07,Brand Defense,Brand Core,pureglow skincare,Exact match,Tier 3 - Brand Defense,False,True,4287,114,216.66,9.4,673.28
2025-06-07,Brand Defense,Brand Bundle,pureglow spf bundle,Exact match,Tier 3 - Brand Defense,False,True,2206,59,110.65,4.8,292.16
2025-06-07,Brand Defense,Brand Product,pureglow vitamin c serum,Exact match,Tier 3 - Brand Defense,False,True,3579,88,167.66,7.7,508.2
2025-06-07,SPF Moisturizer Bundle,Daily SPF,buy spf moisturizer online,Exact match,Tier 1 - High Intent,True,True,6220,161,333.82,13.4,879.17
2025-06-07,SPF Moisturizer Bundle,Broad Moisturizer,moisturizer,Broad match,Untiered - Broad,False,False,3799,98,189.82,9.6,593.5
2025-06-07,SPF Moisturizer Bundle,SPF Bundle,spf moisturizer bundle,Exact match,Tier 1 - High Intent,True,True,8498,247,425.98,17.9,1378.01
2025-06-07,SPF Moisturizer Bundle,Vegan SPF,vegan spf moisturizer,Phrase match,Tier 2 - Mid Intent,True,True,3493,93,183.52,8.8,496.55
2025-06-07,Skincare Routine Quiz,Routine Quiz,best skincare routine for dry skin,Phrase match,Tier 2 - Mid Intent,True,True,5937,164,266.97,13.7,859.49
2025-06-07,Skincare Routine Quiz,Plant Based,plant based moisturizer,Phrase match,Tier 2 - Mid Intent,True,True,4458,127,262.91,11.9,788.02
2025-06-08,Best Serum for Dry Skin,Vitamin C Serum,best vitamin c serum for dry skin,Exact match,Tier 1 - High Intent,True,True,13905,322,577.64,26.2,1634.45
2025-06-08,Best Serum for Dry Skin,Hydrating Serum,buy hydrating face serum online,Exact match,Tier 1 - High Intent,True,True,11338,251,475.43,24.4,1314.99
2025-06-08,Best Serum for Dry Skin,Natural Serum,natural skincare routine,Phrase match,Tier 2 - Mid Intent,True,False,5273,141,269.79,12.3,788.33
2025-06-08,Best Serum for Dry Skin,Broad Skincare,skincare,Broad match,Untiered - Broad,False,False,5032,119,222.18,11.2,719.65
2025-06-08,Brand Defense,Brand Core,pureglow skincare,Exact match,Tier 3 - Brand Defense,False,True,4584,124,208.9,9.8,633.87
2025-06-08,Brand Defense,Brand Bundle,pureglow spf bundle,Exact match,Tier 3 - Brand Defense,False,True,2212,55,113.49,5.3,300.79
2025-06-08,Brand Defense,Brand Product,pureglow vitamin c serum,Exact match,Tier 3 - Brand Defense,False,True,4021,107,187.78,8.7,551.77
2025-06-08,SPF Moisturizer Bundle,Daily SPF,buy spf moisturizer online,Exact match,Tier 1 - High Intent,True,True,6807,174,313.81,15.2,1004.5
2025-06-08,SPF Moisturizer Bundle,Broad Moisturizer,moisturizer,Broad match,Untiered - Broad,False,False,4511,108,196.63,8.3,613.23
2025-06-08,SPF Moisturizer Bundle,SPF Bundle,spf moisturizer bundle,Exact match,Tier 1 - High Intent,True,True,9874,244,427.52,18.8,1371.11
2025-06-08,SPF Moisturizer Bundle,Vegan SPF,vegan spf moisturizer,Phrase match,Tier 2 - Mid Intent,True,True,4174,99,185.18,8.7,517.43
2025-06-08,Skincare Routine Quiz,Routine Quiz,best skincare routine for dry skin,Phrase match,Tier 2 - Mid Intent,True,True,5955,173,315.85,15.0,785.28
2025-06-08,Skincare Routine Quiz,Plant Based,plant based moisturizer,Phrase match,Tier 2 - Mid Intent,True,True,5029,145,257.78,13.3,671.04
2025-06-09,Best Serum for Dry Skin,Vitamin C Serum,best vitamin c serum for dry skin,Exact match,Tier 1 - High Intent,True,True,11147,287,598.11,24.6,1606.47
2025-06-09,Best Serum for Dry Skin,Hydrating Serum,buy hydrating face serum online,Exact match,Tier 1 - High Intent,True,True,8459,235,463.38,20.8,1343.92
2025-06-09,Best Serum for Dry Skin,Natural Serum,natural skincare routine,Phrase match,Tier 2 - Mid Intent,True,False,4702,124,226.42,12.3,663.13
2025-06-09,Best Serum for Dry Skin,Broad Skincare,skincare,Broad match,Untiered - Broad,False,False,4314,115,218.28,10.8,593.83
2025-06-09,Brand Defense,Brand Core,pureglow skincare,Exact match,Tier 3 - Brand Defense,False,True,4185,101,195.51,10.1,582.61
2025-06-09,Brand Defense,Brand Bundle,pureglow spf bundle,Exact match,Tier 3 - Brand Defense,False,True,1883,55,112.05,4.6,288.36
2025-06-09,Brand Defense,Brand Product,pureglow vitamin c serum,Exact match,Tier 3 - Brand Defense,False,True,3379,92,160.49,8.5,565.45
2025-06-09,SPF Moisturizer Bundle,Daily SPF,buy spf moisturizer online,Exact match,Tier 1 - High Intent,True,True,6342,160,321.9,14.4,972.84
2025-06-09,SPF Moisturizer Bundle,Broad Moisturizer,moisturizer,Broad match,Untiered - Broad,False,False,3447,92,183.23,9.6,515.59
2025-06-09,SPF Moisturizer Bundle,SPF Bundle,spf moisturizer bundle,Exact match,Tier 1 - High Intent,True,True,7704,214,407.27,18.5,1233.59
2025-06-09,SPF Moisturizer Bundle,Vegan SPF,vegan spf moisturizer,Phrase match,Tier 2 - Mid Intent,True,True,3318,95,170.55,9.0,483.49
2025-06-09,Skincare Routine Quiz,Routine Quiz,best skincare routine for dry skin,Phrase match,Tier 2 - Mid Intent,True,True,5161,137,276.27,14.2,782.7
2025-06-09,Skincare Routine Quiz,Plant Based,plant based moisturizer,Phrase match,Tier 2 - Mid Intent,True,True,4557,115,226.42,12.8,676.83
2025-06-10,Best Serum for Dry Skin,Vitamin C Serum,best vitamin c serum for dry skin,Exact match,Tier 1 - High Intent,True,True,12287,301,526.37,24.7,1608.08
2025-06-10,Best Serum for Dry Skin,Hydrating Serum,buy hydrating face serum online,Exact match,Tier 1 - High Intent,True,True,10170,224,460.61,21.5,1436.21
2025-06-10,Best Serum for Dry Skin,Natural Serum,natural skincare routine,Phrase match,Tier 2 - Mid Intent,True,False,4555,118,246.99,10.8,647.34
2025-06-10,Best Serum for Dry Skin,Broad Skincare,skincare,Broad match,Untiered - Broad,False,False,4548,112,227.95,10.3,641.78
2025-06-10,Brand Defense,Brand Core,pureglow skincare,Exact match,Tier 3 - Brand Defense,False,True,4501,114,193.07,9.4,634.3
2025-06-10,Brand Defense,Brand Bundle,pureglow spf bundle,Exact match,Tier 3 - Brand Defense,False,True,2218,54,95.72,4.8,307.36
2025-06-10,Brand Defense,Brand Product,pureglow vitamin c serum,Exact match,Tier 3 - Brand Defense,False,True,3212,88,162.62,7.2,485.78
2025-06-10,SPF Moisturizer Bundle,Daily SPF,buy spf moisturizer online,Exact match,Tier 1 - High Intent,True,True,6169,163,319.27,13.7,1013.91
2025-06-10,SPF Moisturizer Bundle,Broad Moisturizer,moisturizer,Broad match,Untiered - Broad,False,False,3615,107,193.24,8.7,559.56
2025-06-10,SPF Moisturizer Bundle,SPF Bundle,spf moisturizer bundle,Exact match,Tier 1 - High Intent,True,True,8592,228,391.79,19.4,1242.5
2025-06-10,SPF Moisturizer Bundle,Vegan SPF,vegan spf moisturizer,Phrase match,Tier 2 - Mid Intent,True,True,3988,90,182.45,7.4,495.67
2025-06-10,Skincare Routine Quiz,Routine Quiz,best skincare routine for dry skin,Phrase match,Tier 2 - Mid Intent,True,True,5743,153,294.93,12.1,877.04
2025-06-10,Skincare Routine Quiz,Plant Based,plant based moisturizer,Phrase match,Tier 2 - Mid Intent,True,True,5159,120,230.77,11.7,726.33
2025-06-11,Best Serum for Dry Skin,Vitamin C Serum,best vitamin c serum for dry skin,Exact match,Tier 1 - High Intent,True,True,10203,299,512.98,26.6,1713.44
2025-06-11,Best Serum for Dry Skin,Hydrating Serum,buy hydrating face serum online,Exact match,Tier 1 - High Intent,True,True,8377,226,416.39,23.1,1260.58
2025-06-11,Best Serum for Dry Skin,Natural Serum,natural skincare routine,Phrase match,Tier 2 - Mid Intent,True,False,4666,121,222.49,11.4,764.65
2025-06-11,Best Serum for Dry Skin,Broad Skincare,skincare,Broad match,Untiered - Broad,False,False,4268,116,212.6,10.3,644.65
2025-06-11,Brand Defense,Brand Core,pureglow skincare,Exact match,Tier 3 - Brand Defense,False,True,4292,111,211.13,9.4,577.55
2025-06-11,Brand Defense,Brand Bundle,pureglow spf bundle,Exact match,Tier 3 - Brand Defense,False,True,2155,52,98.57,5.1,316.69
2025-06-11,Brand Defense,Brand Product,pureglow vitamin c serum,Exact match,Tier 3 - Brand Defense,False,True,3071,95,176.51,7.4,534.74
2025-06-11,SPF Moisturizer Bundle,Daily SPF,buy spf moisturizer online,Exact match,Tier 1 - High Intent,True,True,6644,158,313.1,14.1,1025.31
2025-06-11,SPF Moisturizer Bundle,Broad Moisturizer,moisturizer,Broad match,Untiered - Broad,False,False,3866,99,180.68,8.3,502.89
2025-06-11,SPF Moisturizer Bundle,SPF Bundle,spf moisturizer bundle,Exact match,Tier 1 - High Intent,True,True,7554,230,410.29,20.4,1325.43
2025-06-11,SPF Moisturizer Bundle,Vegan SPF,vegan spf moisturizer,Phrase match,Tier 2 - Mid Intent,True,True,3289,96,172.12,7.9,508.49
2025-06-11,Skincare Routine Quiz,Routine Quiz,best skincare routine for dry skin,Phrase match,Tier 2 - Mid Intent,True,True,5491,140,259.94,12.4,891.32
2025-06-11,Skincare Routine Quiz,Plant Based,plant based moisturizer,Phrase match,Tier 2 - Mid Intent,True,True,4740,113,241.95,11.3,711.41
2025-06-12,Best Serum for Dry Skin,Vitamin C Serum,best vitamin c serum for dry skin,Exact match,Tier 1 - High Intent,True,True,10600,266,543.37,26.7,1451.82
2025-06-12,Best Serum for Dry Skin,Hydrating Serum,buy hydrating face serum online,Exact match,Tier 1 - High Intent,True,True,8663,224,432.48,18.5,1304.57
2025-06-12,Best Serum for Dry Skin,Natural Serum,natural skincare routine,Phrase match,Tier 2 - Mid Intent,True,False,3818,119,230.13,10.4,700.88
2025-06-12,Best Serum for Dry Skin,Broad Skincare,skincare,Broad match,Untiered - Broad,False,False,3620,102,186.66,10.2,602.44
2025-06-12,Brand Defense,Brand Core,pureglow skincare,Exact match,Tier 3 - Brand Defense,False,True,3577,101,193.22,9.7,591.51
2025-06-12,Brand Defense,Brand Bundle,pureglow spf bundle,Exact match,Tier 3 - Brand Defense,False,True,1748,51,88.17,4.8,263.2
2025-06-12,Brand Defense,Brand Product,pureglow vitamin c serum,Exact match,Tier 3 - Brand Defense,False,True,3112,77,150.15,8.0,462.13
2025-06-12,SPF Moisturizer Bundle,Daily SPF,buy spf moisturizer online,Exact match,Tier 1 - High Intent,True,True,5355,149,294.0,13.1,876.96
2025-06-12,SPF Moisturizer Bundle,Broad Moisturizer,moisturizer,Broad match,Untiered - Broad,False,False,3262,84,166.7,8.9,569.0
2025-06-12,SPF Moisturizer Bundle,SPF Bundle,spf moisturizer bundle,Exact match,Tier 1 - High Intent,True,True,6876,204,361.14,18.3,1209.97
2025-06-12,SPF Moisturizer Bundle,Vegan SPF,vegan spf moisturizer,Phrase match,Tier 2 - Mid Intent,True,True,2873,91,173.67,8.4,537.0
2025-06-12,Skincare Routine Quiz,Routine Quiz,best skincare routine for dry skin,Phrase match,Tier 2 - Mid Intent,True,True,4741,132,270.39,12.7,802.27
2025-06-12,Skincare Routine Quiz,Plant Based,plant based moisturizer,Phrase match,Tier 2 - Mid Intent,True,True,3880,123,213.54,10.6,717.56
2025-06-13,Best Serum for Dry Skin,Vitamin C Serum,best vitamin c serum for dry skin,Exact match,Tier 1 - High Intent,True,True,11191,320,588.63,23.7,1788.54
2025-06-13,Best Serum for Dry Skin,Hydrating Serum,buy hydrating face serum online,Exact match,Tier 1 - High Intent,True,True,8669,267,432.72,19.6,1289.34
2025-06-13,Best Serum for Dry Skin,Natural Serum,natural skincare routine,Phrase match,Tier 2 - Mid Intent,True,False,4638,120,233.51,11.8,764.0
2025-06-13,Best Serum for Dry Skin,Broad Skincare,skincare,Broad match,Untiered - Broad,False,False,3908,123,206.75,9.6,640.68
2025-06-13,Brand Defense,Brand Core,pureglow skincare,Exact match,Tier 3 - Brand Defense,False,True,4458,108,210.48,9.2,626.42
2025-06-13,Brand Defense,Brand Bundle,pureglow spf bundle,Exact match,Tier 3 - Brand Defense,False,True,2170,57,111.06,5.0,298.77
2025-06-13,Brand Defense,Brand Product,pureglow vitamin c serum,Exact match,Tier 3 - Brand Defense,False,True,3569,87,161.24,7.6,553.07
2025-06-13,SPF Moisturizer Bundle,Daily SPF,buy spf moisturizer online,Exact match,Tier 1 - High Intent,True,True,6584,171,322.12,14.3,877.01
2025-06-13,SPF Moisturizer Bundle,Broad Moisturizer,moisturizer,Broad match,Untiered - Broad,False,False,4020,100,180.48,9.7,601.2
2025-06-13,SPF Moisturizer Bundle,SPF Bundle,spf moisturizer bundle,Exact match,Tier 1 - High Intent,True,True,7906,237,420.38,20.0,1405.12
2025-06-13,SPF Moisturizer Bundle,Vegan SPF,vegan spf moisturizer,Phrase match,Tier 2 - Mid Intent,True,True,3683,95,172.0,8.5,579.92
2025-06-13,Skincare Routine Quiz,Routine Quiz,best skincare routine for dry skin,Phrase match,Tier 2 - Mid Intent,True,True,5661,154,290.38,13.2,950.46
2025-06-13,Skincare Routine Quiz,Plant Based,plant based moisturizer,Phrase match,Tier 2 - Mid Intent,True,True,4742,127,229.15,10.8,754.71
2025-06-14,Best Serum for Dry Skin,Vitamin C Serum,best vitamin c serum for dry skin,Exact match,Tier 1 - High Intent,True,True,11574,313,627.67,30.4,1675.72
2025-06-14,Best Serum for Dry Skin,Hydrating Serum,buy hydrating face serum online,Exact match,Tier 1 - High Intent,True,True,10491,240,519.38,22.5,1466.5
2025-06-14,Best Serum for Dry Skin,Natural Serum,natural skincare routine,Phrase match,Tier 2 - Mid Intent,True,False,4976,127,265.79,12.5,764.51
2025-06-14,Best Serum for Dry Skin,Broad Skincare,skincare,Broad match,Untiered - Broad,False,False,4554,114,218.7,10.7,631.58
2025-06-14,Brand Defense,Brand Core,pureglow skincare,Exact match,Tier 3 - Brand Defense,False,True,4186,123,204.48,9.2,694.61
2025-06-14,Brand Defense,Brand Bundle,pureglow spf bundle,Exact match,Tier 3 - Brand Defense,False,True,2200,62,115.25,4.7,299.15
2025-06-14,Brand Defense,Brand Product,pureglow vitamin c serum,Exact match,Tier 3 - Brand Defense,False,True,3659,90,177.98,8.0,520.83
2025-06-14,SPF Moisturizer Bundle,Daily SPF,buy spf moisturizer online,Exact match,Tier 1 - High Intent,True,True,6747,185,352.75,16.0,1056.96
2025-06-14,SPF Moisturizer Bundle,Broad Moisturizer,moisturizer,Broad match,Untiered - Broad,False,False,4081,108,215.57,8.2,585.43
2025-06-14,SPF Moisturizer Bundle,SPF Bundle,spf moisturizer bundle,Exact match,Tier 1 - High Intent,True,True,8640,238,477.26,23.4,1484.42
2025-06-14,SPF Moisturizer Bundle,Vegan SPF,vegan spf moisturizer,Phrase match,Tier 2 - Mid Intent,True,True,3825,95,193.7,9.4,539.82
2025-06-14,Skincare Routine Quiz,Routine Quiz,best skincare routine for dry skin,Phrase match,Tier 2 - Mid Intent,True,True,5361,151,289.5,15.4,820.07
2025-06-14,Skincare Routine Quiz,Plant Based,plant based moisturizer,Phrase match,Tier 2 - Mid Intent,True,True,4742,135,275.03,11.1,757.19
2025-06-15,Best Serum for Dry Skin,Vitamin C Serum,best vitamin c serum for dry skin,Exact match,Tier 1 - High Intent,True,True,10831,276,555.21,22.9,1577.46
2025-06-15,Best Serum for Dry Skin,Hydrating Serum,buy hydrating face serum online,Exact match,Tier 1 - High Intent,True,True,8179,256,425.97,19.0,1446.14
2025-06-15,Best Serum for Dry Skin,Natural Serum,natural skincare routine,Phrase match,Tier 2 - Mid Intent,True,False,4364,117,225.29,9.8,666.56
2025-06-15,Best Serum for Dry Skin,Broad Skincare,skincare,Broad match,Untiered - Broad,False,False,4174,114,222.59,9.3,637.22
2025-06-15,Brand Defense,Brand Core,pureglow skincare,Exact match,Tier 3 - Brand Defense,False,True,3635,114,211.28,8.7,601.46
2025-06-15,Brand Defense,Brand Bundle,pureglow spf bundle,Exact match,Tier 3 - Brand Defense,False,True,1990,56,109.96,4.4,307.66
2025-06-15,Brand Defense,Brand Product,pureglow vitamin c serum,Exact match,Tier 3 - Brand Defense,False,True,3042,93,172.29,8.7,490.71
2025-06-15,SPF Moisturizer Bundle,Daily SPF,buy spf moisturizer online,Exact match,Tier 1 - High Intent,True,True,5750,177,307.79,15.5,948.71
2025-06-15,SPF Moisturizer Bundle,Broad Moisturizer,moisturizer,Broad match,Untiered - Broad,False,False,3338,102,198.57,7.8,563.98
2025-06-15,SPF Moisturizer Bundle,SPF Bundle,spf moisturizer bundle,Exact match,Tier 1 - High Intent,True,True,7853,226,401.29,19.8,1392.54
2025-06-15,SPF Moisturizer Bundle,Vegan SPF,vegan spf moisturizer,Phrase match,Tier 2 - Mid Intent,True,True,3630,100,180.2,7.5,546.19
2025-06-15,Skincare Routine Quiz,Routine Quiz,best skincare routine for dry skin,Phrase match,Tier 2 - Mid Intent,True,True,5147,151,261.74,12.1,893.67
2025-06-15,Skincare Routine Quiz,Plant Based,plant based moisturizer,Phrase match,Tier 2 - Mid Intent,True,True,4666,116,225.65,12.1,774.55
2025-06-16,Best Serum for Dry Skin,Vitamin C Serum,best vitamin c serum for dry skin,Exact match,Tier 1 - High Intent,True,True,10664,290,571.8,29.1,1755.64
2025-06-16,Best Serum for Dry Skin,Hydrating Serum,buy hydrating face serum online,Exact match,Tier 1 - High Intent,True,True,10009,260,488.09,20.1,1335.85
2025-06-16,Best Serum for Dry Skin,Natural Serum,natural skincare routine,Phrase match,Tier 2 - Mid Intent,True,False,4665,127,239.4,10.9,694.78
2025-06-16,Best Serum for Dry Skin,Broad Skincare,skincare,Broad match,Untiered - Broad,False,False,4038,108,202.32,10.9,623.63
2025-06-16,Brand Defense,Brand Core,pureglow skincare,Exact match,Tier 3 - Brand Defense,False,True,3954,114,203.98,10.4,630.86
2025-06-16,Brand Defense,Brand Bundle,pureglow spf bundle,Exact match,Tier 3 - Brand Defense,False,True,2261,55,104.45,5.4,319.22
2025-06-16,Brand Defense,Brand Product,pureglow vitamin c serum,Exact match,Tier 3 - Brand Defense,False,True,3297,95,169.92,7.4,546.21
2025-06-16,SPF Moisturizer Bundle,Daily SPF,buy spf moisturizer online,Exact match,Tier 1 - High Intent,True,True,6921,175,310.53,14.3,1062.61
2025-06-16,SPF Moisturizer Bundle,Broad Moisturizer,moisturizer,Broad match,Untiered - Broad,False,False,4006,97,195.29,8.1,586.34
2025-06-16,SPF Moisturizer Bundle,SPF Bundle,spf moisturizer bundle,Exact match,Tier 1 - High Intent,True,True,8565,219,397.63,22.7,1416.44
2025-06-16,SPF Moisturizer Bundle,Vegan SPF,vegan spf moisturizer,Phrase match,Tier 2 - Mid Intent,True,True,3857,97,170.82,7.9,507.51
2025-06-16,Skincare Routine Quiz,Routine Quiz,best skincare routine for dry skin,Phrase match,Tier 2 - Mid Intent,True,True,5719,163,282.41,14.3,928.4
2025-06-16,Skincare Routine Quiz,Plant Based,plant based moisturizer,Phrase match,Tier 2 - Mid Intent,True,True,4704,134,241.46,10.8,808.66
2025-06-17,Best Serum for Dry Skin,Vitamin C Serum,best vitamin c serum for dry skin,Exact match,Tier 1 - High Intent,True,True,10306,303,571.47,23.8,1686.77
2025-06-17,Best Serum for Dry Skin,Hydrating Serum,buy hydrating face serum online,Exact match,Tier 1 - High Intent,True,True,9120,256,426.89,20.8,1347.36
2025-06-17,Best Serum for Dry Skin,Natural Serum,natural skincare routine,Phrase match,Tier 2 - Mid Intent,True,False,4157,119,221.99,10.9,634.29
2025-06-17,Best Serum for Dry Skin,Broad Skincare,skincare,Broad match,Untiered - Broad,False,False,3766,110,204.61,9.3,656.06
2025-06-17,Brand Defense,Brand Core,pureglow skincare,Exact match,Tier 3 - Brand Defense,False,True,3612,104,213.11,10.8,604.3
2025-06-17,Brand Defense,Brand Bundle,pureglow spf bundle,Exact match,Tier 3 - Brand Defense,False,True,2113,51,102.02,4.8,315.35
2025-06-17,Brand Defense,Brand Product,pureglow vitamin c serum,Exact match,Tier 3 - Brand Defense,False,True,3045,88,159.35,9.1,554.49
2025-06-17,SPF Moisturizer Bundle,Daily SPF,buy spf moisturizer online,Exact match,Tier 1 - High Intent,True,True,5566,164,307.64,14.1,862.91
2025-06-17,SPF Moisturizer Bundle,Broad Moisturizer,moisturizer,Broad match,Untiered - Broad,False,False,3497,98,188.46,9.3,508.98
2025-06-17,SPF Moisturizer Bundle,SPF Bundle,spf moisturizer bundle,Exact match,Tier 1 - High Intent,True,True,8554,205,446.58,20.4,1279.64
2025-06-17,SPF Moisturizer Bundle,Vegan SPF,vegan spf moisturizer,Phrase match,Tier 2 - Mid Intent,True,True,3600,90,181.24,9.1,583.27
2025-06-17,Skincare Routine Quiz,Routine Quiz,best skincare routine for dry skin,Phrase match,Tier 2 - Mid Intent,True,True,5434,156,291.02,12.4,903.37
2025-06-17,Skincare Routine Quiz,Plant Based,plant based moisturizer,Phrase match,Tier 2 - Mid Intent,True,True,4367,127,243.95,12.4,733.23
2025-06-18,Best Serum for Dry Skin,Vitamin C Serum,best vitamin c serum for dry skin,Exact match,Tier 1 - High Intent,True,True,10955,282,585.5,29.7,1789.49
2025-06-18,Best Serum for Dry Skin,Hydrating Serum,buy hydrating face serum online,Exact match,Tier 1 - High Intent,True,True,9856,259,419.52,20.6,1287.06
2025-06-18,Best Serum for Dry Skin,Natural Serum,natural skincare routine,Phrase match,Tier 2 - Mid Intent,True,False,4600,124,241.92,11.5,682.94
2025-06-18,Best Serum for Dry Skin,Broad Skincare,skincare,Broad match,Untiered - Broad,False,False,4293,107,200.17,10.8,705.7
2025-06-18,Brand Defense,Brand Core,pureglow skincare,Exact match,Tier 3 - Brand Defense,False,True,3742,115,189.2,10.8,590.36
2025-06-18,Brand Defense,Brand Bundle,pureglow spf bundle,Exact match,Tier 3 - Brand Defense,False,True,2094,50,105.5,5.0,288.32
2025-06-18,Brand Defense,Brand Product,pureglow vitamin c serum,Exact match,Tier 3 - Brand Defense,False,True,3615,86,167.8,7.7,528.67
2025-06-18,SPF Moisturizer Bundle,Daily SPF,buy spf moisturizer online,Exact match,Tier 1 - High Intent,True,True,5996,175,311.09,14.8,947.57
2025-06-18,SPF Moisturizer Bundle,Broad Moisturizer,moisturizer,Broad match,Untiered - Broad,False,False,3365,94,196.08,9.9,517.95
2025-06-18,SPF Moisturizer Bundle,SPF Bundle,spf moisturizer bundle,Exact match,Tier 1 - High Intent,True,True,8453,212,396.56,22.0,1304.32
2025-06-18,SPF Moisturizer Bundle,Vegan SPF,vegan spf moisturizer,Phrase match,Tier 2 - Mid Intent,True,True,3612,95,185.56,9.5,572.69
2025-06-18,Skincare Routine Quiz,Routine Quiz,best skincare routine for dry skin,Phrase match,Tier 2 - Mid Intent,True,True,5166,154,273.24,15.0,877.57
2025-06-18,Skincare Routine Quiz,Plant Based,plant based moisturizer,Phrase match,Tier 2 - Mid Intent,True,True,4656,119,237.85,12.2,752.64
2025-06-19,Best Serum for Dry Skin,Vitamin C Serum,best vitamin c serum for dry skin,Exact match,Tier 1 - High Intent,True,True,10970,308,612.15,31.3,1913.73
2025-06-19,Best Serum for Dry Skin,Hydrating Serum,buy hydrating face serum online,Exact match,Tier 1 - High Intent,True,True,9045,226,437.0,21.2,1411.15
2025-06-19,Best Serum for Dry Skin,Natural Serum,natural skincare routine,Phrase match,Tier 2 - Mid Intent,True,False,4389,120,252.43,11.3,683.01
2025-06-19,Best Serum for Dry Skin,Broad Skincare,skincare,Broad match,Untiered - Broad,False,False,4004,116,233.12,9.8,750.05
2025-06-19,Brand Defense,Brand Core,pureglow skincare,Exact match,Tier 3 - Brand Defense,False,True,3797,114,224.89,10.5,709.54
2025-06-19,Brand Defense,Brand Bundle,pureglow spf bundle,Exact match,Tier 3 - Brand Defense,False,True,1830,50,113.29,5.7,362.74
2025-06-19,Brand Defense,Brand Product,pureglow vitamin c serum,Exact match,Tier 3 - Brand Defense,False,True,3520,95,172.53,8.3,500.76
2025-06-19,SPF Moisturizer Bundle,Daily SPF,buy spf moisturizer online,Exact match,Tier 1 - High Intent,True,True,5783,174,312.61,16.8,1025.86
2025-06-19,SPF Moisturizer Bundle,Broad Moisturizer,moisturizer,Broad match,Untiered - Broad,False,False,3348,91,179.77,9.4,572.94
2025-06-19,SPF Moisturizer Bundle,SPF Bundle,spf moisturizer bundle,Exact match,Tier 1 - High Intent,True,True,8529,206,401.3,19.6,1477.44
2025-06-19,SPF Moisturizer Bundle,Vegan SPF,vegan spf moisturizer,Phrase match,Tier 2 - Mid Intent,True,True,3688,101,171.5,9.8,602.49
2025-06-19,Skincare Routine Quiz,Routine Quiz,best skincare routine for dry skin,Phrase match,Tier 2 - Mid Intent,True,True,4994,149,286.02,14.6,827.61
2025-06-19,Skincare Routine Quiz,Plant Based,plant based moisturizer,Phrase match,Tier 2 - Mid Intent,True,True,4521,124,263.7,10.9,730.26
2025-06-20,Best Serum for Dry Skin,Vitamin C Serum,best vitamin c serum for dry skin,Exact match,Tier 1 - High Intent,True,True,10481,266,549.11,26.0,1573.01
2025-06-20,Best Serum for Dry Skin,Hydrating Serum,buy hydrating face serum online,Exact match,Tier 1 - High Intent,True,True,8333,233,427.1,24.4,1380.74
2025-06-20,Best Serum for Dry Skin,Natural Serum,natural skincare routine,Phrase match,Tier 2 - Mid Intent,True,False,4019,122,244.01,11.7,763.49
2025-06-20,Best Serum for Dry Skin,Broad Skincare,skincare,Broad match,Untiered - Broad,False,False,3772,110,204.41,9.9,678.64
2025-06-20,Brand Defense,Brand Core,pureglow skincare,Exact match,Tier 3 - Brand Defense,False,True,3640,94,196.72,8.8,647.32
2025-06-20,Brand Defense,Brand Bundle,pureglow spf bundle,Exact match,Tier 3 - Brand Defense,False,True,1854,52,106.0,5.2,343.3
2025-06-20,Brand Defense,Brand Product,pureglow vitamin c serum,Exact match,Tier 3 - Brand Defense,False,True,3392,91,154.39,8.1,499.21
2025-06-20,SPF Moisturizer Bundle,Daily SPF,buy spf moisturizer online,Exact match,Tier 1 - High Intent,True,True,5489,160,325.36,16.9,887.87
2025-06-20,SPF Moisturizer Bundle,Broad Moisturizer,moisturizer,Broad match,Untiered - Broad,False,False,3523,96,189.39,9.5,580.03
2025-06-20,SPF Moisturizer Bundle,SPF Bundle,spf moisturizer bundle,Exact match,Tier 1 - High Intent,True,True,7815,223,442.42,21.6,1336.68
2025-06-20,SPF Moisturizer Bundle,Vegan SPF,vegan spf moisturizer,Phrase match,Tier 2 - Mid Intent,True,True,3082,95,165.55,8.1,566.74
2025-06-20,Skincare Routine Quiz,Routine Quiz,best skincare routine for dry skin,Phrase match,Tier 2 - Mid Intent,True,True,5190,146,272.68,14.6,891.05
2025-06-20,Skincare Routine Quiz,Plant Based,plant based moisturizer,Phrase match,Tier 2 - Mid Intent,True,True,4525,117,239.54,12.3,719.72
2025-06-21,Best Serum for Dry Skin,Vitamin C Serum,best vitamin c serum for dry skin,Exact match,Tier 1 - High Intent,True,True,12176,319,536.75,30.3,1949.69
2025-06-21,Best Serum for Dry Skin,Hydrating Serum,buy hydrating face serum online,Exact match,Tier 1 - High Intent,True,True,8666,240,505.68,21.7,1529.09
2025-06-21,Best Serum for Dry Skin,Natural Serum,natural skincare routine,Phrase match,Tier 2 - Mid Intent,True,False,4684,126,238.18,12.1,783.27
2025-06-21,Best Serum for Dry Skin,Broad Skincare,skincare,Broad match,Untiered - Broad,False,False,3941,106,231.31,10.0,647.73
2025-06-21,Brand Defense,Brand Core,pureglow skincare,Exact match,Tier 3 - Brand Defense,False,True,4378,115,228.37,11.2,603.23
2025-06-21,Brand Defense,Brand Bundle,pureglow spf bundle,Exact match,Tier 3 - Brand Defense,False,True,1928,54,107.64,5.2,307.5
2025-06-21,Brand Defense,Brand Product,pureglow vitamin c serum,Exact match,Tier 3 - Brand Defense,False,True,3324,90,175.55,8.5,530.9
2025-06-21,SPF Moisturizer Bundle,Daily SPF,buy spf moisturizer online,Exact match,Tier 1 - High Intent,True,True,5673,166,308.61,17.6,1006.94
2025-06-21,SPF Moisturizer Bundle,Broad Moisturizer,moisturizer,Broad match,Untiered - Broad,False,False,3847,93,205.39,8.2,534.06
2025-06-21,SPF Moisturizer Bundle,SPF Bundle,spf moisturizer bundle,Exact match,Tier 1 - High Intent,True,True,8748,218,408.18,23.5,1251.48
2025-06-21,SPF Moisturizer Bundle,Vegan SPF,vegan spf moisturizer,Phrase match,Tier 2 - Mid Intent,True,True,3431,104,198.07,9.1,518.09
2025-06-21,Skincare Routine Quiz,Routine Quiz,best skincare routine for dry skin,Phrase match,Tier 2 - Mid Intent,True,True,5220,158,300.83,13.7,839.61
2025-06-21,Skincare Routine Quiz,Plant Based,plant based moisturizer,Phrase match,Tier 2 - Mid Intent,True,True,4647,130,249.81,11.4,777.36
2025-06-22,Best Serum for Dry Skin,Vitamin C Serum,best vitamin c serum for dry skin,Exact match,Tier 1 - High Intent,True,True,11263,302,574.08,31.7,1920.97
2025-06-22,Best Serum for Dry Skin,Hydrating Serum,buy hydrating face serum online,Exact match,Tier 1 - High Intent,True,True,8141,261,459.91,21.6,1429.49
2025-06-22,Best Serum for Dry Skin,Natural Serum,natural skincare routine,Phrase match,Tier 2 - Mid Intent,True,False,4451,131,251.73,13.0,790.91
2025-06-22,Best Serum for Dry Skin,Broad Skincare,skincare,Broad match,Untiered - Broad,False,False,4307,121,233.05,10.8,717.82
2025-06-22,Brand Defense,Brand Core,pureglow skincare,Exact match,Tier 3 - Brand Defense,False,True,3812,104,223.66,11.6,643.73
2025-06-22,Brand Defense,Brand Bundle,pureglow spf bundle,Exact match,Tier 3 - Brand Defense,False,True,1823,54,104.61,5.2,301.67
2025-06-22,Brand Defense,Brand Product,pureglow vitamin c serum,Exact match,Tier 3 - Brand Defense,False,True,3380,96,165.13,9.5,503.52
2025-06-22,SPF Moisturizer Bundle,Daily SPF,buy spf moisturizer online,Exact match,Tier 1 - High Intent,True,True,6056,166,316.76,14.9,1005.54
2025-06-22,SPF Moisturizer Bundle,Broad Moisturizer,moisturizer,Broad match,Untiered - Broad,False,False,3346,96,200.6,9.4,631.15
2025-06-22,SPF Moisturizer Bundle,SPF Bundle,spf moisturizer bundle,Exact match,Tier 1 - High Intent,True,True,8035,243,416.81,22.7,1279.15
2025-06-22,SPF Moisturizer Bundle,Vegan SPF,vegan spf moisturizer,Phrase match,Tier 2 - Mid Intent,True,True,3196,101,188.96,8.7,628.34
2025-06-22,Skincare Routine Quiz,Routine Quiz,best skincare routine for dry skin,Phrase match,Tier 2 - Mid Intent,True,True,5509,141,278.85,13.9,853.81
2025-06-22,Skincare Routine Quiz,Plant Based,plant based moisturizer,Phrase match,Tier 2 - Mid Intent,True,True,4663,133,254.33,13.5,743.34
2025-06-23,Best Serum for Dry Skin,Vitamin C Serum,best vitamin c serum for dry skin,Exact match,Tier 1 - High Intent,True,True,10551,316,560.74,29.9,1670.63
2025-06-23,Best Serum for Dry Skin,Hydrating Serum,buy hydrating face serum online,Exact match,Tier 1 - High Intent,True,True,9641,233,446.78,24.6,1350.79
2025-06-23,Best Serum for Dry Skin,Natural Serum,natural skincare routine,Phrase match,Tier 2 - Mid Intent,True,False,4822,127,225.68,10.9,776.45
2025-06-23,Best Serum for Dry Skin,Broad Skincare,skincare,Broad match,Untiered - Broad,False,False,3826,121,227.27,9.5,657.77
2025-06-23,Brand Defense,Brand Core,pureglow skincare,Exact match,Tier 3 - Brand Defense,False,True,3849,111,213.85,11.1,668.11
2025-06-23,Brand Defense,Brand Bundle,pureglow spf bundle,Exact match,Tier 3 - Brand Defense,False,True,2016,57,108.47,5.5,300.24
2025-06-23,Brand Defense,Brand Product,pureglow vitamin c serum,Exact match,Tier 3 - Brand Defense,False,True,3184,95,172.69,7.8,558.37
2025-06-23,SPF Moisturizer Bundle,Daily SPF,buy spf moisturizer online,Exact match,Tier 1 - High Intent,True,True,6123,182,328.58,15.8,1009.7
2025-06-23,SPF Moisturizer Bundle,Broad Moisturizer,moisturizer,Broad match,Untiered - Broad,False,False,3718,96,181.09,8.2,623.64
2025-06-23,SPF Moisturizer Bundle,SPF Bundle,spf moisturizer bundle,Exact match,Tier 1 - High Intent,True,True,8670,244,462.15,20.5,1429.72
2025-06-23,SPF Moisturizer Bundle,Vegan SPF,vegan spf moisturizer,Phrase match,Tier 2 - Mid Intent,True,True,3681,98,185.35,9.2,556.41
2025-06-23,Skincare Routine Quiz,Routine Quiz,best skincare routine for dry skin,Phrase match,Tier 2 - Mid Intent,True,True,5687,157,280.91,13.5,819.72
2025-06-23,Skincare Routine Quiz,Plant Based,plant based moisturizer,Phrase match,Tier 2 - Mid Intent,True,True,4883,136,225.09,10.7,688.71
2025-06-24,Best Serum for Dry Skin,Vitamin C Serum,best vitamin c serum for dry skin,Exact match,Tier 1 - High Intent,True,True,9141,276,512.07,24.6,1706.38
2025-06-24,Best Serum for Dry Skin,Hydrating Serum,buy hydrating face serum online,Exact match,Tier 1 - High Intent,True,True,6994,210,450.2,18.8,1314.61
2025-06-24,Best Serum for Dry Skin,Natural Serum,natural skincare routine,Phrase match,Tier 2 - Mid Intent,True,False,3739,105,201.6,11.6,725.5
2025-06-24,Best Serum for Dry Skin,Broad Skincare,skincare,Broad match,Untiered - Broad,False,False,3669,95,199.44,10.6,668.38
2025-06-24,Brand Defense,Brand Core,pureglow skincare,Exact match,Tier 3 - Brand Defense,False,True,3571,102,178.9,9.8,642.21
2025-06-24,Brand Defense,Brand Bundle,pureglow spf bundle,Exact match,Tier 3 - Brand Defense,False,True,1693,46,96.75,4.4,314.74
2025-06-24,Brand Defense,Brand Product,pureglow vitamin c serum,Exact match,Tier 3 - Brand Defense,False,True,3086,87,153.94,8.0,462.23
2025-06-24,SPF Moisturizer Bundle,Daily SPF,buy spf moisturizer online,Exact match,Tier 1 - High Intent,True,True,5517,145,270.87,15.6,957.12
2025-06-24,SPF Moisturizer Bundle,Broad Moisturizer,moisturizer,Broad match,Untiered - Broad,False,False,3194,89,169.57,8.9,487.3
2025-06-24,SPF Moisturizer Bundle,SPF Bundle,spf moisturizer bundle,Exact match,Tier 1 - High Intent,True,True,6852,186,413.9,17.6,1127.21
2025-06-24,SPF Moisturizer Bundle,Vegan SPF,vegan spf moisturizer,Phrase match,Tier 2 - Mid Intent,True,True,2761,78,161.74,8.2,507.77
2025-06-24,Skincare Routine Quiz,Routine Quiz,best skincare routine for dry skin,Phrase match,Tier 2 - Mid Intent,True,True,4618,138,271.11,13.2,899.64
2025-06-24,Skincare Routine Quiz,Plant Based,plant based moisturizer,Phrase match,Tier 2 - Mid Intent,True,True,3768,105,219.21,10.4,672.77
2025-06-25,Best Serum for Dry Skin,Vitamin C Serum,best vitamin c serum for dry skin,Exact match,Tier 1 - High Intent,True,True,10998,296,589.58,25.1,1793.15
2025-06-25,Best Serum for Dry Skin,Hydrating Serum,buy hydrating face serum online,Exact match,Tier 1 - High Intent,True,True,7954,257,454.07,21.3,1445.77
2025-06-25,Best Serum for Dry Skin,Natural Serum,natural skincare routine,Phrase match,Tier 2 - Mid Intent,True,False,4299,130,225.5,12.5,724.63
2025-06-25,Best Serum for Dry Skin,Broad Skincare,skincare,Broad match,Untiered - Broad,False,False,3714,113,203.93,10.8,648.62
2025-06-25,Brand Defense,Brand Core,pureglow skincare,Exact match,Tier 3 - Brand Defense,False,True,4154,116,221.57,11.1,642.17
2025-06-25,Brand Defense,Brand Bundle,pureglow spf bundle,Exact match,Tier 3 - Brand Defense,False,True,1995,56,109.71,5.4,309.67
2025-06-25,Brand Defense,Brand Product,pureglow vitamin c serum,Exact match,Tier 3 - Brand Defense,False,True,3013,89,167.01,7.6,534.33
2025-06-25,SPF Moisturizer Bundle,Daily SPF,buy spf moisturizer online,Exact match,Tier 1 - High Intent,True,True,6089,171,342.04,16.7,1036.33
2025-06-25,SPF Moisturizer Bundle,Broad Moisturizer,moisturizer,Broad match,Untiered - Broad,False,False,3588,101,178.94,8.3,520.53
2025-06-25,SPF Moisturizer Bundle,SPF Bundle,spf moisturizer bundle,Exact match,Tier 1 - High Intent,True,True,7719,219,424.93,20.9,1424.27
2025-06-25,SPF Moisturizer Bundle,Vegan SPF,vegan spf moisturizer,Phrase match,Tier 2 - Mid Intent,True,True,3234,93,178.04,9.7,541.94
2025-06-25,Skincare Routine Quiz,Routine Quiz,best skincare routine for dry skin,Phrase match,Tier 2 - Mid Intent,True,True,5528,146,269.91,13.2,848.26
2025-06-25,Skincare Routine Quiz,Plant Based,plant based moisturizer,Phrase match,Tier 2 - Mid Intent,True,True,4292,138,224.48,12.5,713.02
2025-06-26,Best Serum for Dry Skin,Vitamin C Serum,best vitamin c serum for dry skin,Exact match,Tier 1 - High Intent,True,True,10017,297,523.31,25.6,1741.5
2025-06-26,Best Serum for Dry Skin,Hydrating Serum,buy hydrating face serum online,Exact match,Tier 1 - High Intent,True,True,9524,249,489.18,23.7,1619.16
2025-06-26,Best Serum for Dry Skin,Natural Serum,natural skincare routine,Phrase match,Tier 2 - Mid Intent,True,False,4586,130,233.8,10.4,793.94
2025-06-26,Best Serum for Dry Skin,Broad Skincare,skincare,Broad match,Untiered - Broad,False,False,4230,103,219.19,9.9,709.68
2025-06-26,Brand Defense,Brand Core,pureglow skincare,Exact match,Tier 3 - Brand Defense,False,True,4204,108,202.75,9.6,714.81
2025-06-26,Brand Defense,Brand Bundle,pureglow spf bundle,Exact match,Tier 3 - Brand Defense,False,True,2169,56,103.9,4.7,359.67
2025-06-26,Brand Defense,Brand Product,pureglow vitamin c serum,Exact match,Tier 3 - Brand Defense,False,True,3155,87,178.96,8.1,517.77
2025-06-26,SPF Moisturizer Bundle,Daily SPF,buy spf moisturizer online,Exact match,Tier 1 - High Intent,True,True,6427,157,305.02,15.1,1096.17
2025-06-26,SPF Moisturizer Bundle,Broad Moisturizer,moisturizer,Broad match,Untiered - Broad,False,False,3333,96,169.0,8.4,534.51
2025-06-26,SPF Moisturizer Bundle,SPF Bundle,spf moisturizer bundle,Exact match,Tier 1 - High Intent,True,True,8961,221,448.6,23.7,1403.28
2025-06-26,SPF Moisturizer Bundle,Vegan SPF,vegan spf moisturizer,Phrase match,Tier 2 - Mid Intent,True,True,3739,85,177.47,8.2,567.63
2025-06-26,Skincare Routine Quiz,Routine Quiz,best skincare routine for dry skin,Phrase match,Tier 2 - Mid Intent,True,True,5249,139,295.51,14.9,855.86
2025-06-26,Skincare Routine Quiz,Plant Based,plant based moisturizer,Phrase match,Tier 2 - Mid Intent,True,True,4693,132,255.76,12.9,810.36
2025-06-27,Best Serum for Dry Skin,Vitamin C Serum,best vitamin c serum for dry skin,Exact match,Tier 1 - High Intent,True,True,11427,306,551.52,26.2,1987.82
2025-06-27,Best Serum for Dry Skin,Hydrating Serum,buy hydrating face serum online,Exact match,Tier 1 - High Intent,True,True,8524,262,502.48,24.6,1463.13
2025-06-27,Best Serum for Dry Skin,Natural Serum,natural skincare routine,Phrase match,Tier 2 - Mid Intent,True,False,4641,135,241.35,11.9,784.58
2025-06-27,Best Serum for Dry Skin,Broad Skincare,skincare,Broad match,Untiered - Broad,False,False,3952,116,221.5,11.1,679.45
2025-06-27,Brand Defense,Brand Core,pureglow skincare,Exact match,Tier 3 - Brand Defense,False,True,4084,119,225.35,11.1,677.03
2025-06-27,Brand Defense,Brand Bundle,pureglow spf bundle,Exact match,Tier 3 - Brand Defense,False,True,2066,61,108.39,5.4,311.38
2025-06-27,Brand Defense,Brand Product,pureglow vitamin c serum,Exact match,Tier 3 - Brand Defense,False,True,3362,91,170.93,8.6,528.27
2025-06-27,SPF Moisturizer Bundle,Daily SPF,buy spf moisturizer online,Exact match,Tier 1 - High Intent,True,True,5809,189,345.48,16.6,1041.15
2025-06-27,SPF Moisturizer Bundle,Broad Moisturizer,moisturizer,Broad match,Untiered - Broad,False,False,3949,111,199.13,8.6,532.77
2025-06-27,SPF Moisturizer Bundle,SPF Bundle,spf moisturizer bundle,Exact match,Tier 1 - High Intent,True,True,7595,257,436.93,18.4,1275.85
2025-06-27,SPF Moisturizer Bundle,Vegan SPF,vegan spf moisturizer,Phrase match,Tier 2 - Mid Intent,True,True,3418,95,189.6,9.4,614.79
2025-06-27,Skincare Routine Quiz,Routine Quiz,best skincare routine for dry skin,Phrase match,Tier 2 - Mid Intent,True,True,5523,165,267.33,13.7,843.36
2025-06-27,Skincare Routine Quiz,Plant Based,plant based moisturizer,Phrase match,Tier 2 - Mid Intent,True,True,4604,140,263.38,10.9,814.35
2025-06-28,Best Serum for Dry Skin,Vitamin C Serum,best vitamin c serum for dry skin,Exact match,Tier 1 - High Intent,True,True,10629,288,561.29,25.6,1710.9
2025-06-28,Best Serum for Dry Skin,Hydrating Serum,buy hydrating face serum online,Exact match,Tier 1 - High Intent,True,True,8691,242,479.68,21.1,1518.68
2025-06-28,Best Serum for Dry Skin,Natural Serum,natural skincare routine,Phrase match,Tier 2 - Mid Intent,True,False,4425,131,230.3,10.2,777.2
2025-06-28,Best Serum for Dry Skin,Broad Skincare,skincare,Broad match,Untiered - Broad,False,False,3949,116,203.66,10.3,590.43
2025-06-28,Brand Defense,Brand Core,pureglow skincare,Exact match,Tier 3 - Brand Defense,False,True,3362,104,218.24,9.8,653.75
2025-06-28,Brand Defense,Brand Bundle,pureglow spf bundle,Exact match,Tier 3 - Brand Defense,False,True,1867,51,110.38,4.5,345.5
2025-06-28,Brand Defense,Brand Product,pureglow vitamin c serum,Exact match,Tier 3 - Brand Defense,False,True,3250,93,174.99,9.2,573.5
2025-06-28,SPF Moisturizer Bundle,Daily SPF,buy spf moisturizer online,Exact match,Tier 1 - High Intent,True,True,5402,158,329.54,17.4,1024.58
2025-06-28,SPF Moisturizer Bundle,Broad Moisturizer,moisturizer,Broad match,Untiered - Broad,False,False,3296,91,170.88,8.3,587.17
2025-06-28,SPF Moisturizer Bundle,SPF Bundle,spf moisturizer bundle,Exact match,Tier 1 - High Intent,True,True,7351,222,421.71,20.3,1235.89
2025-06-28,SPF Moisturizer Bundle,Vegan SPF,vegan spf moisturizer,Phrase match,Tier 2 - Mid Intent,True,True,3006,90,191.72,9.8,573.31
2025-06-28,Skincare Routine Quiz,Routine Quiz,best skincare routine for dry skin,Phrase match,Tier 2 - Mid Intent,True,True,4791,139,272.92,14.6,857.62
2025-06-28,Skincare Routine Quiz,Plant Based,plant based moisturizer,Phrase match,Tier 2 - Mid Intent,True,True,3965,126,250.78,12.0,762.93
2025-06-29,Best Serum for Dry Skin,Vitamin C Serum,best vitamin c serum for dry skin,Exact match,Tier 1 - High Intent,True,True,11351,274,570.55,30.9,1887.62
2025-06-29,Best Serum for Dry Skin,Hydrating Serum,buy hydrating face serum online,Exact match,Tier 1 - High Intent,True,True,9710,259,494.23,24.7,1504.83
2025-06-29,Best Serum for Dry Skin,Natural Serum,natural skincare routine,Phrase match,Tier 2 - Mid Intent,True,False,4882,128,219.83,11.8,736.43
2025-06-29,Best Serum for Dry Skin,Broad Skincare,skincare,Broad match,Untiered - Broad,False,False,4318,108,198.92,10.0,704.85
2025-06-29,Brand Defense,Brand Core,pureglow skincare,Exact match,Tier 3 - Brand Defense,False,True,3820,100,196.45,9.8,643.43
2025-06-29,Brand Defense,Brand Bundle,pureglow spf bundle,Exact match,Tier 3 - Brand Defense,False,True,1852,52,106.26,4.9,360.9
2025-06-29,Brand Defense,Brand Product,pureglow vitamin c serum,Exact match,Tier 3 - Brand Defense,False,True,3366,92,167.82,9.3,588.55
2025-06-29,SPF Moisturizer Bundle,Daily SPF,buy spf moisturizer online,Exact match,Tier 1 - High Intent,True,True,6615,165,317.51,16.5,1094.37
2025-06-29,SPF Moisturizer Bundle,Broad Moisturizer,moisturizer,Broad match,Untiered - Broad,False,False,3854,103,178.77,8.3,592.64
2025-06-29,SPF Moisturizer Bundle,SPF Bundle,spf moisturizer bundle,Exact match,Tier 1 - High Intent,True,True,7419,235,427.39,20.0,1423.6
2025-06-29,SPF Moisturizer Bundle,Vegan SPF,vegan spf moisturizer,Phrase match,Tier 2 - Mid Intent,True,True,3445,94,179.22,9.8,531.32
2025-06-29,Skincare Routine Quiz,Routine Quiz,best skincare routine for dry skin,Phrase match,Tier 2 - Mid Intent,True,True,5119,149,282.96,14.7,890.4
2025-06-29,Skincare Routine Quiz,Plant Based,plant based moisturizer,Phrase match,Tier 2 - Mid Intent,True,True,4685,136,259.48,13.4,810.01
2025-06-30,Best Serum for Dry Skin,Vitamin C Serum,best vitamin c serum for dry skin,Exact match,Tier 1 - High Intent,True,True,10112,270,544.08,32.2,1678.87
2025-06-30,Best Serum for Dry Skin,Hydrating Serum,buy hydrating face serum online,Exact match,Tier 1 - High Intent,True,True,8708,239,472.05,21.0,1637.15
2025-06-30,Best Serum for Dry Skin,Natural Serum,natural skincare routine,Phrase match,Tier 2 - Mid Intent,True,False,4268,116,223.0,12.5,770.75
2025-06-30,Best Serum for Dry Skin,Broad Skincare,skincare,Broad match,Untiered - Broad,False,False,3645,114,207.29,10.3,696.61
2025-06-30,Brand Defense,Brand Core,pureglow skincare,Exact match,Tier 3 - Brand Defense,False,True,3584,100,208.34,9.9,729.59
2025-06-30,Brand Defense,Brand Bundle,pureglow spf bundle,Exact match,Tier 3 - Brand Defense,False,True,2007,50,102.99,5.5,367.16
2025-06-30,Brand Defense,Brand Product,pureglow vitamin c serum,Exact match,Tier 3 - Brand Defense,False,True,3036,95,177.13,8.9,608.99
2025-06-30,SPF Moisturizer Bundle,Daily SPF,buy spf moisturizer online,Exact match,Tier 1 - High Intent,True,True,6397,168,299.17,18.0,1049.02
2025-06-30,SPF Moisturizer Bundle,Broad Moisturizer,moisturizer,Broad match,Untiered - Broad,False,False,3662,100,176.1,8.9,538.58
2025-06-30,SPF Moisturizer Bundle,SPF Bundle,spf moisturizer bundle,Exact match,Tier 1 - High Intent,True,True,8206,207,430.88,22.3,1315.44
2025-06-30,SPF Moisturizer Bundle,Vegan SPF,vegan spf moisturizer,Phrase match,Tier 2 - Mid Intent,True,True,3244,89,172.25,9.8,599.01
2025-06-30,Skincare Routine Quiz,Routine Quiz,best skincare routine for dry skin,Phrase match,Tier 2 - Mid Intent,True,True,5616,142,281.06,15.8,877.2
2025-06-30,Skincare Routine Quiz,Plant Based,plant based moisturizer,Phrase match,Tier 2 - Mid Intent,True,True,4500,127,228.11,13.5,806.31
2025-07-01,Best Serum for Dry Skin,Vitamin C Serum,best vitamin c serum for dry skin,Exact match,Tier 1 - High Intent,True,True,10708,262,490.65,24.1,1801.05
2025-07-01,Best Serum for Dry Skin,Hydrating Serum,buy hydrating face serum online,Exact match,Tier 1 - High Intent,True,True,7292,236,453.62,23.0,1512.13
2025-07-01,Best Serum for Dry Skin,Natural Serum,natural skincare routine,Phrase match,Tier 2 - Mid Intent,True,False,3922,105,201.23,10.5,707.54
2025-07-01,Best Serum for Dry Skin,Broad Skincare,skincare,Broad match,Untiered - Broad,False,False,3724,100,184.07,9.8,653.8
2025-07-01,Brand Defense,Brand Core,pureglow skincare,Exact match,Tier 3 - Brand Defense,False,True,3618,97,206.37,10.3,622.63
2025-07-01,Brand Defense,Brand Bundle,pureglow spf bundle,Exact match,Tier 3 - Brand Defense,False,True,1761,51,98.02,4.6,340.14
2025-07-01,Brand Defense,Brand Product,pureglow vitamin c serum,Exact match,Tier 3 - Brand Defense,False,True,2881,91,165.8,6.9,521.21
2025-07-01,SPF Moisturizer Bundle,Daily SPF,buy spf moisturizer online,Exact match,Tier 1 - High Intent,True,True,4923,163,300.05,12.9,1045.59
2025-07-01,SPF Moisturizer Bundle,Broad Moisturizer,moisturizer,Broad match,Untiered - Broad,False,False,2836,91,180.67,8.1,589.19
2025-07-01,SPF Moisturizer Bundle,SPF Bundle,spf moisturizer bundle,Exact match,Tier 1 - High Intent,True,True,6695,215,413.54,17.6,1284.87
2025-07-01,SPF Moisturizer Bundle,Vegan SPF,vegan spf moisturizer,Phrase match,Tier 2 - Mid Intent,True,True,3227,84,157.37,7.5,499.22
2025-07-01,Skincare Routine Quiz,Routine Quiz,best skincare routine for dry skin,Phrase match,Tier 2 - Mid Intent,True,True,5060,141,252.41,13.7,916.03
2025-07-01,Skincare Routine Quiz,Plant Based,plant based moisturizer,Phrase match,Tier 2 - Mid Intent,True,True,3999,116,228.96,11.6,764.0
2025-07-02,Best Serum for Dry Skin,Vitamin C Serum,best vitamin c serum for dry skin,Exact match,Tier 1 - High Intent,True,True,8984,296,548.21,29.2,1664.14
2025-07-02,Best Serum for Dry Skin,Hydrating Serum,buy hydrating face serum online,Exact match,Tier 1 - High Intent,True,True,8633,226,452.18,21.2,1315.59
2025-07-02,Best Serum for Dry Skin,Natural Serum,natural skincare routine,Phrase match,Tier 2 - Mid Intent,True,False,4101,112,218.4,10.5,748.32
2025-07-02,Best Serum for Dry Skin,Broad Skincare,skincare,Broad match,Untiered - Broad,False,False,3584,97,188.74,10.3,608.66
2025-07-02,Brand Defense,Brand Core,pureglow skincare,Exact match,Tier 3 - Brand Defense,False,True,3210,104,187.49,9.8,635.18
2025-07-02,Brand Defense,Brand Bundle,pureglow spf bundle,Exact match,Tier 3 - Brand Defense,False,True,1830,49,95.85,4.4,309.25
2025-07-02,Brand Defense,Brand Product,pureglow vitamin c serum,Exact match,Tier 3 - Brand Defense,False,True,2869,80,157.5,8.3,538.66
2025-07-02,SPF Moisturizer Bundle,Daily SPF,buy spf moisturizer online,Exact match,Tier 1 - High Intent,True,True,5361,156,285.38,16.4,998.62
2025-07-02,SPF Moisturizer Bundle,Broad Moisturizer,moisturizer,Broad match,Untiered - Broad,False,False,3299,91,173.38,9.2,561.89
2025-07-02,SPF Moisturizer Bundle,SPF Bundle,spf moisturizer bundle,Exact match,Tier 1 - High Intent,True,True,6715,221,395.68,22.1,1192.48
2025-07-02,SPF Moisturizer Bundle,Vegan SPF,vegan spf moisturizer,Phrase match,Tier 2 - Mid Intent,True,True,3270,93,171.31,8.4,573.89
2025-07-02,Skincare Routine Quiz,Routine Quiz,best skincare routine for dry skin,Phrase match,Tier 2 - Mid Intent,True,True,4618,133,243.91,12.9,957.44
2025-07-02,Skincare Routine Quiz,Plant Based,plant based moisturizer,Phrase match,Tier 2 - Mid Intent,True,True,4162,110,238.69,11.4,678.69
2025-07-03,Best Serum for Dry Skin,Vitamin C Serum,best vitamin c serum for dry skin,Exact match,Tier 1 - High Intent,True,True,11115,293,554.06,28.7,1874.97
2025-07-03,Best Serum for Dry Skin,Hydrating Serum,buy hydrating face serum online,Exact match,Tier 1 - High Intent,True,True,7888,240,423.2,23.6,1274.52
2025-07-03,Best Serum for Dry Skin,Natural Serum,natural skincare routine,Phrase match,Tier 2 - Mid Intent,True,False,4271,121,208.5,10.2,754.71
2025-07-03,Best Serum for Dry Skin,Broad Skincare,skincare,Broad match,Untiered - Broad,False,False,3647,116,186.48,10.5,606.39
2025-07-03,Brand Defense,Brand Core,pureglow skincare,Exact match,Tier 3 - Brand Defense,False,True,4077,108,187.07,10.1,585.68
2025-07-03,Brand Defense,Brand Bundle,pureglow spf bundle,Exact match,Tier 3 - Brand Defense,False,True,1781,55,99.51,4.2,309.64
2025-07-03,Brand Defense,Brand Product,pureglow vitamin c serum,Exact match,Tier 3 - Brand Defense,False,True,3114,85,152.0,8.1,502.38
2025-07-03,SPF Moisturizer Bundle,Daily SPF,buy spf moisturizer online,Exact match,Tier 1 - High Intent,True,True,5362,171,313.25,13.7,916.88
2025-07-03,SPF Moisturizer Bundle,Broad Moisturizer,moisturizer,Broad match,Untiered - Broad,False,False,3530,99,168.88,9.3,596.85
2025-07-03,SPF Moisturizer Bundle,SPF Bundle,spf moisturizer bundle,Exact match,Tier 1 - High Intent,True,True,7647,222,383.61,17.8,1267.51
2025-07-03,SPF Moisturizer Bundle,Vegan SPF,vegan spf moisturizer,Phrase match,Tier 2 - Mid Intent,True,True,3108,91,179.48,7.7,529.61
2025-07-03,Skincare Routine Quiz,Routine Quiz,best skincare routine for dry skin,Phrase match,Tier 2 - Mid Intent,True,True,5385,157,263.04,11.6,807.59
2025-07-03,Skincare Routine Quiz,Plant Based,plant based moisturizer,Phrase match,Tier 2 - Mid Intent,True,True,4278,127,222.74,11.2,800.28
2025-07-04,Best Serum for Dry Skin,Vitamin C Serum,best vitamin c serum for dry skin,Exact match,Tier 1 - High Intent,True,True,11645,317,570.93,31.3,1889.53
2025-07-04,Best Serum for Dry Skin,Hydrating Serum,buy hydrating face serum online,Exact match,Tier 1 - High Intent,True,True,8245,230,474.69,21.4,1428.85
2025-07-04,Best Serum for Dry Skin,Natural Serum,natural skincare routine,Phrase match,Tier 2 - Mid Intent,True,False,4322,114,213.44,12.3,848.72
2025-07-04,Best Serum for Dry Skin,Broad Skincare,skincare,Broad match,Untiered - Broad,False,False,3854,105,210.36,10.6,723.15
2025-07-04,Brand Defense,Brand Core,pureglow skincare,Exact match,Tier 3 - Brand Defense,False,True,4089,116,191.77,11.1,641.41
2025-07-04,Brand Defense,Brand Bundle,pureglow spf bundle,Exact match,Tier 3 - Brand Defense,False,True,1889,55,94.59,5.8,358.38
2025-07-04,Brand Defense,Brand Product,pureglow vitamin c serum,Exact match,Tier 3 - Brand Defense,False,True,3283,96,174.7,9.5,620.1
2025-07-04,SPF Moisturizer Bundle,Daily SPF,buy spf moisturizer online,Exact match,Tier 1 - High Intent,True,True,6414,166,302.43,17.5,1035.15
2025-07-04,SPF Moisturizer Bundle,Broad Moisturizer,moisturizer,Broad match,Untiered - Broad,False,False,3420,95,171.46,8.9,594.64
2025-07-04,SPF Moisturizer Bundle,SPF Bundle,spf moisturizer bundle,Exact match,Tier 1 - High Intent,True,True,8415,209,392.9,21.5,1502.99
2025-07-04,SPF Moisturizer Bundle,Vegan SPF,vegan spf moisturizer,Phrase match,Tier 2 - Mid Intent,True,True,3057,94,180.34,9.5,652.53
2025-07-04,Skincare Routine Quiz,Routine Quiz,best skincare routine for dry skin,Phrase match,Tier 2 - Mid Intent,True,True,4852,138,269.66,15.4,906.31
2025-07-04,Skincare Routine Quiz,Plant Based,plant based moisturizer,Phrase match,Tier 2 - Mid Intent,True,True,4464,128,251.43,12.2,780.09
2025-07-05,Best Serum for Dry Skin,Vitamin C Serum,best vitamin c serum for dry skin,Exact match,Tier 1 - High Intent,True,True,11395,316,566.26,26.1,1833.23
2025-07-05,Best Serum for Dry Skin,Hydrating Serum,buy hydrating face serum online,Exact match,Tier 1 - High Intent,True,True,7908,231,494.42,21.3,1617.07
2025-07-05,Best Serum for Dry Skin,Natural Serum,natural skincare routine,Phrase match,Tier 2 - Mid Intent,True,False,4348,116,219.5,12.9,810.02
2025-07-05,Best Serum for Dry Skin,Broad Skincare,skincare,Broad match,Untiered - Broad,False,False,3507,111,202.55,9.9,706.35
2025-07-05,Brand Defense,Brand Core,pureglow skincare,Exact match,Tier 3 - Brand Defense,False,True,3849,114,204.19,10.5,684.88
2025-07-05,Brand Defense,Brand Bundle,pureglow spf bundle,Exact match,Tier 3 - Brand Defense,False,True,1947,52,95.17,4.9,353.0
2025-07-05,Brand Defense,Brand Product,pureglow vitamin c serum,Exact match,Tier 3 - Brand Defense,False,True,3184,90,179.81,9.1,581.85
2025-07-05,SPF Moisturizer Bundle,Daily SPF,buy spf moisturizer online,Exact match,Tier 1 - High Intent,True,True,6378,169,307.37,16.6,1001.71
2025-07-05,SPF Moisturizer Bundle,Broad Moisturizer,moisturizer,Broad match,Untiered - Broad,False,False,3340,91,173.64,10.3,569.97
2025-07-05,SPF Moisturizer Bundle,SPF Bundle,spf moisturizer bundle,Exact match,Tier 1 - High Intent,True,True,8025,214,418.0,19.5,1350.58
2025-07-05,SPF Moisturizer Bundle,Vegan SPF,vegan spf moisturizer,Phrase match,Tier 2 - Mid Intent,True,True,3476,97,175.16,10.0,577.56
2025-07-05,Skincare Routine Quiz,Routine Quiz,best skincare routine for dry skin,Phrase match,Tier 2 - Mid Intent,True,True,5452,142,276.98,16.0,984.07
2025-07-05,Skincare Routine Quiz,Plant Based,plant based moisturizer,Phrase match,Tier 2 - Mid Intent,True,True,4128,120,256.64,13.5,794.11
2025-07-06,Best Serum for Dry Skin,Vitamin C Serum,best vitamin c serum for dry skin,Exact match,Tier 1 - High Intent,True,True,10743,263,542.42,25.7,2031.26
2025-07-06,Best Serum for Dry Skin,Hydrating Serum,buy hydrating face serum online,Exact match,Tier 1 - High Intent,True,True,8360,242,430.86,26.1,1533.62
2025-07-06,Best Serum for Dry Skin,Natural Serum,natural skincare routine,Phrase match,Tier 2 - Mid Intent,True,False,4005,109,226.95,11.6,761.87
2025-07-06,Best Serum for Dry Skin,Broad Skincare,skincare,Broad match,Untiered - Broad,False,False,4120,102,195.25,11.1,684.63
2025-07-06,Brand Defense,Brand Core,pureglow skincare,Exact match,Tier 3 - Brand Defense,False,True,3527,101,200.08,10.0,674.58
2025-07-06,Brand Defense,Brand Bundle,pureglow spf bundle,Exact match,Tier 3 - Brand Defense,False,True,1994,56,94.11,4.8,347.0
2025-07-06,Brand Defense,Brand Product,pureglow vitamin c serum,Exact match,Tier 3 - Brand Defense,False,True,2840,92,153.55,7.7,522.87
2025-07-06,SPF Moisturizer Bundle,Daily SPF,buy spf moisturizer online,Exact match,Tier 1 - High Intent,True,True,5340,149,303.8,14.3,1144.96
2025-07-06,SPF Moisturizer Bundle,Broad Moisturizer,moisturizer,Broad match,Untiered - Broad,False,False,3566,91,181.66,8.7,610.0
2025-07-06,SPF Moisturizer Bundle,SPF Bundle,spf moisturizer bundle,Exact match,Tier 1 - High Intent,True,True,7097,230,408.5,20.2,1279.23
2025-07-06,SPF Moisturizer Bundle,Vegan SPF,vegan spf moisturizer,Phrase match,Tier 2 - Mid Intent,True,True,3329,97,163.13,8.2,637.86
2025-07-06,Skincare Routine Quiz,Routine Quiz,best skincare routine for dry skin,Phrase match,Tier 2 - Mid Intent,True,True,4759,139,256.02,15.9,975.06
2025-07-06,Skincare Routine Quiz,Plant Based,plant based moisturizer,Phrase match,Tier 2 - Mid Intent,True,True,4662,130,240.77,10.7,840.86
2025-07-07,Best Serum for Dry Skin,Vitamin C Serum,best vitamin c serum for dry skin,Exact match,Tier 1 - High Intent,True,True,9228,246,525.97,24.2,1621.47
2025-07-07,Best Serum for Dry Skin,Hydrating Serum,buy hydrating face serum online,Exact match,Tier 1 - High Intent,True,True,7944,202,410.5,22.9,1257.55
2025-07-07,Best Serum for Dry Skin,Natural Serum,natural skincare routine,Phrase match,Tier 2 - Mid Intent,True,False,3409,99,199.75,11.7,643.06
2025-07-07,Best Serum for Dry Skin,Broad Skincare,skincare,Broad match,Untiered - Broad,False,False,3101,94,192.85,10.5,571.02
2025-07-07,Brand Defense,Brand Core,pureglow skincare,Exact match,Tier 3 - Brand Defense,False,True,3519,92,185.85,10.5,586.36
2025-07-07,Brand Defense,Brand Bundle,pureglow spf bundle,Exact match,Tier 3 - Brand Defense,False,True,1700,47,82.79,5.5,333.05
2025-07-07,Brand Defense,Brand Product,pureglow vitamin c serum,Exact match,Tier 3 - Brand Defense,False,True,2741,83,148.72,7.3,473.28
2025-07-07,SPF Moisturizer Bundle,Daily SPF,buy spf moisturizer online,Exact match,Tier 1 - High Intent,True,True,4671,134,284.58,14.0,873.46
2025-07-07,SPF Moisturizer Bundle,Broad Moisturizer,moisturizer,Broad match,Untiered - Broad,False,False,3150,86,155.99,8.8,535.1
2025-07-07,SPF Moisturizer Bundle,SPF Bundle,spf moisturizer bundle,Exact match,Tier 1 - High Intent,True,True,7071,194,380.88,22.0,1262.39
2025-07-07,SPF Moisturizer Bundle,Vegan SPF,vegan spf moisturizer,Phrase match,Tier 2 - Mid Intent,True,True,2891,81,166.99,8.4,575.04
2025-07-07,Skincare Routine Quiz,Routine Quiz,best skincare routine for dry skin,Phrase match,Tier 2 - Mid Intent,True,True,4674,125,264.57,14.3,926.81
2025-07-07,Skincare Routine Quiz,Plant Based,plant based moisturizer,Phrase match,Tier 2 - Mid Intent,True,True,3734,111,208.97,11.6,791.0
2025-07-08,Best Serum for Dry Skin,Vitamin C Serum,best vitamin c serum for dry skin,Exact match,Tier 1 - High Intent,True,True,8801,269,505.53,25.6,1600.85
2025-07-08,Best Serum for Dry Skin,Hydrating Serum,buy hydrating face serum online,Exact match,Tier 1 - High Intent,True,True,8320,236,418.45,19.1,1327.15
2025-07-08,Best Serum for Dry Skin,Natural Serum,natural skincare routine,Phrase match,Tier 2 - Mid Intent,True,False,3989,117,208.84,9.9,717.34
2025-07-08,Best Serum for Dry Skin,Broad Skincare,skincare,Broad match,Untiered - Broad,False,False,3185,94,175.13,7.9,561.88
2025-07-08,Brand Defense,Brand Core,pureglow skincare,Exact match,Tier 3 - Brand Defense,False,True,3158,97,169.52,8.7,586.66
2025-07-08,Brand Defense,Brand Bundle,pureglow spf bundle,Exact match,Tier 3 - Brand Defense,False,True,1686,47,87.82,4.5,269.81
2025-07-08,Brand Defense,Brand Product,pureglow vitamin c serum,Exact match,Tier 3 - Brand Defense,False,True,2772,83,161.0,8.0,538.26
2025-07-08,SPF Moisturizer Bundle,Daily SPF,buy spf moisturizer online,Exact match,Tier 1 - High Intent,True,True,5421,140,277.99,13.3,976.75
2025-07-08,SPF Moisturizer Bundle,Broad Moisturizer,moisturizer,Broad match,Untiered - Broad,False,False,2906,92,150.18,7.1,556.94
2025-07-08,SPF Moisturizer Bundle,SPF Bundle,spf moisturizer bundle,Exact match,Tier 1 - High Intent,True,True,6837,207,395.05,19.9,1168.9
2025-07-08,SPF Moisturizer Bundle,Vegan SPF,vegan spf moisturizer,Phrase match,Tier 2 - Mid Intent,True,True,2926,89,167.09,8.4,482.34
2025-07-08,Skincare Routine Quiz,Routine Quiz,best skincare routine for dry skin,Phrase match,Tier 2 - Mid Intent,True,True,4403,143,260.93,12.7,821.37
2025-07-08,Skincare Routine Quiz,Plant Based,plant based moisturizer,Phrase match,Tier 2 - Mid Intent,True,True,4117,115,203.36,11.6,667.55
2025-07-09,Best Serum for Dry Skin,Vitamin C Serum,best vitamin c serum for dry skin,Exact match,Tier 1 - High Intent,True,True,9037,256,525.54,24.0,1699.53
2025-07-09,Best Serum for Dry Skin,Hydrating Serum,buy hydrating face serum online,Exact match,Tier 1 - High Intent,True,True,6857,221,436.17,22.8,1459.02
2025-07-09,Best Serum for Dry Skin,Natural Serum,natural skincare routine,Phrase match,Tier 2 - Mid Intent,True,False,3906,109,192.01,10.9,666.65
2025-07-09,Best Serum for Dry Skin,Broad Skincare,skincare,Broad match,Untiered - Broad,False,False,3492,99,190.26,9.9,614.3
2025-07-09,Brand Defense,Brand Core,pureglow skincare,Exact match,Tier 3 - Brand Defense,False,True,3184,99,194.02,10.9,622.48
2025-07-09,Brand Defense,Brand Bundle,pureglow spf bundle,Exact match,Tier 3 - Brand Defense,False,True,1631,53,97.68,5.1,341.33
2025-07-09,Brand Defense,Brand Product,pureglow vitamin c serum,Exact match,Tier 3 - Brand Defense,False,True,2559,79,145.76,7.8,502.74
2025-07-09,SPF Moisturizer Bundle,Daily SPF,buy spf moisturizer online,Exact match,Tier 1 - High Intent,True,True,5690,143,270.65,16.1,1010.16
2025-07-09,SPF Moisturizer Bundle,Broad Moisturizer,moisturizer,Broad match,Untiered - Broad,False,False,2978,90,167.66,7.6,590.57
2025-07-09,SPF Moisturizer Bundle,SPF Bundle,spf moisturizer bundle,Exact match,Tier 1 - High Intent,True,True,7620,215,371.48,20.6,1369.72
2025-07-09,SPF Moisturizer Bundle,Vegan SPF,vegan spf moisturizer,Phrase match,Tier 2 - Mid Intent,True,True,2733,84,150.69,8.6,492.03
2025-07-09,Skincare Routine Quiz,Routine Quiz,best skincare routine for dry skin,Phrase match,Tier 2 - Mid Intent,True,True,5000,127,258.9,12.6,820.69
2025-07-09,Skincare Routine Quiz,Plant Based,plant based moisturizer,Phrase match,Tier 2 - Mid Intent,True,True,4137,118,207.07,12.3,678.04
2025-07-10,Best Serum for Dry Skin,Vitamin C Serum,best vitamin c serum for dry skin,Exact match,Tier 1 - High Intent,True,True,9029,248,492.53,24.3,1624.49
2025-07-10,Best Serum for Dry Skin,Hydrating Serum,buy hydrating face serum online,Exact match,Tier 1 - High Intent,True,True,7710,219,402.9,19.2,1342.59
2025-07-10,Best Serum for Dry Skin,Natural Serum,natural skincare routine,Phrase match,Tier 2 - Mid Intent,True,False,3850,106,210.61,10.4,749.8
2025-07-10,Best Serum for Dry Skin,Broad Skincare,skincare,Broad match,Untiered - Broad,False,False,3292,96,190.6,8.3,609.01
2025-07-10,Brand Defense,Brand Core,pureglow skincare,Exact match,Tier 3 - Brand Defense,False,True,3508,97,187.29,9.2,668.68
2025-07-10,Brand Defense,Brand Bundle,pureglow spf bundle,Exact match,Tier 3 - Brand Defense,False,True,1729,48,89.54,4.7,306.84
2025-07-10,Brand Defense,Brand Product,pureglow vitamin c serum,Exact match,Tier 3 - Brand Defense,False,True,2943,84,140.03,8.3,501.79
2025-07-10,SPF Moisturizer Bundle,Daily SPF,buy spf moisturizer online,Exact match,Tier 1 - High Intent,True,True,5349,149,273.3,13.2,862.32
2025-07-10,SPF Moisturizer Bundle,Broad Moisturizer,moisturizer,Broad match,Untiered - Broad,False,False,2749,82,165.33,7.8,575.37
2025-07-10,SPF Moisturizer Bundle,SPF Bundle,spf moisturizer bundle,Exact match,Tier 1 - High Intent,True,True,7255,206,402.54,21.4,1308.28
2025-07-10,SPF Moisturizer Bundle,Vegan SPF,vegan spf moisturizer,Phrase match,Tier 2 - Mid Intent,True,True,2996,78,158.78,7.3,527.17
2025-07-10,Skincare Routine Quiz,Routine Quiz,best skincare routine for dry skin,Phrase match,Tier 2 - Mid Intent,True,True,4354,131,248.29,14.3,773.62
2025-07-10,Skincare Routine Quiz,Plant Based,plant based moisturizer,Phrase match,Tier 2 - Mid Intent,True,True,3743,101,197.45,12.0,726.82
2025-07-11,Best Serum for Dry Skin,Vitamin C Serum,best vitamin c serum for dry skin,Exact match,Tier 1 - High Intent,True,True,11477,295,507.43,29.6,1947.86
2025-07-11,Best Serum for Dry Skin,Hydrating Serum,buy hydrating face serum online,Exact match,Tier 1 - High Intent,True,True,8224,250,448.08,26.0,1498.69
2025-07-11,Best Serum for Dry Skin,Natural Serum,natural skincare routine,Phrase match,Tier 2 - Mid Intent,True,False,4078,126,233.58,10.6,819.6
2025-07-11,Best Serum for Dry Skin,Broad Skincare,skincare,Broad match,Untiered - Broad,False,False,3911,113,193.5,10.3,723.34
2025-07-11,Brand Defense,Brand Core,pureglow skincare,Exact match,Tier 3 - Brand Defense,False,True,3833,116,208.42,10.6,633.84
2025-07-11,Brand Defense,Brand Bundle,pureglow spf bundle,Exact match,Tier 3 - Brand Defense,False,True,1753,61,107.15,4.9,378.96
2025-07-11,Brand Defense,Brand Product,pureglow vitamin c serum,Exact match,Tier 3 - Brand Defense,False,True,3334,97,165.37,8.6,558.14
2025-07-11,SPF Moisturizer Bundle,Daily SPF,buy spf moisturizer online,Exact match,Tier 1 - High Intent,True,True,5955,186,332.46,16.4,999.83
2025-07-11,SPF Moisturizer Bundle,Broad Moisturizer,moisturizer,Broad match,Untiered - Broad,False,False,3279,96,163.1,8.5,645.51
2025-07-11,SPF Moisturizer Bundle,SPF Bundle,spf moisturizer bundle,Exact match,Tier 1 - High Intent,True,True,7484,222,421.66,22.0,1403.76
2025-07-11,SPF Moisturizer Bundle,Vegan SPF,vegan spf moisturizer,Phrase match,Tier 2 - Mid Intent,True,True,3631,105,164.94,9.9,630.56
2025-07-11,Skincare Routine Quiz,Routine Quiz,best skincare routine for dry skin,Phrase match,Tier 2 - Mid Intent,True,True,4846,153,262.42,14.0,938.48
2025-07-11,Skincare Routine Quiz,Plant Based,plant based moisturizer,Phrase match,Tier 2 - Mid Intent,True,True,4529,133,223.85,13.5,779.32
2025-07-12,Best Serum for Dry Skin,Vitamin C Serum,best vitamin c serum for dry skin,Exact match,Tier 1 - High Intent,True,True,9690,285,521.18,31.7,1682.88
2025-07-12,Best Serum for Dry Skin,Hydrating Serum,buy hydrating face serum online,Exact match,Tier 1 - High Intent,True,True,8839,238,453.02,23.3,1560.04
2025-07-12,Best Serum for Dry Skin,Natural Serum,natural skincare routine,Phrase match,Tier 2 - Mid Intent,True,False,3753,123,209.31,11.0,674.33
2025-07-12,Best Serum for Dry Skin,Broad Skincare,skincare,Broad match,Untiered - Broad,False,False,4027,108,186.07,9.2,636.75
2025-07-12,Brand Defense,Brand Core,pureglow skincare,Exact match,Tier 3 - Brand Defense,False,True,3471,108,181.48,11.5,684.8
2025-07-12,Brand Defense,Brand Bundle,pureglow spf bundle,Exact match,Tier 3 - Brand Defense,False,True,1909,51,99.87,5.7,358.87
2025-07-12,Brand Defense,Brand Product,pureglow vitamin c serum,Exact match,Tier 3 - Brand Defense,False,True,2827,91,161.39,9.2,603.09
2025-07-12,SPF Moisturizer Bundle,Daily SPF,buy spf moisturizer online,Exact match,Tier 1 - High Intent,True,True,6237,171,269.91,17.6,1031.32
2025-07-12,SPF Moisturizer Bundle,Broad Moisturizer,moisturizer,Broad match,Untiered - Broad,False,False,3084,87,162.93,9.2,555.09
2025-07-12,SPF Moisturizer Bundle,SPF Bundle,spf moisturizer bundle,Exact match,Tier 1 - High Intent,True,True,7793,219,396.33,24.1,1350.65
2025-07-12,SPF Moisturizer Bundle,Vegan SPF,vegan spf moisturizer,Phrase match,Tier 2 - Mid Intent,True,True,3525,91,157.49,8.8,585.3
2025-07-12,Skincare Routine Quiz,Routine Quiz,best skincare routine for dry skin,Phrase match,Tier 2 - Mid Intent,True,True,5121,145,243.7,14.0,935.71
2025-07-12,Skincare Routine Quiz,Plant Based,plant based moisturizer,Phrase match,Tier 2 - Mid Intent,True,True,4453,131,211.81,12.3,815.87
2025-07-13,Best Serum for Dry Skin,Vitamin C Serum,best vitamin c serum for dry skin,Exact match,Tier 1 - High Intent,True,True,11099,280,522.19,29.1,1795.81
2025-07-13,Best Serum for Dry Skin,Hydrating Serum,buy hydrating face serum online,Exact match,Tier 1 - High Intent,True,True,8063,250,411.77,23.2,1537.91
2025-07-13,Best Serum for Dry Skin,Natural Serum,natural skincare routine,Phrase match,Tier 2 - Mid Intent,True,False,4559,119,194.16,10.9,682.69
2025-07-13,Best Serum for Dry Skin,Broad Skincare,skincare,Broad match,Untiered - Broad,False,False,3842,97,177.5,8.9,596.37
2025-07-13,Brand Defense,Brand Core,pureglow skincare,Exact match,Tier 3 - Brand Defense,False,True,3500,106,198.6,11.0,608.55
2025-07-13,Brand Defense,Brand Bundle,pureglow spf bundle,Exact match,Tier 3 - Brand Defense,False,True,2045,49,98.83,4.9,337.71
2025-07-13,Brand Defense,Brand Product,pureglow vitamin c serum,Exact match,Tier 3 - Brand Defense,False,True,3117,92,146.57,8.9,538.66
2025-07-13,SPF Moisturizer Bundle,Daily SPF,buy spf moisturizer online,Exact match,Tier 1 - High Intent,True,True,5915,165,290.27,16.6,965.52
2025-07-13,SPF Moisturizer Bundle,Broad Moisturizer,moisturizer,Broad match,Untiered - Broad,False,False,2995,85,163.57,7.9,529.41
2025-07-13,SPF Moisturizer Bundle,SPF Bundle,spf moisturizer bundle,Exact match,Tier 1 - High Intent,True,True,7574,214,402.73,21.2,1292.41
2025-07-13,SPF Moisturizer Bundle,Vegan SPF,vegan spf moisturizer,Phrase match,Tier 2 - Mid Intent,True,True,3448,86,159.8,8.1,563.03
2025-07-13,Skincare Routine Quiz,Routine Quiz,best skincare routine for dry skin,Phrase match,Tier 2 - Mid Intent,True,True,5448,143,260.78,13.5,967.24
2025-07-13,Skincare Routine Quiz,Plant Based,plant based moisturizer,Phrase match,Tier 2 - Mid Intent,True,True,4509,115,219.06,12.2,697.33
2025-07-14,Best Serum for Dry Skin,Vitamin C Serum,best vitamin c serum for dry skin,Exact match,Tier 1 - High Intent,True,True,8788,279,490.29,31.1,2001.36
2025-07-14,Best Serum for Dry Skin,Hydrating Serum,buy hydrating face serum online,Exact match,Tier 1 - High Intent,True,True,7215,254,446.54,25.6,1554.12
2025-07-14,Best Serum for Dry Skin,Natural Serum,natural skincare routine,Phrase match,Tier 2 - Mid Intent,True,False,3944,114,209.69,12.8,775.16
2025-07-14,Best Serum for Dry Skin,Broad Skincare,skincare,Broad match,Untiered - Broad,False,False,3248,100,184.76,9.7,602.42
2025-07-14,Brand Defense,Brand Core,pureglow skincare,Exact match,Tier 3 - Brand Defense,False,True,3494,106,185.46,9.9,649.61
2025-07-14,Brand Defense,Brand Bundle,pureglow spf bundle,Exact match,Tier 3 - Brand Defense,False,True,1929,55,101.28,4.8,337.38
2025-07-14,Brand Defense,Brand Product,pureglow vitamin c serum,Exact match,Tier 3 - Brand Defense,False,True,3161,82,165.58,9.2,589.95
2025-07-14,SPF Moisturizer Bundle,Daily SPF,buy spf moisturizer online,Exact match,Tier 1 - High Intent,True,True,5170,163,295.87,14.5,1016.97
2025-07-14,SPF Moisturizer Bundle,Broad Moisturizer,moisturizer,Broad match,Untiered - Broad,False,False,3103,90,171.72,10.0,634.94
2025-07-14,SPF Moisturizer Bundle,SPF Bundle,spf moisturizer bundle,Exact match,Tier 1 - High Intent,True,True,6749,210,386.08,23.1,1472.73
2025-07-14,SPF Moisturizer Bundle,Vegan SPF,vegan spf moisturizer,Phrase match,Tier 2 - Mid Intent,True,True,3228,92,175.47,9.5,609.28
2025-07-14,Skincare Routine Quiz,Routine Quiz,best skincare routine for dry skin,Phrase match,Tier 2 - Mid Intent,True,True,4645,153,264.76,15.6,972.21
2025-07-14,Skincare Routine Quiz,Plant Based,plant based moisturizer,Phrase match,Tier 2 - Mid Intent,True,True,3700,125,234.63,12.1,753.4
2025-07-15,Best Serum for Dry Skin,Vitamin C Serum,best vitamin c serum for dry skin,Exact match,Tier 1 - High Intent,True,True,10021,269,505.53,26.3,1847.62
2025-07-15,Best Serum for Dry Skin,Hydrating Serum,buy hydrating face serum online,Exact match,Tier 1 - High Intent,True,True,7957,221,450.64,24.3,1463.41
2025-07-15,Best Serum for Dry Skin,Natural Serum,natural skincare routine,Phrase match,Tier 2 - Mid Intent,True,False,3850,121,198.96,11.8,807.05
2025-07-15,Best Serum for Dry Skin,Broad Skincare,skincare,Broad match,Untiered - Broad,False,False,3738,100,193.54,9.5,705.15
2025-07-15,Brand Defense,Brand Core,pureglow skincare,Exact match,Tier 3 - Brand Defense,False,True,3418,98,198.92,10.4,664.49
2025-07-15,Brand Defense,Brand Bundle,pureglow spf bundle,Exact match,Tier 3 - Brand Defense,False,True,1724,50,95.65,4.8,308.82
2025-07-15,Brand Defense,Brand Product,pureglow vitamin c serum,Exact match,Tier 3 - Brand Defense,False,True,2978,82,146.61,9.1,592.07
2025-07-15,SPF Moisturizer Bundle,Daily SPF,buy spf moisturizer online,Exact match,Tier 1 - High Intent,True,True,5732,172,279.86,17.1,1094.03
2025-07-15,SPF Moisturizer Bundle,Broad Moisturizer,moisturizer,Broad match,Untiered - Broad,False,False,2726,97,158.04,8.6,533.06
2025-07-15,SPF Moisturizer Bundle,SPF Bundle,spf moisturizer bundle,Exact match,Tier 1 - High Intent,True,True,7520,234,380.85,18.3,1281.02
2025-07-15,SPF Moisturizer Bundle,Vegan SPF,vegan spf moisturizer,Phrase match,Tier 2 - Mid Intent,True,True,3061,98,173.52,8.9,587.2
2025-07-15,Skincare Routine Quiz,Routine Quiz,best skincare routine for dry skin,Phrase match,Tier 2 - Mid Intent,True,True,4865,149,262.15,12.6,877.57
2025-07-15,Skincare Routine Quiz,Plant Based,plant based moisturizer,Phrase match,Tier 2 - Mid Intent,True,True,3721,126,215.97,12.0,780.74
2025-07-16,Best Serum for Dry Skin,Vitamin C Serum,best vitamin c serum for dry skin,Exact match,Tier 1 - High Intent,True,True,11180,313,569.85,27.1,1985.13
2025-07-16,Best Serum for Dry Skin,Hydrating Serum,buy hydrating face serum online,Exact match,Tier 1 - High Intent,True,True,9368,229,430.02,26.7,1561.69
2025-07-16,Best Serum for Dry Skin,Natural Serum,natural skincare routine,Phrase match,Tier 2 - Mid Intent,True,False,4271,121,215.24,10.9,800.4
2025-07-16,Best Serum for Dry Skin,Broad Skincare,skincare,Broad match,Untiered - Broad,False,False,3424,114,191.81,9.4,688.29
2025-07-16,Brand Defense,Brand Core,pureglow skincare,Exact match,Tier 3 - Brand Defense,False,True,3765,105,206.08,9.9,680.26
2025-07-16,Brand Defense,Brand Bundle,pureglow spf bundle,Exact match,Tier 3 - Brand Defense,False,True,1739,51,104.72,5.7,306.21
2025-07-16,Brand Defense,Brand Product,pureglow vitamin c serum,Exact match,Tier 3 - Brand Defense,False,True,2920,84,176.88,9.6,597.36
2025-07-16,SPF Moisturizer Bundle,Daily SPF,buy spf moisturizer online,Exact match,Tier 1 - High Intent,True,True,6469,155,299.43,15.3,1135.51
2025-07-16,SPF Moisturizer Bundle,Broad Moisturizer,moisturizer,Broad match,Untiered - Broad,False,False,3603,87,171.42,9.0,527.92
2025-07-16,SPF Moisturizer Bundle,SPF Bundle,spf moisturizer bundle,Exact match,Tier 1 - High Intent,True,True,8122,213,412.44,24.8,1432.39
2025-07-16,SPF Moisturizer Bundle,Vegan SPF,vegan spf moisturizer,Phrase match,Tier 2 - Mid Intent,True,True,3184,91,162.41,9.9,575.22
2025-07-16,Skincare Routine Quiz,Routine Quiz,best skincare routine for dry skin,Phrase match,Tier 2 - Mid Intent,True,True,5708,159,276.36,13.4,968.04
2025-07-16,Skincare Routine Quiz,Plant Based,plant based moisturizer,Phrase match,Tier 2 - Mid Intent,True,True,4413,125,224.41,11.1,784.98
2025-07-17,Best Serum for Dry Skin,Vitamin C Serum,best vitamin c serum for dry skin,Exact match,Tier 1 - High Intent,True,True,9165,291,488.78,26.1,1887.03
2025-07-17,Best Serum for Dry Skin,Hydrating Serum,buy hydrating face serum online,Exact match,Tier 1 - High Intent,True,True,8776,233,392.81,24.6,1497.72
2025-07-17,Best Serum for Dry Skin,Natural Serum,natural skincare routine,Phrase match,Tier 2 - Mid Intent,True,False,3837,116,195.0,10.5,703.65
2025-07-17,Best Serum for Dry Skin,Broad Skincare,skincare,Broad match,Untiered - Broad,False,False,3391,103,199.16,10.6,626.5
2025-07-17,Brand Defense,Brand Core,pureglow skincare,Exact match,Tier 3 - Brand Defense,False,True,3860,100,191.36,9.7,708.82
2025-07-17,Brand Defense,Brand Bundle,pureglow spf bundle,Exact match,Tier 3 - Brand Defense,False,True,1698,51,100.39,4.9,362.26
2025-07-17,Brand Defense,Brand Product,pureglow vitamin c serum,Exact match,Tier 3 - Brand Defense,False,True,3025,89,155.08,9.4,562.78
2025-07-17,SPF Moisturizer Bundle,Daily SPF,buy spf moisturizer online,Exact match,Tier 1 - High Intent,True,True,5121,173,299.68,15.0,1040.44
2025-07-17,SPF Moisturizer Bundle,Broad Moisturizer,moisturizer,Broad match,Untiered - Broad,False,False,2792,96,155.46,9.5,519.87
2025-07-17,SPF Moisturizer Bundle,SPF Bundle,spf moisturizer bundle,Exact match,Tier 1 - High Intent,True,True,7762,236,371.97,21.5,1290.25
2025-07-17,SPF Moisturizer Bundle,Vegan SPF,vegan spf moisturizer,Phrase match,Tier 2 - Mid Intent,True,True,3358,96,168.71,8.6,531.83
2025-07-17,Skincare Routine Quiz,Routine Quiz,best skincare routine for dry skin,Phrase match,Tier 2 - Mid Intent,True,True,4517,148,276.73,15.2,869.08
2025-07-17,Skincare Routine Quiz,Plant Based,plant based moisturizer,Phrase match,Tier 2 - Mid Intent,True,True,4287,131,233.26,10.5,825.01
2025-07-18,Best Serum for Dry Skin,Vitamin C Serum,best vitamin c serum for dry skin,Exact match,Tier 1 - High Intent,True,True,10839,299,493.35,30.6,1898.89
2025-07-18,Best Serum for Dry Skin,Hydrating Serum,buy hydrating face serum online,Exact match,Tier 1 - High Intent,True,True,7808,224,448.83,24.0,1468.69
2025-07-18,Best Serum for Dry Skin,Natural Serum,natural skincare routine,Phrase match,Tier 2 - Mid Intent,True,False,4087,113,211.97,12.5,826.32
2025-07-18,Best Serum for Dry Skin,Broad Skincare,skincare,Broad match,Untiered - Broad,False,False,3901,105,179.66,10.0,711.24
2025-07-18,Brand Defense,Brand Core,pureglow skincare,Exact match,Tier 3 - Brand Defense,False,True,3592,99,181.19,10.0,710.55
2025-07-18,Brand Defense,Brand Bundle,pureglow spf bundle,Exact match,Tier 3 - Brand Defense,False,True,1647,50,94.51,5.3,357.27
2025-07-18,Brand Defense,Brand Product,pureglow vitamin c serum,Exact match,Tier 3 - Brand Defense,False,True,3147,90,162.28,9.8,538.03
2025-07-18,SPF Moisturizer Bundle,Daily SPF,buy spf moisturizer online,Exact match,Tier 1 - High Intent,True,True,5644,165,301.82,17.3,1145.76
2025-07-18,SPF Moisturizer Bundle,Broad Moisturizer,moisturizer,Broad match,Untiered - Broad,False,False,3001,94,176.35,9.4,622.69
2025-07-18,SPF Moisturizer Bundle,SPF Bundle,spf moisturizer bundle,Exact match,Tier 1 - High Intent,True,True,7546,230,385.88,19.5,1393.87
2025-07-18,SPF Moisturizer Bundle,Vegan SPF,vegan spf moisturizer,Phrase match,Tier 2 - Mid Intent,True,True,3278,101,173.1,10.3,590.88
2025-07-18,Skincare Routine Quiz,Routine Quiz,best skincare routine for dry skin,Phrase match,Tier 2 - Mid Intent,True,True,4580,143,262.72,15.2,923.82
2025-07-18,Skincare Routine Quiz,Plant Based,plant based moisturizer,Phrase match,Tier 2 - Mid Intent,True,True,4321,121,207.56,12.9,851.48
2025-07-19,Best Serum for Dry Skin,Vitamin C Serum,best vitamin c serum for dry skin,Exact match,Tier 1 - High Intent,True,True,11982,341,551.7,35.3,1853.38
2025-07-19,Best Serum for Dry Skin,Hydrating Serum,buy hydrating face serum online,Exact match,Tier 1 - High Intent,True,True,9490,264,455.2,24.7,1750.2
2025-07-19,Best Serum for Dry Skin,Natural Serum,natural skincare routine,Phrase match,Tier 2 - Mid Intent,True,False,4148,126,233.62,13.2,847.86
2025-07-19,Best Serum for Dry Skin,Broad Skincare,skincare,Broad match,Untiered - Broad,False,False,4186,109,208.3,11.5,702.53
2025-07-19,Brand Defense,Brand Core,pureglow skincare,Exact match,Tier 3 - Brand Defense,False,True,4066,123,189.61,11.7,693.28
2025-07-19,Brand Defense,Brand Bundle,pureglow spf bundle,Exact match,Tier 3 - Brand Defense,False,True,1981,56,101.68,5.6,392.32
2025-07-19,Brand Defense,Brand Product,pureglow vitamin c serum,Exact match,Tier 3 - Brand Defense,False,True,3568,95,172.97,9.1,580.64
2025-07-19,SPF Moisturizer Bundle,Daily SPF,buy spf moisturizer online,Exact match,Tier 1 - High Intent,True,True,6780,191,309.92,16.2,1243.09
2025-07-19,SPF Moisturizer Bundle,Broad Moisturizer,moisturizer,Broad match,Untiered - Broad,False,False,3695,100,182.2,10.6,687.55
2025-07-19,SPF Moisturizer Bundle,SPF Bundle,spf moisturizer bundle,Exact match,Tier 1 - High Intent,True,True,9192,249,445.3,22.0,1569.27
2025-07-19,SPF Moisturizer Bundle,Vegan SPF,vegan spf moisturizer,Phrase match,Tier 2 - Mid Intent,True,True,3449,109,180.28,9.3,629.73
2025-07-19,Skincare Routine Quiz,Routine Quiz,best skincare routine for dry skin,Phrase match,Tier 2 - Mid Intent,True,True,5446,171,263.23,17.2,993.2
2025-07-19,Skincare Routine Quiz,Plant Based,plant based moisturizer,Phrase match,Tier 2 - Mid Intent,True,True,4567,132,220.84,12.0,863.67
2025-07-20,Best Serum for Dry Skin,Vitamin C Serum,best vitamin c serum for dry skin,Exact match,Tier 1 - High Intent,True,True,8678,259,546.03,27.9,1877.45
2025-07-20,Best Serum for Dry Skin,Hydrating Serum,buy hydrating face serum online,Exact match,Tier 1 - High Intent,True,True,7195,247,427.44,21.9,1433.86
2025-07-20,Best Serum for Dry Skin,Natural Serum,natural skincare routine,Phrase match,Tier 2 - Mid Intent,True,False,3953,106,222.56,10.5,811.2
2025-07-20,Best Serum for Dry Skin,Broad Skincare,skincare,Broad match,Untiered - Broad,False,False,3519,98,171.74,9.7,696.68
2025-07-20,Brand Defense,Brand Core,pureglow skincare,Exact match,Tier 3 - Brand Defense,False,True,3080,98,175.98,9.9,602.62
2025-07-20,Brand Defense,Brand Bundle,pureglow spf bundle,Exact match,Tier 3 - Brand Defense,False,True,1849,51,98.53,5.5,348.96
2025-07-20,Brand Defense,Brand Product,pureglow vitamin c serum,Exact match,Tier 3 - Brand Defense,False,True,2980,83,153.87,7.7,518.85
2025-07-20,SPF Moisturizer Bundle,Daily SPF,buy spf moisturizer online,Exact match,Tier 1 - High Intent,True,True,5296,150,287.37,17.1,1078.29
2025-07-20,SPF Moisturizer Bundle,Broad Moisturizer,moisturizer,Broad match,Untiered - Broad,False,False,2619,83,162.78,8.6,579.78
2025-07-20,SPF Moisturizer Bundle,SPF Bundle,spf moisturizer bundle,Exact match,Tier 1 - High Intent,True,True,6537,229,390.53,22.5,1393.54
2025-07-20,SPF Moisturizer Bundle,Vegan SPF,vegan spf moisturizer,Phrase match,Tier 2 - Mid Intent,True,True,3026,83,166.63,9.5,625.35
2025-07-20,Skincare Routine Quiz,Routine Quiz,best skincare routine for dry skin,Phrase match,Tier 2 - Mid Intent,True,True,4281,145,255.82,15.0,946.27
2025-07-20,Skincare Routine Quiz,Plant Based,plant based moisturizer,Phrase match,Tier 2 - Mid Intent,True,True,3758,124,222.92,13.0,816.86
2025-07-21,Best Serum for Dry Skin,Vitamin C Serum,best vitamin c serum for dry skin,Exact match,Tier 1 - High Intent,True,True,9021,300,491.43,27.9,1838.91
2025-07-21,Best Serum for Dry Skin,Hydrating Serum,buy hydrating face serum online,Exact match,Tier 1 - High Intent,True,True,8564,249,442.79,22.8,1426.92
2025-07-21,Best Serum for Dry Skin,Natural Serum,natural skincare routine,Phrase match,Tier 2 - Mid Intent,True,False,4041,108,221.3,11.0,672.37
2025-07-21,Best Serum for Dry Skin,Broad Skincare,skincare,Broad match,Untiered - Broad,False,False,3442,95,182.55,11.1,623.01
2025-07-21,Brand Defense,Brand Core,pureglow skincare,Exact match,Tier 3 - Brand Defense,False,True,3863,103,183.37,11.2,677.7
2025-07-21,Brand Defense,Brand Bundle,pureglow spf bundle,Exact match,Tier 3 - Brand Defense,False,True,1826,54,93.62,5.0,345.44
2025-07-21,Brand Defense,Brand Product,pureglow vitamin c serum,Exact match,Tier 3 - Brand Defense,False,True,3060,91,143.77,7.9,510.43
2025-07-21,SPF Moisturizer Bundle,Daily SPF,buy spf moisturizer online,Exact match,Tier 1 - High Intent,True,True,5881,166,287.19,17.5,935.79
2025-07-21,SPF Moisturizer Bundle,Broad Moisturizer,moisturizer,Broad match,Untiered - Broad,False,False,3285,88,148.01,9.4,518.71
2025-07-21,SPF Moisturizer Bundle,SPF Bundle,spf moisturizer bundle,Exact match,Tier 1 - High Intent,True,True,7819,214,409.17,23.6,1375.15
2025-07-21,SPF Moisturizer Bundle,Vegan SPF,vegan spf moisturizer,Phrase match,Tier 2 - Mid Intent,True,True,3143,93,165.75,8.5,559.17
2025-07-21,Skincare Routine Quiz,Routine Quiz,best skincare routine for dry skin,Phrase match,Tier 2 - Mid Intent,True,True,4542,152,242.09,15.2,1011.47
2025-07-21,Skincare Routine Quiz,Plant Based,plant based moisturizer,Phrase match,Tier 2 - Mid Intent,True,True,3906,128,208.74,12.6,768.22
2025-07-22,Best Serum for Dry Skin,Vitamin C Serum,best vitamin c serum for dry skin,Exact match,Tier 1 - High Intent,True,True,8912,277,469.33,28.9,1803.69
2025-07-22,Best Serum for Dry Skin,Hydrating Serum,buy hydrating face serum online,Exact match,Tier 1 - High Intent,True,True,7346,233,437.95,23.2,1649.29
2025-07-22,Best Serum for Dry Skin,Natural Serum,natural skincare routine,Phrase match,Tier 2 - Mid Intent,True,False,4039,114,204.99,10.9,730.2
2025-07-22,Best Serum for Dry Skin,Broad Skincare,skincare,Broad match,Untiered - Broad,False,False,3201,98,183.76,10.7,609.02
2025-07-22,Brand Defense,Brand Core,pureglow skincare,Exact match,Tier 3 - Brand Defense,False,True,3399,108,189.77,9.7,729.25
2025-07-22,Brand Defense,Brand Bundle,pureglow spf bundle,Exact match,Tier 3 - Brand Defense,False,True,1832,49,94.5,5.3,355.59
2025-07-22,Brand Defense,Brand Product,pureglow vitamin c serum,Exact match,Tier 3 - Brand Defense,False,True,2621,91,154.49,8.2,542.34
2025-07-22,SPF Moisturizer Bundle,Daily SPF,buy spf moisturizer online,Exact match,Tier 1 - High Intent,True,True,4947,148,287.19,14.2,1036.41
2025-07-22,SPF Moisturizer Bundle,Broad Moisturizer,moisturizer,Broad match,Untiered - Broad,False,False,2747,91,146.78,8.4,617.1
2025-07-22,SPF Moisturizer Bundle,SPF Bundle,spf moisturizer bundle,Exact match,Tier 1 - High Intent,True,True,7254,224,414.5,18.7,1558.57
2025-07-22,SPF Moisturizer Bundle,Vegan SPF,vegan spf moisturizer,Phrase match,Tier 2 - Mid Intent,True,True,2992,88,159.58,8.7,590.65
2025-07-22,Skincare Routine Quiz,Routine Quiz,best skincare routine for dry skin,Phrase match,Tier 2 - Mid Intent,True,True,4538,138,237.71,12.6,846.04
2025-07-22,Skincare Routine Quiz,Plant Based,plant based moisturizer,Phrase match,Tier 2 - Mid Intent,True,True,4137,121,226.91,12.9,761.08
2025-07-23,Best Serum for Dry Skin,Vitamin C Serum,best vitamin c serum for dry skin,Exact match,Tier 1 - High Intent,True,True,8710,286,551.04,25.4,1854.56
2025-07-23,Best Serum for Dry Skin,Hydrating Serum,buy hydrating face serum online,Exact match,Tier 1 - High Intent,True,True,8188,256,430.24,22.1,1601.63
2025-07-23,Best Serum for Dry Skin,Natural Serum,natural skincare routine,Phrase match,Tier 2 - Mid Intent,True,False,3938,112,222.32,11.2,678.45
2025-07-23,Best Serum for Dry Skin,Broad Skincare,skincare,Broad match,Untiered - Broad,False,False,3630,108,187.33,8.9,630.95
2025-07-23,Brand Defense,Brand Core,pureglow skincare,Exact match,Tier 3 - Brand Defense,False,True,3639,102,191.78,11.3,627.09
2025-07-23,Brand Defense,Brand Bundle,pureglow spf bundle,Exact match,Tier 3 - Brand Defense,False,True,1651,53,92.95,4.9,358.8
2025-07-23,Brand Defense,Brand Product,pureglow vitamin c serum,Exact match,Tier 3 - Brand Defense,False,True,2662,83,166.49,8.4,536.66
2025-07-23,SPF Moisturizer Bundle,Daily SPF,buy spf moisturizer online,Exact match,Tier 1 - High Intent,True,True,5579,154,287.23,16.1,937.36
2025-07-23,SPF Moisturizer Bundle,Broad Moisturizer,moisturizer,Broad match,Untiered - Broad,False,False,2761,93,151.9,9.0,602.47
2025-07-23,SPF Moisturizer Bundle,SPF Bundle,spf moisturizer bundle,Exact match,Tier 1 - High Intent,True,True,7817,230,391.13,21.0,1486.13
2025-07-23,SPF Moisturizer Bundle,Vegan SPF,vegan spf moisturizer,Phrase match,Tier 2 - Mid Intent,True,True,3304,95,171.01,9.9,541.16
2025-07-23,Skincare Routine Quiz,Routine Quiz,best skincare routine for dry skin,Phrase match,Tier 2 - Mid Intent,True,True,4666,143,251.55,14.0,896.15
2025-07-23,Skincare Routine Quiz,Plant Based,plant based moisturizer,Phrase match,Tier 2 - Mid Intent,True,True,4335,118,212.98,11.9,802.36
2025-07-24,Best Serum for Dry Skin,Vitamin C Serum,best vitamin c serum for dry skin,Exact match,Tier 1 - High Intent,True,True,9290,280,554.54,26.9,1819.67
2025-07-24,Best Serum for Dry Skin,Hydrating Serum,buy hydrating face serum online,Exact match,Tier 1 - High Intent,True,True,8691,257,455.22,26.6,1631.76
2025-07-24,Best Serum for Dry Skin,Natural Serum,natural skincare routine,Phrase match,Tier 2 - Mid Intent,True,False,4135,130,226.26,12.4,841.78
2025-07-24,Best Serum for Dry Skin,Broad Skincare,skincare,Broad match,Untiered - Broad,False,False,3347,103,191.07,11.3,618.09
2025-07-24,Brand Defense,Brand Core,pureglow skincare,Exact match,Tier 3 - Brand Defense,False,True,3657,110,181.12,10.9,696.63
2025-07-24,Brand Defense,Brand Bundle,pureglow spf bundle,Exact match,Tier 3 - Brand Defense,False,True,1773,55,89.63,5.6,357.42
2025-07-24,Brand Defense,Brand Product,pureglow vitamin c serum,Exact match,Tier 3 - Brand Defense,False,True,3118,92,149.25,8.9,555.77
2025-07-24,SPF Moisturizer Bundle,Daily SPF,buy spf moisturizer online,Exact match,Tier 1 - High Intent,True,True,5985,154,281.78,16.8,1142.27
2025-07-24,SPF Moisturizer Bundle,Broad Moisturizer,moisturizer,Broad match,Untiered - Broad,False,False,3393,99,163.55,9.7,586.53
2025-07-24,SPF Moisturizer Bundle,SPF Bundle,spf moisturizer bundle,Exact match,Tier 1 - High Intent,True,True,7472,227,413.57,22.2,1325.78
2025-07-24,SPF Moisturizer Bundle,Vegan SPF,vegan spf moisturizer,Phrase match,Tier 2 - Mid Intent,True,True,2930,96,160.33,8.6,581.59
2025-07-24,Skincare Routine Quiz,Routine Quiz,best skincare routine for dry skin,Phrase match,Tier 2 - Mid Intent,True,True,5004,149,243.0,15.9,895.06
2025-07-24,Skincare Routine Quiz,Plant Based,plant based moisturizer,Phrase match,Tier 2 - Mid Intent,True,True,4634,128,216.35,13.5,878.07
2025-07-25,Best Serum for Dry Skin,Vitamin C Serum,best vitamin c serum for dry skin,Exact match,Tier 1 - High Intent,True,True,8349,285,474.35,24.3,1886.87
2025-07-25,Best Serum for Dry Skin,Hydrating Serum,buy hydrating face serum online,Exact match,Tier 1 - High Intent,True,True,7609,240,383.85,24.1,1596.11
2025-07-25,Best Serum for Dry Skin,Natural Serum,natural skincare routine,Phrase match,Tier 2 - Mid Intent,True,False,3739,110,183.98,10.2,768.52
2025-07-25,Best Serum for Dry Skin,Broad Skincare,skincare,Broad match,Untiered - Broad,False,False,3254,99,179.61,10.4,642.89
2025-07-25,Brand Defense,Brand Core,pureglow skincare,Exact match,Tier 3 - Brand Defense,False,True,3377,106,169.84,10.7,688.34
2025-07-25,Brand Defense,Brand Bundle,pureglow spf bundle,Exact match,Tier 3 - Brand Defense,False,True,1703,52,83.11,4.7,333.49
2025-07-25,Brand Defense,Brand Product,pureglow vitamin c serum,Exact match,Tier 3 - Brand Defense,False,True,2620,84,157.66,7.4,546.78
2025-07-25,SPF Moisturizer Bundle,Daily SPF,buy spf moisturizer online,Exact match,Tier 1 - High Intent,True,True,5203,154,270.66,17.1,978.31
2025-07-25,SPF Moisturizer Bundle,Broad Moisturizer,moisturizer,Broad match,Untiered - Broad,False,False,2830,83,153.85,9.3,604.61
2025-07-25,SPF Moisturizer Bundle,SPF Bundle,spf moisturizer bundle,Exact match,Tier 1 - High Intent,True,True,7169,203,384.14,22.7,1438.58
2025-07-25,SPF Moisturizer Bundle,Vegan SPF,vegan spf moisturizer,Phrase match,Tier 2 - Mid Intent,True,True,2672,86,162.19,8.7,531.73
2025-07-25,Skincare Routine Quiz,Routine Quiz,best skincare routine for dry skin,Phrase match,Tier 2 - Mid Intent,True,True,4447,132,247.98,14.0,978.31
2025-07-25,Skincare Routine Quiz,Plant Based,plant based moisturizer,Phrase match,Tier 2 - Mid Intent,True,True,3545,111,207.06,10.8,712.98
2025-07-26,Best Serum for Dry Skin,Vitamin C Serum,best vitamin c serum for dry skin,Exact match,Tier 1 - High Intent,True,True,8732,293,550.7,27.2,1774.06
2025-07-26,Best Serum for Dry Skin,Hydrating Serum,buy hydrating face serum online,Exact match,Tier 1 - High Intent,True,True,7650,256,417.33,26.9,1491.48
2025-07-26,Best Serum for Dry Skin,Natural Serum,natural skincare routine,Phrase match,Tier 2 - Mid Intent,True,False,3479,120,200.63,11.4,810.84
2025-07-26,Best Serum for Dry Skin,Broad Skincare,skincare,Broad match,Untiered - Broad,False,False,3593,103,174.41,10.9,626.76
2025-07-26,Brand Defense,Brand Core,pureglow skincare,Exact match,Tier 3 - Brand Defense,False,True,3267,102,186.28,10.6,711.55
2025-07-26,Brand Defense,Brand Bundle,pureglow spf bundle,Exact match,Tier 3 - Brand Defense,False,True,1791,53,94.27,5.0,344.56
2025-07-26,Brand Defense,Brand Product,pureglow vitamin c serum,Exact match,Tier 3 - Brand Defense,False,True,3076,84,145.38,8.6,604.61
2025-07-26,SPF Moisturizer Bundle,Daily SPF,buy spf moisturizer online,Exact match,Tier 1 - High Intent,True,True,5858,156,270.69,18.6,1152.48
2025-07-26,SPF Moisturizer Bundle,Broad Moisturizer,moisturizer,Broad match,Untiered - Broad,False,False,3148,84,163.03,9.2,594.57
2025-07-26,SPF Moisturizer Bundle,SPF Bundle,spf moisturizer bundle,Exact match,Tier 1 - High Intent,True,True,7355,221,405.57,22.5,1464.56
2025-07-26,SPF Moisturizer Bundle,Vegan SPF,vegan spf moisturizer,Phrase match,Tier 2 - Mid Intent,True,True,3185,96,172.53,9.8,634.47
2025-07-26,Skincare Routine Quiz,Routine Quiz,best skincare routine for dry skin,Phrase match,Tier 2 - Mid Intent,True,True,4353,140,254.34,14.4,1032.48
2025-07-26,Skincare Routine Quiz,Plant Based,plant based moisturizer,Phrase match,Tier 2 - Mid Intent,True,True,3962,116,203.32,14.1,741.02
2025-07-27,Best Serum for Dry Skin,Vitamin C Serum,best vitamin c serum for dry skin,Exact match,Tier 1 - High Intent,True,True,8942,263,538.78,26.9,1847.54
2025-07-27,Best Serum for Dry Skin,Hydrating Serum,buy hydrating face serum online,Exact match,Tier 1 - High Intent,True,True,7384,217,381.05,21.7,1482.97
2025-07-27,Best Serum for Dry Skin,Natural Serum,natural skincare routine,Phrase match,Tier 2 - Mid Intent,True,False,3890,107,203.19,12.2,729.13
2025-07-27,Best Serum for Dry Skin,Broad Skincare,skincare,Broad match,Untiered - Broad,False,False,3145,95,185.54,10.6,624.88
2025-07-27,Brand Defense,Brand Core,pureglow skincare,Exact match,Tier 3 - Brand Defense,False,True,3676,108,183.71,9.9,659.46
2025-07-27,Brand Defense,Brand Bundle,pureglow spf bundle,Exact match,Tier 3 - Brand Defense,False,True,1595,51,92.3,5.0,309.1
2025-07-27,Brand Defense,Brand Product,pureglow vitamin c serum,Exact match,Tier 3 - Brand Defense,False,True,3074,81,157.38,8.8,511.03
2025-07-27,SPF Moisturizer Bundle,Daily SPF,buy spf moisturizer online,Exact match,Tier 1 - High Intent,True,True,5694,150,290.0,17.1,1004.34
2025-07-27,SPF Moisturizer Bundle,Broad Moisturizer,moisturizer,Broad match,Untiered - Broad,False,False,3065,90,143.65,9.4,577.37
2025-07-27,SPF Moisturizer Bundle,SPF Bundle,spf moisturizer bundle,Exact match,Tier 1 - High Intent,True,True,7638,226,361.24,21.4,1466.4
2025-07-27,SPF Moisturizer Bundle,Vegan SPF,vegan spf moisturizer,Phrase match,Tier 2 - Mid Intent,True,True,2968,86,151.26,8.6,638.34
2025-07-27,Skincare Routine Quiz,Routine Quiz,best skincare routine for dry skin,Phrase match,Tier 2 - Mid Intent,True,True,4763,146,246.65,12.5,844.78
2025-07-27,Skincare Routine Quiz,Plant Based,plant based moisturizer,Phrase match,Tier 2 - Mid Intent,True,True,4137,116,224.99,12.5,699.72
2025-07-28,Best Serum for Dry Skin,Vitamin C Serum,best vitamin c serum for dry skin,Exact match,Tier 1 - High Intent,True,True,10243,280,568.83,31.6,1774.19
2025-07-28,Best Serum for Dry Skin,Hydrating Serum,buy hydrating face serum online,Exact match,Tier 1 - High Intent,True,True,8466,244,473.49,26.0,1553.36
2025-07-28,Best Serum for Dry Skin,Natural Serum,natural skincare routine,Phrase match,Tier 2 - Mid Intent,True,False,4377,109,204.11,10.5,706.92
2025-07-28,Best Serum for Dry Skin,Broad Skincare,skincare,Broad match,Untiered - Broad,False,False,3718,100,196.66,10.6,655.87
2025-07-28,Brand Defense,Brand Core,pureglow skincare,Exact match,Tier 3 - Brand Defense,False,True,3724,102,188.98,11.1,676.24
2025-07-28,Brand Defense,Brand Bundle,pureglow spf bundle,Exact match,Tier 3 - Brand Defense,False,True,1918,49,101.76,5.5,324.97
2025-07-28,Brand Defense,Brand Product,pureglow vitamin c serum,Exact match,Tier 3 - Brand Defense,False,True,2807,88,173.66,8.0,614.79
2025-07-28,SPF Moisturizer Bundle,Daily SPF,buy spf moisturizer online,Exact match,Tier 1 - High Intent,True,True,5263,163,304.69,14.3,1008.84
2025-07-28,SPF Moisturizer Bundle,Broad Moisturizer,moisturizer,Broad match,Untiered - Broad,False,False,2839,89,174.13,9.1,571.72
2025-07-28,SPF Moisturizer Bundle,SPF Bundle,spf moisturizer bundle,Exact match,Tier 1 - High Intent,True,True,7391,224,412.11,21.7,1339.31
2025-07-28,SPF Moisturizer Bundle,Vegan SPF,vegan spf moisturizer,Phrase match,Tier 2 - Mid Intent,True,True,2920,95,160.12,9.5,589.26
2025-07-28,Skincare Routine Quiz,Routine Quiz,best skincare routine for dry skin,Phrase match,Tier 2 - Mid Intent,True,True,4913,140,274.11,15.4,1008.66
2025-07-28,Skincare Routine Quiz,Plant Based,plant based moisturizer,Phrase match,Tier 2 - Mid Intent,True,True,4051,117,213.07,12.9,787.13
2025-07-29,Best Serum for Dry Skin,Vitamin C Serum,best vitamin c serum for dry skin,Exact match,Tier 1 - High Intent,True,True,9932,296,551.45,27.4,1743.0
2025-07-29,Best Serum for Dry Skin,Hydrating Serum,buy hydrating face serum online,Exact match,Tier 1 - High Intent,True,True,8062,263,417.63,24.3,1421.31
2025-07-29,Best Serum for Dry Skin,Natural Serum,natural skincare routine,Phrase match,Tier 2 - Mid Intent,True,False,3722,129,195.36,12.0,811.64
2025-07-29,Best Serum for Dry Skin,Broad Skincare,skincare,Broad match,Untiered - Broad,False,False,3438,109,178.44,9.5,715.05
2025-07-29,Brand Defense,Brand Core,pureglow skincare,Exact match,Tier 3 - Brand Defense,False,True,3513,100,188.35,11.2,713.8
2025-07-29,Brand Defense,Brand Bundle,pureglow spf bundle,Exact match,Tier 3 - Brand Defense,False,True,1781,58,99.24,5.6,308.63
2025-07-29,Brand Defense,Brand Product,pureglow vitamin c serum,Exact match,Tier 3 - Brand Defense,False,True,3119,88,153.47,8.3,571.46
2025-07-29,SPF Moisturizer Bundle,Daily SPF,buy spf moisturizer online,Exact match,Tier 1 - High Intent,True,True,5630,168,300.74,15.6,1047.98
2025-07-29,SPF Moisturizer Bundle,Broad Moisturizer,moisturizer,Broad match,Untiered - Broad,False,False,3087,98,162.36,7.9,567.23
2025-07-29,SPF Moisturizer Bundle,SPF Bundle,spf moisturizer bundle,Exact match,Tier 1 - High Intent,True,True,7446,220,411.98,23.9,1536.57
2025-07-29,SPF Moisturizer Bundle,Vegan SPF,vegan spf moisturizer,Phrase match,Tier 2 - Mid Intent,True,True,3477,102,163.46,9.1,651.55
2025-07-29,Skincare Routine Quiz,Routine Quiz,best skincare routine for dry skin,Phrase match,Tier 2 - Mid Intent,True,True,4656,157,259.51,13.8,854.92
2025-07-29,Skincare Routine Quiz,Plant Based,plant based moisturizer,Phrase match,Tier 2 - Mid Intent,True,True,3869,136,218.19,11.3,744.26
2025-07-30,Best Serum for Dry Skin,Vitamin C Serum,best vitamin c serum for dry skin,Exact match,Tier 1 - High Intent,True,True,10096,278,514.5,26.5,1833.27
2025-07-30,Best Serum for Dry Skin,Hydrating Serum,buy hydrating face serum online,Exact match,Tier 1 - High Intent,True,True,7042,218,412.5,23.6,1669.16
2025-07-30,Best Serum for Dry Skin,Natural Serum,natural skincare routine,Phrase match,Tier 2 - Mid Intent,True,False,4156,116,191.1,10.7,701.89
2025-07-30,Best Serum for Dry Skin,Broad Skincare,skincare,Broad match,Untiered - Broad,False,False,2977,92,189.67,10.9,600.48
2025-07-30,Brand Defense,Brand Core,pureglow skincare,Exact match,Tier 3 - Brand Defense,False,True,3584,106,169.67,11.1,757.19
2025-07-30,Brand Defense,Brand Bundle,pureglow spf bundle,Exact match,Tier 3 - Brand Defense,False,True,1804,53,89.93,5.2,362.64
2025-07-30,Brand Defense,Brand Product,pureglow vitamin c serum,Exact match,Tier 3 - Brand Defense,False,True,2852,89,144.11,9.2,551.75
2025-07-30,SPF Moisturizer Bundle,Daily SPF,buy spf moisturizer online,Exact match,Tier 1 - High Intent,True,True,5128,167,293.96,16.2,1116.78
2025-07-30,SPF Moisturizer Bundle,Broad Moisturizer,moisturizer,Broad match,Untiered - Broad,False,False,2730,82,147.16,10.0,641.97
2025-07-30,SPF Moisturizer Bundle,SPF Bundle,spf moisturizer bundle,Exact match,Tier 1 - High Intent,True,True,7748,214,394.29,21.0,1588.71
2025-07-30,SPF Moisturizer Bundle,Vegan SPF,vegan spf moisturizer,Phrase match,Tier 2 - Mid Intent,True,True,3065,88,156.78,9.6,603.03
2025-07-30,Skincare Routine Quiz,Routine Quiz,best skincare routine for dry skin,Phrase match,Tier 2 - Mid Intent,True,True,4487,151,248.42,13.0,963.51
2025-07-30,Skincare Routine Quiz,Plant Based,plant based moisturizer,Phrase match,Tier 2 - Mid Intent,True,True,3946,120,209.76,13.0,873.25
2025-07-31,Best Serum for Dry Skin,Vitamin C Serum,best vitamin c serum for dry skin,Exact match,Tier 1 - High Intent,True,True,9279,280,476.65,28.7,1635.24
2025-07-31,Best Serum for Dry Skin,Hydrating Serum,buy hydrating face serum online,Exact match,Tier 1 - High Intent,True,True,7225,231,355.46,23.6,1606.19
2025-07-31,Best Serum for Dry Skin,Natural Serum,natural skincare routine,Phrase match,Tier 2 - Mid Intent,True,False,3565,104,185.15,11.4,741.72
2025-07-31,Best Serum for Dry Skin,Broad Skincare,skincare,Broad match,Untiered - Broad,False,False,2665,90,156.45,9.6,658.88
2025-07-31,Brand Defense,Brand Core,pureglow skincare,Exact match,Tier 3 - Brand Defense,False,True,2899,91,158.23,9.3,639.27
2025-07-31,Brand Defense,Brand Bundle,pureglow spf bundle,Exact match,Tier 3 - Brand Defense,False,True,1454,49,78.05,5.1,294.44
2025-07-31,Brand Defense,Brand Product,pureglow vitamin c serum,Exact match,Tier 3 - Brand Defense,False,True,2727,77,140.0,8.3,487.46
2025-07-31,SPF Moisturizer Bundle,Daily SPF,buy spf moisturizer online,Exact match,Tier 1 - High Intent,True,True,4835,144,240.83,16.3,902.44
2025-07-31,SPF Moisturizer Bundle,Broad Moisturizer,moisturizer,Broad match,Untiered - Broad,False,False,2664,84,147.63,8.6,522.27
2025-07-31,SPF Moisturizer Bundle,SPF Bundle,spf moisturizer bundle,Exact match,Tier 1 - High Intent,True,True,6659,208,324.34,22.6,1472.92
2025-07-31,SPF Moisturizer Bundle,Vegan SPF,vegan spf moisturizer,Phrase match,Tier 2 - Mid Intent,True,True,2545,90,152.17,8.6,616.42
2025-07-31,Skincare Routine Quiz,Routine Quiz,best skincare routine for dry skin,Phrase match,Tier 2 - Mid Intent,True,True,4431,137,244.57,13.8,903.7
2025-07-31,Skincare Routine Quiz,Plant Based,plant based moisturizer,Phrase match,Tier 2 - Mid Intent,True,True,3669,119,197.92,10.7,679.0
2025-08-01,Best Serum for Dry Skin,Vitamin C Serum,best vitamin c serum for dry skin,Exact match,Tier 1 - High Intent,True,True,8967,315,549.83,32.6,1912.37
2025-08-01,Best Serum for Dry Skin,Hydrating Serum,buy hydrating face serum online,Exact match,Tier 1 - High Intent,True,True,8294,231,403.5,26.9,1680.56
2025-08-01,Best Serum for Dry Skin,Natural Serum,natural skincare routine,Phrase match,Tier 2 - Mid Intent,True,False,3645,125,198.83,12.7,724.19
2025-08-01,Best Serum for Dry Skin,Broad Skincare,skincare,Broad match,Untiered - Broad,False,False,3275,103,175.86,9.2,700.79
2025-08-01,Brand Defense,Brand Core,pureglow skincare,Exact match,Tier 3 - Brand Defense,False,True,3646,108,174.06,10.2,679.08
2025-08-01,Brand Defense,Brand Bundle,pureglow spf bundle,Exact match,Tier 3 - Brand Defense,False,True,1684,53,96.41,4.9,361.75
2025-08-01,Brand Defense,Brand Product,pureglow vitamin c serum,Exact match,Tier 3 - Brand Defense,False,True,2896,83,154.43,8.4,551.08
2025-08-01,SPF Moisturizer Bundle,Daily SPF,buy spf moisturizer online,Exact match,Tier 1 - High Intent,True,True,5259,157,276.68,17.3,999.95
2025-08-01,SPF Moisturizer Bundle,Broad Moisturizer,moisturizer,Broad match,Untiered - Broad,False,False,3124,95,165.6,8.1,605.65
2025-08-01,SPF Moisturizer Bundle,SPF Bundle,spf moisturizer bundle,Exact match,Tier 1 - High Intent,True,True,7391,230,393.41,19.9,1636.06
2025-08-01,SPF Moisturizer Bundle,Vegan SPF,vegan spf moisturizer,Phrase match,Tier 2 - Mid Intent,True,True,3148,95,176.99,10.3,587.85
2025-08-01,Skincare Routine Quiz,Routine Quiz,best skincare routine for dry skin,Phrase match,Tier 2 - Mid Intent,True,True,5143,148,263.79,15.1,1048.36
2025-08-01,Skincare Routine Quiz,Plant Based,plant based moisturizer,Phrase match,Tier 2 - Mid Intent,True,True,3952,135,219.19,11.6,775.8
2025-08-02,Best Serum for Dry Skin,Vitamin C Serum,best vitamin c serum for dry skin,Exact match,Tier 1 - High Intent,True,True,9269,311,535.05,32.2,2190.16
2025-08-02,Best Serum for Dry Skin,Hydrating Serum,buy hydrating face serum online,Exact match,Tier 1 - High Intent,True,True,8383,241,449.91,25.9,1657.18
2025-08-02,Best Serum for Dry Skin,Natural Serum,natural skincare routine,Phrase match,Tier 2 - Mid Intent,True,False,3569,110,212.75,10.9,868.89
2025-08-02,Best Serum for Dry Skin,Broad Skincare,skincare,Broad match,Untiered - Broad,False,False,3297,106,191.69,9.8,698.45
2025-08-02,Brand Defense,Brand Core,pureglow skincare,Exact match,Tier 3 - Brand Defense,False,True,3350,99,177.38,9.7,700.43
2025-08-02,Brand Defense,Brand Bundle,pureglow spf bundle,Exact match,Tier 3 - Brand Defense,False,True,1553,49,96.38,5.7,394.41
2025-08-02,Brand Defense,Brand Product,pureglow vitamin c serum,Exact match,Tier 3 - Brand Defense,False,True,2532,81,162.89,9.7,598.84
2025-08-02,SPF Moisturizer Bundle,Daily SPF,buy spf moisturizer online,Exact match,Tier 1 - High Intent,True,True,5148,166,307.72,16.9,1114.69
2025-08-02,SPF Moisturizer Bundle,Broad Moisturizer,moisturizer,Broad match,Untiered - Broad,False,False,2890,94,164.92,9.6,668.62
2025-08-02,SPF Moisturizer Bundle,SPF Bundle,spf moisturizer bundle,Exact match,Tier 1 - High Intent,True,True,6933,203,391.44,20.2,1374.49
2025-08-02,SPF Moisturizer Bundle,Vegan SPF,vegan spf moisturizer,Phrase match,Tier 2 - Mid Intent,True,True,2779,97,181.03,10.3,647.04
2025-08-02,Skincare Routine Quiz,Routine Quiz,best skincare routine for dry skin,Phrase match,Tier 2 - Mid Intent,True,True,4205,154,276.7,13.5,928.97
2025-08-02,Skincare Routine Quiz,Plant Based,plant based moisturizer,Phrase match,Tier 2 - Mid Intent,True,True,3847,125,224.21,12.8,860.69
2025-08-03,Best Serum for Dry Skin,Vitamin C Serum,best vitamin c serum for dry skin,Exact match,Tier 1 - High Intent,True,True,9202,286,486.88,26.3,1867.88
2025-08-03,Best Serum for Dry Skin,Hydrating Serum,buy hydrating face serum online,Exact match,Tier 1 - High Intent,True,True,7344,217,404.3,23.8,1387.66
2025-08-03,Best Serum for Dry Skin,Natural Serum,natural skincare routine,Phrase match,Tier 2 - Mid Intent,True,False,3469,116,191.32,12.1,752.46
2025-08-03,Best Serum for Dry Skin,Broad Skincare,skincare,Broad match,Untiered - Broad,False,False,2894,94,165.62,9.6,608.42
2025-08-03,Brand Defense,Brand Core,pureglow skincare,Exact match,Tier 3 - Brand Defense,False,True,3147,101,164.05,9.9,626.66
2025-08-03,Brand Defense,Brand Bundle,pureglow spf bundle,Exact match,Tier 3 - Brand Defense,False,True,1825,51,80.31,4.5,312.45
2025-08-03,Brand Defense,Brand Product,pureglow vitamin c serum,Exact match,Tier 3 - Brand Defense,False,True,2859,88,149.7,9.1,506.34
2025-08-03,SPF Moisturizer Bundle,Daily SPF,buy spf moisturizer online,Exact match,Tier 1 - High Intent,True,True,5501,158,282.67,16.5,1071.84
2025-08-03,SPF Moisturizer Bundle,Broad Moisturizer,moisturizer,Broad match,Untiered - Broad,False,False,2742,79,150.43,7.6,544.08
2025-08-03,SPF Moisturizer Bundle,SPF Bundle,spf moisturizer bundle,Exact match,Tier 1 - High Intent,True,True,6302,216,376.38,20.3,1326.63
2025-08-03,SPF Moisturizer Bundle,Vegan SPF,vegan spf moisturizer,Phrase match,Tier 2 - Mid Intent,True,True,3111,86,155.36,9.6,632.66
2025-08-03,Skincare Routine Quiz,Routine Quiz,best skincare routine for dry skin,Phrase match,Tier 2 - Mid Intent,True,True,4905,141,222.74,14.5,993.78
2025-08-03,Skincare Routine Quiz,Plant Based,plant based moisturizer,Phrase match,Tier 2 - Mid Intent,True,True,3740,114,195.82,11.3,830.2
2025-08-04,Best Serum for Dry Skin,Vitamin C Serum,best vitamin c serum for dry skin,Exact match,Tier 1 - High Intent,True,True,7912,255,512.5,30.3,1745.83
2025-08-04,Best Serum for Dry Skin,Hydrating Serum,buy hydrating face serum online,Exact match,Tier 1 - High Intent,True,True,6494,206,410.26,24.1,1654.78
2025-08-04,Best Serum for Dry Skin,Natural Serum,natural skincare routine,Phrase match,Tier 2 - Mid Intent,True,False,3190,110,198.04,11.4,728.54
2025-08-04,Best Serum for Dry Skin,Broad Skincare,skincare,Broad match,Untiered - Broad,False,False,3157,87,174.08,9.5,649.21
2025-08-04,Brand Defense,Brand Core,pureglow skincare,Exact match,Tier 3 - Brand Defense,False,True,3092,98,167.19,9.1,679.33
2025-08-04,Brand Defense,Brand Bundle,pureglow spf bundle,Exact match,Tier 3 - Brand Defense,False,True,1698,50,91.43,5.5,340.41
2025-08-04,Brand Defense,Brand Product,pureglow vitamin c serum,Exact match,Tier 3 - Brand Defense,False,True,2471,78,149.21,7.8,563.62
2025-08-04,SPF Moisturizer Bundle,Daily SPF,buy spf moisturizer online,Exact match,Tier 1 - High Intent,True,True,5148,145,277.71,15.5,1012.33
2025-08-04,SPF Moisturizer Bundle,Broad Moisturizer,moisturizer,Broad match,Untiered - Broad,False,False,2679,83,158.86,9.5,522.19
2025-08-04,SPF Moisturizer Bundle,SPF Bundle,spf moisturizer bundle,Exact match,Tier 1 - High Intent,True,True,6581,193,368.53,19.3,1463.86
2025-08-04,SPF Moisturizer Bundle,Vegan SPF,vegan spf moisturizer,Phrase match,Tier 2 - Mid Intent,True,True,2654,87,146.11,8.8,594.72
2025-08-04,Skincare Routine Quiz,Routine Quiz,best skincare routine for dry skin,Phrase match,Tier 2 - Mid Intent,True,True,4648,132,243.69,14.8,995.52
2025-08-04,Skincare Routine Quiz,Plant Based,plant based moisturizer,Phrase match,Tier 2 - Mid Intent,True,True,3856,120,213.85,10.9,846.61
2025-08-05,Best Serum for Dry Skin,Vitamin C Serum,best vitamin c serum for dry skin,Exact match,Tier 1 - High Intent,True,True,7741,268,498.78,30.4,1831.66
2025-08-05,Best Serum for Dry Skin,Hydrating Serum,buy hydrating face serum online,Exact match,Tier 1 - High Intent,True,True,6661,199,413.35,23.8,1344.56
2025-08-05,Best Serum for Dry Skin,Natural Serum,natural skincare routine,Phrase match,Tier 2 - Mid Intent,True,False,3531,97,191.98,10.8,682.3
2025-08-05,Best Serum for Dry Skin,Broad Skincare,skincare,Broad match,Untiered - Broad,False,False,2833,93,167.85,9.6,611.8
2025-08-05,Brand Defense,Brand Core,pureglow skincare,Exact match,Tier 3 - Brand Defense,False,True,2999,100,182.33,9.0,608.72
2025-08-05,Brand Defense,Brand Bundle,pureglow spf bundle,Exact match,Tier 3 - Brand Defense,False,True,1388,46,78.34,5.0,326.91
2025-08-05,Brand Defense,Brand Product,pureglow vitamin c serum,Exact match,Tier 3 - Brand Defense,False,True,2472,75,152.93,8.6,556.89
2025-08-05,SPF Moisturizer Bundle,Daily SPF,buy spf moisturizer online,Exact match,Tier 1 - High Intent,True,True,5220,140,258.62,15.6,1023.97
2025-08-05,SPF Moisturizer Bundle,Broad Moisturizer,moisturizer,Broad match,Untiered - Broad,False,False,2709,83,134.02,7.9,487.72
2025-08-05,SPF Moisturizer Bundle,SPF Bundle,spf moisturizer bundle,Exact match,Tier 1 - High Intent,True,True,6704,189,373.56,20.6,1410.79
2025-08-05,SPF Moisturizer Bundle,Vegan SPF,vegan spf moisturizer,Phrase match,Tier 2 - Mid Intent,True,True,2812,77,145.44,9.4,569.67
2025-08-05,Skincare Routine Quiz,Routine Quiz,best skincare routine for dry skin,Phrase match,Tier 2 - Mid Intent,True,True,4082,137,220.89,13.3,857.35
2025-08-05,Skincare Routine Quiz,Plant Based,plant based moisturizer,Phrase match,Tier 2 - Mid Intent,True,True,3385,110,207.56,10.8,760.87
2025-08-06,Best Serum for Dry Skin,Vitamin C Serum,best vitamin c serum for dry skin,Exact match,Tier 1 - High Intent,True,True,9068,282,500.73,29.8,1802.14
2025-08-06,Best Serum for Dry Skin,Hydrating Serum,buy hydrating face serum online,Exact match,Tier 1 - High Intent,True,True,8013,215,402.0,21.9,1509.05
2025-08-06,Best Serum for Dry Skin,Natural Serum,natural skincare routine,Phrase match,Tier 2 - Mid Intent,True,False,3867,118,194.79,11.8,777.58
2025-08-06,Best Serum for Dry Skin,Broad Skincare,skincare,Broad match,Untiered - Broad,False,False,3419,94,176.83,10.2,690.88
2025-08-06,Brand Defense,Brand Core,pureglow skincare,Exact match,Tier 3 - Brand Defense,False,True,3551,103,165.51,10.8,715.5
2025-08-06,Brand Defense,Brand Bundle,pureglow spf bundle,Exact match,Tier 3 - Brand Defense,False,True,1814,51,87.54,5.5,315.85
2025-08-06,Brand Defense,Brand Product,pureglow vitamin c serum,Exact match,Tier 3 - Brand Defense,False,True,2972,79,145.76,8.5,588.9
2025-08-06,SPF Moisturizer Bundle,Daily SPF,buy spf moisturizer online,Exact match,Tier 1 - High Intent,True,True,4910,163,286.95,17.2,960.16
2025-08-06,SPF Moisturizer Bundle,Broad Moisturizer,moisturizer,Broad match,Untiered - Broad,False,False,2839,80,140.96,8.4,513.08
2025-08-06,SPF Moisturizer Bundle,SPF Bundle,spf moisturizer bundle,Exact match,Tier 1 - High Intent,True,True,6727,216,383.88,21.9,1472.69
2025-08-06,SPF Moisturizer Bundle,Vegan SPF,vegan spf moisturizer,Phrase match,Tier 2 - Mid Intent,True,True,2937,85,159.52,9.7,561.24
2025-08-06,Skincare Routine Quiz,Routine Quiz,best skincare routine for dry skin,Phrase match,Tier 2 - Mid Intent,True,True,4857,138,230.48,12.8,914.49
2025-08-06,Skincare Routine Quiz,Plant Based,plant based moisturizer,Phrase match,Tier 2 - Mid Intent,True,True,3520,115,189.11,10.4,814.95
2025-08-07,Best Serum for Dry Skin,Vitamin C Serum,best vitamin c serum for dry skin,Exact match,Tier 1 - High Intent,True,True,8236,245,433.12,29.9,1719.59
2025-08-07,Best Serum for Dry Skin,Hydrating Serum,buy hydrating face serum online,Exact match,Tier 1 - High Intent,True,True,7451,212,354.04,24.9,1457.86
2025-08-07,Best Serum for Dry Skin,Natural Serum,natural skincare routine,Phrase match,Tier 2 - Mid Intent,True,False,3545,102,178.55,10.5,700.17
2025-08-07,Best Serum for Dry Skin,Broad Skincare,skincare,Broad match,Untiered - Broad,False,False,2976,98,146.04,10.5,630.72
2025-08-07,Brand Defense,Brand Core,pureglow skincare,Exact match,Tier 3 - Brand Defense,False,True,3278,95,172.9,9.0,653.1
2025-08-07,Brand Defense,Brand Bundle,pureglow spf bundle,Exact match,Tier 3 - Brand Defense,False,True,1507,44,89.15,5.0,315.18
2025-08-07,Brand Defense,Brand Product,pureglow vitamin c serum,Exact match,Tier 3 - Brand Defense,False,True,2545,75,144.33,8.5,565.52
2025-08-07,SPF Moisturizer Bundle,Daily SPF,buy spf moisturizer online,Exact match,Tier 1 - High Intent,True,True,4351,145,249.57,14.4,926.98
2025-08-07,SPF Moisturizer Bundle,Broad Moisturizer,moisturizer,Broad match,Untiered - Broad,False,False,2643,80,131.38,8.8,594.18
2025-08-07,SPF Moisturizer Bundle,SPF Bundle,spf moisturizer bundle,Exact match,Tier 1 - High Intent,True,True,6477,201,348.07,21.0,1399.2
2025-08-07,SPF Moisturizer Bundle,Vegan SPF,vegan spf moisturizer,Phrase match,Tier 2 - Mid Intent,True,True,2641,81,158.81,8.7,598.15
2025-08-07,Skincare Routine Quiz,Routine Quiz,best skincare routine for dry skin,Phrase match,Tier 2 - Mid Intent,True,True,4344,143,213.24,13.8,861.56
2025-08-07,Skincare Routine Quiz,Plant Based,plant based moisturizer,Phrase match,Tier 2 - Mid Intent,True,True,3264,117,193.76,11.7,793.81
2025-08-08,Best Serum for Dry Skin,Vitamin C Serum,best vitamin c serum for dry skin,Exact match,Tier 1 - High Intent,True,True,8851,282,478.4,27.5,2061.97
2025-08-08,Best Serum for Dry Skin,Hydrating Serum,buy hydrating face serum online,Exact match,Tier 1 - High Intent,True,True,7672,226,379.83,25.0,1435.66
2025-08-08,Best Serum for Dry Skin,Natural Serum,natural skincare routine,Phrase match,Tier 2 - Mid Intent,True,False,3509,109,184.51,11.7,716.7
2025-08-08,Best Serum for Dry Skin,Broad Skincare,skincare,Broad match,Untiered - Broad,False,False,2865,97,149.22,10.5,646.23
2025-08-08,Brand Defense,Brand Core,pureglow skincare,Exact match,Tier 3 - Brand Defense,False,True,3345,102,174.54,9.7,702.98
2025-08-08,Brand Defense,Brand Bundle,pureglow spf bundle,Exact match,Tier 3 - Brand Defense,False,True,1661,46,88.56,4.9,371.47
2025-08-08,Brand Defense,Brand Product,pureglow vitamin c serum,Exact match,Tier 3 - Brand Defense,False,True,2432,83,140.35,8.1,613.54
2025-08-08,SPF Moisturizer Bundle,Daily SPF,buy spf moisturizer online,Exact match,Tier 1 - High Intent,True,True,5117,140,269.17,16.0,1131.61
2025-08-08,SPF Moisturizer Bundle,Broad Moisturizer,moisturizer,Broad match,Untiered - Broad,False,False,2561,78,146.7,7.6,543.03
2025-08-08,SPF Moisturizer Bundle,SPF Bundle,spf moisturizer bundle,Exact match,Tier 1 - High Intent,True,True,7072,186,335.81,22.0,1341.84
2025-08-08,SPF Moisturizer Bundle,Vegan SPF,vegan spf moisturizer,Phrase match,Tier 2 - Mid Intent,True,True,2802,91,147.57,9.6,577.4
2025-08-08,Skincare Routine Quiz,Routine Quiz,best skincare routine for dry skin,Phrase match,Tier 2 - Mid Intent,True,True,4212,137,252.59,15.7,876.47
2025-08-08,Skincare Routine Quiz,Plant Based,plant based moisturizer,Phrase match,Tier 2 - Mid Intent,True,True,3360,106,192.09,10.6,715.61
2025-08-09,Best Serum for Dry Skin,Vitamin C Serum,best vitamin c serum for dry skin,Exact match,Tier 1 - High Intent,True,True,9064,301,534.62,33.7,2191.09
2025-08-09,Best Serum for Dry Skin,Hydrating Serum,buy hydrating face serum online,Exact match,Tier 1 - High Intent,True,True,6985,241,429.68,23.2,1676.91
2025-08-09,Best Serum for Dry Skin,Natural Serum,natural skincare routine,Phrase match,Tier 2 - Mid Intent,True,False,3623,123,195.79,12.3,828.05
2025-08-09,Best Serum for Dry Skin,Broad Skincare,skincare,Broad match,Untiered - Broad,False,False,3104,99,170.02,11.5,722.06
2025-08-09,Brand Defense,Brand Core,pureglow skincare,Exact match,Tier 3 - Brand Defense,False,True,3519,110,175.96,12.1,729.07
2025-08-09,Brand Defense,Brand Bundle,pureglow spf bundle,Exact match,Tier 3 - Brand Defense,False,True,1650,56,89.43,5.3,341.76
2025-08-09,Brand Defense,Brand Product,pureglow vitamin c serum,Exact match,Tier 3 - Brand Defense,False,True,2989,92,158.31,10.4,676.23
2025-08-09,SPF Moisturizer Bundle,Daily SPF,buy spf moisturizer online,Exact match,Tier 1 - High Intent,True,True,4744,159,308.54,17.2,1162.83
2025-08-09,SPF Moisturizer Bundle,Broad Moisturizer,moisturizer,Broad match,Untiered - Broad,False,False,2878,84,170.2,9.6,583.43
2025-08-09,SPF Moisturizer Bundle,SPF Bundle,spf moisturizer bundle,Exact match,Tier 1 - High Intent,True,True,7595,239,417.92,26.3,1746.54
2025-08-09,SPF Moisturizer Bundle,Vegan SPF,vegan spf moisturizer,Phrase match,Tier 2 - Mid Intent,True,True,3193,97,173.27,10.2,692.39
2025-08-09,Skincare Routine Quiz,Routine Quiz,best skincare routine for dry skin,Phrase match,Tier 2 - Mid Intent,True,True,5028,141,254.92,14.4,1125.83
2025-08-09,Skincare Routine Quiz,Plant Based,plant based moisturizer,Phrase match,Tier 2 - Mid Intent,True,True,3806,118,210.29,11.8,864.84
2025-08-10,Best Serum for Dry Skin,Vitamin C Serum,best vitamin c serum for dry skin,Exact match,Tier 1 - High Intent,True,True,8646,256,492.41,31.5,1756.38
2025-08-10,Best Serum for Dry Skin,Hydrating Serum,buy hydrating face serum online,Exact match,Tier 1 - High Intent,True,True,6517,214,368.58,25.3,1480.15
2025-08-10,Best Serum for Dry Skin,Natural Serum,natural skincare routine,Phrase match,Tier 2 - Mid Intent,True,False,3210,115,179.41,11.2,779.38
2025-08-10,Best Serum for Dry Skin,Broad Skincare,skincare,Broad match,Untiered - Broad,False,False,2962,89,149.62,9.1,602.19
2025-08-10,Brand Defense,Brand Core,pureglow skincare,Exact match,Tier 3 - Brand Defense,False,True,3189,101,173.66,11.1,724.28
2025-08-10,Brand Defense,Brand Bundle,pureglow spf bundle,Exact match,Tier 3 - Brand Defense,False,True,1539,52,81.46,5.4,306.69
2025-08-10,Brand Defense,Brand Product,pureglow vitamin c serum,Exact match,Tier 3 - Brand Defense,False,True,2568,78,129.7,9.0,532.92
2025-08-10,SPF Moisturizer Bundle,Daily SPF,buy spf moisturizer online,Exact match,Tier 1 - High Intent,True,True,5331,142,260.43,17.2,1053.88
2025-08-10,SPF Moisturizer Bundle,Broad Moisturizer,moisturizer,Broad match,Untiered - Broad,False,False,2565,79,130.66,8.8,530.52
2025-08-10,SPF Moisturizer Bundle,SPF Bundle,spf moisturizer bundle,Exact match,Tier 1 - High Intent,True,True,7096,197,377.31,22.2,1525.07
2025-08-10,SPF Moisturizer Bundle,Vegan SPF,vegan spf moisturizer,Phrase match,Tier 2 - Mid Intent,True,True,2532,89,141.27,9.4,600.58
2025-08-10,Skincare Routine Quiz,Routine Quiz,best skincare routine for dry skin,Phrase match,Tier 2 - Mid Intent,True,True,4055,143,233.62,15.2,946.7
2025-08-10,Skincare Routine Quiz,Plant Based,plant based moisturizer,Phrase match,Tier 2 - Mid Intent,True,True,3722,118,204.26,12.2,852.98
2025-08-11,Best Serum for Dry Skin,Vitamin C Serum,best vitamin c serum for dry skin,Exact match,Tier 1 - High Intent,True,True,10398,305,535.7,30.8,2155.22
2025-08-11,Best Serum for Dry Skin,Hydrating Serum,buy hydrating face serum online,Exact match,Tier 1 - High Intent,True,True,8486,231,409.34,23.5,1772.06
2025-08-11,Best Serum for Dry Skin,Natural Serum,natural skincare routine,Phrase match,Tier 2 - Mid Intent,True,False,3911,116,206.45,12.2,734.71
2025-08-11,Best Serum for Dry Skin,Broad Skincare,skincare,Broad match,Untiered - Broad,False,False,3542,96,172.1,10.2,708.2
2025-08-11,Brand Defense,Brand Core,pureglow skincare,Exact match,Tier 3 - Brand Defense,False,True,3185,113,200.42,10.8,781.78
2025-08-11,Brand Defense,Brand Bundle,pureglow spf bundle,Exact match,Tier 3 - Brand Defense,False,True,1822,54,100.38,5.5,367.53
2025-08-11,Brand Defense,Brand Product,pureglow vitamin c serum,Exact match,Tier 3 - Brand Defense,False,True,2586,90,166.64,8.8,653.05
2025-08-11,SPF Moisturizer Bundle,Daily SPF,buy spf moisturizer online,Exact match,Tier 1 - High Intent,True,True,5698,162,284.5,16.3,1190.82
2025-08-11,SPF Moisturizer Bundle,Broad Moisturizer,moisturizer,Broad match,Untiered - Broad,False,False,2664,86,146.11,8.1,584.76
2025-08-11,SPF Moisturizer Bundle,SPF Bundle,spf moisturizer bundle,Exact match,Tier 1 - High Intent,True,True,6834,229,404.54,21.5,1582.67
2025-08-11,SPF Moisturizer Bundle,Vegan SPF,vegan spf moisturizer,Phrase match,Tier 2 - Mid Intent,True,True,2769,104,174.48,8.9,631.09
2025-08-11,Skincare Routine Quiz,Routine Quiz,best skincare routine for dry skin,Phrase match,Tier 2 - Mid Intent,True,True,5201,153,257.45,13.5,1032.91
2025-08-11,Skincare Routine Quiz,Plant Based,plant based moisturizer,Phrase match,Tier 2 - Mid Intent,True,True,3771,129,215.22,11.4,838.21
2025-08-12,Best Serum for Dry Skin,Vitamin C Serum,best vitamin c serum for dry skin,Exact match,Tier 1 - High Intent,True,True,8385,304,465.95,28.6,1812.68
2025-08-12,Best Serum for Dry Skin,Hydrating Serum,buy hydrating face serum online,Exact match,Tier 1 - High Intent,True,True,7368,250,421.24,26.1,1625.92
2025-08-12,Best Serum for Dry Skin,Natural Serum,natural skincare routine,Phrase match,Tier 2 - Mid Intent,True,False,3723,111,184.44,11.1,735.97
2025-08-12,Best Serum for Dry Skin,Broad Skincare,skincare,Broad match,Untiered - Broad,False,False,3069,96,158.84,10.0,604.56
2025-08-12,Brand Defense,Brand Core,pureglow skincare,Exact match,Tier 3 - Brand Defense,False,True,3353,100,191.95,10.8,740.62
2025-08-12,Brand Defense,Brand Bundle,pureglow spf bundle,Exact match,Tier 3 - Brand Defense,False,True,1717,51,90.94,4.9,364.52
2025-08-12,Brand Defense,Brand Product,pureglow vitamin c serum,Exact match,Tier 3 - Brand Defense,False,True,2915,81,159.12,8.4,554.91
2025-08-12,SPF Moisturizer Bundle,Daily SPF,buy spf moisturizer online,Exact match,Tier 1 - High Intent,True,True,4741,155,261.87,17.4,1106.73
2025-08-12,SPF Moisturizer Bundle,Broad Moisturizer,moisturizer,Broad match,Untiered - Broad,False,False,2622,85,159.5,8.0,566.54
2025-08-12,SPF Moisturizer Bundle,SPF Bundle,spf moisturizer bundle,Exact match,Tier 1 - High Intent,True,True,6954,234,409.55,22.3,1545.0
2025-08-12,SPF Moisturizer Bundle,Vegan SPF,vegan spf moisturizer,Phrase match,Tier 2 - Mid Intent,True,True,3160,91,169.08,9.6,683.83
2025-08-12,Skincare Routine Quiz,Routine Quiz,best skincare routine for dry skin,Phrase match,Tier 2 - Mid Intent,True,True,4165,141,255.22,14.6,1004.44
2025-08-12,Skincare Routine Quiz,Plant Based,plant based moisturizer,Phrase match,Tier 2 - Mid Intent,True,True,3485,126,222.91,13.1,838.34
2025-08-13,Best Serum for Dry Skin,Vitamin C Serum,best vitamin c serum for dry skin,Exact match,Tier 1 - High Intent,True,True,8809,260,439.59,28.9,1998.41
2025-08-13,Best Serum for Dry Skin,Hydrating Serum,buy hydrating face serum online,Exact match,Tier 1 - High Intent,True,True,6289,225,391.59,26.3,1632.86
2025-08-13,Best Serum for Dry Skin,Natural Serum,natural skincare routine,Phrase match,Tier 2 - Mid Intent,True,False,3445,112,179.35,12.1,769.72
2025-08-13,Best Serum for Dry Skin,Broad Skincare,skincare,Broad match,Untiered - Broad,False,False,2670,98,163.11,8.6,688.01
2025-08-13,Brand Defense,Brand Core,pureglow skincare,Exact match,Tier 3 - Brand Defense,False,True,3094,90,163.23,10.9,665.58
2025-08-13,Brand Defense,Brand Bundle,pureglow spf bundle,Exact match,Tier 3 - Brand Defense,False,True,1617,50,90.5,5.4,312.78
2025-08-13,Brand Defense,Brand Product,pureglow vitamin c serum,Exact match,Tier 3 - Brand Defense,False,True,2254,84,133.75,8.8,542.66
2025-08-13,SPF Moisturizer Bundle,Daily SPF,buy spf moisturizer online,Exact match,Tier 1 - High Intent,True,True,4422,156,282.15,15.8,1057.65
2025-08-13,SPF Moisturizer Bundle,Broad Moisturizer,moisturizer,Broad match,Untiered - Broad,False,False,2608,84,145.78,8.3,599.06
2025-08-13,SPF Moisturizer Bundle,SPF Bundle,spf moisturizer bundle,Exact match,Tier 1 - High Intent,True,True,6288,194,361.81,21.5,1540.43
2025-08-13,SPF Moisturizer Bundle,Vegan SPF,vegan spf moisturizer,Phrase match,Tier 2 - Mid Intent,True,True,2547,90,141.13,8.6,663.63
2025-08-13,Skincare Routine Quiz,Routine Quiz,best skincare routine for dry skin,Phrase match,Tier 2 - Mid Intent,True,True,4042,133,249.62,14.8,1006.53
2025-08-13,Skincare Routine Quiz,Plant Based,plant based moisturizer,Phrase match,Tier 2 - Mid Intent,True,True,3460,114,184.96,13.2,765.79
2025-08-14,Best Serum for Dry Skin,Vitamin C Serum,best vitamin c serum for dry skin,Exact match,Tier 1 - High Intent,True,True,8729,276,479.36,30.7,2020.16
2025-08-14,Best Serum for Dry Skin,Hydrating Serum,buy hydrating face serum online,Exact match,Tier 1 - High Intent,True,True,6318,228,391.14,22.6,1438.29
2025-08-14,Best Serum for Dry Skin,Natural Serum,natural skincare routine,Phrase match,Tier 2 - Mid Intent,True,False,3009,101,173.99,11.3,753.62
2025-08-14,Best Serum for Dry Skin,Broad Skincare,skincare,Broad match,Untiered - Broad,False,False,2736,95,156.48,9.3,647.09
2025-08-14,Brand Defense,Brand Core,pureglow skincare,Exact match,Tier 3 - Brand Defense,False,True,2641,98,166.49,10.1,726.84
2025-08-14,Brand Defense,Brand Bundle,pureglow spf bundle,Exact match,Tier 3 - Brand Defense,False,True,1373,47,82.97,5.7,348.61
2025-08-14,Brand Defense,Brand Product,pureglow vitamin c serum,Exact match,Tier 3 - Brand Defense,False,True,2562,76,143.34,8.5,556.14
2025-08-14,SPF Moisturizer Bundle,Daily SPF,buy spf moisturizer online,Exact match,Tier 1 - High Intent,True,True,4855,156,251.3,16.5,1086.13
2025-08-14,SPF Moisturizer Bundle,Broad Moisturizer,moisturizer,Broad match,Untiered - Broad,False,False,2283,81,142.38,7.7,560.65
2025-08-14,SPF Moisturizer Bundle,SPF Bundle,spf moisturizer bundle,Exact match,Tier 1 - High Intent,True,True,5869,193,371.0,23.5,1401.69
2025-08-14,SPF Moisturizer Bundle,Vegan SPF,vegan spf moisturizer,Phrase match,Tier 2 - Mid Intent,True,True,2457,79,155.31,8.9,661.31
2025-08-14,Skincare Routine Quiz,Routine Quiz,best skincare routine for dry skin,Phrase match,Tier 2 - Mid Intent,True,True,4131,124,221.67,13.9,948.18
2025-08-14,Skincare Routine Quiz,Plant Based,plant based moisturizer,Phrase match,Tier 2 - Mid Intent,True,True,3299,101,197.82,11.9,868.09
2025-08-15,Best Serum for Dry Skin,Vitamin C Serum,best vitamin c serum for dry skin,Exact match,Tier 1 - High Intent,True,True,7723,261,459.59,24.8,1956.49
2025-08-15,Best Serum for Dry Skin,Hydrating Serum,buy hydrating face serum online,Exact match,Tier 1 - High Intent,True,True,7420,233,358.68,21.0,1424.17
2025-08-15,Best Serum for Dry Skin,Natural Serum,natural skincare routine,Phrase match,Tier 2 - Mid Intent,True,False,3059,107,199.95,10.6,821.88
2025-08-15,Best Serum for Dry Skin,Broad Skincare,skincare,Broad match,Untiered - Broad,False,False,2570,95,147.54,10.0,600.52
2025-08-15,Brand Defense,Brand Core,pureglow skincare,Exact match,Tier 3 - Brand Defense,False,True,3125,95,157.57,10.9,732.6
2025-08-15,Brand Defense,Brand Bundle,pureglow spf bundle,Exact match,Tier 3 - Brand Defense,False,True,1640,51,88.2,5.1,330.29
2025-08-15,Brand Defense,Brand Product,pureglow vitamin c serum,Exact match,Tier 3 - Brand Defense,False,True,2665,83,141.42,7.4,567.38
2025-08-15,SPF Moisturizer Bundle,Daily SPF,buy spf moisturizer online,Exact match,Tier 1 - High Intent,True,True,4827,145,270.87,15.1,1091.7
2025-08-15,SPF Moisturizer Bundle,Broad Moisturizer,moisturizer,Broad match,Untiered - Broad,False,False,2416,86,145.51,9.0,612.79
2025-08-15,SPF Moisturizer Bundle,SPF Bundle,spf moisturizer bundle,Exact match,Tier 1 - High Intent,True,True,5887,216,372.68,19.6,1434.31
2025-08-15,SPF Moisturizer Bundle,Vegan SPF,vegan spf moisturizer,Phrase match,Tier 2 - Mid Intent,True,True,2543,85,142.46,9.4,667.07
2025-08-15,Skincare Routine Quiz,Routine Quiz,best skincare routine for dry skin,Phrase match,Tier 2 - Mid Intent,True,True,4434,141,248.0,12.4,1039.17
2025-08-15,Skincare Routine Quiz,Plant Based,plant based moisturizer,Phrase match,Tier 2 - Mid Intent,True,True,3569,111,183.53,13.0,742.88
2025-08-16,Best Serum for Dry Skin,Vitamin C Serum,best vitamin c serum for dry skin,Exact match,Tier 1 - High Intent,True,True,9857,308,485.77,29.4,1879.07
2025-08-16,Best Serum for Dry Skin,Hydrating Serum,buy hydrating face serum online,Exact match,Tier 1 - High Intent,True,True,7528,229,389.07,24.1,1564.63
2025-08-16,Best Serum for Dry Skin,Natural Serum,natural skincare routine,Phrase match,Tier 2 - Mid Intent,True,False,3699,116,185.26,12.9,804.66
2025-08-16,Best Serum for Dry Skin,Broad Skincare,skincare,Broad match,Untiered - Broad,False,False,3284,101,158.04,9.8,703.06
2025-08-16,Brand Defense,Brand Core,pureglow skincare,Exact match,Tier 3 - Brand Defense,False,True,3401,108,188.67,10.6,775.82
2025-08-16,Brand Defense,Brand Bundle,pureglow spf bundle,Exact match,Tier 3 - Brand Defense,False,True,1622,50,86.35,5.3,346.83
2025-08-16,Brand Defense,Brand Product,pureglow vitamin c serum,Exact match,Tier 3 - Brand Defense,False,True,3137,84,153.88,8.8,602.79
2025-08-16,SPF Moisturizer Bundle,Daily SPF,buy spf moisturizer online,Exact match,Tier 1 - High Intent,True,True,5024,160,266.2,17.6,1005.89
2025-08-16,SPF Moisturizer Bundle,Broad Moisturizer,moisturizer,Broad match,Untiered - Broad,False,False,2752,86,154.65,9.4,532.69
2025-08-16,SPF Moisturizer Bundle,SPF Bundle,spf moisturizer bundle,Exact match,Tier 1 - High Intent,True,True,7461,239,378.87,21.8,1362.52
2025-08-16,SPF Moisturizer Bundle,Vegan SPF,vegan spf moisturizer,Phrase match,Tier 2 - Mid Intent,True,True,3399,90,168.45,10.4,690.21
2025-08-16,Skincare Routine Quiz,Routine Quiz,best skincare routine for dry skin,Phrase match,Tier 2 - Mid Intent,True,True,4541,149,253.74,16.0,906.02
2025-08-16,Skincare Routine Quiz,Plant Based,plant based moisturizer,Phrase match,Tier 2 - Mid Intent,True,True,3738,128,217.53,13.9,783.03
2025-08-17,Best Serum for Dry Skin,Vitamin C Serum,best vitamin c serum for dry skin,Exact match,Tier 1 - High Intent,True,True,8742,281,488.63,30.1,2161.84
2025-08-17,Best Serum for Dry Skin,Hydrating Serum,buy hydrating face serum online,Exact match,Tier 1 - High Intent,True,True,7400,248,428.33,28.5,1626.95
2025-08-17,Best Serum for Dry Skin,Natural Serum,natural skincare routine,Phrase match,Tier 2 - Mid Intent,True,False,3577,108,192.05,13.8,764.89
2025-08-17,Best Serum for Dry Skin,Broad Skincare,skincare,Broad match,Untiered - Broad,False,False,3460,104,167.67,11.5,757.89
2025-08-17,Brand Defense,Brand Core,pureglow skincare,Exact match,Tier 3 - Brand Defense,False,True,3131,100,190.87,12.4,703.47
2025-08-17,Brand Defense,Brand Bundle,pureglow spf bundle,Exact match,Tier 3 - Brand Defense,False,True,1786,53,87.6,5.2,380.8
2025-08-17,Brand Defense,Brand Product,pureglow vitamin c serum,Exact match,Tier 3 - Brand Defense,False,True,2947,85,158.48,9.4,652.56
2025-08-17,SPF Moisturizer Bundle,Daily SPF,buy spf moisturizer online,Exact match,Tier 1 - High Intent,True,True,4989,164,276.59,17.2,1154.71
2025-08-17,SPF Moisturizer Bundle,Broad Moisturizer,moisturizer,Broad match,Untiered - Broad,False,False,2675,83,155.54,8.2,650.68
2025-08-17,SPF Moisturizer Bundle,SPF Bundle,spf moisturizer bundle,Exact match,Tier 1 - High Intent,True,True,7247,209,376.69,26.2,1725.43
2025-08-17,SPF Moisturizer Bundle,Vegan SPF,vegan spf moisturizer,Phrase match,Tier 2 - Mid Intent,True,True,2810,95,164.63,10.3,663.55
2025-08-17,Skincare Routine Quiz,Routine Quiz,best skincare routine for dry skin,Phrase match,Tier 2 - Mid Intent,True,True,4529,151,267.3,16.8,981.73
2025-08-17,Skincare Routine Quiz,Plant Based,plant based moisturizer,Phrase match,Tier 2 - Mid Intent,True,True,3615,120,214.61,14.6,958.19
2025-08-18,Best Serum for Dry Skin,Vitamin C Serum,best vitamin c serum for dry skin,Exact match,Tier 1 - High Intent,True,True,8208,302,527.4,33.1,1836.55
2025-08-18,Best Serum for Dry Skin,Hydrating Serum,buy hydrating face serum online,Exact match,Tier 1 - High Intent,True,True,6544,223,427.59,26.8,1491.92
2025-08-18,Best Serum for Dry Skin,Natural Serum,natural skincare routine,Phrase match,Tier 2 - Mid Intent,True,False,3303,118,210.1,11.9,698.24
2025-08-18,Best Serum for Dry Skin,Broad Skincare,skincare,Broad match,Untiered - Broad,False,False,3237,93,154.64,9.9,659.78
2025-08-18,Brand Defense,Brand Core,pureglow skincare,Exact match,Tier 3 - Brand Defense,False,True,3065,110,189.92,11.5,746.87
2025-08-18,Brand Defense,Brand Bundle,pureglow spf bundle,Exact match,Tier 3 - Brand Defense,False,True,1626,56,90.03,5.6,316.99
2025-08-18,Brand Defense,Brand Product,pureglow vitamin c serum,Exact match,Tier 3 - Brand Defense,False,True,2805,90,137.62,9.8,579.63
2025-08-18,SPF Moisturizer Bundle,Daily SPF,buy spf moisturizer online,Exact match,Tier 1 - High Intent,True,True,5158,157,279.47,18.5,999.17
2025-08-18,SPF Moisturizer Bundle,Broad Moisturizer,moisturizer,Broad match,Untiered - Broad,False,False,2632,84,146.37,8.3,598.54
2025-08-18,SPF Moisturizer Bundle,SPF Bundle,spf moisturizer bundle,Exact match,Tier 1 - High Intent,True,True,6278,223,373.67,20.0,1604.89
2025-08-18,SPF Moisturizer Bundle,Vegan SPF,vegan spf moisturizer,Phrase match,Tier 2 - Mid Intent,True,True,2783,99,167.74,10.2,571.83
2025-08-18,Skincare Routine Quiz,Routine Quiz,best skincare routine for dry skin,Phrase match,Tier 2 - Mid Intent,True,True,4720,154,244.17,13.7,884.54
2025-08-18,Skincare Routine Quiz,Plant Based,plant based moisturizer,Phrase match,Tier 2 - Mid Intent,True,True,4032,116,197.32,12.3,806.73
2025-08-19,Best Serum for Dry Skin,Vitamin C Serum,best vitamin c serum for dry skin,Exact match,Tier 1 - High Intent,True,True,8369,275,458.01,26.1,1907.81
2025-08-19,Best Serum for Dry Skin,Hydrating Serum,buy hydrating face serum online,Exact match,Tier 1 - High Intent,True,True,6395,227,403.65,24.9,1623.55
2025-08-19,Best Serum for Dry Skin,Natural Serum,natural skincare routine,Phrase match,Tier 2 - Mid Intent,True,False,3418,101,192.34,11.3,724.47
2025-08-19,Best Serum for Dry Skin,Broad Skincare,skincare,Broad match,Untiered - Broad,False,False,2831,82,157.31,8.6,669.74
2025-08-19,Brand Defense,Brand Core,pureglow skincare,Exact match,Tier 3 - Brand Defense,False,True,3146,94,154.04,9.4,730.42
2025-08-19,Brand Defense,Brand Bundle,pureglow spf bundle,Exact match,Tier 3 - Brand Defense,False,True,1321,49,84.78,5.1,347.2
2025-08-19,Brand Defense,Brand Product,pureglow vitamin c serum,Exact match,Tier 3 - Brand Defense,False,True,2413,75,147.42,9.0,511.14
2025-08-19,SPF Moisturizer Bundle,Daily SPF,buy spf moisturizer online,Exact match,Tier 1 - High Intent,True,True,4898,142,238.79,14.3,1140.67
2025-08-19,SPF Moisturizer Bundle,Broad Moisturizer,moisturizer,Broad match,Untiered - Broad,False,False,2310,83,140.35,9.0,539.34
2025-08-19,SPF Moisturizer Bundle,SPF Bundle,spf moisturizer bundle,Exact match,Tier 1 - High Intent,True,True,5825,186,364.73,22.0,1371.51
2025-08-19,SPF Moisturizer Bundle,Vegan SPF,vegan spf moisturizer,Phrase match,Tier 2 - Mid Intent,True,True,2496,81,142.44,10.0,647.18
2025-08-19,Skincare Routine Quiz,Routine Quiz,best skincare routine for dry skin,Phrase match,Tier 2 - Mid Intent,True,True,3709,121,217.23,14.8,962.94
2025-08-19,Skincare Routine Quiz,Plant Based,plant based moisturizer,Phrase match,Tier 2 - Mid Intent,True,True,3283,106,206.48,10.6,809.79
2025-08-20,Best Serum for Dry Skin,Vitamin C Serum,best vitamin c serum for dry skin,Exact match,Tier 1 - High Intent,True,True,8200,248,434.43,25.2,1698.12
2025-08-20,Best Serum for Dry Skin,Hydrating Serum,buy hydrating face serum online,Exact match,Tier 1 - High Intent,True,True,7473,197,350.38,24.2,1608.21
2025-08-20,Best Serum for Dry Skin,Natural Serum,natural skincare routine,Phrase match,Tier 2 - Mid Intent,True,False,3107,102,182.4,11.9,783.74
2025-08-20,Best Serum for Dry Skin,Broad Skincare,skincare,Broad match,Untiered - Broad,False,False,2977,84,143.25,9.3,552.2
2025-08-20,Brand Defense,Brand Core,pureglow skincare,Exact match,Tier 3 - Brand Defense,False,True,3200,96,166.6,10.0,594.55
2025-08-20,Brand Defense,Brand Bundle,pureglow spf bundle,Exact match,Tier 3 - Brand Defense,False,True,1616,49,82.06,4.8,335.24
2025-08-20,Brand Defense,Brand Product,pureglow vitamin c serum,Exact match,Tier 3 - Brand Defense,False,True,2653,75,146.29,7.6,568.62
2025-08-20,SPF Moisturizer Bundle,Daily SPF,buy spf moisturizer online,Exact match,Tier 1 - High Intent,True,True,4592,154,265.96,17.4,981.49
2025-08-20,SPF Moisturizer Bundle,Broad Moisturizer,moisturizer,Broad match,Untiered - Broad,False,False,2371,80,124.09,7.5,531.37
2025-08-20,SPF Moisturizer Bundle,SPF Bundle,spf moisturizer bundle,Exact match,Tier 1 - High Intent,True,True,5756,189,326.47,18.8,1422.07
2025-08-20,SPF Moisturizer Bundle,Vegan SPF,vegan spf moisturizer,Phrase match,Tier 2 - Mid Intent,True,True,2870,87,135.68,8.6,570.66
2025-08-20,Skincare Routine Quiz,Routine Quiz,best skincare routine for dry skin,Phrase match,Tier 2 - Mid Intent,True,True,4566,128,237.49,12.4,892.13
2025-08-20,Skincare Routine Quiz,Plant Based,plant based moisturizer,Phrase match,Tier 2 - Mid Intent,True,True,3454,114,183.49,11.7,709.37
2025-08-21,Best Serum for Dry Skin,Vitamin C Serum,best vitamin c serum for dry skin,Exact match,Tier 1 - High Intent,True,True,7951,287,493.76,26.6,2008.56
2025-08-21,Best Serum for Dry Skin,Hydrating Serum,buy hydrating face serum online,Exact match,Tier 1 - High Intent,True,True,7481,218,402.12,26.8,1557.61
2025-08-21,Best Serum for Dry Skin,Natural Serum,natural skincare routine,Phrase match,Tier 2 - Mid Intent,True,False,3520,111,197.13,11.5,723.99
2025-08-21,Best Serum for Dry Skin,Broad Skincare,skincare,Broad match,Untiered - Broad,False,False,2823,96,145.48,10.3,690.67
2025-08-21,Brand Defense,Brand Core,pureglow skincare,Exact match,Tier 3 - Brand Defense,False,True,3200,104,178.03,10.8,644.15
2025-08-21,Brand Defense,Brand Bundle,pureglow spf bundle,Exact match,Tier 3 - Brand Defense,False,True,1665,50,85.24,5.9,319.72
2025-08-21,Brand Defense,Brand Product,pureglow vitamin c serum,Exact match,Tier 3 - Brand Defense,False,True,2554,75,134.96,9.8,558.34
2025-08-21,SPF Moisturizer Bundle,Daily SPF,buy spf moisturizer online,Exact match,Tier 1 - High Intent,True,True,4814,161,272.34,17.3,1035.19
2025-08-21,SPF Moisturizer Bundle,Broad Moisturizer,moisturizer,Broad match,Untiered - Broad,False,False,2322,85,132.79,9.7,599.2
2025-08-21,SPF Moisturizer Bundle,SPF Bundle,spf moisturizer bundle,Exact match,Tier 1 - High Intent,True,True,6257,199,330.61,23.4,1395.56
2025-08-21,SPF Moisturizer Bundle,Vegan SPF,vegan spf moisturizer,Phrase match,Tier 2 - Mid Intent,True,True,2845,83,151.66,10.5,696.5
2025-08-21,Skincare Routine Quiz,Routine Quiz,best skincare routine for dry skin,Phrase match,Tier 2 - Mid Intent,True,True,4037,140,221.42,13.7,1071.94
2025-08-21,Skincare Routine Quiz,Plant Based,plant based moisturizer,Phrase match,Tier 2 - Mid Intent,True,True,3698,117,209.14,12.5,816.48
2025-08-22,Best Serum for Dry Skin,Vitamin C Serum,best vitamin c serum for dry skin,Exact match,Tier 1 - High Intent,True,True,8397,312,544.89,32.2,2150.8
2025-08-22,Best Serum for Dry Skin,Hydrating Serum,buy hydrating face serum online,Exact match,Tier 1 - High Intent,True,True,6771,226,442.64,28.0,1782.01
2025-08-22,Best Serum for Dry Skin,Natural Serum,natural skincare routine,Phrase match,Tier 2 - Mid Intent,True,False,3501,116,208.37,12.7,839.9
2025-08-22,Best Serum for Dry Skin,Broad Skincare,skincare,Broad match,Untiered - Broad,False,False,2973,100,159.27,9.7,767.5
2025-08-22,Brand Defense,Brand Core,pureglow skincare,Exact match,Tier 3 - Brand Defense,False,True,2898,106,185.31,10.7,826.94
2025-08-22,Brand Defense,Brand Bundle,pureglow spf bundle,Exact match,Tier 3 - Brand Defense,False,True,1719,55,85.04,5.4,359.35
2025-08-22,Brand Defense,Brand Product,pureglow vitamin c serum,Exact match,Tier 3 - Brand Defense,False,True,2905,82,161.67,8.8,579.17
2025-08-22,SPF Moisturizer Bundle,Daily SPF,buy spf moisturizer online,Exact match,Tier 1 - High Intent,True,True,4963,174,282.34,19.7,1293.21
2025-08-22,SPF Moisturizer Bundle,Broad Moisturizer,moisturizer,Broad match,Untiered - Broad,False,False,2843,92,150.51,8.7,601.31
2025-08-22,SPF Moisturizer Bundle,SPF Bundle,spf moisturizer bundle,Exact match,Tier 1 - High Intent,True,True,7371,224,414.07,26.7,1718.91
2025-08-22,SPF Moisturizer Bundle,Vegan SPF,vegan spf moisturizer,Phrase match,Tier 2 - Mid Intent,True,True,2674,94,175.7,9.1,716.48
2025-08-22,Skincare Routine Quiz,Routine Quiz,best skincare routine for dry skin,Phrase match,Tier 2 - Mid Intent,True,True,4669,159,248.25,15.1,1102.63
2025-08-22,Skincare Routine Quiz,Plant Based,plant based moisturizer,Phrase match,Tier 2 - Mid Intent,True,True,3493,131,224.53,14.0,837.83
2025-08-23,Best Serum for Dry Skin,Vitamin C Serum,best vitamin c serum for dry skin,Exact match,Tier 1 - High Intent,True,True,8902,287,451.13,25.9,1892.77
2025-08-23,Best Serum for Dry Skin,Hydrating Serum,buy hydrating face serum online,Exact match,Tier 1 - High Intent,True,True,6730,225,397.3,21.1,1758.79
2025-08-23,Best Serum for Dry Skin,Natural Serum,natural skincare routine,Phrase match,Tier 2 - Mid Intent,True,False,3427,105,204.62,10.5,711.32
2025-08-23,Best Serum for Dry Skin,Broad Skincare,skincare,Broad match,Untiered - Broad,False,False,2716,85,170.43,9.8,682.53
2025-08-23,Brand Defense,Brand Core,pureglow skincare,Exact match,Tier 3 - Brand Defense,False,True,3274,105,166.87,9.6,732.14
2025-08-23,Brand Defense,Brand Bundle,pureglow spf bundle,Exact match,Tier 3 - Brand Defense,False,True,1646,47,90.75,5.5,361.87
2025-08-23,Brand Defense,Brand Product,pureglow vitamin c serum,Exact match,Tier 3 - Brand Defense,False,True,2564,86,147.68,9.7,556.17
2025-08-23,SPF Moisturizer Bundle,Daily SPF,buy spf moisturizer online,Exact match,Tier 1 - High Intent,True,True,4662,149,272.23,17.2,1057.18
2025-08-23,SPF Moisturizer Bundle,Broad Moisturizer,moisturizer,Broad match,Untiered - Broad,False,False,2738,87,150.09,8.9,632.82
2025-08-23,SPF Moisturizer Bundle,SPF Bundle,spf moisturizer bundle,Exact match,Tier 1 - High Intent,True,True,6028,194,340.98,23.3,1405.58
2025-08-23,SPF Moisturizer Bundle,Vegan SPF,vegan spf moisturizer,Phrase match,Tier 2 - Mid Intent,True,True,2904,82,166.16,10.2,609.06
2025-08-23,Skincare Routine Quiz,Routine Quiz,best skincare routine for dry skin,Phrase match,Tier 2 - Mid Intent,True,True,4309,146,225.62,15.0,979.82
2025-08-23,Skincare Routine Quiz,Plant Based,plant based moisturizer,Phrase match,Tier 2 - Mid Intent,True,True,3813,122,205.86,12.0,876.48
2025-08-24,Best Serum for Dry Skin,Vitamin C Serum,best vitamin c serum for dry skin,Exact match,Tier 1 - High Intent,True,True,7830,258,451.48,25.5,2009.52
2025-08-24,Best Serum for Dry Skin,Hydrating Serum,buy hydrating face serum online,Exact match,Tier 1 - High Intent,True,True,6486,236,393.0,22.4,1568.91
2025-08-24,Best Serum for Dry Skin,Natural Serum,natural skincare routine,Phrase match,Tier 2 - Mid Intent,True,False,3055,103,196.32,10.9,783.47
2025-08-24,Best Serum for Dry Skin,Broad Skincare,skincare,Broad match,Untiered - Broad,False,False,2467,90,149.89,9.3,678.4
2025-08-24,Brand Defense,Brand Core,pureglow skincare,Exact match,Tier 3 - Brand Defense,False,True,2986,103,173.79,11.4,719.05
2025-08-24,Brand Defense,Brand Bundle,pureglow spf bundle,Exact match,Tier 3 - Brand Defense,False,True,1422,49,78.86,5.0,317.86
2025-08-24,Brand Defense,Brand Product,pureglow vitamin c serum,Exact match,Tier 3 - Brand Defense,False,True,2492,77,139.64,8.8,522.63
2025-08-24,SPF Moisturizer Bundle,Daily SPF,buy spf moisturizer online,Exact match,Tier 1 - High Intent,True,True,4506,145,273.78,14.8,1014.72
2025-08-24,SPF Moisturizer Bundle,Broad Moisturizer,moisturizer,Broad match,Untiered - Broad,False,False,2585,80,129.57,7.7,516.49
2025-08-24,SPF Moisturizer Bundle,SPF Bundle,spf moisturizer bundle,Exact match,Tier 1 - High Intent,True,True,5730,194,351.51,20.9,1458.46
2025-08-24,SPF Moisturizer Bundle,Vegan SPF,vegan spf moisturizer,Phrase match,Tier 2 - Mid Intent,True,True,2540,83,162.68,9.1,646.1
2025-08-24,Skincare Routine Quiz,Routine Quiz,best skincare routine for dry skin,Phrase match,Tier 2 - Mid Intent,True,True,3732,127,239.12,13.9,868.09
2025-08-24,Skincare Routine Quiz,Plant Based,plant based moisturizer,Phrase match,Tier 2 - Mid Intent,True,True,3625,103,195.03,11.9,729.72
2025-08-25,Best Serum for Dry Skin,Vitamin C Serum,best vitamin c serum for dry skin,Exact match,Tier 1 - High Intent,True,True,9345,286,451.88,28.8,1958.77
2025-08-25,Best Serum for Dry Skin,Hydrating Serum,buy hydrating face serum online,Exact match,Tier 1 - High Intent,True,True,7233,228,370.64,24.3,1578.12
2025-08-25,Best Serum for Dry Skin,Natural Serum,natural skincare routine,Phrase match,Tier 2 - Mid Intent,True,False,3115,103,166.5,11.3,799.19
2025-08-25,Best Serum for Dry Skin,Broad Skincare,skincare,Broad match,Untiered - Broad,False,False,2801,92,150.31,9.0,652.59
2025-08-25,Brand Defense,Brand Core,pureglow skincare,Exact match,Tier 3 - Brand Defense,False,True,2811,98,158.47,11.2,732.78
2025-08-25,Brand Defense,Brand Bundle,pureglow spf bundle,Exact match,Tier 3 - Brand Defense,False,True,1656,47,81.49,5.1,322.81
2025-08-25,Brand Defense,Brand Product,pureglow vitamin c serum,Exact match,Tier 3 - Brand Defense,False,True,2374,78,126.98,7.5,562.69
2025-08-25,SPF Moisturizer Bundle,Daily SPF,buy spf moisturizer online,Exact match,Tier 1 - High Intent,True,True,4808,144,263.94,14.3,1155.59
2025-08-25,SPF Moisturizer Bundle,Broad Moisturizer,moisturizer,Broad match,Untiered - Broad,False,False,2467,76,131.44,8.0,607.03
2025-08-25,SPF Moisturizer Bundle,SPF Bundle,spf moisturizer bundle,Exact match,Tier 1 - High Intent,True,True,6820,219,345.7,20.1,1563.86
2025-08-25,SPF Moisturizer Bundle,Vegan SPF,vegan spf moisturizer,Phrase match,Tier 2 - Mid Intent,True,True,2513,84,149.54,9.8,655.12
2025-08-25,Skincare Routine Quiz,Routine Quiz,best skincare routine for dry skin,Phrase match,Tier 2 - Mid Intent,True,True,4405,146,218.7,12.6,906.95
2025-08-25,Skincare Routine Quiz,Plant Based,plant based moisturizer,Phrase match,Tier 2 - Mid Intent,True,True,3675,116,185.59,12.8,737.25
2025-08-26,Best Serum for Dry Skin,Vitamin C Serum,best vitamin c serum for dry skin,Exact match,Tier 1 - High Intent,True,True,9380,260,506.44,28.5,1991.21
2025-08-26,Best Serum for Dry Skin,Hydrating Serum,buy hydrating face serum online,Exact match,Tier 1 - High Intent,True,True,7030,230,438.99,23.0,1544.32
2025-08-26,Best Serum for Dry Skin,Natural Serum,natural skincare routine,Phrase match,Tier 2 - Mid Intent,True,False,3159,106,211.22,12.9,820.56
2025-08-26,Best Serum for Dry Skin,Broad Skincare,skincare,Broad match,Untiered - Broad,False,False,2659,88,159.86,11.1,641.37
2025-08-26,Brand Defense,Brand Core,pureglow skincare,Exact match,Tier 3 - Brand Defense,False,True,3127,107,186.72,10.0,750.82
2025-08-26,Brand Defense,Brand Bundle,pureglow spf bundle,Exact match,Tier 3 - Brand Defense,False,True,1479,52,95.59,5.0,376.01
2025-08-26,Brand Defense,Brand Product,pureglow vitamin c serum,Exact match,Tier 3 - Brand Defense,False,True,2491,87,153.07,9.8,592.93
2025-08-26,SPF Moisturizer Bundle,Daily SPF,buy spf moisturizer online,Exact match,Tier 1 - High Intent,True,True,5007,162,267.89,15.7,1178.49
2025-08-26,SPF Moisturizer Bundle,Broad Moisturizer,moisturizer,Broad match,Untiered - Broad,False,False,2346,88,147.44,9.5,590.78
2025-08-26,SPF Moisturizer Bundle,SPF Bundle,spf moisturizer bundle,Exact match,Tier 1 - High Intent,True,True,6622,226,364.77,25.3,1587.46
2025-08-26,SPF Moisturizer Bundle,Vegan SPF,vegan spf moisturizer,Phrase match,Tier 2 - Mid Intent,True,True,2974,97,147.28,9.4,678.08
2025-08-26,Skincare Routine Quiz,Routine Quiz,best skincare routine for dry skin,Phrase match,Tier 2 - Mid Intent,True,True,4171,147,237.2,14.0,1100.07
2025-08-26,Skincare Routine Quiz,Plant Based,plant based moisturizer,Phrase match,Tier 2 - Mid Intent,True,True,3322,118,213.73,13.1,827.1
2025-08-27,Best Serum for Dry Skin,Vitamin C Serum,best vitamin c serum for dry skin,Exact match,Tier 1 - High Intent,True,True,8865,270,463.91,28.6,1796.78
2025-08-27,Best Serum for Dry Skin,Hydrating Serum,buy hydrating face serum online,Exact match,Tier 1 - High Intent,True,True,6452,228,421.44,24.6,1666.93
2025-08-27,Best Serum for Dry Skin,Natural Serum,natural skincare routine,Phrase match,Tier 2 - Mid Intent,True,False,3735,108,196.31,12.4,698.54
2025-08-27,Best Serum for Dry Skin,Broad Skincare,skincare,Broad match,Untiered - Broad,False,False,2650,89,154.16,9.6,646.74
2025-08-27,Brand Defense,Brand Core,pureglow skincare,Exact match,Tier 3 - Brand Defense,False,True,2834,106,185.42,11.1,654.17
2025-08-27,Brand Defense,Brand Bundle,pureglow spf bundle,Exact match,Tier 3 - Brand Defense,False,True,1636,52,83.92,4.7,339.31
2025-08-27,Brand Defense,Brand Product,pureglow vitamin c serum,Exact match,Tier 3 - Brand Defense,False,True,2643,78,135.95,9.3,602.32
2025-08-27,SPF Moisturizer Bundle,Daily SPF,buy spf moisturizer online,Exact match,Tier 1 - High Intent,True,True,4478,150,271.31,14.9,1008.63
2025-08-27,SPF Moisturizer Bundle,Broad Moisturizer,moisturizer,Broad match,Untiered - Broad,False,False,2614,79,140.96,9.1,591.1
2025-08-27,SPF Moisturizer Bundle,SPF Bundle,spf moisturizer bundle,Exact match,Tier 1 - High Intent,True,True,6996,218,369.48,22.6,1636.24
2025-08-27,SPF Moisturizer Bundle,Vegan SPF,vegan spf moisturizer,Phrase match,Tier 2 - Mid Intent,True,True,2685,82,142.79,8.3,626.44
2025-08-27,Skincare Routine Quiz,Routine Quiz,best skincare routine for dry skin,Phrase match,Tier 2 - Mid Intent,True,True,4437,130,244.29,15.1,1015.15
2025-08-27,Skincare Routine Quiz,Plant Based,plant based moisturizer,Phrase match,Tier 2 - Mid Intent,True,True,3858,116,196.29,11.6,739.31
2025-08-28,Best Serum for Dry Skin,Vitamin C Serum,best vitamin c serum for dry skin,Exact match,Tier 1 - High Intent,True,True,8704,301,526.12,35.2,2105.29
2025-08-28,Best Serum for Dry Skin,Hydrating Serum,buy hydrating face serum online,Exact match,Tier 1 - High Intent,True,True,6638,221,391.76,25.2,1652.26
2025-08-28,Best Serum for Dry Skin,Natural Serum,natural skincare routine,Phrase match,Tier 2 - Mid Intent,True,False,3394,122,206.09,12.7,886.19
2025-08-28,Best Serum for Dry Skin,Broad Skincare,skincare,Broad match,Untiered - Broad,False,False,2568,102,165.04,9.7,651.24
2025-08-28,Brand Defense,Brand Core,pureglow skincare,Exact match,Tier 3 - Brand Defense,False,True,2918,105,188.08,10.2,754.7
2025-08-28,Brand Defense,Brand Bundle,pureglow spf bundle,Exact match,Tier 3 - Brand Defense,False,True,1488,56,92.06,6.1,381.61
2025-08-28,Brand Defense,Brand Product,pureglow vitamin c serum,Exact match,Tier 3 - Brand Defense,False,True,2813,86,140.96,9.1,688.35
2025-08-28,SPF Moisturizer Bundle,Daily SPF,buy spf moisturizer online,Exact match,Tier 1 - High Intent,True,True,4373,175,252.4,18.7,1159.78
2025-08-28,SPF Moisturizer Bundle,Broad Moisturizer,moisturizer,Broad match,Untiered - Broad,False,False,2555,82,137.27,8.2,583.0
2025-08-28,SPF Moisturizer Bundle,SPF Bundle,spf moisturizer bundle,Exact match,Tier 1 - High Intent,True,True,6582,208,351.52,22.3,1662.38
2025-08-28,SPF Moisturizer Bundle,Vegan SPF,vegan spf moisturizer,Phrase match,Tier 2 - Mid Intent,True,True,2914,88,169.21,10.6,696.39
2025-08-28,Skincare Routine Quiz,Routine Quiz,best skincare routine for dry skin,Phrase match,Tier 2 - Mid Intent,True,True,3967,140,232.27,17.3,1051.11
2025-08-28,Skincare Routine Quiz,Plant Based,plant based moisturizer,Phrase match,Tier 2 - Mid Intent,True,True,3669,116,220.05,13.9,917.32
2025-08-29,Best Serum for Dry Skin,Vitamin C Serum,best vitamin c serum for dry skin,Exact match,Tier 1 - High Intent,True,True,8599,310,547.33,30.9,1954.18
2025-08-29,Best Serum for Dry Skin,Hydrating Serum,buy hydrating face serum online,Exact match,Tier 1 - High Intent,True,True,6605,262,395.26,26.7,1894.74
2025-08-29,Best Serum for Dry Skin,Natural Serum,natural skincare routine,Phrase match,Tier 2 - Mid Intent,True,False,3426,122,191.61,11.7,762.22
2025-08-29,Best Serum for Dry Skin,Broad Skincare,skincare,Broad match,Untiered - Broad,False,False,2916,90,161.51,9.1,710.69
2025-08-29,Brand Defense,Brand Core,pureglow skincare,Exact match,Tier 3 - Brand Defense,False,True,2888,113,180.89,11.5,740.9
2025-08-29,Brand Defense,Brand Bundle,pureglow spf bundle,Exact match,Tier 3 - Brand Defense,False,True,1570,52,85.78,5.3,412.95
2025-08-29,Brand Defense,Brand Product,pureglow vitamin c serum,Exact match,Tier 3 - Brand Defense,False,True,2444,92,154.83,9.1,644.46
2025-08-29,SPF Moisturizer Bundle,Daily SPF,buy spf moisturizer online,Exact match,Tier 1 - High Intent,True,True,4892,169,306.51,15.8,1284.92
2025-08-29,SPF Moisturizer Bundle,Broad Moisturizer,moisturizer,Broad match,Untiered - Broad,False,False,2583,85,150.08,8.4,663.71
2025-08-29,SPF Moisturizer Bundle,SPF Bundle,spf moisturizer bundle,Exact match,Tier 1 - High Intent,True,True,6449,226,419.12,23.5,1705.24
2025-08-29,SPF Moisturizer Bundle,Vegan SPF,vegan spf moisturizer,Phrase match,Tier 2 - Mid Intent,True,True,2614,93,155.29,8.8,625.09
2025-08-29,Skincare Routine Quiz,Routine Quiz,best skincare routine for dry skin,Phrase match,Tier 2 - Mid Intent,True,True,4066,139,249.49,16.6,1117.6
2025-08-29,Skincare Routine Quiz,Plant Based,plant based moisturizer,Phrase match,Tier 2 - Mid Intent,True,True,3436,131,202.26,12.2,949.1
2025-08-30,Best Serum for Dry Skin,Vitamin C Serum,best vitamin c serum for dry skin,Exact match,Tier 1 - High Intent,True,True,8394,301,534.53,32.7,1986.06
2025-08-30,Best Serum for Dry Skin,Hydrating Serum,buy hydrating face serum online,Exact match,Tier 1 - High Intent,True,True,7171,216,425.94,23.5,1697.37
2025-08-30,Best Serum for Dry Skin,Natural Serum,natural skincare routine,Phrase match,Tier 2 - Mid Intent,True,False,3341,104,187.19,13.8,859.0
2025-08-30,Best Serum for Dry Skin,Broad Skincare,skincare,Broad match,Untiered - Broad,False,False,2876,85,159.01,10.4,698.16
2025-08-30,Brand Defense,Brand Core,pureglow skincare,Exact match,Tier 3 - Brand Defense,False,True,3419,98,192.11,11.2,775.64
2025-08-30,Brand Defense,Brand Bundle,pureglow spf bundle,Exact match,Tier 3 - Brand Defense,False,True,1686,51,86.53,6.3,400.73
2025-08-30,Brand Defense,Brand Product,pureglow vitamin c serum,Exact match,Tier 3 - Brand Defense,False,True,2629,79,150.05,9.4,698.52
2025-08-30,SPF Moisturizer Bundle,Daily SPF,buy spf moisturizer online,Exact match,Tier 1 - High Intent,True,True,4596,168,264.14,17.2,1310.87
2025-08-30,SPF Moisturizer Bundle,Broad Moisturizer,moisturizer,Broad match,Untiered - Broad,False,False,2732,77,134.56,9.9,652.49
2025-08-30,SPF Moisturizer Bundle,SPF Bundle,spf moisturizer bundle,Exact match,Tier 1 - High Intent,True,True,6127,214,357.7,25.0,1624.95
2025-08-30,SPF Moisturizer Bundle,Vegan SPF,vegan spf moisturizer,Phrase match,Tier 2 - Mid Intent,True,True,3053,86,159.03,10.2,666.6
2025-08-30,Skincare Routine Quiz,Routine Quiz,best skincare routine for dry skin,Phrase match,Tier 2 - Mid Intent,True,True,4240,140,239.92,15.6,1086.43
2025-08-30,Skincare Routine Quiz,Plant Based,plant based moisturizer,Phrase match,Tier 2 - Mid Intent,True,True,3940,109,223.66,12.9,908.06
2025-08-31,Best Serum for Dry Skin,Vitamin C Serum,best vitamin c serum for dry skin,Exact match,Tier 1 - High Intent,True,True,8457,267,477.48,30.7,2082.97
2025-08-31,Best Serum for Dry Skin,Hydrating Serum,buy hydrating face serum online,Exact match,Tier 1 - High Intent,True,True,7337,236,387.95,24.3,1563.48
2025-08-31,Best Serum for Dry Skin,Natural Serum,natural skincare routine,Phrase match,Tier 2 - Mid Intent,True,False,3540,110,174.76,13.1,807.94
2025-08-31,Best Serum for Dry Skin,Broad Skincare,skincare,Broad match,Untiered - Broad,False,False,2741,95,145.35,10.3,677.22
2025-08-31,Brand Defense,Brand Core,pureglow skincare,Exact match,Tier 3 - Brand Defense,False,True,2771,104,160.11,10.5,651.16
2025-08-31,Brand Defense,Brand Bundle,pureglow spf bundle,Exact match,Tier 3 - Brand Defense,False,True,1411,48,80.55,6.0,330.25
2025-08-31,Brand Defense,Brand Product,pureglow vitamin c serum,Exact match,Tier 3 - Brand Defense,False,True,2636,82,129.57,9.9,643.81
2025-08-31,SPF Moisturizer Bundle,Daily SPF,buy spf moisturizer online,Exact match,Tier 1 - High Intent,True,True,5012,143,246.83,17.6,1048.0
2025-08-31,SPF Moisturizer Bundle,Broad Moisturizer,moisturizer,Broad match,Untiered - Broad,False,False,2526,81,127.43,9.5,537.71
2025-08-31,SPF Moisturizer Bundle,SPF Bundle,spf moisturizer bundle,Exact match,Tier 1 - High Intent,True,True,6250,218,368.27,21.1,1418.42
2025-08-31,SPF Moisturizer Bundle,Vegan SPF,vegan spf moisturizer,Phrase match,Tier 2 - Mid Intent,True,True,2825,89,158.24,10.4,634.94
2025-08-31,Skincare Routine Quiz,Routine Quiz,best skincare routine for dry skin,Phrase match,Tier 2 - Mid Intent,True,True,4225,135,244.27,15.2,986.95
2025-08-31,Skincare Routine Quiz,Plant Based,plant based moisturizer,Phrase match,Tier 2 - Mid Intent,True,True,3641,121,183.44,12.9,844.12
2025-09-01,Best Serum for Dry Skin,Vitamin C Serum,best vitamin c serum for dry skin,Exact match,Tier 1 - High Intent,True,True,8134,261,458.66,29.1,1750.86
2025-09-01,Best Serum for Dry Skin,Hydrating Serum,buy hydrating face serum online,Exact match,Tier 1 - High Intent,True,True,6621,244,371.47,21.5,1623.74
2025-09-01,Best Serum for Dry Skin,Natural Serum,natural skincare routine,Phrase match,Tier 2 - Mid Intent,True,False,3172,110,184.3,10.5,780.48
2025-09-01,Best Serum for Dry Skin,Broad Skincare,skincare,Broad match,Untiered - Broad,False,False,2509,95,139.84,8.4,568.55
2025-09-01,Brand Defense,Brand Core,pureglow skincare,Exact match,Tier 3 - Brand Defense,False,True,2864,93,168.68,9.8,668.86
2025-09-01,Brand Defense,Brand Bundle,pureglow spf bundle,Exact match,Tier 3 - Brand Defense,False,True,1585,50,82.2,4.7,366.45
2025-09-01,Brand Defense,Brand Product,pureglow vitamin c serum,Exact match,Tier 3 - Brand Defense,False,True,2311,77,144.79,7.4,606.57
2025-09-01,SPF Moisturizer Bundle,Daily SPF,buy spf moisturizer online,Exact match,Tier 1 - High Intent,True,True,4720,163,261.62,15.4,1109.27
2025-09-01,SPF Moisturizer Bundle,Broad Moisturizer,moisturizer,Broad match,Untiered - Broad,False,False,2261,86,132.23,8.7,553.42
2025-09-01,SPF Moisturizer Bundle,SPF Bundle,spf moisturizer bundle,Exact match,Tier 1 - High Intent,True,True,6221,223,355.98,22.7,1474.1
2025-09-01,SPF Moisturizer Bundle,Vegan SPF,vegan spf moisturizer,Phrase match,Tier 2 - Mid Intent,True,True,2379,89,155.93,9.2,582.72
2025-09-01,Skincare Routine Quiz,Routine Quiz,best skincare routine for dry skin,Phrase match,Tier 2 - Mid Intent,True,True,4395,147,226.33,14.4,1039.09
2025-09-01,Skincare Routine Quiz,Plant Based,plant based moisturizer,Phrase match,Tier 2 - Mid Intent,True,True,3373,123,183.23,12.4,814.97
2025-09-02,Best Serum for Dry Skin,Vitamin C Serum,best vitamin c serum for dry skin,Exact match,Tier 1 - High Intent,True,True,9845,276,480.98,28.8,2108.77
2025-09-02,Best Serum for Dry Skin,Hydrating Serum,buy hydrating face serum online,Exact match,Tier 1 - High Intent,True,True,7191,254,409.3,25.1,1618.3
2025-09-02,Best Serum for Dry Skin,Natural Serum,natural skincare routine,Phrase match,Tier 2 - Mid Intent,True,False,3682,114,177.37,12.2,732.24
2025-09-02,Best Serum for Dry Skin,Broad Skincare,skincare,Broad match,Untiered - Broad,False,False,3186,92,162.95,10.8,712.93
2025-09-02,Brand Defense,Brand Core,pureglow skincare,Exact match,Tier 3 - Brand Defense,False,True,3007,106,178.41,9.8,756.58
2025-09-02,Brand Defense,Brand Bundle,pureglow spf bundle,Exact match,Tier 3 - Brand Defense,False,True,1557,54,85.37,5.6,378.35
2025-09-02,Brand Defense,Brand Product,pureglow vitamin c serum,Exact match,Tier 3 - Brand Defense,False,True,2437,94,143.53,9.2,611.61
2025-09-02,SPF Moisturizer Bundle,Daily SPF,buy spf moisturizer online,Exact match,Tier 1 - High Intent,True,True,4769,165,254.14,16.5,1056.59
2025-09-02,SPF Moisturizer Bundle,Broad Moisturizer,moisturizer,Broad match,Untiered - Broad,False,False,2590,88,138.9,8.1,548.0
2025-09-02,SPF Moisturizer Bundle,SPF Bundle,spf moisturizer bundle,Exact match,Tier 1 - High Intent,True,True,6258,239,359.9,23.4,1511.06
2025-09-02,SPF Moisturizer Bundle,Vegan SPF,vegan spf moisturizer,Phrase match,Tier 2 - Mid Intent,True,True,2844,103,148.67,9.2,679.23
2025-09-02,Skincare Routine Quiz,Routine Quiz,best skincare routine for dry skin,Phrase match,Tier 2 - Mid Intent,True,True,4422,149,232.11,17.0,1046.68
2025-09-02,Skincare Routine Quiz,Plant Based,plant based moisturizer,Phrase match,Tier 2 - Mid Intent,True,True,3939,126,205.47,13.6,943.07
2025-09-03,Best Serum for Dry Skin,Vitamin C Serum,best vitamin c serum for dry skin,Exact match,Tier 1 - High Intent,True,True,9272,275,503.49,28.8,1926.45
2025-09-03,Best Serum for Dry Skin,Hydrating Serum,buy hydrating face serum online,Exact match,Tier 1 - High Intent,True,True,7344,255,409.69,25.0,1852.69
2025-09-03,Best Serum for Dry Skin,Natural Serum,natural skincare routine,Phrase match,Tier 2 - Mid Intent,True,False,3712,113,193.17,13.2,842.47
2025-09-03,Best Serum for Dry Skin,Broad Skincare,skincare,Broad match,Untiered - Broad,False,False,2887,93,164.63,10.3,726.22
2025-09-03,Brand Defense,Brand Core,pureglow skincare,Exact match,Tier 3 - Brand Defense,False,True,3487,101,168.23,11.7,792.1
2025-09-03,Brand Defense,Brand Bundle,pureglow spf bundle,Exact match,Tier 3 - Brand Defense,False,True,1615,53,90.95,5.6,348.18
2025-09-03,Brand Defense,Brand Product,pureglow vitamin c serum,Exact match,Tier 3 - Brand Defense,False,True,2961,87,148.89,9.7,613.26
2025-09-03,SPF Moisturizer Bundle,Daily SPF,buy spf moisturizer online,Exact match,Tier 1 - High Intent,True,True,5560,170,273.41,16.3,1051.99
2025-09-03,SPF Moisturizer Bundle,Broad Moisturizer,moisturizer,Broad match,Untiered - Broad,False,False,2676,87,129.24,9.5,647.72
2025-09-03,SPF Moisturizer Bundle,SPF Bundle,spf moisturizer bundle,Exact match,Tier 1 - High Intent,True,True,7284,223,391.67,22.6,1634.62
2025-09-03,SPF Moisturizer Bundle,Vegan SPF,vegan spf moisturizer,Phrase match,Tier 2 - Mid Intent,True,True,3132,99,167.35,9.0,649.74
2025-09-03,Skincare Routine Quiz,Routine Quiz,best skincare routine for dry skin,Phrase match,Tier 2 - Mid Intent,True,True,4653,144,249.47,16.1,947.86
2025-09-03,Skincare Routine Quiz,Plant Based,plant based moisturizer,Phrase match,Tier 2 - Mid Intent,True,True,3745,122,190.34,12.0,932.72
2025-09-04,Best Serum for Dry Skin,Vitamin C Serum,best vitamin c serum for dry skin,Exact match,Tier 1 - High Intent,True,True,9343,273,518.09,30.2,2032.76
2025-09-04,Best Serum for Dry Skin,Hydrating Serum,buy hydrating face serum online,Exact match,Tier 1 - High Intent,True,True,7093,227,409.11,25.7,1711.54
2025-09-04,Best Serum for Dry Skin,Natural Serum,natural skincare routine,Phrase match,Tier 2 - Mid Intent,True,False,3043,113,195.76,11.2,872.08
2025-09-04,Best Serum for Dry Skin,Broad Skincare,skincare,Broad match,Untiered - Broad,False,False,2701,95,165.23,10.1,606.19
2025-09-04,Brand Defense,Brand Core,pureglow skincare,Exact match,Tier 3 - Brand Defense,False,True,2899,98,185.85,10.4,794.05
2025-09-04,Brand Defense,Brand Bundle,pureglow spf bundle,Exact match,Tier 3 - Brand Defense,False,True,1430,51,92.28,5.6,402.29
2025-09-04,Brand Defense,Brand Product,pureglow vitamin c serum,Exact match,Tier 3 - Brand Defense,False,True,2398,89,135.44,9.9,553.5
2025-09-04,SPF Moisturizer Bundle,Daily SPF,buy spf moisturizer online,Exact match,Tier 1 - High Intent,True,True,4735,163,276.57,17.2,1185.28
2025-09-04,SPF Moisturizer Bundle,Broad Moisturizer,moisturizer,Broad match,Untiered - Broad,False,False,2568,89,147.26,9.2,633.75
2025-09-04,SPF Moisturizer Bundle,SPF Bundle,spf moisturizer bundle,Exact match,Tier 1 - High Intent,True,True,6377,222,359.6,23.3,1416.75
2025-09-04,SPF Moisturizer Bundle,Vegan SPF,vegan spf moisturizer,Phrase match,Tier 2 - Mid Intent,True,True,2669,90,167.09,10.3,652.64
2025-09-04,Skincare Routine Quiz,Routine Quiz,best skincare routine for dry skin,Phrase match,Tier 2 - Mid Intent,True,True,4612,136,250.74,15.1,958.58
2025-09-04,Skincare Routine Quiz,Plant Based,plant based moisturizer,Phrase match,Tier 2 - Mid Intent,True,True,3566,132,196.17,11.8,920.92
2025-09-05,Best Serum for Dry Skin,Vitamin C Serum,best vitamin c serum for dry skin,Exact match,Tier 1 - High Intent,True,True,8998,285,510.44,32.4,2425.98
2025-09-05,Best Serum for Dry Skin,Hydrating Serum,buy hydrating face serum online,Exact match,Tier 1 - High Intent,True,True,7299,254,456.24,29.3,1845.53
2025-09-05,Best Serum for Dry Skin,Natural Serum,natural skincare routine,Phrase match,Tier 2 - Mid Intent,True,False,3848,129,215.78,13.0,802.02
2025-09-05,Best Serum for Dry Skin,Broad Skincare,skincare,Broad match,Untiered - Broad,False,False,2982,106,171.46,11.7,747.93
2025-09-05,Brand Defense,Brand Core,pureglow skincare,Exact match,Tier 3 - Brand Defense,False,True,3298,116,176.6,12.2,819.33
2025-09-05,Brand Defense,Brand Bundle,pureglow spf bundle,Exact match,Tier 3 - Brand Defense,False,True,1658,52,94.24,5.3,378.48
2025-09-05,Brand Defense,Brand Product,pureglow vitamin c serum,Exact match,Tier 3 - Brand Defense,False,True,2783,95,157.19,9.9,729.67
2025-09-05,SPF Moisturizer Bundle,Daily SPF,buy spf moisturizer online,Exact match,Tier 1 - High Intent,True,True,5426,169,283.46,19.6,1218.68
2025-09-05,SPF Moisturizer Bundle,Broad Moisturizer,moisturizer,Broad match,Untiered - Broad,False,False,2553,86,152.74,9.3,636.15
2025-09-05,SPF Moisturizer Bundle,SPF Bundle,spf moisturizer bundle,Exact match,Tier 1 - High Intent,True,True,7264,246,375.16,27.0,1573.49
2025-09-05,SPF Moisturizer Bundle,Vegan SPF,vegan spf moisturizer,Phrase match,Tier 2 - Mid Intent,True,True,2744,95,165.91,11.5,783.87
2025-09-05,Skincare Routine Quiz,Routine Quiz,best skincare routine for dry skin,Phrase match,Tier 2 - Mid Intent,True,True,4912,153,277.13,18.3,1146.45
2025-09-05,Skincare Routine Quiz,Plant Based,plant based moisturizer,Phrase match,Tier 2 - Mid Intent,True,True,3936,118,219.39,13.0,907.01
2025-09-06,Best Serum for Dry Skin,Vitamin C Serum,best vitamin c serum for dry skin,Exact match,Tier 1 - High Intent,True,True,10055,293,487.44,27.5,2241.72
2025-09-06,Best Serum for Dry Skin,Hydrating Serum,buy hydrating face serum online,Exact match,Tier 1 - High Intent,True,True,8601,257,426.12,23.9,1737.82
2025-09-06,Best Serum for Dry Skin,Natural Serum,natural skincare routine,Phrase match,Tier 2 - Mid Intent,True,False,3794,115,211.05,12.1,765.52
2025-09-06,Best Serum for Dry Skin,Broad Skincare,skincare,Broad match,Untiered - Broad,False,False,2783,92,172.92,9.1,719.51
2025-09-06,Brand Defense,Brand Core,pureglow skincare,Exact match,Tier 3 - Brand Defense,False,True,3200,119,185.54,10.0,780.11
2025-09-06,Brand Defense,Brand Bundle,pureglow spf bundle,Exact match,Tier 3 - Brand Defense,False,True,1654,55,93.38,5.6,403.06
2025-09-06,Brand Defense,Brand Product,pureglow vitamin c serum,Exact match,Tier 3 - Brand Defense,False,True,2636,92,139.44,8.1,670.21
2025-09-06,SPF Moisturizer Bundle,Daily SPF,buy spf moisturizer online,Exact match,Tier 1 - High Intent,True,True,4893,161,268.53,18.5,1277.77
2025-09-06,SPF Moisturizer Bundle,Broad Moisturizer,moisturizer,Broad match,Untiered - Broad,False,False,2581,88,141.82,8.4,550.61
2025-09-06,SPF Moisturizer Bundle,SPF Bundle,spf moisturizer bundle,Exact match,Tier 1 - High Intent,True,True,7769,242,371.86,22.6,1729.32
2025-09-06,SPF Moisturizer Bundle,Vegan SPF,vegan spf moisturizer,Phrase match,Tier 2 - Mid Intent,True,True,3151,94,172.81,10.1,664.84
2025-09-06,Skincare Routine Quiz,Routine Quiz,best skincare routine for dry skin,Phrase match,Tier 2 - Mid Intent,True,True,5128,160,260.49,14.6,1085.12
2025-09-06,Skincare Routine Quiz,Plant Based,plant based moisturizer,Phrase match,Tier 2 - Mid Intent,True,True,4034,124,205.3,13.7,902.93
2025-09-07,Best Serum for Dry Skin,Vitamin C Serum,best vitamin c serum for dry skin,Exact match,Tier 1 - High Intent,True,True,9397,295,487.13,29.0,2187.16
2025-09-07,Best Serum for Dry Skin,Hydrating Serum,buy hydrating face serum online,Exact match,Tier 1 - High Intent,True,True,8071,265,442.0,23.9,1652.68
2025-09-07,Best Serum for Dry Skin,Natural Serum,natural skincare routine,Phrase match,Tier 2 - Mid Intent,True,False,3343,123,208.31,12.1,780.57
2025-09-07,Best Serum for Dry Skin,Broad Skincare,skincare,Broad match,Untiered - Broad,False,False,2846,90,159.41,9.8,691.05
2025-09-07,Brand Defense,Brand Core,pureglow skincare,Exact match,Tier 3 - Brand Defense,False,True,3152,104,177.44,12.7,817.28
2025-09-07,Brand Defense,Brand Bundle,pureglow spf bundle,Exact match,Tier 3 - Brand Defense,False,True,1486,57,91.44,5.7,380.67
2025-09-07,Brand Defense,Brand Product,pureglow vitamin c serum,Exact match,Tier 3 - Brand Defense,False,True,2489,95,151.89,9.6,660.69
2025-09-07,SPF Moisturizer Bundle,Daily SPF,buy spf moisturizer online,Exact match,Tier 1 - High Intent,True,True,4806,181,269.98,16.3,1210.82
2025-09-07,SPF Moisturizer Bundle,Broad Moisturizer,moisturizer,Broad match,Untiered - Broad,False,False,2384,80,135.79,9.5,614.86
2025-09-07,SPF Moisturizer Bundle,SPF Bundle,spf moisturizer bundle,Exact match,Tier 1 - High Intent,True,True,7025,241,419.02,26.1,1541.04
2025-09-07,SPF Moisturizer Bundle,Vegan SPF,vegan spf moisturizer,Phrase match,Tier 2 - Mid Intent,True,True,3005,92,158.37,10.7,754.7
2025-09-07,Skincare Routine Quiz,Routine Quiz,best skincare routine for dry skin,Phrase match,Tier 2 - Mid Intent,True,True,4935,156,245.27,17.7,1064.97
2025-09-07,Skincare Routine Quiz,Plant Based,plant based moisturizer,Phrase match,Tier 2 - Mid Intent,True,True,3828,120,218.52,14.2,879.36
2025-09-08,Best Serum for Dry Skin,Vitamin C Serum,best vitamin c serum for dry skin,Exact match,Tier 1 - High Intent,True,True,7703,294,471.45,30.5,2077.9
2025-09-08,Best Serum for Dry Skin,Hydrating Serum,buy hydrating face serum online,Exact match,Tier 1 - High Intent,True,True,7258,250,371.63,28.7,1687.65
2025-09-08,Best Serum for Dry Skin,Natural Serum,natural skincare routine,Phrase match,Tier 2 - Mid Intent,True,False,3201,112,192.65,13.0,922.23
2025-09-08,Best Serum for Dry Skin,Broad Skincare,skincare,Broad match,Untiered - Broad,False,False,2439,96,162.31,10.5,653.07
2025-09-08,Brand Defense,Brand Core,pureglow skincare,Exact match,Tier 3 - Brand Defense,False,True,3254,107,185.22,12.2,701.03
2025-09-08,Brand Defense,Brand Bundle,pureglow spf bundle,Exact match,Tier 3 - Brand Defense,False,True,1500,52,90.99,5.2,403.43
2025-09-08,Brand Defense,Brand Product,pureglow vitamin c serum,Exact match,Tier 3 - Brand Defense,False,True,2594,84,135.06,10.4,609.52
2025-09-08,SPF Moisturizer Bundle,Daily SPF,buy spf moisturizer online,Exact match,Tier 1 - High Intent,True,True,4798,162,273.91,20.0,1106.61
2025-09-08,SPF Moisturizer Bundle,Broad Moisturizer,moisturizer,Broad match,Untiered - Broad,False,False,2372,85,146.03,9.9,626.12
2025-09-08,SPF Moisturizer Bundle,SPF Bundle,spf moisturizer bundle,Exact match,Tier 1 - High Intent,True,True,6493,219,362.37,23.6,1742.09
2025-09-08,SPF Moisturizer Bundle,Vegan SPF,vegan spf moisturizer,Phrase match,Tier 2 - Mid Intent,True,True,2777,94,153.23,9.3,687.27
2025-09-08,Skincare Routine Quiz,Routine Quiz,best skincare routine for dry skin,Phrase match,Tier 2 - Mid Intent,True,True,4015,148,240.07,15.8,992.79
2025-09-08,Skincare Routine Quiz,Plant Based,plant based moisturizer,Phrase match,Tier 2 - Mid Intent,True,True,3817,125,195.45,12.0,939.67
2025-09-09,Best Serum for Dry Skin,Vitamin C Serum,best vitamin c serum for dry skin,Exact match,Tier 1 - High Intent,True,True,8278,283,489.78,29.0,1835.68
2025-09-09,Best Serum for Dry Skin,Hydrating Serum,buy hydrating face serum online,Exact match,Tier 1 - High Intent,True,True,7253,225,356.0,22.8,1585.42
2025-09-09,Best Serum for Dry Skin,Natural Serum,natural skincare routine,Phrase match,Tier 2 - Mid Intent,True,False,3471,102,174.54,11.5,744.49
2025-09-09,Best Serum for Dry Skin,Broad Skincare,skincare,Broad match,Untiered - Broad,False,False,2735,87,135.7,10.0,606.17
2025-09-09,Brand Defense,Brand Core,pureglow skincare,Exact match,Tier 3 - Brand Defense,False,True,3010,91,166.4,10.3,698.25
2025-09-09,Brand Defense,Brand Bundle,pureglow spf bundle,Exact match,Tier 3 - Brand Defense,False,True,1300,47,83.83,5.9,398.78
2025-09-09,Brand Defense,Brand Product,pureglow vitamin c serum,Exact match,Tier 3 - Brand Defense,False,True,2584,80,133.37,7.9,649.39
2025-09-09,SPF Moisturizer Bundle,Daily SPF,buy spf moisturizer online,Exact match,Tier 1 - High Intent,True,True,4223,159,267.98,16.1,1072.36
2025-09-09,SPF Moisturizer Bundle,Broad Moisturizer,moisturizer,Broad match,Untiered - Broad,False,False,2237,74,130.6,8.5,568.56
2025-09-09,SPF Moisturizer Bundle,SPF Bundle,spf moisturizer bundle,Exact match,Tier 1 - High Intent,True,True,6314,195,327.71,25.3,1573.7
2025-09-09,SPF Moisturizer Bundle,Vegan SPF,vegan spf moisturizer,Phrase match,Tier 2 - Mid Intent,True,True,2596,86,150.24,8.7,669.35
2025-09-09,Skincare Routine Quiz,Routine Quiz,best skincare routine for dry skin,Phrase match,Tier 2 - Mid Intent,True,True,4099,125,238.36,15.5,1006.86
2025-09-09,Skincare Routine Quiz,Plant Based,plant based moisturizer,Phrase match,Tier 2 - Mid Intent,True,True,3660,118,176.37,12.5,768.58
2025-09-10,Best Serum for Dry Skin,Vitamin C Serum,best vitamin c serum for dry skin,Exact match,Tier 1 - High Intent,True,True,9174,267,443.22,26.8,1840.31
2025-09-10,Best Serum for Dry Skin,Hydrating Serum,buy hydrating face serum online,Exact match,Tier 1 - High Intent,True,True,6557,228,344.65,21.2,1652.44
2025-09-10,Best Serum for Dry Skin,Natural Serum,natural skincare routine,Phrase match,Tier 2 - Mid Intent,True,False,3125,107,167.9,12.5,727.99
2025-09-10,Best Serum for Dry Skin,Broad Skincare,skincare,Broad match,Untiered - Broad,False,False,2797,87,142.44,9.4,694.25
2025-09-10,Brand Defense,Brand Core,pureglow skincare,Exact match,Tier 3 - Brand Defense,False,True,3074,94,148.95,10.9,701.04
2025-09-10,Brand Defense,Brand Bundle,pureglow spf bundle,Exact match,Tier 3 - Brand Defense,False,True,1614,46,80.0,5.5,345.18
2025-09-10,Brand Defense,Brand Product,pureglow vitamin c serum,Exact match,Tier 3 - Brand Defense,False,True,2534,78,131.53,8.3,574.0
2025-09-10,SPF Moisturizer Bundle,Daily SPF,buy spf moisturizer online,Exact match,Tier 1 - High Intent,True,True,4982,146,270.01,16.6,1181.67
2025-09-10,SPF Moisturizer Bundle,Broad Moisturizer,moisturizer,Broad match,Untiered - Broad,False,False,2501,78,119.46,7.4,532.01
2025-09-10,SPF Moisturizer Bundle,SPF Bundle,spf moisturizer bundle,Exact match,Tier 1 - High Intent,True,True,6575,212,348.05,19.5,1663.95
2025-09-10,SPF Moisturizer Bundle,Vegan SPF,vegan spf moisturizer,Phrase match,Tier 2 - Mid Intent,True,True,2515,86,150.26,8.8,648.71
2025-09-10,Skincare Routine Quiz,Routine Quiz,best skincare routine for dry skin,Phrase match,Tier 2 - Mid Intent,True,True,4576,139,232.94,12.9,997.76
2025-09-10,Skincare Routine Quiz,Plant Based,plant based moisturizer,Phrase match,Tier 2 - Mid Intent,True,True,3447,109,175.51,10.8,821.72
2025-09-11,Best Serum for Dry Skin,Vitamin C Serum,best vitamin c serum for dry skin,Exact match,Tier 1 - High Intent,True,True,7867,259,472.78,27.7,2011.87
2025-09-11,Best Serum for Dry Skin,Hydrating Serum,buy hydrating face serum online,Exact match,Tier 1 - High Intent,True,True,6495,202,375.36,24.0,1598.26
2025-09-11,Best Serum for Dry Skin,Natural Serum,natural skincare routine,Phrase match,Tier 2 - Mid Intent,True,False,2673,103,166.72,10.5,865.1
2025-09-11,Best Serum for Dry Skin,Broad Skincare,skincare,Broad match,Untiered - Broad,False,False,2239,87,150.07,8.4,699.01
2025-09-11,Brand Defense,Brand Core,pureglow skincare,Exact match,Tier 3 - Brand Defense,False,True,2683,88,170.99,11.2,673.85
2025-09-11,Brand Defense,Brand Bundle,pureglow spf bundle,Exact match,Tier 3 - Brand Defense,False,True,1374,44,77.28,4.6,380.19
2025-09-11,Brand Defense,Brand Product,pureglow vitamin c serum,Exact match,Tier 3 - Brand Defense,False,True,2295,74,126.3,8.5,596.0
2025-09-11,SPF Moisturizer Bundle,Daily SPF,buy spf moisturizer online,Exact match,Tier 1 - High Intent,True,True,4362,148,257.11,18.2,1134.76
2025-09-11,SPF Moisturizer Bundle,Broad Moisturizer,moisturizer,Broad match,Untiered - Broad,False,False,2285,76,136.96,8.6,532.17
2025-09-11,SPF Moisturizer Bundle,SPF Bundle,spf moisturizer bundle,Exact match,Tier 1 - High Intent,True,True,5451,215,322.36,20.0,1685.75
2025-09-11,SPF Moisturizer Bundle,Vegan SPF,vegan spf moisturizer,Phrase match,Tier 2 - Mid Intent,True,True,2470,85,148.84,10.1,606.45
2025-09-11,Skincare Routine Quiz,Routine Quiz,best skincare routine for dry skin,Phrase match,Tier 2 - Mid Intent,True,True,3905,121,209.8,13.8,1040.65
2025-09-11,Skincare Routine Quiz,Plant Based,plant based moisturizer,Phrase match,Tier 2 - Mid Intent,True,True,3141,115,184.08,12.9,766.94
2025-09-12,Best Serum for Dry Skin,Vitamin C Serum,best vitamin c serum for dry skin,Exact match,Tier 1 - High Intent,True,True,8244,296,500.19,30.7,1945.12
2025-09-12,Best Serum for Dry Skin,Hydrating Serum,buy hydrating face serum online,Exact match,Tier 1 - High Intent,True,True,7693,251,362.04,26.2,1814.78
2025-09-12,Best Serum for Dry Skin,Natural Serum,natural skincare routine,Phrase match,Tier 2 - Mid Intent,True,False,3679,122,176.45,10.9,841.13
2025-09-12,Best Serum for Dry Skin,Broad Skincare,skincare,Broad match,Untiered - Broad,False,False,2833,95,148.84,10.4,666.7
2025-09-12,Brand Defense,Brand Core,pureglow skincare,Exact match,Tier 3 - Brand Defense,False,True,3064,109,158.23,10.9,804.5
2025-09-12,Brand Defense,Brand Bundle,pureglow spf bundle,Exact match,Tier 3 - Brand Defense,False,True,1556,49,89.48,5.4,342.87
2025-09-12,Brand Defense,Brand Product,pureglow vitamin c serum,Exact match,Tier 3 - Brand Defense,False,True,2688,83,143.05,9.1,584.53
2025-09-12,SPF Moisturizer Bundle,Daily SPF,buy spf moisturizer online,Exact match,Tier 1 - High Intent,True,True,4798,150,257.66,18.9,1113.37
2025-09-12,SPF Moisturizer Bundle,Broad Moisturizer,moisturizer,Broad match,Untiered - Broad,False,False,2248,81,127.86,8.4,611.62
2025-09-12,SPF Moisturizer Bundle,SPF Bundle,spf moisturizer bundle,Exact match,Tier 1 - High Intent,True,True,6941,213,380.32,26.2,1436.91
2025-09-12,SPF Moisturizer Bundle,Vegan SPF,vegan spf moisturizer,Phrase match,Tier 2 - Mid Intent,True,True,2547,97,149.32,8.9,695.71
2025-09-12,Skincare Routine Quiz,Routine Quiz,best skincare routine for dry skin,Phrase match,Tier 2 - Mid Intent,True,True,4333,152,256.96,15.9,1127.91
2025-09-12,Skincare Routine Quiz,Plant Based,plant based moisturizer,Phrase match,Tier 2 - Mid Intent,True,True,3510,130,188.72,11.5,844.02
2025-09-13,Best Serum for Dry Skin,Vitamin C Serum,best vitamin c serum for dry skin,Exact match,Tier 1 - High Intent,True,True,9244,291,454.74,29.1,2351.41
2025-09-13,Best Serum for Dry Skin,Hydrating Serum,buy hydrating face serum online,Exact match,Tier 1 - High Intent,True,True,7212,224,410.39,30.1,1981.24
2025-09-13,Best Serum for Dry Skin,Natural Serum,natural skincare routine,Phrase match,Tier 2 - Mid Intent,True,False,3481,120,205.17,11.3,861.5
2025-09-13,Best Serum for Dry Skin,Broad Skincare,skincare,Broad match,Untiered - Broad,False,False,2877,97,144.58,10.0,667.8
2025-09-13,Brand Defense,Brand Core,pureglow skincare,Exact match,Tier 3 - Brand Defense,False,True,3094,105,177.26,11.5,715.45
2025-09-13,Brand Defense,Brand Bundle,pureglow spf bundle,Exact match,Tier 3 - Brand Defense,False,True,1490,51,90.05,6.4,423.41
2025-09-13,Brand Defense,Brand Product,pureglow vitamin c serum,Exact match,Tier 3 - Brand Defense,False,True,2581,83,155.0,10.4,713.02
2025-09-13,SPF Moisturizer Bundle,Daily SPF,buy spf moisturizer online,Exact match,Tier 1 - High Intent,True,True,4912,166,255.55,18.7,1246.29
2025-09-13,SPF Moisturizer Bundle,Broad Moisturizer,moisturizer,Broad match,Untiered - Broad,False,False,2481,77,128.55,9.9,582.54
2025-09-13,SPF Moisturizer Bundle,SPF Bundle,spf moisturizer bundle,Exact match,Tier 1 - High Intent,True,True,6567,229,342.9,25.8,1714.1
2025-09-13,SPF Moisturizer Bundle,Vegan SPF,vegan spf moisturizer,Phrase match,Tier 2 - Mid Intent,True,True,2700,95,158.14,10.4,724.18
2025-09-13,Skincare Routine Quiz,Routine Quiz,best skincare routine for dry skin,Phrase match,Tier 2 - Mid Intent,True,True,4586,157,243.27,17.1,1196.57
2025-09-13,Skincare Routine Quiz,Plant Based,plant based moisturizer,Phrase match,Tier 2 - Mid Intent,True,True,3684,128,200.8,12.2,840.2
2025-09-14,Best Serum for Dry Skin,Vitamin C Serum,best vitamin c serum for dry skin,Exact match,Tier 1 - High Intent,True,True,8752,329,523.27,36.4,2467.13
2025-09-14,Best Serum for Dry Skin,Hydrating Serum,buy hydrating face serum online,Exact match,Tier 1 - High Intent,True,True,7953,283,419.06,30.7,1894.7
2025-09-14,Best Serum for Dry Skin,Natural Serum,natural skincare routine,Phrase match,Tier 2 - Mid Intent,True,False,3903,118,204.86,13.6,907.51
2025-09-14,Best Serum for Dry Skin,Broad Skincare,skincare,Broad match,Untiered - Broad,False,False,3227,109,169.47,11.6,655.96
2025-09-14,Brand Defense,Brand Core,pureglow skincare,Exact match,Tier 3 - Brand Defense,False,True,3320,118,187.18,13.2,811.65
2025-09-14,Brand Defense,Brand Bundle,pureglow spf bundle,Exact match,Tier 3 - Brand Defense,False,True,1726,61,95.51,5.9,383.38
2025-09-14,Brand Defense,Brand Product,pureglow vitamin c serum,Exact match,Tier 3 - Brand Defense,False,True,3002,94,144.68,9.8,694.54
2025-09-14,SPF Moisturizer Bundle,Daily SPF,buy spf moisturizer online,Exact match,Tier 1 - High Intent,True,True,5531,173,294.24,17.7,1345.84
2025-09-14,SPF Moisturizer Bundle,Broad Moisturizer,moisturizer,Broad match,Untiered - Broad,False,False,2543,93,134.72,9.5,575.74
2025-09-14,SPF Moisturizer Bundle,SPF Bundle,spf moisturizer bundle,Exact match,Tier 1 - High Intent,True,True,6475,257,361.78,28.2,1857.01
2025-09-14,SPF Moisturizer Bundle,Vegan SPF,vegan spf moisturizer,Phrase match,Tier 2 - Mid Intent,True,True,3145,101,167.49,10.5,772.24
2025-09-14,Skincare Routine Quiz,Routine Quiz,best skincare routine for dry skin,Phrase match,Tier 2 - Mid Intent,True,True,4616,149,265.64,18.3,1080.86
2025-09-14,Skincare Routine Quiz,Plant Based,plant based moisturizer,Phrase match,Tier 2 - Mid Intent,True,True,3937,143,200.3,15.5,993.09
2025-09-15,Best Serum for Dry Skin,Vitamin C Serum,best vitamin c serum for dry skin,Exact match,Tier 1 - High Intent,True,True,8561,281,457.7,31.6,2097.69
2025-09-15,Best Serum for Dry Skin,Hydrating Serum,buy hydrating face serum online,Exact match,Tier 1 - High Intent,True,True,6283,202,367.36,25.3,1713.68
2025-09-15,Best Serum for Dry Skin,Natural Serum,natural skincare routine,Phrase match,Tier 2 - Mid Intent,True,False,3269,107,186.19,11.5,790.0
2025-09-15,Best Serum for Dry Skin,Broad Skincare,skincare,Broad match,Untiered - Broad,False,False,2273,90,143.61,9.6,650.82
2025-09-15,Brand Defense,Brand Core,pureglow skincare,Exact match,Tier 3 - Brand Defense,False,True,2969,89,166.96,10.7,706.81
2025-09-15,Brand Defense,Brand Bundle,pureglow spf bundle,Exact match,Tier 3 - Brand Defense,False,True,1502,47,75.05,5.3,397.4
2025-09-15,Brand Defense,Brand Product,pureglow vitamin c serum,Exact match,Tier 3 - Brand Defense,False,True,2508,84,124.65,9.1,619.84
2025-09-15,SPF Moisturizer Bundle,Daily SPF,buy spf moisturizer online,Exact match,Tier 1 - High Intent,True,True,4498,151,235.05,16.0,1252.68
2025-09-15,SPF Moisturizer Bundle,Broad Moisturizer,moisturizer,Broad match,Untiered - Broad,False,False,2381,79,126.27,8.7,560.18
2025-09-15,SPF Moisturizer Bundle,SPF Bundle,spf moisturizer bundle,Exact match,Tier 1 - High Intent,True,True,5725,187,342.53,23.3,1678.95
2025-09-15,SPF Moisturizer Bundle,Vegan SPF,vegan spf moisturizer,Phrase match,Tier 2 - Mid Intent,True,True,2594,81,141.46,9.4,616.1
2025-09-15,Skincare Routine Quiz,Routine Quiz,best skincare routine for dry skin,Phrase match,Tier 2 - Mid Intent,True,True,4105,124,242.11,14.7,948.06
2025-09-15,Skincare Routine Quiz,Plant Based,plant based moisturizer,Phrase match,Tier 2 - Mid Intent,True,True,3489,105,179.79,10.8,859.04
2025-09-16,Best Serum for Dry Skin,Vitamin C Serum,best vitamin c serum for dry skin,Exact match,Tier 1 - High Intent,True,True,7578,260,462.34,30.2,1954.07
2025-09-16,Best Serum for Dry Skin,Hydrating Serum,buy hydrating face serum online,Exact match,Tier 1 - High Intent,True,True,5832,230,392.77,26.0,1679.97
2025-09-16,Best Serum for Dry Skin,Natural Serum,natural skincare routine,Phrase match,Tier 2 - Mid Intent,True,False,3020,100,188.95,12.0,833.6
2025-09-16,Best Serum for Dry Skin,Broad Skincare,skincare,Broad match,Untiered - Broad,False,False,2520,88,136.3,8.3,695.1
2025-09-16,Brand Defense,Brand Core,pureglow skincare,Exact match,Tier 3 - Brand Defense,False,True,3002,100,167.03,10.0,761.36
2025-09-16,Brand Defense,Brand Bundle,pureglow spf bundle,Exact match,Tier 3 - Brand Defense,False,True,1259,51,79.27,4.8,384.36
2025-09-16,Brand Defense,Brand Product,pureglow vitamin c serum,Exact match,Tier 3 - Brand Defense,False,True,2103,76,144.6,8.4,567.25
2025-09-16,SPF Moisturizer Bundle,Daily SPF,buy spf moisturizer online,Exact match,Tier 1 - High Intent,True,True,4500,139,241.43,15.5,1042.74
2025-09-16,SPF Moisturizer Bundle,Broad Moisturizer,moisturizer,Broad match,Untiered - Broad,False,False,1995,78,138.03,8.6,516.53
2025-09-16,SPF Moisturizer Bundle,SPF Bundle,spf moisturizer bundle,Exact match,Tier 1 - High Intent,True,True,5993,206,367.69,22.9,1402.6
2025-09-16,SPF Moisturizer Bundle,Vegan SPF,vegan spf moisturizer,Phrase match,Tier 2 - Mid Intent,True,True,2251,86,141.18,9.3,662.79
2025-09-16,Skincare Routine Quiz,Routine Quiz,best skincare routine for dry skin,Phrase match,Tier 2 - Mid Intent,True,True,3627,127,230.03,15.3,1092.11
2025-09-16,Skincare Routine Quiz,Plant Based,plant based moisturizer,Phrase match,Tier 2 - Mid Intent,True,True,2974,119,203.36,12.8,819.93
2025-09-17,Best Serum for Dry Skin,Vitamin C Serum,best vitamin c serum for dry skin,Exact match,Tier 1 - High Intent,True,True,8963,278,469.84,29.3,2176.96
2025-09-17,Best Serum for Dry Skin,Hydrating Serum,buy hydrating face serum online,Exact match,Tier 1 - High Intent,True,True,7652,227,393.4,24.7,1690.28
2025-09-17,Best Serum for Dry Skin,Natural Serum,natural skincare routine,Phrase match,Tier 2 - Mid Intent,True,False,3647,113,174.47,11.2,885.2
2025-09-17,Best Serum for Dry Skin,Broad Skincare,skincare,Broad match,Untiered - Broad,False,False,2723,87,140.86,9.4,624.65
2025-09-17,Brand Defense,Brand Core,pureglow skincare,Exact match,Tier 3 - Brand Defense,False,True,3320,111,164.37,11.0,760.07
2025-09-17,Brand Defense,Brand Bundle,pureglow spf bundle,Exact match,Tier 3 - Brand Defense,False,True,1485,51,86.51,5.0,349.19
2025-09-17,Brand Defense,Brand Product,pureglow vitamin c serum,Exact match,Tier 3 - Brand Defense,False,True,2353,93,149.27,8.8,632.83
2025-09-17,SPF Moisturizer Bundle,Daily SPF,buy spf moisturizer online,Exact match,Tier 1 - High Intent,True,True,5001,153,282.01,18.4,1274.15
2025-09-17,SPF Moisturizer Bundle,Broad Moisturizer,moisturizer,Broad match,Untiered - Broad,False,False,2586,78,137.14,8.6,659.8
2025-09-17,SPF Moisturizer Bundle,SPF Bundle,spf moisturizer bundle,Exact match,Tier 1 - High Intent,True,True,6856,220,379.75,24.2,1748.01
2025-09-17,SPF Moisturizer Bundle,Vegan SPF,vegan spf moisturizer,Phrase match,Tier 2 - Mid Intent,True,True,2727,89,158.55,10.5,722.49
2025-09-17,Skincare Routine Quiz,Routine Quiz,best skincare routine for dry skin,Phrase match,Tier 2 - Mid Intent,True,True,4296,153,247.64,16.2,1179.42
2025-09-17,Skincare Routine Quiz,Plant Based,plant based moisturizer,Phrase match,Tier 2 - Mid Intent,True,True,3715,114,212.42,11.3,963.21
2025-09-18,Best Serum for Dry Skin,Vitamin C Serum,best vitamin c serum for dry skin,Exact match,Tier 1 - High Intent,True,True,8740,296,481.31,34.4,1976.78
2025-09-18,Best Serum for Dry Skin,Hydrating Serum,buy hydrating face serum online,Exact match,Tier 1 - High Intent,True,True,7002,250,407.0,25.0,1693.61
2025-09-18,Best Serum for Dry Skin,Natural Serum,natural skincare routine,Phrase match,Tier 2 - Mid Intent,True,False,3290,103,184.85,12.2,805.05
2025-09-18,Best Serum for Dry Skin,Broad Skincare,skincare,Broad match,Untiered - Broad,False,False,2528,85,145.32,8.6,677.08
2025-09-18,Brand Defense,Brand Core,pureglow skincare,Exact match,Tier 3 - Brand Defense,False,True,3019,95,162.09,11.8,789.77
2025-09-18,Brand Defense,Brand Bundle,pureglow spf bundle,Exact match,Tier 3 - Brand Defense,False,True,1453,53,83.45,5.2,392.86
2025-09-18,Brand Defense,Brand Product,pureglow vitamin c serum,Exact match,Tier 3 - Brand Defense,False,True,2591,88,129.88,9.4,672.04
2025-09-18,SPF Moisturizer Bundle,Daily SPF,buy spf moisturizer online,Exact match,Tier 1 - High Intent,True,True,5034,171,253.46,18.7,1275.55
2025-09-18,SPF Moisturizer Bundle,Broad Moisturizer,moisturizer,Broad match,Untiered - Broad,False,False,2487,74,137.5,9.6,540.33
2025-09-18,SPF Moisturizer Bundle,SPF Bundle,spf moisturizer bundle,Exact match,Tier 1 - High Intent,True,True,6040,218,341.23,24.8,1727.73
2025-09-18,SPF Moisturizer Bundle,Vegan SPF,vegan spf moisturizer,Phrase match,Tier 2 - Mid Intent,True,True,3007,95,145.93,10.8,668.63
2025-09-18,Skincare Routine Quiz,Routine Quiz,best skincare routine for dry skin,Phrase match,Tier 2 - Mid Intent,True,True,3997,146,234.49,14.3,994.89
2025-09-18,Skincare Routine Quiz,Plant Based,plant based moisturizer,Phrase match,Tier 2 - Mid Intent,True,True,3440,112,204.73,14.4,843.6
2025-09-19,Best Serum for Dry Skin,Vitamin C Serum,best vitamin c serum for dry skin,Exact match,Tier 1 - High Intent,True,True,9134,265,451.61,32.2,2156.31
2025-09-19,Best Serum for Dry Skin,Hydrating Serum,buy hydrating face serum online,Exact match,Tier 1 - High Intent,True,True,7551,237,378.33,23.2,1618.07
2025-09-19,Best Serum for Dry Skin,Natural Serum,natural skincare routine,Phrase match,Tier 2 - Mid Intent,True,False,3478,104,202.57,11.3,876.44
2025-09-19,Best Serum for Dry Skin,Broad Skincare,skincare,Broad match,Untiered - Broad,False,False,2875,83,152.46,9.3,690.65
2025-09-19,Brand Defense,Brand Core,pureglow skincare,Exact match,Tier 3 - Brand Defense,False,True,2749,105,176.48,10.8,716.37
2025-09-19,Brand Defense,Brand Bundle,pureglow spf bundle,Exact match,Tier 3 - Brand Defense,False,True,1541,54,86.93,6.2,358.26
2025-09-19,Brand Defense,Brand Product,pureglow vitamin c serum,Exact match,Tier 3 - Brand Defense,False,True,2366,87,147.17,9.0,685.48
2025-09-19,SPF Moisturizer Bundle,Daily SPF,buy spf moisturizer online,Exact match,Tier 1 - High Intent,True,True,4483,153,274.64,18.7,1213.62
2025-09-19,SPF Moisturizer Bundle,Broad Moisturizer,moisturizer,Broad match,Untiered - Broad,False,False,2148,79,129.5,7.8,585.58
2025-09-19,SPF Moisturizer Bundle,SPF Bundle,spf moisturizer bundle,Exact match,Tier 1 - High Intent,True,True,6868,235,374.05,22.1,1501.63
2025-09-19,SPF Moisturizer Bundle,Vegan SPF,vegan spf moisturizer,Phrase match,Tier 2 - Mid Intent,True,True,2453,90,156.06,9.3,647.53
2025-09-19,Skincare Routine Quiz,Routine Quiz,best skincare routine for dry skin,Phrase match,Tier 2 - Mid Intent,True,True,4388,150,225.92,17.3,1166.31
2025-09-19,Skincare Routine Quiz,Plant Based,plant based moisturizer,Phrase match,Tier 2 - Mid Intent,True,True,3421,124,196.75,13.3,887.98
2025-09-20,Best Serum for Dry Skin,Vitamin C Serum,best vitamin c serum for dry skin,Exact match,Tier 1 - High Intent,True,True,8830,287,538.14,33.7,2491.12
2025-09-20,Best Serum for Dry Skin,Hydrating Serum,buy hydrating face serum online,Exact match,Tier 1 - High Intent,True,True,6744,242,430.7,25.0,1877.54
2025-09-20,Best Serum for Dry Skin,Natural Serum,natural skincare routine,Phrase match,Tier 2 - Mid Intent,True,False,3408,123,178.89,14.6,929.42
2025-09-20,Best Serum for Dry Skin,Broad Skincare,skincare,Broad match,Untiered - Broad,False,False,2752,98,166.5,11.5,645.9
2025-09-20,Brand Defense,Brand Core,pureglow skincare,Exact match,Tier 3 - Brand Defense,False,True,3147,102,182.53,10.8,814.26
2025-09-20,Brand Defense,Brand Bundle,pureglow spf bundle,Exact match,Tier 3 - Brand Defense,False,True,1508,51,89.53,5.5,437.99
2025-09-20,Brand Defense,Brand Product,pureglow vitamin c serum,Exact match,Tier 3 - Brand Defense,False,True,2417,82,140.81,9.4,664.27
2025-09-20,SPF Moisturizer Bundle,Daily SPF,buy spf moisturizer online,Exact match,Tier 1 - High Intent,True,True,4273,154,279.32,21.4,1212.2
2025-09-20,SPF Moisturizer Bundle,Broad Moisturizer,moisturizer,Broad match,Untiered - Broad,False,False,2202,78,134.44,8.7,675.72
2025-09-20,SPF Moisturizer Bundle,SPF Bundle,spf moisturizer bundle,Exact match,Tier 1 - High Intent,True,True,6079,219,383.23,27.2,1876.75
2025-09-20,SPF Moisturizer Bundle,Vegan SPF,vegan spf moisturizer,Phrase match,Tier 2 - Mid Intent,True,True,2705,95,153.67,10.7,803.91
2025-09-20,Skincare Routine Quiz,Routine Quiz,best skincare routine for dry skin,Phrase match,Tier 2 - Mid Intent,True,True,4022,138,240.4,17.4,1061.34
2025-09-20,Skincare Routine Quiz,Plant Based,plant based moisturizer,Phrase match,Tier 2 - Mid Intent,True,True,3654,128,201.12,14.2,977.62
2025-09-21,Best Serum for Dry Skin,Vitamin C Serum,best vitamin c serum for dry skin,Exact match,Tier 1 - High Intent,True,True,8737,311,469.71,32.5,2076.89
2025-09-21,Best Serum for Dry Skin,Hydrating Serum,buy hydrating face serum online,Exact match,Tier 1 - High Intent,True,True,7571,242,416.58,26.1,1762.45
2025-09-21,Best Serum for Dry Skin,Natural Serum,natural skincare routine,Phrase match,Tier 2 - Mid Intent,True,False,3101,116,170.0,11.7,857.04
2025-09-21,Best Serum for Dry Skin,Broad Skincare,skincare,Broad match,Untiered - Broad,False,False,2586,98,157.41,11.0,647.8
2025-09-21,Brand Defense,Brand Core,pureglow skincare,Exact match,Tier 3 - Brand Defense,False,True,2895,98,172.27,12.4,734.98
2025-09-21,Brand Defense,Brand Bundle,pureglow spf bundle,Exact match,Tier 3 - Brand Defense,False,True,1596,51,83.77,6.3,378.36
2025-09-21,Brand Defense,Brand Product,pureglow vitamin c serum,Exact match,Tier 3 - Brand Defense,False,True,2392,90,134.71,9.3,716.49
2025-09-21,SPF Moisturizer Bundle,Daily SPF,buy spf moisturizer online,Exact match,Tier 1 - High Intent,True,True,4383,155,260.61,15.8,1203.87
2025-09-21,SPF Moisturizer Bundle,Broad Moisturizer,moisturizer,Broad match,Untiered - Broad,False,False,2506,89,127.06,8.0,672.54
2025-09-21,SPF Moisturizer Bundle,SPF Bundle,spf moisturizer bundle,Exact match,Tier 1 - High Intent,True,True,6433,223,384.12,23.5,1792.97
2025-09-21,SPF Moisturizer Bundle,Vegan SPF,vegan spf moisturizer,Phrase match,Tier 2 - Mid Intent,True,True,2516,93,147.3,10.3,665.23
2025-09-21,Skincare Routine Quiz,Routine Quiz,best skincare routine for dry skin,Phrase match,Tier 2 - Mid Intent,True,True,4414,150,233.62,17.6,1109.66
2025-09-21,Skincare Routine Quiz,Plant Based,plant based moisturizer,Phrase match,Tier 2 - Mid Intent,True,True,3148,121,201.14,13.0,996.17
2025-09-22,Best Serum for Dry Skin,Vitamin C Serum,best vitamin c serum for dry skin,Exact match,Tier 1 - High Intent,True,True,6986,271,437.89,30.5,2074.67
2025-09-22,Best Serum for Dry Skin,Hydrating Serum,buy hydrating face serum online,Exact match,Tier 1 - High Intent,True,True,5727,197,372.66,22.5,1531.49
2025-09-22,Best Serum for Dry Skin,Natural Serum,natural skincare routine,Phrase match,Tier 2 - Mid Intent,True,False,2648,106,162.83,11.4,714.29
2025-09-22,Best Serum for Dry Skin,Broad Skincare,skincare,Broad match,Untiered - Broad,False,False,2169,79,133.07,9.4,646.11
2025-09-22,Brand Defense,Brand Core,pureglow skincare,Exact match,Tier 3 - Brand Defense,False,True,2393,96,143.07,11.1,736.89
2025-09-22,Brand Defense,Brand Bundle,pureglow spf bundle,Exact match,Tier 3 - Brand Defense,False,True,1360,47,72.96,4.9,370.62
2025-09-22,Brand Defense,Brand Product,pureglow vitamin c serum,Exact match,Tier 3 - Brand Defense,False,True,2360,77,129.65,8.0,628.73
2025-09-22,SPF Moisturizer Bundle,Daily SPF,buy spf moisturizer online,Exact match,Tier 1 - High Intent,True,True,4195,142,256.1,17.1,1036.5
2025-09-22,SPF Moisturizer Bundle,Broad Moisturizer,moisturizer,Broad match,Untiered - Broad,False,False,1931,72,119.93,8.4,595.05
2025-09-22,SPF Moisturizer Bundle,SPF Bundle,spf moisturizer bundle,Exact match,Tier 1 - High Intent,True,True,5105,202,334.78,20.7,1620.22
2025-09-22,SPF Moisturizer Bundle,Vegan SPF,vegan spf moisturizer,Phrase match,Tier 2 - Mid Intent,True,True,2429,83,130.28,8.6,634.68
2025-09-22,Skincare Routine Quiz,Routine Quiz,best skincare routine for dry skin,Phrase match,Tier 2 - Mid Intent,True,True,3620,133,211.82,14.8,972.19
2025-09-22,Skincare Routine Quiz,Plant Based,plant based moisturizer,Phrase match,Tier 2 - Mid Intent,True,True,2816,115,176.38,12.9,741.11
2025-09-23,Best Serum for Dry Skin,Vitamin C Serum,best vitamin c serum for dry skin,Exact match,Tier 1 - High Intent,True,True,8082,265,412.33,26.3,2125.99
2025-09-23,Best Serum for Dry Skin,Hydrating Serum,buy hydrating face serum online,Exact match,Tier 1 - High Intent,True,True,6142,232,340.94,26.1,1533.02
2025-09-23,Best Serum for Dry Skin,Natural Serum,natural skincare routine,Phrase match,Tier 2 - Mid Intent,True,False,3162,111,174.08,11.1,718.26
2025-09-23,Best Serum for Dry Skin,Broad Skincare,skincare,Broad match,Untiered - Broad,False,False,2553,82,132.86,8.6,561.29
2025-09-23,Brand Defense,Brand Core,pureglow skincare,Exact match,Tier 3 - Brand Defense,False,True,2588,102,151.06,10.0,766.33
2025-09-23,Brand Defense,Brand Bundle,pureglow spf bundle,Exact match,Tier 3 - Brand Defense,False,True,1538,45,72.58,4.7,336.92
2025-09-23,Brand Defense,Brand Product,pureglow vitamin c serum,Exact match,Tier 3 - Brand Defense,False,True,2367,83,130.82,7.6,537.07
2025-09-23,SPF Moisturizer Bundle,Daily SPF,buy spf moisturizer online,Exact match,Tier 1 - High Intent,True,True,4435,148,236.53,16.0,1167.89
2025-09-23,SPF Moisturizer Bundle,Broad Moisturizer,moisturizer,Broad match,Untiered - Broad,False,False,2143,79,113.91,7.1,548.91
2025-09-23,SPF Moisturizer Bundle,SPF Bundle,spf moisturizer bundle,Exact match,Tier 1 - High Intent,True,True,5912,195,320.59,22.5,1476.45
2025-09-23,SPF Moisturizer Bundle,Vegan SPF,vegan spf moisturizer,Phrase match,Tier 2 - Mid Intent,True,True,2380,86,134.43,8.9,618.28
2025-09-23,Skincare Routine Quiz,Routine Quiz,best skincare routine for dry skin,Phrase match,Tier 2 - Mid Intent,True,True,3695,134,202.12,15.4,1034.9
2025-09-23,Skincare Routine Quiz,Plant Based,plant based moisturizer,Phrase match,Tier 2 - Mid Intent,True,True,3625,114,174.38,12.8,869.62
2025-09-24,Best Serum for Dry Skin,Vitamin C Serum,best vitamin c serum for dry skin,Exact match,Tier 1 - High Intent,True,True,8012,267,418.12,33.5,1891.21
2025-09-24,Best Serum for Dry Skin,Hydrating Serum,buy hydrating face serum online,Exact match,Tier 1 - High Intent,True,True,7442,239,358.49,27.0,1562.17
2025-09-24,Best Serum for Dry Skin,Natural Serum,natural skincare routine,Phrase match,Tier 2 - Mid Intent,True,False,3162,116,165.23,11.6,756.77
2025-09-24,Best Serum for Dry Skin,Broad Skincare,skincare,Broad match,Untiered - Broad,False,False,2432,89,132.6,8.8,624.06
2025-09-24,Brand Defense,Brand Core,pureglow skincare,Exact match,Tier 3 - Brand Defense,False,True,3041,101,148.83,11.5,783.86
2025-09-24,Brand Defense,Brand Bundle,pureglow spf bundle,Exact match,Tier 3 - Brand Defense,False,True,1582,46,75.8,5.6,396.65
2025-09-24,Brand Defense,Brand Product,pureglow vitamin c serum,Exact match,Tier 3 - Brand Defense,False,True,2681,89,143.35,8.8,585.27
2025-09-24,SPF Moisturizer Bundle,Daily SPF,buy spf moisturizer online,Exact match,Tier 1 - High Intent,True,True,5018,151,239.55,17.6,1083.21
2025-09-24,SPF Moisturizer Bundle,Broad Moisturizer,moisturizer,Broad match,Untiered - Broad,False,False,2346,72,118.57,8.0,567.35
2025-09-24,SPF Moisturizer Bundle,SPF Bundle,spf moisturizer bundle,Exact match,Tier 1 - High Intent,True,True,5865,221,337.83,24.8,1715.31
2025-09-24,SPF Moisturizer Bundle,Vegan SPF,vegan spf moisturizer,Phrase match,Tier 2 - Mid Intent,True,True,2693,88,154.12,9.0,663.89
2025-09-24,Skincare Routine Quiz,Routine Quiz,best skincare routine for dry skin,Phrase match,Tier 2 - Mid Intent,True,True,4216,141,238.78,13.4,1146.49
2025-09-24,Skincare Routine Quiz,Plant Based,plant based moisturizer,Phrase match,Tier 2 - Mid Intent,True,True,3154,111,191.96,12.3,948.48
2025-09-25,Best Serum for Dry Skin,Vitamin C Serum,best vitamin c serum for dry skin,Exact match,Tier 1 - High Intent,True,True,8143,269,432.95,32.3,1928.68
2025-09-25,Best Serum for Dry Skin,Hydrating Serum,buy hydrating face serum online,Exact match,Tier 1 - High Intent,True,True,6013,221,340.77,23.1,1582.91
2025-09-25,Best Serum for Dry Skin,Natural Serum,natural skincare routine,Phrase match,Tier 2 - Mid Intent,True,False,2994,108,162.14,10.1,861.22
2025-09-25,Best Serum for Dry Skin,Broad Skincare,skincare,Broad match,Untiered - Broad,False,False,2272,84,141.04,9.4,659.8
2025-09-25,Brand Defense,Brand Core,pureglow skincare,Exact match,Tier 3 - Brand Defense,False,True,2573,105,163.97,9.8,784.32
2025-09-25,Brand Defense,Brand Bundle,pureglow spf bundle,Exact match,Tier 3 - Brand Defense,False,True,1314,51,84.68,5.8,383.33
2025-09-25,Brand Defense,Brand Product,pureglow vitamin c serum,Exact match,Tier 3 - Brand Defense,False,True,2127,78,136.28,8.6,580.27
2025-09-25,SPF Moisturizer Bundle,Daily SPF,buy spf moisturizer online,Exact match,Tier 1 - High Intent,True,True,4043,162,255.18,14.6,1075.16
2025-09-25,SPF Moisturizer Bundle,Broad Moisturizer,moisturizer,Broad match,Untiered - Broad,False,False,2150,77,127.22,8.4,613.58
2025-09-25,SPF Moisturizer Bundle,SPF Bundle,spf moisturizer bundle,Exact match,Tier 1 - High Intent,True,True,5379,225,317.61,20.7,1455.22
2025-09-25,SPF Moisturizer Bundle,Vegan SPF,vegan spf moisturizer,Phrase match,Tier 2 - Mid Intent,True,True,2680,97,149.43,9.0,608.86
2025-09-25,Skincare Routine Quiz,Routine Quiz,best skincare routine for dry skin,Phrase match,Tier 2 - Mid Intent,True,True,3995,134,214.29,14.3,960.2
2025-09-25,Skincare Routine Quiz,Plant Based,plant based moisturizer,Phrase match,Tier 2 - Mid Intent,True,True,3304,111,183.89,11.8,891.88
2025-09-26,Best Serum for Dry Skin,Vitamin C Serum,best vitamin c serum for dry skin,Exact match,Tier 1 - High Intent,True,True,8705,308,462.12,34.7,2239.28
2025-09-26,Best Serum for Dry Skin,Hydrating Serum,buy hydrating face serum online,Exact match,Tier 1 - High Intent,True,True,7444,244,394.9,26.7,1976.45
2025-09-26,Best Serum for Dry Skin,Natural Serum,natural skincare routine,Phrase match,Tier 2 - Mid Intent,True,False,3249,108,177.51,12.7,895.28
2025-09-26,Best Serum for Dry Skin,Broad Skincare,skincare,Broad match,Untiered - Broad,False,False,2399,90,156.14,11.5,774.54
2025-09-26,Brand Defense,Brand Core,pureglow skincare,Exact match,Tier 3 - Brand Defense,False,True,3061,112,185.48,13.3,773.38
2025-09-26,Brand Defense,Brand Bundle,pureglow spf bundle,Exact match,Tier 3 - Brand Defense,False,True,1549,55,92.0,6.5,435.68
2025-09-26,Brand Defense,Brand Product,pureglow vitamin c serum,Exact match,Tier 3 - Brand Defense,False,True,2394,85,153.6,10.9,693.11
2025-09-26,SPF Moisturizer Bundle,Daily SPF,buy spf moisturizer online,Exact match,Tier 1 - High Intent,True,True,5054,172,267.77,17.2,1268.06
2025-09-26,SPF Moisturizer Bundle,Broad Moisturizer,moisturizer,Broad match,Untiered - Broad,False,False,2573,87,130.94,8.6,647.72
2025-09-26,SPF Moisturizer Bundle,SPF Bundle,spf moisturizer bundle,Exact match,Tier 1 - High Intent,True,True,7102,230,346.91,26.2,1662.36
2025-09-26,SPF Moisturizer Bundle,Vegan SPF,vegan spf moisturizer,Phrase match,Tier 2 - Mid Intent,True,True,2536,94,171.0,10.1,800.41
2025-09-26,Skincare Routine Quiz,Routine Quiz,best skincare routine for dry skin,Phrase match,Tier 2 - Mid Intent,True,True,4069,137,238.6,18.0,1074.81
2025-09-26,Skincare Routine Quiz,Plant Based,plant based moisturizer,Phrase match,Tier 2 - Mid Intent,True,True,3484,129,195.96,12.5,983.32
2025-09-27,Best Serum for Dry Skin,Vitamin C Serum,best vitamin c serum for dry skin,Exact match,Tier 1 - High Intent,True,True,8048,285,486.51,36.0,2219.16
2025-09-27,Best Serum for Dry Skin,Hydrating Serum,buy hydrating face serum online,Exact match,Tier 1 - High Intent,True,True,5943,241,394.17,26.0,1956.25
2025-09-27,Best Serum for Dry Skin,Natural Serum,natural skincare routine,Phrase match,Tier 2 - Mid Intent,True,False,3053,117,188.02,12.5,910.38
2025-09-27,Best Serum for Dry Skin,Broad Skincare,skincare,Broad match,Untiered - Broad,False,False,2626,93,145.92,10.7,627.77
2025-09-27,Brand Defense,Brand Core,pureglow skincare,Exact match,Tier 3 - Brand Defense,False,True,2741,104,171.26,10.6,850.45
2025-09-27,Brand Defense,Brand Bundle,pureglow spf bundle,Exact match,Tier 3 - Brand Defense,False,True,1497,48,83.48,5.5,376.17
2025-09-27,Brand Defense,Brand Product,pureglow vitamin c serum,Exact match,Tier 3 - Brand Defense,False,True,2409,81,146.87,10.0,694.11
2025-09-27,SPF Moisturizer Bundle,Daily SPF,buy spf moisturizer online,Exact match,Tier 1 - High Intent,True,True,4544,166,261.57,19.7,1207.32
2025-09-27,SPF Moisturizer Bundle,Broad Moisturizer,moisturizer,Broad match,Untiered - Broad,False,False,2239,73,130.9,9.0,594.7
2025-09-27,SPF Moisturizer Bundle,SPF Bundle,spf moisturizer bundle,Exact match,Tier 1 - High Intent,True,True,5871,203,378.99,25.2,1566.42
2025-09-27,SPF Moisturizer Bundle,Vegan SPF,vegan spf moisturizer,Phrase match,Tier 2 - Mid Intent,True,True,2387,98,156.12,11.6,684.49
2025-09-27,Skincare Routine Quiz,Routine Quiz,best skincare routine for dry skin,Phrase match,Tier 2 - Mid Intent,True,True,3796,148,255.95,16.6,1142.73
2025-09-27,Skincare Routine Quiz,Plant Based,plant based moisturizer,Phrase match,Tier 2 - Mid Intent,True,True,2983,115,208.83,14.2,920.92
2025-09-28,Best Serum for Dry Skin,Vitamin C Serum,best vitamin c serum for dry skin,Exact match,Tier 1 - High Intent,True,True,8780,317,475.27,34.0,2149.02
2025-09-28,Best Serum for Dry Skin,Hydrating Serum,buy hydrating face serum online,Exact match,Tier 1 - High Intent,True,True,6921,229,384.76,28.0,1761.86
2025-09-28,Best Serum for Dry Skin,Natural Serum,natural skincare routine,Phrase match,Tier 2 - Mid Intent,True,False,3553,125,201.02,12.6,929.81
2025-09-28,Best Serum for Dry Skin,Broad Skincare,skincare,Broad match,Untiered - Broad,False,False,2426,91,156.43,10.4,692.61
2025-09-28,Brand Defense,Brand Core,pureglow skincare,Exact match,Tier 3 - Brand Defense,False,True,3046,114,171.24,10.0,755.6
2025-09-28,Brand Defense,Brand Bundle,pureglow spf bundle,Exact match,Tier 3 - Brand Defense,False,True,1415,50,89.04,5.0,403.48
2025-09-28,Brand Defense,Brand Product,pureglow vitamin c serum,Exact match,Tier 3 - Brand Defense,False,True,2712,87,135.73,9.1,671.52
2025-09-28,SPF Moisturizer Bundle,Daily SPF,buy spf moisturizer online,Exact match,Tier 1 - High Intent,True,True,5136,167,250.82,19.2,1164.26
2025-09-28,SPF Moisturizer Bundle,Broad Moisturizer,moisturizer,Broad match,Untiered - Broad,False,False,2439,82,134.39,8.5,577.82
2025-09-28,SPF Moisturizer Bundle,SPF Bundle,spf moisturizer bundle,Exact match,Tier 1 - High Intent,True,True,5912,216,385.68,23.2,1544.18
2025-09-28,SPF Moisturizer Bundle,Vegan SPF,vegan spf moisturizer,Phrase match,Tier 2 - Mid Intent,True,True,2582,92,167.52,10.8,671.4
2025-09-28,Skincare Routine Quiz,Routine Quiz,best skincare routine for dry skin,Phrase match,Tier 2 - Mid Intent,True,True,4306,148,222.68,15.1,1003.93
2025-09-28,Skincare Routine Quiz,Plant Based,plant based moisturizer,Phrase match,Tier 2 - Mid Intent,True,True,3481,125,199.85,14.6,824.23
2025-09-29,Best Serum for Dry Skin,Vitamin C Serum,best vitamin c serum for dry skin,Exact match,Tier 1 - High Intent,True,True,7169,284,412.95,28.7,1904.06
2025-09-29,Best Serum for Dry Skin,Hydrating Serum,buy hydrating face serum online,Exact match,Tier 1 - High Intent,True,True,5990,209,332.68,26.9,1626.35
2025-09-29,Best Serum for Dry Skin,Natural Serum,natural skincare routine,Phrase match,Tier 2 - Mid Intent,True,False,3060,106,156.75,11.7,840.1
2025-09-29,Best Serum for Dry Skin,Broad Skincare,skincare,Broad match,Untiered - Broad,False,False,2401,80,124.07,8.4,600.12
2025-09-29,Brand Defense,Brand Core,pureglow skincare,Exact match,Tier 3 - Brand Defense,False,True,2604,93,159.23,10.9,718.19
2025-09-29,Brand Defense,Brand Bundle,pureglow spf bundle,Exact match,Tier 3 - Brand Defense,False,True,1341,47,81.04,5.1,378.38
2025-09-29,Brand Defense,Brand Product,pureglow vitamin c serum,Exact match,Tier 3 - Brand Defense,False,True,2335,74,120.42,7.8,661.18
2025-09-29,SPF Moisturizer Bundle,Daily SPF,buy spf moisturizer online,Exact match,Tier 1 - High Intent,True,True,4634,154,250.95,16.9,1070.22
2025-09-29,SPF Moisturizer Bundle,Broad Moisturizer,moisturizer,Broad match,Untiered - Broad,False,False,2261,78,122.87,7.5,630.74
2025-09-29,SPF Moisturizer Bundle,SPF Bundle,spf moisturizer bundle,Exact match,Tier 1 - High Intent,True,True,5983,209,351.1,21.3,1571.58
2025-09-29,SPF Moisturizer Bundle,Vegan SPF,vegan spf moisturizer,Phrase match,Tier 2 - Mid Intent,True,True,2345,80,150.0,9.7,676.22
2025-09-29,Skincare Routine Quiz,Routine Quiz,best skincare routine for dry skin,Phrase match,Tier 2 - Mid Intent,True,True,3696,140,221.08,14.8,1037.43
2025-09-29,Skincare Routine Quiz,Plant Based,plant based moisturizer,Phrase match,Tier 2 - Mid Intent,True,True,3435,118,173.48,13.4,908.94
2025-09-30,Best Serum for Dry Skin,Vitamin C Serum,best vitamin c serum for dry skin,Exact match,Tier 1 - High Intent,True,True,7489,249,425.08,31.7,2147.62
2025-09-30,Best Serum for Dry Skin,Hydrating Serum,buy hydrating face serum online,Exact match,Tier 1 - High Intent,True,True,5512,231,346.9,24.5,1641.01
2025-09-30,Best Serum for Dry Skin,Natural Serum,natural skincare routine,Phrase match,Tier 2 - Mid Intent,True,False,2830,96,160.12,11.5,890.23
2025-09-30,Best Serum for Dry Skin,Broad Skincare,skincare,Broad match,Untiered - Broad,False,False,2033,85,123.44,8.3,632.03
2025-09-30,Brand Defense,Brand Core,pureglow skincare,Exact match,Tier 3 - Brand Defense,False,True,2703,92,150.88,11.0,713.0
2025-09-30,Brand Defense,Brand Bundle,pureglow spf bundle,Exact match,Tier 3 - Brand Defense,False,True,1328,47,76.58,5.3,339.06
2025-09-30,Brand Defense,Brand Product,pureglow vitamin c serum,Exact match,Tier 3 - Brand Defense,False,True,2171,83,122.3,9.3,649.85
2025-09-30,SPF Moisturizer Bundle,Daily SPF,buy spf moisturizer online,Exact match,Tier 1 - High Intent,True,True,3876,147,229.75,16.6,1292.17
2025-09-30,SPF Moisturizer Bundle,Broad Moisturizer,moisturizer,Broad match,Untiered - Broad,False,False,1903,77,111.41,7.9,609.6
2025-09-30,SPF Moisturizer Bundle,SPF Bundle,spf moisturizer bundle,Exact match,Tier 1 - High Intent,True,True,5194,205,330.19,25.0,1478.49
2025-09-30,SPF Moisturizer Bundle,Vegan SPF,vegan spf moisturizer,Phrase match,Tier 2 - Mid Intent,True,True,2243,80,139.42,10.1,655.31
2025-09-30,Skincare Routine Quiz,Routine Quiz,best skincare routine for dry skin,Phrase match,Tier 2 - Mid Intent,True,True,3686,125,232.6,16.5,1075.56
2025-09-30,Skincare Routine Quiz,Plant Based,plant based moisturizer,Phrase match,Tier 2 - Mid Intent,True,True,2827,110,193.25,13.9,812.08
2025-10-01,Best Serum for Dry Skin,Vitamin C Serum,best vitamin c serum for dry skin,Exact match,Tier 1 - High Intent,True,True,6699,239,396.4,30.8,2225.36
2025-10-01,Best Serum for Dry Skin,Hydrating Serum,buy hydrating face serum online,Exact match,Tier 1 - High Intent,True,True,5956,224,374.68,26.2,1690.67
2025-10-01,Best Serum for Dry Skin,Natural Serum,natural skincare routine,Phrase match,Tier 2 - Mid Intent,True,False,2653,90,156.64,10.3,838.84
2025-10-01,Best Serum for Dry Skin,Broad Skincare,skincare,Broad match,Untiered - Broad,False,False,2171,73,130.28,9.3,668.97
2025-10-01,Brand Defense,Brand Core,pureglow skincare,Exact match,Tier 3 - Brand Defense,False,True,2419,87,161.49,11.5,753.78
2025-10-01,Brand Defense,Brand Bundle,pureglow spf bundle,Exact match,Tier 3 - Brand Defense,False,True,1168,43,71.76,4.9,374.77
2025-10-01,Brand Defense,Brand Product,pureglow vitamin c serum,Exact match,Tier 3 - Brand Defense,False,True,2232,76,117.3,8.2,600.14
2025-10-01,SPF Moisturizer Bundle,Daily SPF,buy spf moisturizer online,Exact match,Tier 1 - High Intent,True,True,3852,147,233.78,18.1,1258.99
2025-10-01,SPF Moisturizer Bundle,Broad Moisturizer,moisturizer,Broad match,Untiered - Broad,False,False,1755,67,123.89,7.6,568.48
2025-10-01,SPF Moisturizer Bundle,SPF Bundle,spf moisturizer bundle,Exact match,Tier 1 - High Intent,True,True,5495,205,308.39,22.1,1718.58
2025-10-01,SPF Moisturizer Bundle,Vegan SPF,vegan spf moisturizer,Phrase match,Tier 2 - Mid Intent,True,True,2309,84,128.75,10.4,616.48
2025-10-01,Skincare Routine Quiz,Routine Quiz,best skincare routine for dry skin,Phrase match,Tier 2 - Mid Intent,True,True,3727,131,211.38,13.9,1125.07
2025-10-01,Skincare Routine Quiz,Plant Based,plant based moisturizer,Phrase match,Tier 2 - Mid Intent,True,True,2582,110,176.96,13.4,772.65
2025-10-02,Best Serum for Dry Skin,Vitamin C Serum,best vitamin c serum for dry skin,Exact match,Tier 1 - High Intent,True,True,7745,267,454.83,26.9,2196.22
2025-10-02,Best Serum for Dry Skin,Hydrating Serum,buy hydrating face serum online,Exact match,Tier 1 - High Intent,True,True,5820,230,337.36,25.7,1776.6
2025-10-02,Best Serum for Dry Skin,Natural Serum,natural skincare routine,Phrase match,Tier 2 - Mid Intent,True,False,2912,108,174.59,12.6,802.29
2025-10-02,Best Serum for Dry Skin,Broad Skincare,skincare,Broad match,Untiered - Broad,False,False,2155,89,128.15,9.0,697.31
2025-10-02,Brand Defense,Brand Core,pureglow skincare,Exact match,Tier 3 - Brand Defense,False,True,2519,101,155.73,10.8,752.37
2025-10-02,Brand Defense,Brand Bundle,pureglow spf bundle,Exact match,Tier 3 - Brand Defense,False,True,1439,51,74.85,4.8,391.94
2025-10-02,Brand Defense,Brand Product,pureglow vitamin c serum,Exact match,Tier 3 - Brand Defense,False,True,2062,74,125.6,8.7,674.64
2025-10-02,SPF Moisturizer Bundle,Daily SPF,buy spf moisturizer online,Exact match,Tier 1 - High Intent,True,True,4134,150,235.84,15.5,1142.45
2025-10-02,SPF Moisturizer Bundle,Broad Moisturizer,moisturizer,Broad match,Untiered - Broad,False,False,2219,80,112.34,8.8,564.91
2025-10-02,SPF Moisturizer Bundle,SPF Bundle,spf moisturizer bundle,Exact match,Tier 1 - High Intent,True,True,5314,216,312.25,24.2,1477.64
2025-10-02,SPF Moisturizer Bundle,Vegan SPF,vegan spf moisturizer,Phrase match,Tier 2 - Mid Intent,True,True,2320,85,141.64,9.6,662.25
2025-10-02,Skincare Routine Quiz,Routine Quiz,best skincare routine for dry skin,Phrase match,Tier 2 - Mid Intent,True,True,3640,143,202.86,15.4,1063.51
2025-10-02,Skincare Routine Quiz,Plant Based,plant based moisturizer,Phrase match,Tier 2 - Mid Intent,True,True,3294,115,183.63,12.9,924.73
2025-10-03,Best Serum for Dry Skin,Vitamin C Serum,best vitamin c serum for dry skin,Exact match,Tier 1 - High Intent,True,True,7471,306,509.96,33.4,2189.48
2025-10-03,Best Serum for Dry Skin,Hydrating Serum,buy hydrating face serum online,Exact match,Tier 1 - High Intent,True,True,6999,248,363.11,24.8,1828.43
2025-10-03,Best Serum for Dry Skin,Natural Serum,natural skincare routine,Phrase match,Tier 2 - Mid Intent,True,False,3317,116,192.34,13.1,897.41
2025-10-03,Best Serum for Dry Skin,Broad Skincare,skincare,Broad match,Untiered - Broad,False,False,2540,88,153.45,10.1,621.24
2025-10-03,Brand Defense,Brand Core,pureglow skincare,Exact match,Tier 3 - Brand Defense,False,True,2630,101,179.9,12.9,824.95
2025-10-03,Brand Defense,Brand Bundle,pureglow spf bundle,Exact match,Tier 3 - Brand Defense,False,True,1518,54,86.19,5.8,399.41
2025-10-03,Brand Defense,Brand Product,pureglow vitamin c serum,Exact match,Tier 3 - Brand Defense,False,True,2468,91,145.21,9.6,710.22
2025-10-03,SPF Moisturizer Bundle,Daily SPF,buy spf moisturizer online,Exact match,Tier 1 - High Intent,True,True,4563,160,252.76,17.2,1274.21
2025-10-03,SPF Moisturizer Bundle,Broad Moisturizer,moisturizer,Broad match,Untiered - Broad,False,False,1991,82,120.12,8.0,546.28
2025-10-03,SPF Moisturizer Bundle,SPF Bundle,spf moisturizer bundle,Exact match,Tier 1 - High Intent,True,True,5956,221,347.32,26.4,1742.61
2025-10-03,SPF Moisturizer Bundle,Vegan SPF,vegan spf moisturizer,Phrase match,Tier 2 - Mid Intent,True,True,2354,93,150.82,10.2,740.29
2025-10-03,Skincare Routine Quiz,Routine Quiz,best skincare routine for dry skin,Phrase match,Tier 2 - Mid Intent,True,True,4036,134,229.22,14.9,1118.83
2025-10-03,Skincare Routine Quiz,Plant Based,plant based moisturizer,Phrase match,Tier 2 - Mid Intent,True,True,2994,120,195.88,12.9,946.16
2025-10-04,Best Serum for Dry Skin,Vitamin C Serum,best vitamin c serum for dry skin,Exact match,Tier 1 - High Intent,True,True,8904,310,538.57,30.7,2235.42
2025-10-04,Best Serum for Dry Skin,Hydrating Serum,buy hydrating face serum online,Exact match,Tier 1 - High Intent,True,True,7913,275,447.01,31.2,1792.14
2025-10-04,Best Serum for Dry Skin,Natural Serum,natural skincare routine,Phrase match,Tier 2 - Mid Intent,True,False,3524,118,201.51,12.2,881.96
2025-10-04,Best Serum for Dry Skin,Broad Skincare,skincare,Broad match,Untiered - Broad,False,False,2582,94,149.69,9.3,770.48
2025-10-04,Brand Defense,Brand Core,pureglow skincare,Exact match,Tier 3 - Brand Defense,False,True,2948,117,172.49,11.5,815.1
2025-10-04,Brand Defense,Brand Bundle,pureglow spf bundle,Exact match,Tier 3 - Brand Defense,False,True,1692,60,89.78,5.4,441.21
2025-10-04,Brand Defense,Brand Product,pureglow vitamin c serum,Exact match,Tier 3 - Brand Defense,False,True,2883,100,144.66,10.9,667.69
2025-10-04,SPF Moisturizer Bundle,Daily SPF,buy spf moisturizer online,Exact match,Tier 1 - High Intent,True,True,5509,163,295.65,20.8,1408.9
2025-10-04,SPF Moisturizer Bundle,Broad Moisturizer,moisturizer,Broad match,Untiered - Broad,False,False,2567,81,128.01,8.4,671.95
2025-10-04,SPF Moisturizer Bundle,SPF Bundle,spf moisturizer bundle,Exact match,Tier 1 - High Intent,True,True,6568,247,388.92,24.8,1721.92
2025-10-04,SPF Moisturizer Bundle,Vegan SPF,vegan spf moisturizer,Phrase match,Tier 2 - Mid Intent,True,True,3056,98,163.52,10.7,745.16
2025-10-04,Skincare Routine Quiz,Routine Quiz,best skincare routine for dry skin,Phrase match,Tier 2 - Mid Intent,True,True,4382,162,253.49,19.2,1118.71
2025-10-04,Skincare Routine Quiz,Plant Based,plant based moisturizer,Phrase match,Tier 2 - Mid Intent,True,True,3813,120,211.23,14.3,967.22
2025-10-05,Best Serum for Dry Skin,Vitamin C Serum,best vitamin c serum for dry skin,Exact match,Tier 1 - High Intent,True,True,8220,274,455.9,29.8,2489.8
2025-10-05,Best Serum for Dry Skin,Hydrating Serum,buy hydrating face serum online,Exact match,Tier 1 - High Intent,True,True,6491,231,397.04,25.2,1916.06
2025-10-05,Best Serum for Dry Skin,Natural Serum,natural skincare routine,Phrase match,Tier 2 - Mid Intent,True,False,3153,115,192.33,13.4,864.48
2025-10-05,Best Serum for Dry Skin,Broad Skincare,skincare,Broad match,Untiered - Broad,False,False,2433,86,144.64,10.6,658.4
2025-10-05,Brand Defense,Brand Core,pureglow skincare,Exact match,Tier 3 - Brand Defense,False,True,2924,113,162.82,11.3,818.91
2025-10-05,Brand Defense,Brand Bundle,pureglow spf bundle,Exact match,Tier 3 - Brand Defense,False,True,1614,52,85.87,6.0,423.61
2025-10-05,Brand Defense,Brand Product,pureglow vitamin c serum,Exact match,Tier 3 - Brand Defense,False,True,2407,85,133.68,10.7,735.46
2025-10-05,SPF Moisturizer Bundle,Daily SPF,buy spf moisturizer online,Exact match,Tier 1 - High Intent,True,True,5002,176,285.25,16.3,1240.84
2025-10-05,SPF Moisturizer Bundle,Broad Moisturizer,moisturizer,Broad match,Untiered - Broad,False,False,2478,82,129.3,9.6,631.4
2025-10-05,SPF Moisturizer Bundle,SPF Bundle,spf moisturizer bundle,Exact match,Tier 1 - High Intent,True,True,7089,227,362.47,27.3,1752.96
2025-10-05,SPF Moisturizer Bundle,Vegan SPF,vegan spf moisturizer,Phrase match,Tier 2 - Mid Intent,True,True,2797,90,160.85,11.3,743.76
2025-10-05,Skincare Routine Quiz,Routine Quiz,best skincare routine for dry skin,Phrase match,Tier 2 - Mid Intent,True,True,3934,145,257.17,17.4,1037.72
2025-10-05,Skincare Routine Quiz,Plant Based,plant based moisturizer,Phrase match,Tier 2 - Mid Intent,True,True,3240,117,188.7,14.0,891.94
2025-10-06,Best Serum for Dry Skin,Vitamin C Serum,best vitamin c serum for dry skin,Exact match,Tier 1 - High Intent,True,True,7908,257,402.4,29.4,2229.32
2025-10-06,Best Serum for Dry Skin,Hydrating Serum,buy hydrating face serum online,Exact match,Tier 1 - High Intent,True,True,6465,203,350.61,26.6,1662.86
2025-10-06,Best Serum for Dry Skin,Natural Serum,natural skincare routine,Phrase match,Tier 2 - Mid Intent,True,False,2831,103,170.44,12.1,894.61
2025-10-06,Best Serum for Dry Skin,Broad Skincare,skincare,Broad match,Untiered - Broad,False,False,2374,78,130.99,8.6,683.33
2025-10-06,Brand Defense,Brand Core,pureglow skincare,Exact match,Tier 3 - Brand Defense,False,True,2915,93,145.4,10.3,749.62
2025-10-06,Brand Defense,Brand Bundle,pureglow spf bundle,Exact match,Tier 3 - Brand Defense,False,True,1402,43,82.08,5.8,410.3
2025-10-06,Brand Defense,Brand Product,pureglow vitamin c serum,Exact match,Tier 3 - Brand Defense,False,True,2293,77,126.95,9.9,569.62
2025-10-06,SPF Moisturizer Bundle,Daily SPF,buy spf moisturizer online,Exact match,Tier 1 - High Intent,True,True,4574,159,224.11,15.4,1248.69
2025-10-06,SPF Moisturizer Bundle,Broad Moisturizer,moisturizer,Broad match,Untiered - Broad,False,False,1900,66,124.5,7.8,581.78
2025-10-06,SPF Moisturizer Bundle,SPF Bundle,spf moisturizer bundle,Exact match,Tier 1 - High Intent,True,True,5286,191,325.97,23.6,1684.95
2025-10-06,SPF Moisturizer Bundle,Vegan SPF,vegan spf moisturizer,Phrase match,Tier 2 - Mid Intent,True,True,2271,85,138.19,10.2,671.1
2025-10-06,Skincare Routine Quiz,Routine Quiz,best skincare routine for dry skin,Phrase match,Tier 2 - Mid Intent,True,True,4100,141,230.63,14.7,1087.93
2025-10-06,Skincare Routine Quiz,Plant Based,plant based moisturizer,Phrase match,Tier 2 - Mid Intent,True,True,3280,106,181.81,13.9,901.79
2025-10-07,Best Serum for Dry Skin,Vitamin C Serum,best vitamin c serum for dry skin,Exact match,Tier 1 - High Intent,True,True,6659,261,407.4,28.1,1965.22
2025-10-07,Best Serum for Dry Skin,Hydrating Serum,buy hydrating face serum online,Exact match,Tier 1 - High Intent,True,True,5511,221,331.14,26.1,1724.85
2025-10-07,Best Serum for Dry Skin,Natural Serum,natural skincare routine,Phrase match,Tier 2 - Mid Intent,True,False,2899,93,165.18,11.9,721.34
2025-10-07,Best Serum for Dry Skin,Broad Skincare,skincare,Broad match,Untiered - Broad,False,False,2160,77,113.8,8.9,622.22
2025-10-07,Brand Defense,Brand Core,pureglow skincare,Exact match,Tier 3 - Brand Defense,False,True,2390,93,146.38,10.8,669.69
2025-10-07,Brand Defense,Brand Bundle,pureglow spf bundle,Exact match,Tier 3 - Brand Defense,False,True,1344,49,71.36,5.5,363.81
2025-10-07,Brand Defense,Brand Product,pureglow vitamin c serum,Exact match,Tier 3 - Brand Defense,False,True,2083,74,117.1,9.0,624.32
2025-10-07,SPF Moisturizer Bundle,Daily SPF,buy spf moisturizer online,Exact match,Tier 1 - High Intent,True,True,4156,137,224.1,17.1,1183.72
2025-10-07,SPF Moisturizer Bundle,Broad Moisturizer,moisturizer,Broad match,Untiered - Broad,False,False,2026,71,105.56,7.6,574.19
2025-10-07,SPF Moisturizer Bundle,SPF Bundle,spf moisturizer bundle,Exact match,Tier 1 - High Intent,True,True,5906,207,323.39,24.0,1407.07
2025-10-07,SPF Moisturizer Bundle,Vegan SPF,vegan spf moisturizer,Phrase match,Tier 2 - Mid Intent,True,True,2281,87,142.1,9.7,593.08
2025-10-07,Skincare Routine Quiz,Routine Quiz,best skincare routine for dry skin,Phrase match,Tier 2 - Mid Intent,True,True,3615,120,208.81,14.9,931.34
2025-10-07,Skincare Routine Quiz,Plant Based,plant based moisturizer,Phrase match,Tier 2 - Mid Intent,True,True,3099,97,171.98,11.8,909.07
2025-10-08,Best Serum for Dry Skin,Vitamin C Serum,best vitamin c serum for dry skin,Exact match,Tier 1 - High Intent,True,True,6768,268,404.77,30.8,2181.4
2025-10-08,Best Serum for Dry Skin,Hydrating Serum,buy hydrating face serum online,Exact match,Tier 1 - High Intent,True,True,5655,217,359.2,21.3,1690.46
2025-10-08,Best Serum for Dry Skin,Natural Serum,natural skincare routine,Phrase match,Tier 2 - Mid Intent,True,False,2989,106,167.73,11.9,816.11
2025-10-08,Best Serum for Dry Skin,Broad Skincare,skincare,Broad match,Untiered - Broad,False,False,2194,85,120.86,8.7,577.72
2025-10-08,Brand Defense,Brand Core,pureglow skincare,Exact match,Tier 3 - Brand Defense,False,True,2447,90,142.76,9.3,754.28
2025-10-08,Brand Defense,Brand Bundle,pureglow spf bundle,Exact match,Tier 3 - Brand Defense,False,True,1310,47,76.26,5.8,351.34
2025-10-08,Brand Defense,Brand Product,pureglow vitamin c serum,Exact match,Tier 3 - Brand Defense,False,True,2008,78,122.13,8.9,545.99
2025-10-08,SPF Moisturizer Bundle,Daily SPF,buy spf moisturizer online,Exact match,Tier 1 - High Intent,True,True,4047,153,229.84,17.9,1257.99
2025-10-08,SPF Moisturizer Bundle,Broad Moisturizer,moisturizer,Broad match,Untiered - Broad,False,False,1847,75,104.43,8.0,498.2
2025-10-08,SPF Moisturizer Bundle,SPF Bundle,spf moisturizer bundle,Exact match,Tier 1 - High Intent,True,True,5202,216,313.0,20.1,1677.55
2025-10-08,SPF Moisturizer Bundle,Vegan SPF,vegan spf moisturizer,Phrase match,Tier 2 - Mid Intent,True,True,2460,83,130.34,10.1,653.06
2025-10-08,Skincare Routine Quiz,Routine Quiz,best skincare routine for dry skin,Phrase match,Tier 2 - Mid Intent,True,True,3654,125,214.79,15.9,1105.89
2025-10-08,Skincare Routine Quiz,Plant Based,plant based moisturizer,Phrase match,Tier 2 - Mid Intent,True,True,3306,110,159.43,11.9,845.57
2025-10-09,Best Serum for Dry Skin,Vitamin C Serum,best vitamin c serum for dry skin,Exact match,Tier 1 - High Intent,True,True,8255,280,481.02,34.7,2030.39
2025-10-09,Best Serum for Dry Skin,Hydrating Serum,buy hydrating face serum online,Exact match,Tier 1 - High Intent,True,True,7365,254,351.22,23.9,1881.7
2025-10-09,Best Serum for Dry Skin,Natural Serum,natural skincare routine,Phrase match,Tier 2 - Mid Intent,True,False,3449,119,166.08,12.2,767.61
2025-10-09,Best Serum for Dry Skin,Broad Skincare,skincare,Broad match,Untiered - Broad,False,False,2492,86,137.34,8.5,680.87
2025-10-09,Brand Defense,Brand Core,pureglow skincare,Exact match,Tier 3 - Brand Defense,False,True,2603,102,173.6,10.1,768.33
2025-10-09,Brand Defense,Brand Bundle,pureglow spf bundle,Exact match,Tier 3 - Brand Defense,False,True,1376,51,82.23,5.4,359.05
2025-10-09,Brand Defense,Brand Product,pureglow vitamin c serum,Exact match,Tier 3 - Brand Defense,False,True,2219,88,127.26,9.9,665.81
2025-10-09,SPF Moisturizer Bundle,Daily SPF,buy spf moisturizer online,Exact match,Tier 1 - High Intent,True,True,4752,171,258.57,19.5,1325.75
2025-10-09,SPF Moisturizer Bundle,Broad Moisturizer,moisturizer,Broad match,Untiered - Broad,False,False,2397,73,115.74,8.0,623.19
2025-10-09,SPF Moisturizer Bundle,SPF Bundle,spf moisturizer bundle,Exact match,Tier 1 - High Intent,True,True,5849,220,361.18,21.8,1847.42
2025-10-09,SPF Moisturizer Bundle,Vegan SPF,vegan spf moisturizer,Phrase match,Tier 2 - Mid Intent,True,True,2398,100,144.81,10.4,755.96
2025-10-09,Skincare Routine Quiz,Routine Quiz,best skincare routine for dry skin,Phrase match,Tier 2 - Mid Intent,True,True,4339,153,246.43,16.1,994.51
2025-10-09,Skincare Routine Quiz,Plant Based,plant based moisturizer,Phrase match,Tier 2 - Mid Intent,True,True,3101,113,186.57,12.2,949.96
2025-10-10,Best Serum for Dry Skin,Vitamin C Serum,best vitamin c serum for dry skin,Exact match,Tier 1 - High Intent,True,True,9457,290,520.9,30.9,2453.16
2025-10-10,Best Serum for Dry Skin,Hydrating Serum,buy hydrating face serum online,Exact match,Tier 1 - High Intent,True,True,7196,263,380.75,28.0,2065.58
2025-10-10,Best Serum for Dry Skin,Natural Serum,natural skincare routine,Phrase match,Tier 2 - Mid Intent,True,False,3048,124,194.57,11.9,979.52
2025-10-10,Best Serum for Dry Skin,Broad Skincare,skincare,Broad match,Untiered - Broad,False,False,2785,87,135.01,9.3,704.02
2025-10-10,Brand Defense,Brand Core,pureglow skincare,Exact match,Tier 3 - Brand Defense,False,True,2895,100,161.38,11.0,862.52
2025-10-10,Brand Defense,Brand Bundle,pureglow spf bundle,Exact match,Tier 3 - Brand Defense,False,True,1479,52,91.82,5.7,443.58
2025-10-10,Brand Defense,Brand Product,pureglow vitamin c serum,Exact match,Tier 3 - Brand Defense,False,True,2405,97,153.05,8.9,669.25
2025-10-10,SPF Moisturizer Bundle,Daily SPF,buy spf moisturizer online,Exact match,Tier 1 - High Intent,True,True,4529,174,255.73,17.3,1345.85
2025-10-10,SPF Moisturizer Bundle,Broad Moisturizer,moisturizer,Broad match,Untiered - Broad,False,False,2568,76,129.6,10.2,623.17
2025-10-10,SPF Moisturizer Bundle,SPF Bundle,spf moisturizer bundle,Exact match,Tier 1 - High Intent,True,True,6675,246,365.16,23.6,1932.84
2025-10-10,SPF Moisturizer Bundle,Vegan SPF,vegan spf moisturizer,Phrase match,Tier 2 - Mid Intent,True,True,2854,105,165.1,10.2,810.76
2025-10-10,Skincare Routine Quiz,Routine Quiz,best skincare routine for dry skin,Phrase match,Tier 2 - Mid Intent,True,True,3945,155,232.76,19.0,1149.24
2025-10-10,Skincare Routine Quiz,Plant Based,plant based moisturizer,Phrase match,Tier 2 - Mid Intent,True,True,3554,121,190.67,12.7,1050.83
2025-10-11,Best Serum for Dry Skin,Vitamin C Serum,best vitamin c serum for dry skin,Exact match,Tier 1 - High Intent,True,True,8986,340,529.08,36.0,2448.26
2025-10-11,Best Serum for Dry Skin,Hydrating Serum,buy hydrating face serum online,Exact match,Tier 1 - High Intent,True,True,7655,248,396.84,25.2,1882.86
2025-10-11,Best Serum for Dry Skin,Natural Serum,natural skincare routine,Phrase match,Tier 2 - Mid Intent,True,False,3357,129,187.43,14.7,980.67
2025-10-11,Best Serum for Dry Skin,Broad Skincare,skincare,Broad match,Untiered - Broad,False,False,2791,97,156.14,9.4,771.2
2025-10-11,Brand Defense,Brand Core,pureglow skincare,Exact match,Tier 3 - Brand Defense,False,True,3522,116,183.22,11.2,867.13
2025-10-11,Brand Defense,Brand Bundle,pureglow spf bundle,Exact match,Tier 3 - Brand Defense,False,True,1499,55,88.54,6.3,461.82
2025-10-11,Brand Defense,Brand Product,pureglow vitamin c serum,Exact match,Tier 3 - Brand Defense,False,True,2675,100,148.77,10.8,691.9
2025-10-11,SPF Moisturizer Bundle,Daily SPF,buy spf moisturizer online,Exact match,Tier 1 - High Intent,True,True,4886,190,283.01,18.3,1339.92
2025-10-11,SPF Moisturizer Bundle,Broad Moisturizer,moisturizer,Broad match,Untiered - Broad,False,False,2507,81,139.29,9.3,684.63
2025-10-11,SPF Moisturizer Bundle,SPF Bundle,spf moisturizer bundle,Exact match,Tier 1 - High Intent,True,True,7177,243,383.38,26.4,1831.45
2025-10-11,SPF Moisturizer Bundle,Vegan SPF,vegan spf moisturizer,Phrase match,Tier 2 - Mid Intent,True,True,3012,97,154.93,11.5,818.82
2025-10-11,Skincare Routine Quiz,Routine Quiz,best skincare routine for dry skin,Phrase match,Tier 2 - Mid Intent,True,True,4568,167,266.49,18.4,1093.54
2025-10-11,Skincare Routine Quiz,Plant Based,plant based moisturizer,Phrase match,Tier 2 - Mid Intent,True,True,3843,127,215.43,13.8,1052.45
2025-10-12,Best Serum for Dry Skin,Vitamin C Serum,best vitamin c serum for dry skin,Exact match,Tier 1 - High Intent,True,True,8020,262,454.53,34.3,2266.45
2025-10-12,Best Serum for Dry Skin,Hydrating Serum,buy hydrating face serum online,Exact match,Tier 1 - High Intent,True,True,5797,210,379.61,28.9,1902.74
2025-10-12,Best Serum for Dry Skin,Natural Serum,natural skincare routine,Phrase match,Tier 2 - Mid Intent,True,False,2858,96,166.84,12.3,837.53
2025-10-12,Best Serum for Dry Skin,Broad Skincare,skincare,Broad match,Untiered - Broad,False,False,2330,84,136.14,8.6,613.04
2025-10-12,Brand Defense,Brand Core,pureglow skincare,Exact match,Tier 3 - Brand Defense,False,True,2393,89,150.92,10.5,722.88
2025-10-12,Brand Defense,Brand Bundle,pureglow spf bundle,Exact match,Tier 3 - Brand Defense,False,True,1285,46,80.66,5.6,380.5
2025-10-12,Brand Defense,Brand Product,pureglow vitamin c serum,Exact match,Tier 3 - Brand Defense,False,True,1996,80,131.65,8.7,669.43
2025-10-12,SPF Moisturizer Bundle,Daily SPF,buy spf moisturizer online,Exact match,Tier 1 - High Intent,True,True,4310,151,238.22,17.1,1175.8
2025-10-12,SPF Moisturizer Bundle,Broad Moisturizer,moisturizer,Broad match,Untiered - Broad,False,False,2139,68,118.66,8.8,535.3
2025-10-12,SPF Moisturizer Bundle,SPF Bundle,spf moisturizer bundle,Exact match,Tier 1 - High Intent,True,True,5092,212,321.2,23.2,1751.46
2025-10-12,SPF Moisturizer Bundle,Vegan SPF,vegan spf moisturizer,Phrase match,Tier 2 - Mid Intent,True,True,2530,89,141.29,9.6,771.63
2025-10-12,Skincare Routine Quiz,Routine Quiz,best skincare routine for dry skin,Phrase match,Tier 2 - Mid Intent,True,True,3945,128,213.63,16.8,1031.65
2025-10-12,Skincare Routine Quiz,Plant Based,plant based moisturizer,Phrase match,Tier 2 - Mid Intent,True,True,2784,106,188.81,12.9,903.76
2025-10-13,Best Serum for Dry Skin,Vitamin C Serum,best vitamin c serum for dry skin,Exact match,Tier 1 - High Intent,True,True,7072,287,442.2,30.3,2354.65
2025-10-13,Best Serum for Dry Skin,Hydrating Serum,buy hydrating face serum online,Exact match,Tier 1 - High Intent,True,True,6147,230,365.08,27.7,1952.15
2025-10-13,Best Serum for Dry Skin,Natural Serum,natural skincare routine,Phrase match,Tier 2 - Mid Intent,True,False,2700,113,152.99,12.0,785.65
2025-10-13,Best Serum for Dry Skin,Broad Skincare,skincare,Broad match,Untiered - Broad,False,False,2189,79,135.25,8.7,677.24
2025-10-13,Brand Defense,Brand Core,pureglow skincare,Exact match,Tier 3 - Brand Defense,False,True,2799,93,151.62,11.5,761.55
2025-10-13,Brand Defense,Brand Bundle,pureglow spf bundle,Exact match,Tier 3 - Brand Defense,False,True,1438,51,72.27,6.0,413.51
2025-10-13,Brand Defense,Brand Product,pureglow vitamin c serum,Exact match,Tier 3 - Brand Defense,False,True,2225,76,120.01,9.0,620.18
2025-10-13,SPF Moisturizer Bundle,Daily SPF,buy spf moisturizer online,Exact match,Tier 1 - High Intent,True,True,4207,156,242.13,17.5,1145.61
2025-10-13,SPF Moisturizer Bundle,Broad Moisturizer,moisturizer,Broad match,Untiered - Broad,False,False,1793,69,122.16,9.0,624.69
2025-10-13,SPF Moisturizer Bundle,SPF Bundle,spf moisturizer bundle,Exact match,Tier 1 - High Intent,True,True,5585,223,330.73,24.6,1680.99
2025-10-13,SPF Moisturizer Bundle,Vegan SPF,vegan spf moisturizer,Phrase match,Tier 2 - Mid Intent,True,True,2247,88,135.71,9.8,631.7
2025-10-13,Skincare Routine Quiz,Routine Quiz,best skincare routine for dry skin,Phrase match,Tier 2 - Mid Intent,True,True,3982,126,220.83,15.1,1061.34
2025-10-13,Skincare Routine Quiz,Plant Based,plant based moisturizer,Phrase match,Tier 2 - Mid Intent,True,True,3140,114,175.22,13.2,956.51
2025-10-14,Best Serum for Dry Skin,Vitamin C Serum,best vitamin c serum for dry skin,Exact match,Tier 1 - High Intent,True,True,7286,265,445.16,34.2,2196.06
2025-10-14,Best Serum for Dry Skin,Hydrating Serum,buy hydrating face serum online,Exact match,Tier 1 - High Intent,True,True,5809,244,382.97,24.6,1779.9
2025-10-14,Best Serum for Dry Skin,Natural Serum,natural skincare routine,Phrase match,Tier 2 - Mid Intent,True,False,2865,110,160.25,12.8,791.93
2025-10-14,Best Serum for Dry Skin,Broad Skincare,skincare,Broad match,Untiered - Broad,False,False,2249,78,135.95,9.6,612.63
2025-10-14,Brand Defense,Brand Core,pureglow skincare,Exact match,Tier 3 - Brand Defense,False,True,2680,99,154.6,9.7,683.27
2025-10-14,Brand Defense,Brand Bundle,pureglow spf bundle,Exact match,Tier 3 - Brand Defense,False,True,1432,48,76.08,5.7,368.05
2025-10-14,Brand Defense,Brand Product,pureglow vitamin c serum,Exact match,Tier 3 - Brand Defense,False,True,2282,81,133.56,9.9,554.47
2025-10-14,SPF Moisturizer Bundle,Daily SPF,buy spf moisturizer online,Exact match,Tier 1 - High Intent,True,True,4275,143,246.57,18.6,1269.81
2025-10-14,SPF Moisturizer Bundle,Broad Moisturizer,moisturizer,Broad match,Untiered - Broad,False,False,1847,79,119.58,7.9,530.42
2025-10-14,SPF Moisturizer Bundle,SPF Bundle,spf moisturizer bundle,Exact match,Tier 1 - High Intent,True,True,6098,206,330.7,25.8,1589.75
2025-10-14,SPF Moisturizer Bundle,Vegan SPF,vegan spf moisturizer,Phrase match,Tier 2 - Mid Intent,True,True,2386,94,144.7,10.0,619.2
2025-10-14,Skincare Routine Quiz,Routine Quiz,best skincare routine for dry skin,Phrase match,Tier 2 - Mid Intent,True,True,3799,149,218.33,15.1,1004.93
2025-10-14,Skincare Routine Quiz,Plant Based,plant based moisturizer,Phrase match,Tier 2 - Mid Intent,True,True,2805,120,176.75,11.7,787.14
2025-10-15,Best Serum for Dry Skin,Vitamin C Serum,best vitamin c serum for dry skin,Exact match,Tier 1 - High Intent,True,True,7421,253,389.19,29.7,1965.47
2025-10-15,Best Serum for Dry Skin,Hydrating Serum,buy hydrating face serum online,Exact match,Tier 1 - High Intent,True,True,6032,224,327.35,24.9,1642.62
2025-10-15,Best Serum for Dry Skin,Natural Serum,natural skincare routine,Phrase match,Tier 2 - Mid Intent,True,False,3016,108,148.04,10.6,771.09
2025-10-15,Best Serum for Dry Skin,Broad Skincare,skincare,Broad match,Untiered - Broad,False,False,2119,86,121.16,8.9,565.46
2025-10-15,Brand Defense,Brand Core,pureglow skincare,Exact match,Tier 3 - Brand Defense,False,True,2773,99,137.33,11.3,782.84
2025-10-15,Brand Defense,Brand Bundle,pureglow spf bundle,Exact match,Tier 3 - Brand Defense,False,True,1356,48,77.11,5.7,385.44
2025-10-15,Brand Defense,Brand Product,pureglow vitamin c serum,Exact match,Tier 3 - Brand Defense,False,True,2250,84,116.44,8.2,575.45
2025-10-15,SPF Moisturizer Bundle,Daily SPF,buy spf moisturizer online,Exact match,Tier 1 - High Intent,True,True,4103,151,250.1,16.0,1184.46
2025-10-15,SPF Moisturizer Bundle,Broad Moisturizer,moisturizer,Broad match,Untiered - Broad,False,False,1866,70,105.76,8.2,537.95
2025-10-15,SPF Moisturizer Bundle,SPF Bundle,spf moisturizer bundle,Exact match,Tier 1 - High Intent,True,True,5744,193,306.68,24.8,1582.45
2025-10-15,SPF Moisturizer Bundle,Vegan SPF,vegan spf moisturizer,Phrase match,Tier 2 - Mid Intent,True,True,2315,83,137.9,9.3,677.27
2025-10-15,Skincare Routine Quiz,Routine Quiz,best skincare routine for dry skin,Phrase match,Tier 2 - Mid Intent,True,True,3887,141,194.59,15.0,994.94
2025-10-15,Skincare Routine Quiz,Plant Based,plant based moisturizer,Phrase match,Tier 2 - Mid Intent,True,True,2956,110,170.64,12.3,938.84
2025-10-16,Best Serum for Dry Skin,Vitamin C Serum,best vitamin c serum for dry skin,Exact match,Tier 1 - High Intent,True,True,6885,264,448.2,29.8,2295.87
2025-10-16,Best Serum for Dry Skin,Hydrating Serum,buy hydrating face serum online,Exact match,Tier 1 - High Intent,True,True,6197,206,329.14,25.6,1601.25
2025-10-16,Best Serum for Dry Skin,Natural Serum,natural skincare routine,Phrase match,Tier 2 - Mid Intent,True,False,2683,99,150.79,12.6,789.27
2025-10-16,Best Serum for Dry Skin,Broad Skincare,skincare,Broad match,Untiered - Broad,False,False,2118,72,118.09,8.6,641.91
2025-10-16,Brand Defense,Brand Core,pureglow skincare,Exact match,Tier 3 - Brand Defense,False,True,2813,89,138.61,10.9,800.87
2025-10-16,Brand Defense,Brand Bundle,pureglow spf bundle,Exact match,Tier 3 - Brand Defense,False,True,1245,50,74.19,6.1,349.86
2025-10-16,Brand Defense,Brand Product,pureglow vitamin c serum,Exact match,Tier 3 - Brand Defense,False,True,2402,75,129.97,9.0,570.89
2025-10-16,SPF Moisturizer Bundle,Daily SPF,buy spf moisturizer online,Exact match,Tier 1 - High Intent,True,True,3909,153,237.59,16.5,1129.46
2025-10-16,SPF Moisturizer Bundle,Broad Moisturizer,moisturizer,Broad match,Untiered - Broad,False,False,1924,72,116.28,7.5,551.55
2025-10-16,SPF Moisturizer Bundle,SPF Bundle,spf moisturizer bundle,Exact match,Tier 1 - High Intent,True,True,5453,199,312.57,23.5,1679.46
2025-10-16,SPF Moisturizer Bundle,Vegan SPF,vegan spf moisturizer,Phrase match,Tier 2 - Mid Intent,True,True,2422,80,137.26,11.2,748.36
2025-10-16,Skincare Routine Quiz,Routine Quiz,best skincare routine for dry skin,Phrase match,Tier 2 - Mid Intent,True,True,3928,141,210.0,14.7,1114.78
2025-10-16,Skincare Routine Quiz,Plant Based,plant based moisturizer,Phrase match,Tier 2 - Mid Intent,True,True,3203,110,178.22,12.4,839.6
2025-10-17,Best Serum for Dry Skin,Vitamin C Serum,best vitamin c serum for dry skin,Exact match,Tier 1 - High Intent,True,True,6868,267,456.61,30.6,2030.34
2025-10-17,Best Serum for Dry Skin,Hydrating Serum,buy hydrating face serum online,Exact match,Tier 1 - High Intent,True,True,6180,220,343.48,27.8,1931.13
2025-10-17,Best Serum for Dry Skin,Natural Serum,natural skincare routine,Phrase match,Tier 2 - Mid Intent,True,False,2848,108,156.13,13.2,796.61
2025-10-17,Best Serum for Dry Skin,Broad Skincare,skincare,Broad match,Untiered - Broad,False,False,2013,74,136.06,9.1,652.37
2025-10-17,Brand Defense,Brand Core,pureglow skincare,Exact match,Tier 3 - Brand Defense,False,True,2590,92,154.13,10.9,819.78
2025-10-17,Brand Defense,Brand Bundle,pureglow spf bundle,Exact match,Tier 3 - Brand Defense,False,True,1399,47,81.48,5.0,400.14
2025-10-17,Brand Defense,Brand Product,pureglow vitamin c serum,Exact match,Tier 3 - Brand Defense,False,True,2042,80,131.27,10.0,686.58
2025-10-17,SPF Moisturizer Bundle,Daily SPF,buy spf moisturizer online,Exact match,Tier 1 - High Intent,True,True,3976,159,255.57,15.5,1221.56
2025-10-17,SPF Moisturizer Bundle,Broad Moisturizer,moisturizer,Broad match,Untiered - Broad,False,False,2105,66,110.55,8.5,601.52
2025-10-17,SPF Moisturizer Bundle,SPF Bundle,spf moisturizer bundle,Exact match,Tier 1 - High Intent,True,True,5742,224,313.11,23.8,1541.41
2025-10-17,SPF Moisturizer Bundle,Vegan SPF,vegan spf moisturizer,Phrase match,Tier 2 - Mid Intent,True,True,2542,88,130.5,10.0,760.96
2025-10-17,Skincare Routine Quiz,Routine Quiz,best skincare routine for dry skin,Phrase match,Tier 2 - Mid Intent,True,True,3306,146,219.83,13.9,1004.79
2025-10-17,Skincare Routine Quiz,Plant Based,plant based moisturizer,Phrase match,Tier 2 - Mid Intent,True,True,3020,118,175.29,11.7,933.64
2025-10-18,Best Serum for Dry Skin,Vitamin C Serum,best vitamin c serum for dry skin,Exact match,Tier 1 - High Intent,True,True,9028,314,467.27,33.3,2273.42
2025-10-18,Best Serum for Dry Skin,Hydrating Serum,buy hydrating face serum online,Exact match,Tier 1 - High Intent,True,True,6885,239,384.93,28.2,1658.17
2025-10-18,Best Serum for Dry Skin,Natural Serum,natural skincare routine,Phrase match,Tier 2 - Mid Intent,True,False,3440,114,161.61,13.3,783.3
2025-10-18,Best Serum for Dry Skin,Broad Skincare,skincare,Broad match,Untiered - Broad,False,False,2340,79,126.79,8.6,659.61
2025-10-18,Brand Defense,Brand Core,pureglow skincare,Exact match,Tier 3 - Brand Defense,False,True,3131,101,157.69,10.9,820.09
2025-10-18,Brand Defense,Brand Bundle,pureglow spf bundle,Exact match,Tier 3 - Brand Defense,False,True,1567,48,77.71,5.5,372.83
2025-10-18,Brand Defense,Brand Product,pureglow vitamin c serum,Exact match,Tier 3 - Brand Defense,False,True,2381,92,137.06,9.9,713.51
2025-10-18,SPF Moisturizer Bundle,Daily SPF,buy spf moisturizer online,Exact match,Tier 1 - High Intent,True,True,4604,175,266.74,17.2,1160.39
2025-10-18,SPF Moisturizer Bundle,Broad Moisturizer,moisturizer,Broad match,Untiered - Broad,False,False,2185,83,117.65,9.0,564.33
2025-10-18,SPF Moisturizer Bundle,SPF Bundle,spf moisturizer bundle,Exact match,Tier 1 - High Intent,True,True,5704,217,365.61,21.7,1821.19
2025-10-18,SPF Moisturizer Bundle,Vegan SPF,vegan spf moisturizer,Phrase match,Tier 2 - Mid Intent,True,True,2869,92,136.9,9.1,667.63
2025-10-18,Skincare Routine Quiz,Routine Quiz,best skincare routine for dry skin,Phrase match,Tier 2 - Mid Intent,True,True,3807,150,227.59,15.3,1063.87
2025-10-18,Skincare Routine Quiz,Plant Based,plant based moisturizer,Phrase match,Tier 2 - Mid Intent,True,True,3090,112,177.69,11.6,897.29
2025-10-19,Best Serum for Dry Skin,Vitamin C Serum,best vitamin c serum for dry skin,Exact match,Tier 1 - High Intent,True,True,6713,287,438.34,31.9,2504.39
2025-10-19,Best Serum for Dry Skin,Hydrating Serum,buy hydrating face serum online,Exact match,Tier 1 - High Intent,True,True,5791,214,337.49,25.2,2029.52
2025-10-19,Best Serum for Dry Skin,Natural Serum,natural skincare routine,Phrase match,Tier 2 - Mid Intent,True,False,2656,109,159.61,13.4,951.11
2025-10-19,Best Serum for Dry Skin,Broad Skincare,skincare,Broad match,Untiered - Broad,False,False,2094,78,120.82,10.1,634.13
2025-10-19,Brand Defense,Brand Core,pureglow skincare,Exact match,Tier 3 - Brand Defense,False,True,2508,100,151.01,10.4,787.2
2025-10-19,Brand Defense,Brand Bundle,pureglow spf bundle,Exact match,Tier 3 - Brand Defense,False,True,1415,51,74.85,6.2,414.19
2025-10-19,Brand Defense,Brand Product,pureglow vitamin c serum,Exact match,Tier 3 - Brand Defense,False,True,2359,81,130.91,8.4,686.38
2025-10-19,SPF Moisturizer Bundle,Daily SPF,buy spf moisturizer online,Exact match,Tier 1 - High Intent,True,True,3911,152,246.81,18.5,1237.12
2025-10-19,SPF Moisturizer Bundle,Broad Moisturizer,moisturizer,Broad match,Untiered - Broad,False,False,2096,78,122.98,8.1,556.01
2025-10-19,SPF Moisturizer Bundle,SPF Bundle,spf moisturizer bundle,Exact match,Tier 1 - High Intent,True,True,5601,214,361.8,26.1,1799.49
2025-10-19,SPF Moisturizer Bundle,Vegan SPF,vegan spf moisturizer,Phrase match,Tier 2 - Mid Intent,True,True,2593,87,143.52,9.2,715.53
2025-10-19,Skincare Routine Quiz,Routine Quiz,best skincare routine for dry skin,Phrase match,Tier 2 - Mid Intent,True,True,3895,135,228.34,16.4,1073.79
2025-10-19,Skincare Routine Quiz,Plant Based,plant based moisturizer,Phrase match,Tier 2 - Mid Intent,True,True,2851,110,194.98,14.5,977.72
2025-10-20,Best Serum for Dry Skin,Vitamin C Serum,best vitamin c serum for dry skin,Exact match,Tier 1 - High Intent,True,True,8101,289,413.23,31.7,2076.75
2025-10-20,Best Serum for Dry Skin,Hydrating Serum,buy hydrating face serum online,Exact match,Tier 1 - High Intent,True,True,6457,237,346.22,24.4,1844.53
2025-10-20,Best Serum for Dry Skin,Natural Serum,natural skincare routine,Phrase match,Tier 2 - Mid Intent,True,False,3016,111,173.35,10.6,833.21
2025-10-20,Best Serum for Dry Skin,Broad Skincare,skincare,Broad match,Untiered - Broad,False,False,2192,79,123.48,8.2,600.87
2025-10-20,Brand Defense,Brand Core,pureglow skincare,Exact match,Tier 3 - Brand Defense,False,True,2608,102,155.98,12.1,756.08
2025-10-20,Brand Defense,Brand Bundle,pureglow spf bundle,Exact match,Tier 3 - Brand Defense,False,True,1409,47,78.84,4.9,399.18
2025-10-20,Brand Defense,Brand Product,pureglow vitamin c serum,Exact match,Tier 3 - Brand Defense,False,True,2187,82,127.76,8.4,615.52
2025-10-20,SPF Moisturizer Bundle,Daily SPF,buy spf moisturizer online,Exact match,Tier 1 - High Intent,True,True,4123,149,232.72,15.9,1341.31
2025-10-20,SPF Moisturizer Bundle,Broad Moisturizer,moisturizer,Broad match,Untiered - Broad,False,False,1794,76,115.63,8.2,627.29
2025-10-20,SPF Moisturizer Bundle,SPF Bundle,spf moisturizer bundle,Exact match,Tier 1 - High Intent,True,True,5424,211,344.16,24.5,1850.37
2025-10-20,SPF Moisturizer Bundle,Vegan SPF,vegan spf moisturizer,Phrase match,Tier 2 - Mid Intent,True,True,2491,93,147.11,10.8,702.26
2025-10-20,Skincare Routine Quiz,Routine Quiz,best skincare routine for dry skin,Phrase match,Tier 2 - Mid Intent,True,True,3728,140,224.11,14.3,1213.45
2025-10-20,Skincare Routine Quiz,Plant Based,plant based moisturizer,Phrase match,Tier 2 - Mid Intent,True,True,3148,117,184.35,13.5,970.92
2025-10-21,Best Serum for Dry Skin,Vitamin C Serum,best vitamin c serum for dry skin,Exact match,Tier 1 - High Intent,True,True,6158,265,384.98,28.3,2222.78
2025-10-21,Best Serum for Dry Skin,Hydrating Serum,buy hydrating face serum online,Exact match,Tier 1 - High Intent,True,True,5819,211,345.08,25.2,1644.08
2025-10-21,Best Serum for Dry Skin,Natural Serum,natural skincare routine,Phrase match,Tier 2 - Mid Intent,True,False,2552,92,150.03,11.3,777.17
2025-10-21,Best Serum for Dry Skin,Broad Skincare,skincare,Broad match,Untiered - Broad,False,False,1975,76,128.26,8.0,552.25
2025-10-21,Brand Defense,Brand Core,pureglow skincare,Exact match,Tier 3 - Brand Defense,False,True,2183,89,155.02,11.1,795.11
2025-10-21,Brand Defense,Brand Bundle,pureglow spf bundle,Exact match,Tier 3 - Brand Defense,False,True,1239,48,70.58,5.4,394.99
2025-10-21,Brand Defense,Brand Product,pureglow vitamin c serum,Exact match,Tier 3 - Brand Defense,False,True,2046,73,120.98,9.3,568.08
2025-10-21,SPF Moisturizer Bundle,Daily SPF,buy spf moisturizer online,Exact match,Tier 1 - High Intent,True,True,3496,147,214.23,17.4,1084.93
2025-10-21,SPF Moisturizer Bundle,Broad Moisturizer,moisturizer,Broad match,Untiered - Broad,False,False,1686,70,106.69,7.4,544.57
2025-10-21,SPF Moisturizer Bundle,SPF Bundle,spf moisturizer bundle,Exact match,Tier 1 - High Intent,True,True,5285,202,304.26,24.1,1681.2
2025-10-21,SPF Moisturizer Bundle,Vegan SPF,vegan spf moisturizer,Phrase match,Tier 2 - Mid Intent,True,True,2191,80,137.54,9.5,655.16
2025-10-21,Skincare Routine Quiz,Routine Quiz,best skincare routine for dry skin,Phrase match,Tier 2 - Mid Intent,True,True,3439,134,195.38,14.7,1017.09
2025-10-21,Skincare Routine Quiz,Plant Based,plant based moisturizer,Phrase match,Tier 2 - Mid Intent,True,True,2618,100,162.46,11.8,816.37
2025-10-22,Best Serum for Dry Skin,Vitamin C Serum,best vitamin c serum for dry skin,Exact match,Tier 1 - High Intent,True,True,7105,281,476.48,31.4,2310.86
2025-10-22,Best Serum for Dry Skin,Hydrating Serum,buy hydrating face serum online,Exact match,Tier 1 - High Intent,True,True,6098,234,363.09,22.8,1719.13
2025-10-22,Best Serum for Dry Skin,Natural Serum,natural skincare routine,Phrase match,Tier 2 - Mid Intent,True,False,2584,102,174.64,10.9,816.26
2025-10-22,Best Serum for Dry Skin,Broad Skincare,skincare,Broad match,Untiered - Broad,False,False,1993,87,138.94,8.7,604.48
2025-10-22,Brand Defense,Brand Core,pureglow skincare,Exact match,Tier 3 - Brand Defense,False,True,2607,98,164.04,11.6,796.81
2025-10-22,Brand Defense,Brand Bundle,pureglow spf bundle,Exact match,Tier 3 - Brand Defense,False,True,1416,49,75.38,5.0,373.12
2025-10-22,Brand Defense,Brand Product,pureglow vitamin c serum,Exact match,Tier 3 - Brand Defense,False,True,2252,79,129.55,8.6,638.25
2025-10-22,SPF Moisturizer Bundle,Daily SPF,buy spf moisturizer online,Exact match,Tier 1 - High Intent,True,True,4480,157,265.1,15.3,1242.39
2025-10-22,SPF Moisturizer Bundle,Broad Moisturizer,moisturizer,Broad match,Untiered - Broad,False,False,2115,78,115.55,7.4,541.0
2025-10-22,SPF Moisturizer Bundle,SPF Bundle,spf moisturizer bundle,Exact match,Tier 1 - High Intent,True,True,6153,230,354.46,22.0,1602.2
2025-10-22,SPF Moisturizer Bundle,Vegan SPF,vegan spf moisturizer,Phrase match,Tier 2 - Mid Intent,True,True,2428,97,134.05,9.9,671.45
2025-10-22,Skincare Routine Quiz,Routine Quiz,best skincare routine for dry skin,Phrase match,Tier 2 - Mid Intent,True,True,3777,136,222.78,14.9,1003.64
2025-10-22,Skincare Routine Quiz,Plant Based,plant based moisturizer,Phrase match,Tier 2 - Mid Intent,True,True,2901,109,189.77,12.8,858.06
2025-10-23,Best Serum for Dry Skin,Vitamin C Serum,best vitamin c serum for dry skin,Exact match,Tier 1 - High Intent,True,True,6974,262,400.19,27.5,1945.76
2025-10-23,Best Serum for Dry Skin,Hydrating Serum,buy hydrating face serum online,Exact match,Tier 1 - High Intent,True,True,5977,209,317.36,26.9,1877.59
2025-10-23,Best Serum for Dry Skin,Natural Serum,natural skincare routine,Phrase match,Tier 2 - Mid Intent,True,False,2630,107,163.02,12.4,822.19
2025-10-23,Best Serum for Dry Skin,Broad Skincare,skincare,Broad match,Untiered - Broad,False,False,2168,83,109.08,8.0,633.6
2025-10-23,Brand Defense,Brand Core,pureglow skincare,Exact match,Tier 3 - Brand Defense,False,True,2569,94,146.23,9.9,794.43
2025-10-23,Brand Defense,Brand Bundle,pureglow spf bundle,Exact match,Tier 3 - Brand Defense,False,True,1217,49,75.89,4.8,345.08
2025-10-23,Brand Defense,Brand Product,pureglow vitamin c serum,Exact match,Tier 3 - Brand Defense,False,True,2205,76,122.05,9.5,672.57
2025-10-23,SPF Moisturizer Bundle,Daily SPF,buy spf moisturizer online,Exact match,Tier 1 - High Intent,True,True,3985,147,235.26,15.8,1130.81
2025-10-23,SPF Moisturizer Bundle,Broad Moisturizer,moisturizer,Broad match,Untiered - Broad,False,False,1937,64,103.11,7.9,520.78
2025-10-23,SPF Moisturizer Bundle,SPF Bundle,spf moisturizer bundle,Exact match,Tier 1 - High Intent,True,True,5466,211,298.69,24.8,1525.74
2025-10-23,SPF Moisturizer Bundle,Vegan SPF,vegan spf moisturizer,Phrase match,Tier 2 - Mid Intent,True,True,2215,81,127.54,9.3,742.19
2025-10-23,Skincare Routine Quiz,Routine Quiz,best skincare routine for dry skin,Phrase match,Tier 2 - Mid Intent,True,True,3243,126,200.01,13.5,1027.37
2025-10-23,Skincare Routine Quiz,Plant Based,plant based moisturizer,Phrase match,Tier 2 - Mid Intent,True,True,2761,105,154.69,12.1,887.35
2025-10-24,Best Serum for Dry Skin,Vitamin C Serum,best vitamin c serum for dry skin,Exact match,Tier 1 - High Intent,True,True,8876,279,459.24,31.9,2293.65
2025-10-24,Best Serum for Dry Skin,Hydrating Serum,buy hydrating face serum online,Exact match,Tier 1 - High Intent,True,True,6131,258,354.84,24.9,1741.14
2025-10-24,Best Serum for Dry Skin,Natural Serum,natural skincare routine,Phrase match,Tier 2 - Mid Intent,True,False,2889,108,175.34,11.8,817.76
2025-10-24,Best Serum for Dry Skin,Broad Skincare,skincare,Broad match,Untiered - Broad,False,False,2309,80,130.35,8.9,666.31
2025-10-24,Brand Defense,Brand Core,pureglow skincare,Exact match,Tier 3 - Brand Defense,False,True,2671,107,161.25,11.5,752.98
2025-10-24,Brand Defense,Brand Bundle,pureglow spf bundle,Exact match,Tier 3 - Brand Defense,False,True,1299,48,76.43,5.7,441.71
2025-10-24,Brand Defense,Brand Product,pureglow vitamin c serum,Exact match,Tier 3 - Brand Defense,False,True,2296,82,143.21,9.0,689.03
2025-10-24,SPF Moisturizer Bundle,Daily SPF,buy spf moisturizer online,Exact match,Tier 1 - High Intent,True,True,4905,172,248.16,16.6,1305.33
2025-10-24,SPF Moisturizer Bundle,Broad Moisturizer,moisturizer,Broad match,Untiered - Broad,False,False,2280,77,110.57,8.6,635.45
2025-10-24,SPF Moisturizer Bundle,SPF Bundle,spf moisturizer bundle,Exact match,Tier 1 - High Intent,True,True,5871,242,379.02,22.4,1639.91
2025-10-24,SPF Moisturizer Bundle,Vegan SPF,vegan spf moisturizer,Phrase match,Tier 2 - Mid Intent,True,True,2380,93,145.77,10.4,688.11
2025-10-24,Skincare Routine Quiz,Routine Quiz,best skincare routine for dry skin,Phrase match,Tier 2 - Mid Intent,True,True,3650,158,234.52,16.5,1100.58
2025-10-24,Skincare Routine Quiz,Plant Based,plant based moisturizer,Phrase match,Tier 2 - Mid Intent,True,True,3249,115,176.27,13.3,993.24
2025-10-25,Best Serum for Dry Skin,Vitamin C Serum,best vitamin c serum for dry skin,Exact match,Tier 1 - High Intent,True,True,7204,278,418.45,34.3,2330.81
2025-10-25,Best Serum for Dry Skin,Hydrating Serum,buy hydrating face serum online,Exact match,Tier 1 - High Intent,True,True,6152,244,383.08,29.8,1823.98
2025-10-25,Best Serum for Dry Skin,Natural Serum,natural skincare routine,Phrase match,Tier 2 - Mid Intent,True,False,2846,115,185.31,12.2,874.87
2025-10-25,Best Serum for Dry Skin,Broad Skincare,skincare,Broad match,Untiered - Broad,False,False,2389,88,135.82,9.4,678.89
2025-10-25,Brand Defense,Brand Core,pureglow skincare,Exact match,Tier 3 - Brand Defense,False,True,2569,104,162.36,11.1,889.71
2025-10-25,Brand Defense,Brand Bundle,pureglow spf bundle,Exact match,Tier 3 - Brand Defense,False,True,1488,55,77.13,6.1,455.66
2025-10-25,Brand Defense,Brand Product,pureglow vitamin c serum,Exact match,Tier 3 - Brand Defense,False,True,2226,88,127.42,8.7,686.43
2025-10-25,SPF Moisturizer Bundle,Daily SPF,buy spf moisturizer online,Exact match,Tier 1 - High Intent,True,True,4532,153,270.07,19.0,1399.21
2025-10-25,SPF Moisturizer Bundle,Broad Moisturizer,moisturizer,Broad match,Untiered - Broad,False,False,2213,72,119.96,9.7,626.76
2025-10-25,SPF Moisturizer Bundle,SPF Bundle,spf moisturizer bundle,Exact match,Tier 1 - High Intent,True,True,5878,238,356.32,27.9,1894.17
2025-10-25,SPF Moisturizer Bundle,Vegan SPF,vegan spf moisturizer,Phrase match,Tier 2 - Mid Intent,True,True,2551,100,153.76,9.9,740.35
2025-10-25,Skincare Routine Quiz,Routine Quiz,best skincare routine for dry skin,Phrase match,Tier 2 - Mid Intent,True,True,3867,145,224.97,18.5,1163.2
2025-10-25,Skincare Routine Quiz,Plant Based,plant based moisturizer,Phrase match,Tier 2 - Mid Intent,True,True,3523,115,182.14,13.0,948.99
2025-10-26,Best Serum for Dry Skin,Vitamin C Serum,best vitamin c serum for dry skin,Exact match,Tier 1 - High Intent,True,True,8810,318,448.83,33.7,2474.01
2025-10-26,Best Serum for Dry Skin,Hydrating Serum,buy hydrating face serum online,Exact match,Tier 1 - High Intent,True,True,6463,256,384.12,27.8,1844.3
2025-10-26,Best Serum for Dry Skin,Natural Serum,natural skincare routine,Phrase match,Tier 2 - Mid Intent,True,False,3377,123,171.53,11.9,873.38
2025-10-26,Best Serum for Dry Skin,Broad Skincare,skincare,Broad match,Untiered - Broad,False,False,2421,90,136.22,9.0,616.07
2025-10-26,Brand Defense,Brand Core,pureglow skincare,Exact match,Tier 3 - Brand Defense,False,True,3019,110,165.91,13.1,808.63
2025-10-26,Brand Defense,Brand Bundle,pureglow spf bundle,Exact match,Tier 3 - Brand Defense,False,True,1420,55,85.85,6.5,420.49
2025-10-26,Brand Defense,Brand Product,pureglow vitamin c serum,Exact match,Tier 3 - Brand Defense,False,True,2317,92,137.06,8.7,692.14
2025-10-26,SPF Moisturizer Bundle,Daily SPF,buy spf moisturizer online,Exact match,Tier 1 - High Intent,True,True,4973,164,258.75,20.3,1309.95
2025-10-26,SPF Moisturizer Bundle,Broad Moisturizer,moisturizer,Broad match,Untiered - Broad,False,False,2207,81,121.75,9.6,617.05
2025-10-26,SPF Moisturizer Bundle,SPF Bundle,spf moisturizer bundle,Exact match,Tier 1 - High Intent,True,True,6705,222,329.14,23.9,1796.43
2025-10-26,SPF Moisturizer Bundle,Vegan SPF,vegan spf moisturizer,Phrase match,Tier 2 - Mid Intent,True,True,2548,103,145.14,9.9,790.97
2025-10-26,Skincare Routine Quiz,Routine Quiz,best skincare routine for dry skin,Phrase match,Tier 2 - Mid Intent,True,True,4192,153,229.83,17.7,1111.54
2025-10-26,Skincare Routine Quiz,Plant Based,plant based moisturizer,Phrase match,Tier 2 - Mid Intent,True,True,3603,119,197.76,14.0,934.08
2025-10-27,Best Serum for Dry Skin,Vitamin C Serum,best vitamin c serum for dry skin,Exact match,Tier 1 - High Intent,True,True,7335,296,429.69,29.8,2510.45
2025-10-27,Best Serum for Dry Skin,Hydrating Serum,buy hydrating face serum online,Exact match,Tier 1 - High Intent,True,True,6659,247,360.8,24.3,1772.24
2025-10-27,Best Serum for Dry Skin,Natural Serum,natural skincare routine,Phrase match,Tier 2 - Mid Intent,True,False,3124,112,182.06,12.5,940.09
2025-10-27,Best Serum for Dry Skin,Broad Skincare,skincare,Broad match,Untiered - Broad,False,False,2170,85,124.81,10.4,626.24
2025-10-27,Brand Defense,Brand Core,pureglow skincare,Exact match,Tier 3 - Brand Defense,False,True,2970,109,149.49,11.2,782.07
2025-10-27,Brand Defense,Brand Bundle,pureglow spf bundle,Exact match,Tier 3 - Brand Defense,False,True,1450,54,80.47,6.4,390.54
2025-10-27,Brand Defense,Brand Product,pureglow vitamin c serum,Exact match,Tier 3 - Brand Defense,False,True,2300,81,127.68,8.9,692.08
2025-10-27,SPF Moisturizer Bundle,Daily SPF,buy spf moisturizer online,Exact match,Tier 1 - High Intent,True,True,4216,161,261.19,20.2,1334.43
2025-10-27,SPF Moisturizer Bundle,Broad Moisturizer,moisturizer,Broad match,Untiered - Broad,False,False,1976,77,115.5,8.1,585.46
2025-10-27,SPF Moisturizer Bundle,SPF Bundle,spf moisturizer bundle,Exact match,Tier 1 - High Intent,True,True,5933,238,348.44,22.7,1938.26
2025-10-27,SPF Moisturizer Bundle,Vegan SPF,vegan spf moisturizer,Phrase match,Tier 2 - Mid Intent,True,True,2813,93,142.9,9.9,734.19
2025-10-27,Skincare Routine Quiz,Routine Quiz,best skincare routine for dry skin,Phrase match,Tier 2 - Mid Intent,True,True,4013,156,212.55,18.1,1297.72
2025-10-27,Skincare Routine Quiz,Plant Based,plant based moisturizer,Phrase match,Tier 2 - Mid Intent,True,True,3474,119,200.21,14.4,1021.6
2025-10-28,Best Serum for Dry Skin,Vitamin C Serum,best vitamin c serum for dry skin,Exact match,Tier 1 - High Intent,True,True,7220,287,452.41,29.7,2446.87
2025-10-28,Best Serum for Dry Skin,Hydrating Serum,buy hydrating face serum online,Exact match,Tier 1 - High Intent,True,True,5957,231,348.43,27.2,1873.54
2025-10-28,Best Serum for Dry Skin,Natural Serum,natural skincare routine,Phrase match,Tier 2 - Mid Intent,True,False,2750,109,180.43,12.9,912.62
2025-10-28,Best Serum for Dry Skin,Broad Skincare,skincare,Broad match,Untiered - Broad,False,False,2007,88,122.29,9.3,660.35
2025-10-28,Brand Defense,Brand Core,pureglow skincare,Exact match,Tier 3 - Brand Defense,False,True,2535,107,165.07,10.8,715.05
2025-10-28,Brand Defense,Brand Bundle,pureglow spf bundle,Exact match,Tier 3 - Brand Defense,False,True,1361,51,76.98,6.1,406.8
2025-10-28,Brand Defense,Brand Product,pureglow vitamin c serum,Exact match,Tier 3 - Brand Defense,False,True,2226,88,130.41,9.4,620.49
2025-10-28,SPF Moisturizer Bundle,Daily SPF,buy spf moisturizer online,Exact match,Tier 1 - High Intent,True,True,4582,171,259.86,16.8,1260.9
2025-10-28,SPF Moisturizer Bundle,Broad Moisturizer,moisturizer,Broad match,Untiered - Broad,False,False,2174,78,109.93,8.3,606.39
2025-10-28,SPF Moisturizer Bundle,SPF Bundle,spf moisturizer bundle,Exact match,Tier 1 - High Intent,True,True,6332,244,325.96,25.5,1707.61
2025-10-28,SPF Moisturizer Bundle,Vegan SPF,vegan spf moisturizer,Phrase match,Tier 2 - Mid Intent,True,True,2507,100,133.48,11.1,743.52
2025-10-28,Skincare Routine Quiz,Routine Quiz,best skincare routine for dry skin,Phrase match,Tier 2 - Mid Intent,True,True,4059,152,227.55,16.5,1176.07
2025-10-28,Skincare Routine Quiz,Plant Based,plant based moisturizer,Phrase match,Tier 2 - Mid Intent,True,True,3190,123,174.17,11.8,889.44
2025-10-29,Best Serum for Dry Skin,Vitamin C Serum,best vitamin c serum for dry skin,Exact match,Tier 1 - High Intent,True,True,7771,269,421.73,29.3,2279.68
2025-10-29,Best Serum for Dry Skin,Hydrating Serum,buy hydrating face serum online,Exact match,Tier 1 - High Intent,True,True,6037,217,345.33,23.3,1859.22
2025-10-29,Best Serum for Dry Skin,Natural Serum,natural skincare routine,Phrase match,Tier 2 - Mid Intent,True,False,2652,108,153.76,12.2,882.67
2025-10-29,Best Serum for Dry Skin,Broad Skincare,skincare,Broad match,Untiered - Broad,False,False,1951,83,129.14,8.8,662.55
2025-10-29,Brand Defense,Brand Core,pureglow skincare,Exact match,Tier 3 - Brand Defense,False,True,2385,97,161.07,10.4,689.99
2025-10-29,Brand Defense,Brand Bundle,pureglow spf bundle,Exact match,Tier 3 - Brand Defense,False,True,1219,51,80.22,5.0,371.59
2025-10-29,Brand Defense,Brand Product,pureglow vitamin c serum,Exact match,Tier 3 - Brand Defense,False,True,2140,85,119.17,8.3,637.21
2025-10-29,SPF Moisturizer Bundle,Daily SPF,buy spf moisturizer online,Exact match,Tier 1 - High Intent,True,True,4155,158,253.22,18.6,1234.03
2025-10-29,SPF Moisturizer Bundle,Broad Moisturizer,moisturizer,Broad match,Untiered - Broad,False,False,2010,75,116.49,7.6,599.8
2025-10-29,SPF Moisturizer Bundle,SPF Bundle,spf moisturizer bundle,Exact match,Tier 1 - High Intent,True,True,5603,212,308.53,24.5,1564.94
2025-10-29,SPF Moisturizer Bundle,Vegan SPF,vegan spf moisturizer,Phrase match,Tier 2 - Mid Intent,True,True,2619,95,143.21,9.8,759.4
2025-10-29,Skincare Routine Quiz,Routine Quiz,best skincare routine for dry skin,Phrase match,Tier 2 - Mid Intent,True,True,3469,134,228.5,15.7,1008.91
2025-10-29,Skincare Routine Quiz,Plant Based,plant based moisturizer,Phrase match,Tier 2 - Mid Intent,True,True,3301,117,171.66,12.6,812.08
2025-10-30,Best Serum for Dry Skin,Vitamin C Serum,best vitamin c serum for dry skin,Exact match,Tier 1 - High Intent,True,True,7934,278,416.24,32.9,2004.37
2025-10-30,Best Serum for Dry Skin,Hydrating Serum,buy hydrating face serum online,Exact match,Tier 1 - High Intent,True,True,6691,208,373.42,24.8,1591.09
2025-10-30,Best Serum for Dry Skin,Natural Serum,natural skincare routine,Phrase match,Tier 2 - Mid Intent,True,False,2940,111,150.67,12.3,833.33
2025-10-30,Best Serum for Dry Skin,Broad Skincare,skincare,Broad match,Untiered - Broad,False,False,2134,74,126.63,7.7,588.7
2025-10-30,Brand Defense,Brand Core,pureglow skincare,Exact match,Tier 3 - Brand Defense,False,True,2793,100,159.4,9.5,802.16
2025-10-30,Brand Defense,Brand Bundle,pureglow spf bundle,Exact match,Tier 3 - Brand Defense,False,True,1301,49,70.2,5.4,377.1
2025-10-30,Brand Defense,Brand Product,pureglow vitamin c serum,Exact match,Tier 3 - Brand Defense,False,True,2321,80,120.98,8.7,573.86
2025-10-30,SPF Moisturizer Bundle,Daily SPF,buy spf moisturizer online,Exact match,Tier 1 - High Intent,True,True,4060,142,235.22,16.9,1252.85
2025-10-30,SPF Moisturizer Bundle,Broad Moisturizer,moisturizer,Broad match,Untiered - Broad,False,False,1894,71,104.31,7.1,548.63
2025-10-30,SPF Moisturizer Bundle,SPF Bundle,spf moisturizer bundle,Exact match,Tier 1 - High Intent,True,True,6032,204,308.17,21.1,1575.71
2025-10-30,SPF Moisturizer Bundle,Vegan SPF,vegan spf moisturizer,Phrase match,Tier 2 - Mid Intent,True,True,2237,96,133.46,9.0,686.09
2025-10-30,Skincare Routine Quiz,Routine Quiz,best skincare routine for dry skin,Phrase match,Tier 2 - Mid Intent,True,True,3745,147,215.7,14.7,1092.83
2025-10-30,Skincare Routine Quiz,Plant Based,plant based moisturizer,Phrase match,Tier 2 - Mid Intent,True,True,2908,112,169.74,12.4,888.61
2025-10-31,Best Serum for Dry Skin,Vitamin C Serum,best vitamin c serum for dry skin,Exact match,Tier 1 - High Intent,True,True,9028,328,500.01,36.4,2623.4
2025-10-31,Best Serum for Dry Skin,Hydrating Serum,buy hydrating face serum online,Exact match,Tier 1 - High Intent,True,True,7380,266,394.36,30.0,2235.87
2025-10-31,Best Serum for Dry Skin,Natural Serum,natural skincare routine,Phrase match,Tier 2 - Mid Intent,True,False,3605,130,174.83,15.3,925.13
2025-10-31,Best Serum for Dry Skin,Broad Skincare,skincare,Broad match,Untiered - Broad,False,False,2566,92,148.13,9.7,770.93
2025-10-31,Brand Defense,Brand Core,pureglow skincare,Exact match,Tier 3 - Brand Defense,False,True,3437,107,184.24,11.5,956.71
2025-10-31,Brand Defense,Brand Bundle,pureglow spf bundle,Exact match,Tier 3 - Brand Defense,False,True,1661,62,90.6,5.8,478.26
2025-10-31,Brand Defense,Brand Product,pureglow vitamin c serum,Exact match,Tier 3 - Brand Defense,False,True,2550,94,145.16,10.1,744.33
2025-10-31,SPF Moisturizer Bundle,Daily SPF,buy spf moisturizer online,Exact match,Tier 1 - High Intent,True,True,4939,186,278.34,18.8,1332.63
2025-10-31,SPF Moisturizer Bundle,Broad Moisturizer,moisturizer,Broad match,Untiered - Broad,False,False,2322,87,129.23,8.9,681.48
2025-10-31,SPF Moisturizer Bundle,SPF Bundle,spf moisturizer bundle,Exact match,Tier 1 - High Intent,True,True,7020,240,364.82,26.1,1922.51
2025-10-31,SPF Moisturizer Bundle,Vegan SPF,vegan spf moisturizer,Phrase match,Tier 2 - Mid Intent,True,True,2880,107,151.37,11.7,744.04
2025-10-31,Skincare Routine Quiz,Routine Quiz,best skincare routine for dry skin,Phrase match,Tier 2 - Mid Intent,True,True,4160,159,249.13,17.8,1375.53
2025-10-31,Skincare Routine Quiz,Plant Based,plant based moisturizer,Phrase match,Tier 2 - Mid Intent,True,True,3526,128,211.16,14.1,974.56
2025-11-01,Best Serum for Dry Skin,Vitamin C Serum,best vitamin c serum for dry skin,Exact match,Tier 1 - High Intent,True,True,7234,278,451.22,34.0,2287.59
2025-11-01,Best Serum for Dry Skin,Hydrating Serum,buy hydrating face serum online,Exact match,Tier 1 - High Intent,True,True,5794,261,385.3,27.2,1874.23
2025-11-01,Best Serum for Dry Skin,Natural Serum,natural skincare routine,Phrase match,Tier 2 - Mid Intent,True,False,2916,107,178.17,11.4,856.51
2025-11-01,Best Serum for Dry Skin,Broad Skincare,skincare,Broad match,Untiered - Broad,False,False,2059,90,129.59,10.6,717.67
2025-11-01,Brand Defense,Brand Core,pureglow skincare,Exact match,Tier 3 - Brand Defense,False,True,2812,101,165.28,11.1,882.7
2025-11-01,Brand Defense,Brand Bundle,pureglow spf bundle,Exact match,Tier 3 - Brand Defense,False,True,1384,53,72.53,6.3,402.76
2025-11-01,Brand Defense,Brand Product,pureglow vitamin c serum,Exact match,Tier 3 - Brand Defense,False,True,2406,93,124.67,9.3,657.27
2025-11-01,SPF Moisturizer Bundle,Daily SPF,buy spf moisturizer online,Exact match,Tier 1 - High Intent,True,True,4725,171,253.14,17.4,1351.35
2025-11-01,SPF Moisturizer Bundle,Broad Moisturizer,moisturizer,Broad match,Untiered - Broad,False,False,1807,76,110.31,9.5,664.64
2025-11-01,SPF Moisturizer Bundle,SPF Bundle,spf moisturizer bundle,Exact match,Tier 1 - High Intent,True,True,5411,227,341.09,27.3,1645.98
2025-11-01,SPF Moisturizer Bundle,Vegan SPF,vegan spf moisturizer,Phrase match,Tier 2 - Mid Intent,True,True,2497,90,148.45,11.2,777.73
2025-11-01,Skincare Routine Quiz,Routine Quiz,best skincare routine for dry skin,Phrase match,Tier 2 - Mid Intent,True,True,3550,158,213.74,18.3,1151.4
2025-11-01,Skincare Routine Quiz,Plant Based,plant based moisturizer,Phrase match,Tier 2 - Mid Intent,True,True,3031,114,175.35,13.6,1012.07
2025-11-02,Best Serum for Dry Skin,Vitamin C Serum,best vitamin c serum for dry skin,Exact match,Tier 1 - High Intent,True,True,8880,309,475.26,30.5,2205.32
2025-11-02,Best Serum for Dry Skin,Hydrating Serum,buy hydrating face serum online,Exact match,Tier 1 - High Intent,True,True,7077,238,355.69,27.6,1938.23
2025-11-02,Best Serum for Dry Skin,Natural Serum,natural skincare routine,Phrase match,Tier 2 - Mid Intent,True,False,2985,125,177.11,12.7,801.96
2025-11-02,Best Serum for Dry Skin,Broad Skincare,skincare,Broad match,Untiered - Broad,False,False,2173,83,130.08,8.1,639.45
2025-11-02,Brand Defense,Brand Core,pureglow skincare,Exact match,Tier 3 - Brand Defense,False,True,3037,102,155.18,11.3,819.26
2025-11-02,Brand Defense,Brand Bundle,pureglow spf bundle,Exact match,Tier 3 - Brand Defense,False,True,1469,52,78.2,5.1,396.89
2025-11-02,Brand Defense,Brand Product,pureglow vitamin c serum,Exact match,Tier 3 - Brand Defense,False,True,2663,89,134.85,10.1,672.5
2025-11-02,SPF Moisturizer Bundle,Daily SPF,buy spf moisturizer online,Exact match,Tier 1 - High Intent,True,True,4907,175,235.16,17.2,1388.31
2025-11-02,SPF Moisturizer Bundle,Broad Moisturizer,moisturizer,Broad match,Untiered - Broad,False,False,2156,73,124.08,7.5,626.61
2025-11-02,SPF Moisturizer Bundle,SPF Bundle,spf moisturizer bundle,Exact match,Tier 1 - High Intent,True,True,6429,229,336.44,25.6,1716.21
2025-11-02,SPF Moisturizer Bundle,Vegan SPF,vegan spf moisturizer,Phrase match,Tier 2 - Mid Intent,True,True,2561,94,144.53,10.1,717.77
2025-11-02,Skincare Routine Quiz,Routine Quiz,best skincare routine for dry skin,Phrase match,Tier 2 - Mid Intent,True,True,4253,145,232.46,15.9,1232.12
2025-11-02,Skincare Routine Quiz,Plant Based,plant based moisturizer,Phrase match,Tier 2 - Mid Intent,True,True,3375,133,175.35,12.1,877.61
2025-11-03,Best Serum for Dry Skin,Vitamin C Serum,best vitamin c serum for dry skin,Exact match,Tier 1 - High Intent,True,True,7728,270,406.49,31.8,2110.84
2025-11-03,Best Serum for Dry Skin,Hydrating Serum,buy hydrating face serum online,Exact match,Tier 1 - High Intent,True,True,5508,224,327.54,25.7,1922.07
2025-11-03,Best Serum for Dry Skin,Natural Serum,natural skincare routine,Phrase match,Tier 2 - Mid Intent,True,False,2564,110,150.25,10.8,769.36
2025-11-03,Best Serum for Dry Skin,Broad Skincare,skincare,Broad match,Untiered - Broad,False,False,2035,75,109.62,7.8,552.02
2025-11-03,Brand Defense,Brand Core,pureglow skincare,Exact match,Tier 3 - Brand Defense,False,True,2619,106,156.68,9.8,751.46
2025-11-03,Brand Defense,Brand Bundle,pureglow spf bundle,Exact match,Tier 3 - Brand Defense,False,True,1165,50,74.78,5.2,415.63
2025-11-03,Brand Defense,Brand Product,pureglow vitamin c serum,Exact match,Tier 3 - Brand Defense,False,True,2323,84,127.29,9.8,579.82
2025-11-03,SPF Moisturizer Bundle,Daily SPF,buy spf moisturizer online,Exact match,Tier 1 - High Intent,True,True,4112,148,252.65,16.3,1218.15
2025-11-03,SPF Moisturizer Bundle,Broad Moisturizer,moisturizer,Broad match,Untiered - Broad,False,False,1896,70,113.6,7.6,592.94
2025-11-03,SPF Moisturizer Bundle,SPF Bundle,spf moisturizer bundle,Exact match,Tier 1 - High Intent,True,True,5884,206,306.59,23.4,1731.81
2025-11-03,SPF Moisturizer Bundle,Vegan SPF,vegan spf moisturizer,Phrase match,Tier 2 - Mid Intent,True,True,2501,87,126.1,11.0,767.34
2025-11-03,Skincare Routine Quiz,Routine Quiz,best skincare routine for dry skin,Phrase match,Tier 2 - Mid Intent,True,True,3422,134,214.27,16.8,1156.36
2025-11-03,Skincare Routine Quiz,Plant Based,plant based moisturizer,Phrase match,Tier 2 - Mid Intent,True,True,2974,119,166.42,11.3,819.65
2025-11-04,Best Serum for Dry Skin,Vitamin C Serum,best vitamin c serum for dry skin,Exact match,Tier 1 - High Intent,True,True,7252,311,463.08,34.3,2541.02
2025-11-04,Best Serum for Dry Skin,Hydrating Serum,buy hydrating face serum online,Exact match,Tier 1 - High Intent,True,True,6914,251,356.64,24.9,2143.98
2025-11-04,Best Serum for Dry Skin,Natural Serum,natural skincare routine,Phrase match,Tier 2 - Mid Intent,True,False,2852,110,176.73,11.6,979.43
2025-11-04,Best Serum for Dry Skin,Broad Skincare,skincare,Broad match,Untiered - Broad,False,False,2367,80,135.72,9.1,684.82
2025-11-04,Brand Defense,Brand Core,pureglow skincare,Exact match,Tier 3 - Brand Defense,False,True,2885,103,159.13,11.3,891.17
2025-11-04,Brand Defense,Brand Bundle,pureglow spf bundle,Exact match,Tier 3 - Brand Defense,False,True,1366,55,76.05,6.3,396.76
2025-11-04,Brand Defense,Brand Product,pureglow vitamin c serum,Exact match,Tier 3 - Brand Defense,False,True,2449,90,143.75,9.4,662.01
2025-11-04,SPF Moisturizer Bundle,Daily SPF,buy spf moisturizer online,Exact match,Tier 1 - High Intent,True,True,4628,163,242.74,18.5,1302.6
2025-11-04,SPF Moisturizer Bundle,Broad Moisturizer,moisturizer,Broad match,Untiered - Broad,False,False,1880,72,123.38,9.3,616.62
2025-11-04,SPF Moisturizer Bundle,SPF Bundle,spf moisturizer bundle,Exact match,Tier 1 - High Intent,True,True,5781,217,349.48,25.3,1711.42
2025-11-04,SPF Moisturizer Bundle,Vegan SPF,vegan spf moisturizer,Phrase match,Tier 2 - Mid Intent,True,True,2353,96,155.08,11.6,773.53
2025-11-04,Skincare Routine Quiz,Routine Quiz,best skincare routine for dry skin,Phrase match,Tier 2 - Mid Intent,True,True,4132,157,234.3,17.7,1108.85
2025-11-04,Skincare Routine Quiz,Plant Based,plant based moisturizer,Phrase match,Tier 2 - Mid Intent,True,True,3392,126,195.87,12.2,1025.74
2025-11-05,Best Serum for Dry Skin,Vitamin C Serum,best vitamin c serum for dry skin,Exact match,Tier 1 - High Intent,True,True,6958,253,414.37,27.8,2195.32
2025-11-05,Best Serum for Dry Skin,Hydrating Serum,buy hydrating face serum online,Exact match,Tier 1 - High Intent,True,True,5313,215,357.42,25.4,1776.5
2025-11-05,Best Serum for Dry Skin,Natural Serum,natural skincare routine,Phrase match,Tier 2 - Mid Intent,True,False,2701,96,147.75,11.6,848.61
2025-11-05,Best Serum for Dry Skin,Broad Skincare,skincare,Broad match,Untiered - Broad,False,False,2008,75,105.14,9.3,574.98
2025-11-05,Brand Defense,Brand Core,pureglow skincare,Exact match,Tier 3 - Brand Defense,False,True,2415,87,139.58,10.7,792.52
2025-11-05,Brand Defense,Brand Bundle,pureglow spf bundle,Exact match,Tier 3 - Brand Defense,False,True,1142,47,76.59,5.2,357.91
2025-11-05,Brand Defense,Brand Product,pureglow vitamin c serum,Exact match,Tier 3 - Brand Defense,False,True,1979,75,121.88,9.4,635.77
2025-11-05,SPF Moisturizer Bundle,Daily SPF,buy spf moisturizer online,Exact match,Tier 1 - High Intent,True,True,3773,138,231.16,17.9,1140.63
2025-11-05,SPF Moisturizer Bundle,Broad Moisturizer,moisturizer,Broad match,Untiered - Broad,False,False,1737,71,96.69,8.2,498.54
2025-11-05,SPF Moisturizer Bundle,SPF Bundle,spf moisturizer bundle,Exact match,Tier 1 - High Intent,True,True,4922,193,313.42,24.8,1710.07
2025-11-05,SPF Moisturizer Bundle,Vegan SPF,vegan spf moisturizer,Phrase match,Tier 2 - Mid Intent,True,True,2391,87,123.77,10.0,693.43
2025-11-05,Skincare Routine Quiz,Routine Quiz,best skincare routine for dry skin,Phrase match,Tier 2 - Mid Intent,True,True,3215,135,205.01,13.5,959.26
2025-11-05,Skincare Routine Quiz,Plant Based,plant based moisturizer,Phrase match,Tier 2 - Mid Intent,True,True,2782,110,165.06,11.5,855.49
2025-11-06,Best Serum for Dry Skin,Vitamin C Serum,best vitamin c serum for dry skin,Exact match,Tier 1 - High Intent,True,True,8042,291,470.79,30.1,2484.74
2025-11-06,Best Serum for Dry Skin,Hydrating Serum,buy hydrating face serum online,Exact match,Tier 1 - High Intent,True,True,6818,241,377.62,26.8,1797.63
2025-11-06,Best Serum for Dry Skin,Natural Serum,natural skincare routine,Phrase match,Tier 2 - Mid Intent,True,False,3123,112,168.31,12.0,989.25
2025-11-06,Best Serum for Dry Skin,Broad Skincare,skincare,Broad match,Untiered - Broad,False,False,1997,78,122.21,9.1,708.63
2025-11-06,Brand Defense,Brand Core,pureglow skincare,Exact match,Tier 3 - Brand Defense,False,True,2847,99,153.18,12.9,822.55
2025-11-06,Brand Defense,Brand Bundle,pureglow spf bundle,Exact match,Tier 3 - Brand Defense,False,True,1490,52,72.82,6.6,455.34
2025-11-06,Brand Defense,Brand Product,pureglow vitamin c serum,Exact match,Tier 3 - Brand Defense,False,True,2320,82,126.47,10.2,726.06
2025-11-06,SPF Moisturizer Bundle,Daily SPF,buy spf moisturizer online,Exact match,Tier 1 - High Intent,True,True,4651,177,245.9,20.1,1439.74
2025-11-06,SPF Moisturizer Bundle,Broad Moisturizer,moisturizer,Broad match,Untiered - Broad,False,False,1998,79,119.35,8.9,656.05
2025-11-06,SPF Moisturizer Bundle,SPF Bundle,spf moisturizer bundle,Exact match,Tier 1 - High Intent,True,True,5974,224,361.51,24.8,1697.65
2025-11-06,SPF Moisturizer Bundle,Vegan SPF,vegan spf moisturizer,Phrase match,Tier 2 - Mid Intent,True,True,2762,102,134.7,12.0,777.02
2025-11-06,Skincare Routine Quiz,Routine Quiz,best skincare routine for dry skin,Phrase match,Tier 2 - Mid Intent,True,True,4123,155,205.0,19.0,1206.28
2025-11-06,Skincare Routine Quiz,Plant Based,plant based moisturizer,Phrase match,Tier 2 - Mid Intent,True,True,3144,124,168.01,12.5,918.81
2025-11-07,Best Serum for Dry Skin,Vitamin C Serum,best vitamin c serum for dry skin,Exact match,Tier 1 - High Intent,True,True,7589,318,491.23,35.2,2441.41
2025-11-07,Best Serum for Dry Skin,Hydrating Serum,buy hydrating face serum online,Exact match,Tier 1 - High Intent,True,True,6055,259,369.88,33.1,2081.59
2025-11-07,Best Serum for Dry Skin,Natural Serum,natural skincare routine,Phrase match,Tier 2 - Mid Intent,True,False,2860,118,174.24,13.4,906.77
2025-11-07,Best Serum for Dry Skin,Broad Skincare,skincare,Broad match,Untiered - Broad,False,False,2350,85,126.49,10.6,763.7
2025-11-07,Brand Defense,Brand Core,pureglow skincare,Exact match,Tier 3 - Brand Defense,False,True,2738,101,159.03,13.5,864.41
2025-11-07,Brand Defense,Brand Bundle,pureglow spf bundle,Exact match,Tier 3 - Brand Defense,False,True,1474,49,79.16,6.0,398.48
2025-11-07,Brand Defense,Brand Product,pureglow vitamin c serum,Exact match,Tier 3 - Brand Defense,False,True,2339,86,137.22,10.9,675.65
2025-11-07,SPF Moisturizer Bundle,Daily SPF,buy spf moisturizer online,Exact match,Tier 1 - High Intent,True,True,4607,177,266.89,20.0,1394.28
2025-11-07,SPF Moisturizer Bundle,Broad Moisturizer,moisturizer,Broad match,Untiered - Broad,False,False,1847,72,118.17,9.9,614.76
2025-11-07,SPF Moisturizer Bundle,SPF Bundle,spf moisturizer bundle,Exact match,Tier 1 - High Intent,True,True,5638,233,381.87,24.6,2082.19
2025-11-07,SPF Moisturizer Bundle,Vegan SPF,vegan spf moisturizer,Phrase match,Tier 2 - Mid Intent,True,True,2743,94,149.56,12.9,868.55
2025-11-07,Skincare Routine Quiz,Routine Quiz,best skincare routine for dry skin,Phrase match,Tier 2 - Mid Intent,True,True,4222,142,244.21,17.7,1187.6
2025-11-07,Skincare Routine Quiz,Plant Based,plant based moisturizer,Phrase match,Tier 2 - Mid Intent,True,True,3271,118,199.86,13.8,940.7
2025-11-08,Best Serum for Dry Skin,Vitamin C Serum,best vitamin c serum for dry skin,Exact match,Tier 1 - High Intent,True,True,8074,291,437.26,32.7,2386.85
2025-11-08,Best Serum for Dry Skin,Hydrating Serum,buy hydrating face serum online,Exact match,Tier 1 - High Intent,True,True,6484,234,336.16,27.6,1819.0
2025-11-08,Best Serum for Dry Skin,Natural Serum,natural skincare routine,Phrase match,Tier 2 - Mid Intent,True,False,2519,99,171.65,12.6,791.01
2025-11-08,Best Serum for Dry Skin,Broad Skincare,skincare,Broad match,Untiered - Broad,False,False,2245,82,112.46,8.2,674.25
2025-11-08,Brand Defense,Brand Core,pureglow skincare,Exact match,Tier 3 - Brand Defense,False,True,2665,93,143.21,10.8,785.47
2025-11-08,Brand Defense,Brand Bundle,pureglow spf bundle,Exact match,Tier 3 - Brand Defense,False,True,1342,52,70.21,6.3,366.49
2025-11-08,Brand Defense,Brand Product,pureglow vitamin c serum,Exact match,Tier 3 - Brand Defense,False,True,2334,82,126.88,10.3,688.83
2025-11-08,SPF Moisturizer Bundle,Daily SPF,buy spf moisturizer online,Exact match,Tier 1 - High Intent,True,True,4074,147,245.23,19.6,1389.05
2025-11-08,SPF Moisturizer Bundle,Broad Moisturizer,moisturizer,Broad match,Untiered - Broad,False,False,1996,73,100.01,8.0,627.8
2025-11-08,SPF Moisturizer Bundle,SPF Bundle,spf moisturizer bundle,Exact match,Tier 1 - High Intent,True,True,5745,202,325.86,27.6,1834.8
2025-11-08,SPF Moisturizer Bundle,Vegan SPF,vegan spf moisturizer,Phrase match,Tier 2 - Mid Intent,True,True,2318,86,132.24,11.0,696.55
2025-11-08,Skincare Routine Quiz,Routine Quiz,best skincare routine for dry skin,Phrase match,Tier 2 - Mid Intent,True,True,3865,136,198.9,15.6,1163.76
2025-11-08,Skincare Routine Quiz,Plant Based,plant based moisturizer,Phrase match,Tier 2 - Mid Intent,True,True,3167,113,164.0,11.8,957.29
2025-11-09,Best Serum for Dry Skin,Vitamin C Serum,best vitamin c serum for dry skin,Exact match,Tier 1 - High Intent,True,True,7192,285,446.54,35.4,2092.37
2025-11-09,Best Serum for Dry Skin,Hydrating Serum,buy hydrating face serum online,Exact match,Tier 1 - High Intent,True,True,6861,237,365.02,26.1,1781.25
2025-11-09,Best Serum for Dry Skin,Natural Serum,natural skincare routine,Phrase match,Tier 2 - Mid Intent,True,False,3051,104,152.24,13.0,839.38
2025-11-09,Best Serum for Dry Skin,Broad Skincare,skincare,Broad match,Untiered - Broad,False,False,2273,74,113.97,8.6,582.27
2025-11-09,Brand Defense,Brand Core,pureglow skincare,Exact match,Tier 3 - Brand Defense,False,True,2530,97,160.55,11.6,835.94
2025-11-09,Brand Defense,Brand Bundle,pureglow spf bundle,Exact match,Tier 3 - Brand Defense,False,True,1432,48,75.1,5.3,419.19
2025-11-09,Brand Defense,Brand Product,pureglow vitamin c serum,Exact match,Tier 3 - Brand Defense,False,True,2045,79,122.85,10.3,676.73
2025-11-09,SPF Moisturizer Bundle,Daily SPF,buy spf moisturizer online,Exact match,Tier 1 - High Intent,True,True,4261,164,220.82,16.7,1209.47
2025-11-09,SPF Moisturizer Bundle,Broad Moisturizer,moisturizer,Broad match,Untiered - Broad,False,False,1792,70,112.77,8.6,520.03
2025-11-09,SPF Moisturizer Bundle,SPF Bundle,spf moisturizer bundle,Exact match,Tier 1 - High Intent,True,True,5408,222,345.98,24.4,1680.75
2025-11-09,SPF Moisturizer Bundle,Vegan SPF,vegan spf moisturizer,Phrase match,Tier 2 - Mid Intent,True,True,2554,96,146.4,10.7,766.99
2025-11-09,Skincare Routine Quiz,Routine Quiz,best skincare routine for dry skin,Phrase match,Tier 2 - Mid Intent,True,True,4101,141,197.63,16.1,1233.37
2025-11-09,Skincare Routine Quiz,Plant Based,plant based moisturizer,Phrase match,Tier 2 - Mid Intent,True,True,3234,114,168.26,13.5,980.97
2025-11-10,Best Serum for Dry Skin,Vitamin C Serum,best vitamin c serum for dry skin,Exact match,Tier 1 - High Intent,True,True,6835,287,403.92,30.5,2098.95
2025-11-10,Best Serum for Dry Skin,Hydrating Serum,buy hydrating face serum online,Exact match,Tier 1 - High Intent,True,True,6362,210,358.4,24.1,1920.55
2025-11-10,Best Serum for Dry Skin,Natural Serum,natural skincare routine,Phrase match,Tier 2 - Mid Intent,True,False,2538,109,164.37,11.3,784.71
2025-11-10,Best Serum for Dry Skin,Broad Skincare,skincare,Broad match,Untiered - Broad,False,False,1890,79,114.37,8.7,593.52
2025-11-10,Brand Defense,Brand Core,pureglow skincare,Exact match,Tier 3 - Brand Defense,False,True,2332,95,152.38,10.4,732.05
2025-11-10,Brand Defense,Brand Bundle,pureglow spf bundle,Exact match,Tier 3 - Brand Defense,False,True,1206,50,75.61,4.8,382.87
2025-11-10,Brand Defense,Brand Product,pureglow vitamin c serum,Exact match,Tier 3 - Brand Defense,False,True,2282,85,127.75,9.0,577.68
2025-11-10,SPF Moisturizer Bundle,Daily SPF,buy spf moisturizer online,Exact match,Tier 1 - High Intent,True,True,3872,156,238.82,18.9,1125.4
2025-11-10,SPF Moisturizer Bundle,Broad Moisturizer,moisturizer,Broad match,Untiered - Broad,False,False,1661,64,95.92,7.0,555.77
2025-11-10,SPF Moisturizer Bundle,SPF Bundle,spf moisturizer bundle,Exact match,Tier 1 - High Intent,True,True,5330,199,306.01,20.9,1685.85
2025-11-10,SPF Moisturizer Bundle,Vegan SPF,vegan spf moisturizer,Phrase match,Tier 2 - Mid Intent,True,True,2201,84,131.6,10.0,639.3
2025-11-10,Skincare Routine Quiz,Routine Quiz,best skincare routine for dry skin,Phrase match,Tier 2 - Mid Intent,True,True,3338,143,216.6,16.9,1182.05
2025-11-10,Skincare Routine Quiz,Plant Based,plant based moisturizer,Phrase match,Tier 2 - Mid Intent,True,True,2749,113,181.03,13.8,928.51
2025-11-11,Best Serum for Dry Skin,Vitamin C Serum,best vitamin c serum for dry skin,Exact match,Tier 1 - High Intent,True,True,8377,314,475.92,36.4,2349.92
2025-11-11,Best Serum for Dry Skin,Hydrating Serum,buy hydrating face serum online,Exact match,Tier 1 - High Intent,True,True,7046,264,378.91,24.8,2083.82
2025-11-11,Best Serum for Dry Skin,Natural Serum,natural skincare routine,Phrase match,Tier 2 - Mid Intent,True,False,3023,116,161.52,11.1,880.76
2025-11-11,Best Serum for Dry Skin,Broad Skincare,skincare,Broad match,Untiered - Broad,False,False,2176,84,121.37,8.8,622.29
2025-11-11,Brand Defense,Brand Core,pureglow skincare,Exact match,Tier 3 - Brand Defense,False,True,2561,99,159.34,11.7,834.26
2025-11-11,Brand Defense,Brand Bundle,pureglow spf bundle,Exact match,Tier 3 - Brand Defense,False,True,1322,50,73.88,5.7,446.25
2025-11-11,Brand Defense,Brand Product,pureglow vitamin c serum,Exact match,Tier 3 - Brand Defense,False,True,2145,86,122.27,10.4,737.0
2025-11-11,SPF Moisturizer Bundle,Daily SPF,buy spf moisturizer online,Exact match,Tier 1 - High Intent,True,True,4782,165,266.8,20.5,1424.27
2025-11-11,SPF Moisturizer Bundle,Broad Moisturizer,moisturizer,Broad match,Untiered - Broad,False,False,1957,73,118.52,7.6,663.32
2025-11-11,SPF Moisturizer Bundle,SPF Bundle,spf moisturizer bundle,Exact match,Tier 1 - High Intent,True,True,6072,226,351.54,26.4,1728.87
2025-11-11,SPF Moisturizer Bundle,Vegan SPF,vegan spf moisturizer,Phrase match,Tier 2 - Mid Intent,True,True,2568,106,151.45,12.0,717.0
2025-11-11,Skincare Routine Quiz,Routine Quiz,best skincare routine for dry skin,Phrase match,Tier 2 - Mid Intent,True,True,4095,164,239.66,15.9,1310.13
2025-11-11,Skincare Routine Quiz,Plant Based,plant based moisturizer,Phrase match,Tier 2 - Mid Intent,True,True,3239,126,169.09,13.4,977.29
2025-11-12,Best Serum for Dry Skin,Vitamin C Serum,best vitamin c serum for dry skin,Exact match,Tier 1 - High Intent,True,True,7338,289,451.02,28.3,2285.5
2025-11-12,Best Serum for Dry Skin,Hydrating Serum,buy hydrating face serum online,Exact match,Tier 1 - High Intent,True,True,6668,222,375.16,25.5,1872.88
2025-11-12,Best Serum for Dry Skin,Natural Serum,natural skincare routine,Phrase match,Tier 2 - Mid Intent,True,False,2609,107,148.13,11.4,760.96
2025-11-12,Best Serum for Dry Skin,Broad Skincare,skincare,Broad match,Untiered - Broad,False,False,2100,82,113.38,8.1,618.69
2025-11-12,Brand Defense,Brand Core,pureglow skincare,Exact match,Tier 3 - Brand Defense,False,True,2445,98,142.04,9.8,777.1
2025-11-12,Brand Defense,Brand Bundle,pureglow spf bundle,Exact match,Tier 3 - Brand Defense,False,True,1411,51,77.34,5.1,385.85
2025-11-12,Brand Defense,Brand Product,pureglow vitamin c serum,Exact match,Tier 3 - Brand Defense,False,True,2049,87,129.62,9.7,633.46
2025-11-12,SPF Moisturizer Bundle,Daily SPF,buy spf moisturizer online,Exact match,Tier 1 - High Intent,True,True,4381,159,239.4,17.8,1277.57
2025-11-12,SPF Moisturizer Bundle,Broad Moisturizer,moisturizer,Broad match,Untiered - Broad,False,False,1884,70,107.0,7.5,535.81
2025-11-12,SPF Moisturizer Bundle,SPF Bundle,spf moisturizer bundle,Exact match,Tier 1 - High Intent,True,True,5645,232,334.18,25.1,1881.47
2025-11-12,SPF Moisturizer Bundle,Vegan SPF,vegan spf moisturizer,Phrase match,Tier 2 - Mid Intent,True,True,2243,96,147.92,9.2,685.73
2025-11-12,Skincare Routine Quiz,Routine Quiz,best skincare routine for dry skin,Phrase match,Tier 2 - Mid Intent,True,True,4162,150,210.12,15.5,1106.21
2025-11-12,Skincare Routine Quiz,Plant Based,plant based moisturizer,Phrase match,Tier 2 - Mid Intent,True,True,3222,117,166.22,13.4,867.25
2025-11-13,Best Serum for Dry Skin,Vitamin C Serum,best vitamin c serum for dry skin,Exact match,Tier 1 - High Intent,True,True,8478,307,430.4,37.6,2349.13
2025-11-13,Best Serum for Dry Skin,Hydrating Serum,buy hydrating face serum online,Exact match,Tier 1 - High Intent,True,True,6575,244,348.63,29.8,1919.77
2025-11-13,Best Serum for Dry Skin,Natural Serum,natural skincare routine,Phrase match,Tier 2 - Mid Intent,True,False,3048,108,184.03,13.7,974.46
2025-11-13,Best Serum for Dry Skin,Broad Skincare,skincare,Broad match,Untiered - Broad,False,False,2140,77,132.58,10.4,624.38
2025-11-13,Brand Defense,Brand Core,pureglow skincare,Exact match,Tier 3 - Brand Defense,False,True,2841,99,149.67,11.6,891.97
2025-11-13,Brand Defense,Brand Bundle,pureglow spf bundle,Exact match,Tier 3 - Brand Defense,False,True,1259,55,85.33,6.9,475.6
2025-11-13,Brand Defense,Brand Product,pureglow vitamin c serum,Exact match,Tier 3 - Brand Defense,False,True,2294,83,127.97,9.9,785.38
2025-11-13,SPF Moisturizer Bundle,Daily SPF,buy spf moisturizer online,Exact match,Tier 1 - High Intent,True,True,4010,174,245.37,21.2,1428.02
2025-11-13,SPF Moisturizer Bundle,Broad Moisturizer,moisturizer,Broad match,Untiered - Broad,False,False,1993,76,107.62,9.6,638.95
2025-11-13,SPF Moisturizer Bundle,SPF Bundle,spf moisturizer bundle,Exact match,Tier 1 - High Intent,True,True,6176,232,371.94,24.9,2078.38
2025-11-13,SPF Moisturizer Bundle,Vegan SPF,vegan spf moisturizer,Phrase match,Tier 2 - Mid Intent,True,True,2373,100,140.74,11.1,883.3
2025-11-13,Skincare Routine Quiz,Routine Quiz,best skincare routine for dry skin,Phrase match,Tier 2 - Mid Intent,True,True,3774,138,225.27,17.7,1170.37
2025-11-13,Skincare Routine Quiz,Plant Based,plant based moisturizer,Phrase match,Tier 2 - Mid Intent,True,True,3093,118,193.2,15.1,977.37
2025-11-14,Best Serum for Dry Skin,Vitamin C Serum,best vitamin c serum for dry skin,Exact match,Tier 1 - High Intent,True,True,7356,287,426.22,33.1,2380.32
2025-11-14,Best Serum for Dry Skin,Hydrating Serum,buy hydrating face serum online,Exact match,Tier 1 - High Intent,True,True,5828,244,354.33,26.7,2119.49
2025-11-14,Best Serum for Dry Skin,Natural Serum,natural skincare routine,Phrase match,Tier 2 - Mid Intent,True,False,2750,111,172.55,11.9,964.45
2025-11-14,Best Serum for Dry Skin,Broad Skincare,skincare,Broad match,Untiered - Broad,False,False,2104,81,124.95,9.4,632.71
2025-11-14,Brand Defense,Brand Core,pureglow skincare,Exact match,Tier 3 - Brand Defense,False,True,2710,101,159.02,10.5,786.37
2025-11-14,Brand Defense,Brand Bundle,pureglow spf bundle,Exact match,Tier 3 - Brand Defense,False,True,1293,53,76.07,5.9,433.17
2025-11-14,Brand Defense,Brand Product,pureglow vitamin c serum,Exact match,Tier 3 - Brand Defense,False,True,2217,87,120.84,10.4,642.29
2025-11-14,SPF Moisturizer Bundle,Daily SPF,buy spf moisturizer online,Exact match,Tier 1 - High Intent,True,True,3974,170,238.07,18.6,1218.65
2025-11-14,SPF Moisturizer Bundle,Broad Moisturizer,moisturizer,Broad match,Untiered - Broad,False,False,1785,75,105.83,8.7,625.12
2025-11-14,SPF Moisturizer Bundle,SPF Bundle,spf moisturizer bundle,Exact match,Tier 1 - High Intent,True,True,6272,229,331.17,28.1,1854.6
2025-11-14,SPF Moisturizer Bundle,Vegan SPF,vegan spf moisturizer,Phrase match,Tier 2 - Mid Intent,True,True,2340,101,148.21,11.3,849.96
2025-11-14,Skincare Routine Quiz,Routine Quiz,best skincare routine for dry skin,Phrase match,Tier 2 - Mid Intent,True,True,3897,149,229.15,15.1,1131.95
2025-11-14,Skincare Routine Quiz,Plant Based,plant based moisturizer,Phrase match,Tier 2 - Mid Intent,True,True,3124,118,167.24,13.8,960.06
2025-11-15,Best Serum for Dry Skin,Vitamin C Serum,best vitamin c serum for dry skin,Exact match,Tier 1 - High Intent,True,True,7133,289,425.22,31.3,2279.82
2025-11-15,Best Serum for Dry Skin,Hydrating Serum,buy hydrating face serum online,Exact match,Tier 1 - High Intent,True,True,5893,259,364.88,29.1,2041.94
2025-11-15,Best Serum for Dry Skin,Natural Serum,natural skincare routine,Phrase match,Tier 2 - Mid Intent,True,False,3060,101,160.46,13.1,911.79
2025-11-15,Best Serum for Dry Skin,Broad Skincare,skincare,Broad match,Untiered - Broad,False,False,2113,77,126.12,8.4,649.14
2025-11-15,Brand Defense,Brand Core,pureglow skincare,Exact match,Tier 3 - Brand Defense,False,True,2963,103,152.56,11.5,885.72
2025-11-15,Brand Defense,Brand Bundle,pureglow spf bundle,Exact match,Tier 3 - Brand Defense,False,True,1372,51,74.26,6.5,454.83
2025-11-15,Brand Defense,Brand Product,pureglow vitamin c serum,Exact match,Tier 3 - Brand Defense,False,True,2145,87,129.06,10.3,647.82
2025-11-15,SPF Moisturizer Bundle,Daily SPF,buy spf moisturizer online,Exact match,Tier 1 - High Intent,True,True,4051,153,258.04,18.4,1312.63
2025-11-15,SPF Moisturizer Bundle,Broad Moisturizer,moisturizer,Broad match,Untiered - Broad,False,False,1976,75,112.93,9.1,653.98
2025-11-15,SPF Moisturizer Bundle,SPF Bundle,spf moisturizer bundle,Exact match,Tier 1 - High Intent,True,True,6407,221,307.18,26.1,1683.76
2025-11-15,SPF Moisturizer Bundle,Vegan SPF,vegan spf moisturizer,Phrase match,Tier 2 - Mid Intent,True,True,2491,91,149.1,11.4,830.55
2025-11-15,Skincare Routine Quiz,Routine Quiz,best skincare routine for dry skin,Phrase match,Tier 2 - Mid Intent,True,True,3630,141,226.68,18.3,1305.08
2025-11-15,Skincare Routine Quiz,Plant Based,plant based moisturizer,Phrase match,Tier 2 - Mid Intent,True,True,2984,116,173.89,14.6,891.94
2025-11-16,Best Serum for Dry Skin,Vitamin C Serum,best vitamin c serum for dry skin,Exact match,Tier 1 - High Intent,True,True,8934,300,441.42,40.6,2344.78
2025-11-16,Best Serum for Dry Skin,Hydrating Serum,buy hydrating face serum online,Exact match,Tier 1 - High Intent,True,True,6460,251,405.79,30.6,2251.1
2025-11-16,Best Serum for Dry Skin,Natural Serum,natural skincare routine,Phrase match,Tier 2 - Mid Intent,True,False,2861,109,178.27,15.1,901.71
2025-11-16,Best Serum for Dry Skin,Broad Skincare,skincare,Broad match,Untiered - Broad,False,False,2144,90,120.35,10.6,706.33
2025-11-16,Brand Defense,Brand Core,pureglow skincare,Exact match,Tier 3 - Brand Defense,False,True,3000,109,154.02,14.0,863.66
2025-11-16,Brand Defense,Brand Bundle,pureglow spf bundle,Exact match,Tier 3 - Brand Defense,False,True,1324,55,83.41,6.8,464.92
2025-11-16,Brand Defense,Brand Product,pureglow vitamin c serum,Exact match,Tier 3 - Brand Defense,False,True,2179,85,140.42,9.5,678.86
2025-11-16,SPF Moisturizer Bundle,Daily SPF,buy spf moisturizer online,Exact match,Tier 1 - High Intent,True,True,4613,187,252.22,20.7,1539.25
2025-11-16,SPF Moisturizer Bundle,Broad Moisturizer,moisturizer,Broad match,Untiered - Broad,False,False,1993,80,116.57,8.4,594.29
2025-11-16,SPF Moisturizer Bundle,SPF Bundle,spf moisturizer bundle,Exact match,Tier 1 - High Intent,True,True,6501,253,357.9,27.5,2040.43
2025-11-16,SPF Moisturizer Bundle,Vegan SPF,vegan spf moisturizer,Phrase match,Tier 2 - Mid Intent,True,True,2670,95,139.41,12.5,885.91
2025-11-16,Skincare Routine Quiz,Routine Quiz,best skincare routine for dry skin,Phrase match,Tier 2 - Mid Intent,True,True,4147,145,234.56,17.4,1359.1
2025-11-16,Skincare Routine Quiz,Plant Based,plant based moisturizer,Phrase match,Tier 2 - Mid Intent,True,True,3210,128,194.86,13.2,1083.32
2025-11-17,Best Serum for Dry Skin,Vitamin C Serum,best vitamin c serum for dry skin,Exact match,Tier 1 - High Intent,True,True,6608,268,423.44,30.4,2411.88
2025-11-17,Best Serum for Dry Skin,Hydrating Serum,buy hydrating face serum online,Exact match,Tier 1 - High Intent,True,True,6382,229,344.75,31.0,1822.08
2025-11-17,Best Serum for Dry Skin,Natural Serum,natural skincare routine,Phrase match,Tier 2 - Mid Intent,True,False,2479,113,159.41,13.1,979.76
2025-11-17,Best Serum for Dry Skin,Broad Skincare,skincare,Broad match,Untiered - Broad,False,False,2062,81,109.12,8.8,691.63
2025-11-17,Brand Defense,Brand Core,pureglow skincare,Exact match,Tier 3 - Brand Defense,False,True,2590,107,145.5,12.7,786.89
2025-11-17,Brand Defense,Brand Bundle,pureglow spf bundle,Exact match,Tier 3 - Brand Defense,False,True,1249,52,73.69,6.3,437.68
2025-11-17,Brand Defense,Brand Product,pureglow vitamin c serum,Exact match,Tier 3 - Brand Defense,False,True,2007,90,125.22,9.8,643.78
2025-11-17,SPF Moisturizer Bundle,Daily SPF,buy spf moisturizer online,Exact match,Tier 1 - High Intent,True,True,3789,154,226.58,20.6,1224.48
2025-11-17,SPF Moisturizer Bundle,Broad Moisturizer,moisturizer,Broad match,Untiered - Broad,False,False,1798,68,102.49,8.1,606.84
2025-11-17,SPF Moisturizer Bundle,SPF Bundle,spf moisturizer bundle,Exact match,Tier 1 - High Intent,True,True,5604,237,336.25,25.5,2026.64
2025-11-17,SPF Moisturizer Bundle,Vegan SPF,vegan spf moisturizer,Phrase match,Tier 2 - Mid Intent,True,True,2310,92,134.12,10.0,760.95
2025-11-17,Skincare Routine Quiz,Routine Quiz,best skincare routine for dry skin,Phrase match,Tier 2 - Mid Intent,True,True,3304,138,202.27,17.9,1091.27
2025-11-17,Skincare Routine Quiz,Plant Based,plant based moisturizer,Phrase match,Tier 2 - Mid Intent,True,True,2768,114,170.81,13.5,911.89
2025-11-18,Best Serum for Dry Skin,Vitamin C Serum,best vitamin c serum for dry skin,Exact match,Tier 1 - High Intent,True,True,7814,276,472.56,36.2,2275.15
2025-11-18,Best Serum for Dry Skin,Hydrating Serum,buy hydrating face serum online,Exact match,Tier 1 - High Intent,True,True,6705,228,363.22,31.0,2008.9
2025-11-18,Best Serum for Dry Skin,Natural Serum,natural skincare routine,Phrase match,Tier 2 - Mid Intent,True,False,2886,107,161.17,13.8,1001.57
2025-11-18,Best Serum for Dry Skin,Broad Skincare,skincare,Broad match,Untiered - Broad,False,False,1940,83,113.12,8.8,697.79
2025-11-18,Brand Defense,Brand Core,pureglow skincare,Exact match,Tier 3 - Brand Defense,False,True,2689,104,166.91,12.4,799.91
2025-11-18,Brand Defense,Brand Bundle,pureglow spf bundle,Exact match,Tier 3 - Brand Defense,False,True,1185,53,78.53,6.4,436.39
2025-11-18,Brand Defense,Brand Product,pureglow vitamin c serum,Exact match,Tier 3 - Brand Defense,False,True,2288,87,128.35,9.5,700.84
2025-11-18,SPF Moisturizer Bundle,Daily SPF,buy spf moisturizer online,Exact match,Tier 1 - High Intent,True,True,4040,151,247.42,19.1,1484.99
2025-11-18,SPF Moisturizer Bundle,Broad Moisturizer,moisturizer,Broad match,Untiered - Broad,False,False,1910,76,117.36,7.8,654.42
2025-11-18,SPF Moisturizer Bundle,SPF Bundle,spf moisturizer bundle,Exact match,Tier 1 - High Intent,True,True,5578,233,325.51,26.4,1789.48
2025-11-18,SPF Moisturizer Bundle,Vegan SPF,vegan spf moisturizer,Phrase match,Tier 2 - Mid Intent,True,True,2381,94,132.88,12.0,845.34
2025-11-18,Skincare Routine Quiz,Routine Quiz,best skincare routine for dry skin,Phrase match,Tier 2 - Mid Intent,True,True,4026,146,218.57,15.8,1248.59
2025-11-18,Skincare Routine Quiz,Plant Based,plant based moisturizer,Phrase match,Tier 2 - Mid Intent,True,True,2844,122,191.93,15.3,927.95
2025-11-19,Best Serum for Dry Skin,Vitamin C Serum,best vitamin c serum for dry skin,Exact match,Tier 1 - High Intent,True,True,6933,305,404.53,35.1,2169.3
2025-11-19,Best Serum for Dry Skin,Hydrating Serum,buy hydrating face serum online,Exact match,Tier 1 - High Intent,True,True,6566,260,325.15,30.2,1773.63
2025-11-19,Best Serum for Dry Skin,Natural Serum,natural skincare routine,Phrase match,Tier 2 - Mid Intent,True,False,2728,113,162.05,13.3,965.79
2025-11-19,Best Serum for Dry Skin,Broad Skincare,skincare,Broad match,Untiered - Broad,False,False,1894,77,106.11,8.2,584.87
2025-11-19,Brand Defense,Brand Core,pureglow skincare,Exact match,Tier 3 - Brand Defense,False,True,2349,110,140.63,12.2,860.88
2025-11-19,Brand Defense,Brand Bundle,pureglow spf bundle,Exact match,Tier 3 - Brand Defense,False,True,1302,53,74.29,5.5,453.96
2025-11-19,Brand Defense,Brand Product,pureglow vitamin c serum,Exact match,Tier 3 - Brand Defense,False,True,2218,93,132.11,10.8,752.43
2025-11-19,SPF Moisturizer Bundle,Daily SPF,buy spf moisturizer online,Exact match,Tier 1 - High Intent,True,True,4220,166,254.42,18.4,1427.35
2025-11-19,SPF Moisturizer Bundle,Broad Moisturizer,moisturizer,Broad match,Untiered - Broad,False,False,1691,78,112.55,9.1,559.55
2025-11-19,SPF Moisturizer Bundle,SPF Bundle,spf moisturizer bundle,Exact match,Tier 1 - High Intent,True,True,5827,232,324.61,23.1,1838.57
2025-11-19,SPF Moisturizer Bundle,Vegan SPF,vegan spf moisturizer,Phrase match,Tier 2 - Mid Intent,True,True,2421,99,136.49,10.8,811.52
2025-11-19,Skincare Routine Quiz,Routine Quiz,best skincare routine for dry skin,Phrase match,Tier 2 - Mid Intent,True,True,3516,138,227.69,15.3,1135.05
2025-11-19,Skincare Routine Quiz,Plant Based,plant based moisturizer,Phrase match,Tier 2 - Mid Intent,True,True,2866,125,176.11,12.4,1057.46
2025-11-20,Best Serum for Dry Skin,Vitamin C Serum,best vitamin c serum for dry skin,Exact match,Tier 1 - High Intent,True,True,7399,268,414.46,31.0,2293.83
2025-11-20,Best Serum for Dry Skin,Hydrating Serum,buy hydrating face serum online,Exact match,Tier 1 - High Intent,True,True,5269,238,319.08,25.2,1877.69
2025-11-20,Best Serum for Dry Skin,Natural Serum,natural skincare routine,Phrase match,Tier 2 - Mid Intent,True,False,2636,100,155.99,11.8,888.01
2025-11-20,Best Serum for Dry Skin,Broad Skincare,skincare,Broad match,Untiered - Broad,False,False,1717,75,102.6,9.3,589.91
2025-11-20,Brand Defense,Brand Core,pureglow skincare,Exact match,Tier 3 - Brand Defense,False,True,2390,90,129.36,11.2,736.21
2025-11-20,Brand Defense,Brand Bundle,pureglow spf bundle,Exact match,Tier 3 - Brand Defense,False,True,1300,44,73.01,5.3,363.55
2025-11-20,Brand Defense,Brand Product,pureglow vitamin c serum,Exact match,Tier 3 - Brand Defense,False,True,1854,80,108.15,9.1,674.55
2025-11-20,SPF Moisturizer Bundle,Daily SPF,buy spf moisturizer online,Exact match,Tier 1 - High Intent,True,True,4185,153,225.98,15.6,1231.97
2025-11-20,SPF Moisturizer Bundle,Broad Moisturizer,moisturizer,Broad match,Untiered - Broad,False,False,1765,67,97.82,8.1,514.7
2025-11-20,SPF Moisturizer Bundle,SPF Bundle,spf moisturizer bundle,Exact match,Tier 1 - High Intent,True,True,5612,207,285.16,21.4,1662.02
2025-11-20,SPF Moisturizer Bundle,Vegan SPF,vegan spf moisturizer,Phrase match,Tier 2 - Mid Intent,True,True,2272,85,124.95,10.3,703.02
2025-11-20,Skincare Routine Quiz,Routine Quiz,best skincare routine for dry skin,Phrase match,Tier 2 - Mid Intent,True,True,3151,125,199.29,17.6,1171.8
2025-11-20,Skincare Routine Quiz,Plant Based,plant based moisturizer,Phrase match,Tier 2 - Mid Intent,True,True,2763,113,174.89,12.2,840.26
2025-11-21,Best Serum for Dry Skin,Vitamin C Serum,best vitamin c serum for dry skin,Exact match,Tier 1 - High Intent,True,True,8826,306,430.56,37.1,2633.04
2025-11-21,Best Serum for Dry Skin,Hydrating Serum,buy hydrating face serum online,Exact match,Tier 1 - High Intent,True,True,6551,283,347.27,28.8,2242.26
2025-11-21,Best Serum for Dry Skin,Natural Serum,natural skincare routine,Phrase match,Tier 2 - Mid Intent,True,False,2847,113,157.92,14.1,979.22
2025-11-21,Best Serum for Dry Skin,Broad Skincare,skincare,Broad match,Untiered - Broad,False,False,2081,82,124.58,9.8,712.62
2025-11-21,Brand Defense,Brand Core,pureglow skincare,Exact match,Tier 3 - Brand Defense,False,True,3108,118,157.26,12.2,857.72
2025-11-21,Brand Defense,Brand Bundle,pureglow spf bundle,Exact match,Tier 3 - Brand Defense,False,True,1440,60,83.52,6.7,422.05
2025-11-21,Brand Defense,Brand Product,pureglow vitamin c serum,Exact match,Tier 3 - Brand Defense,False,True,2543,97,135.43,9.5,715.73
2025-11-21,SPF Moisturizer Bundle,Daily SPF,buy spf moisturizer online,Exact match,Tier 1 - High Intent,True,True,4665,183,270.73,17.3,1451.47
2025-11-21,SPF Moisturizer Bundle,Broad Moisturizer,moisturizer,Broad match,Untiered - Broad,False,False,2092,83,109.62,8.2,584.24
2025-11-21,SPF Moisturizer Bundle,SPF Bundle,spf moisturizer bundle,Exact match,Tier 1 - High Intent,True,True,6626,247,338.55,28.6,1773.56
2025-11-21,SPF Moisturizer Bundle,Vegan SPF,vegan spf moisturizer,Phrase match,Tier 2 - Mid Intent,True,True,2587,102,147.17,12.2,809.54
2025-11-21,Skincare Routine Quiz,Routine Quiz,best skincare routine for dry skin,Phrase match,Tier 2 - Mid Intent,True,True,4104,171,225.22,18.5,1247.37
2025-11-21,Skincare Routine Quiz,Plant Based,plant based moisturizer,Phrase match,Tier 2 - Mid Intent,True,True,3516,133,197.56,12.5,908.31
2025-11-22,Best Serum for Dry Skin,Vitamin C Serum,best vitamin c serum for dry skin,Exact match,Tier 1 - High Intent,True,True,7237,325,434.95,40.1,2451.91
2025-11-22,Best Serum for Dry Skin,Hydrating Serum,buy hydrating face serum online,Exact match,Tier 1 - High Intent,True,True,6853,261,385.02,26.6,2082.18
2025-11-22,Best Serum for Dry Skin,Natural Serum,natural skincare routine,Phrase match,Tier 2 - Mid Intent,True,False,3175,117,155.19,13.4,995.11
2025-11-22,Best Serum for Dry Skin,Broad Skincare,skincare,Broad match,Untiered - Broad,False,False,2295,88,121.85,9.1,702.57
2025-11-22,Brand Defense,Brand Core,pureglow skincare,Exact match,Tier 3 - Brand Defense,False,True,2604,99,168.43,13.1,946.46
2025-11-22,Brand Defense,Brand Bundle,pureglow spf bundle,Exact match,Tier 3 - Brand Defense,False,True,1332,50,74.8,6.4,409.6
2025-11-22,Brand Defense,Brand Product,pureglow vitamin c serum,Exact match,Tier 3 - Brand Defense,False,True,2062,96,139.55,9.3,669.56
2025-11-22,SPF Moisturizer Bundle,Daily SPF,buy spf moisturizer online,Exact match,Tier 1 - High Intent,True,True,4496,176,240.78,21.8,1496.95
2025-11-22,SPF Moisturizer Bundle,Broad Moisturizer,moisturizer,Broad match,Untiered - Broad,False,False,1886,78,105.37,9.5,674.59
2025-11-22,SPF Moisturizer Bundle,SPF Bundle,spf moisturizer bundle,Exact match,Tier 1 - High Intent,True,True,5417,217,349.77,28.9,2024.96
2025-11-22,SPF Moisturizer Bundle,Vegan SPF,vegan spf moisturizer,Phrase match,Tier 2 - Mid Intent,True,True,2741,95,139.83,13.0,804.9
2025-11-22,Skincare Routine Quiz,Routine Quiz,best skincare routine for dry skin,Phrase match,Tier 2 - Mid Intent,True,True,4024,156,218.87,18.4,1355.73
2025-11-22,Skincare Routine Quiz,Plant Based,plant based moisturizer,Phrase match,Tier 2 - Mid Intent,True,True,3405,127,187.43,13.4,942.44
2025-11-23,Best Serum for Dry Skin,Vitamin C Serum,best vitamin c serum for dry skin,Exact match,Tier 1 - High Intent,True,True,7306,293,487.15,36.1,2632.02
2025-11-23,Best Serum for Dry Skin,Hydrating Serum,buy hydrating face serum online,Exact match,Tier 1 - High Intent,True,True,6473,251,349.43,30.9,2174.78
2025-11-23,Best Serum for Dry Skin,Natural Serum,natural skincare routine,Phrase match,Tier 2 - Mid Intent,True,False,2860,126,165.57,12.0,895.77
2025-11-23,Best Serum for Dry Skin,Broad Skincare,skincare,Broad match,Untiered - Broad,False,False,2126,79,129.31,9.3,718.66
2025-11-23,Brand Defense,Brand Core,pureglow skincare,Exact match,Tier 3 - Brand Defense,False,True,2611,116,146.33,11.0,845.28
2025-11-23,Brand Defense,Brand Bundle,pureglow spf bundle,Exact match,Tier 3 - Brand Defense,False,True,1233,56,80.32,6.9,444.17
2025-11-23,Brand Defense,Brand Product,pureglow vitamin c serum,Exact match,Tier 3 - Brand Defense,False,True,2254,94,129.16,10.0,695.69
2025-11-23,SPF Moisturizer Bundle,Daily SPF,buy spf moisturizer online,Exact match,Tier 1 - High Intent,True,True,4164,177,253.27,20.0,1386.2
2025-11-23,SPF Moisturizer Bundle,Broad Moisturizer,moisturizer,Broad match,Untiered - Broad,False,False,1717,75,111.11,9.4,600.75
2025-11-23,SPF Moisturizer Bundle,SPF Bundle,spf moisturizer bundle,Exact match,Tier 1 - High Intent,True,True,6324,243,335.07,30.4,1806.92
2025-11-23,SPF Moisturizer Bundle,Vegan SPF,vegan spf moisturizer,Phrase match,Tier 2 - Mid Intent,True,True,2333,104,154.8,12.3,773.38
2025-11-23,Skincare Routine Quiz,Routine Quiz,best skincare routine for dry skin,Phrase match,Tier 2 - Mid Intent,True,True,3989,149,214.85,19.1,1388.51
2025-11-23,Skincare Routine Quiz,Plant Based,plant based moisturizer,Phrase match,Tier 2 - Mid Intent,True,True,2983,131,193.87,14.1,970.15
2025-11-24,Best Serum for Dry Skin,Vitamin C Serum,best vitamin c serum for dry skin,Exact match,Tier 1 - High Intent,True,True,6965,285,397.03,33.3,2184.33
2025-11-24,Best Serum for Dry Skin,Hydrating Serum,buy hydrating face serum online,Exact match,Tier 1 - High Intent,True,True,5910,244,332.7,26.3,1982.23
2025-11-24,Best Serum for Dry Skin,Natural Serum,natural skincare routine,Phrase match,Tier 2 - Mid Intent,True,False,2897,102,152.06,13.3,821.66
2025-11-24,Best Serum for Dry Skin,Broad Skincare,skincare,Broad match,Untiered - Broad,False,False,1784,73,120.65,8.2,659.93
2025-11-24,Brand Defense,Brand Core,pureglow skincare,Exact match,Tier 3 - Brand Defense,False,True,2445,95,148.52,10.9,779.41
2025-11-24,Brand Defense,Brand Bundle,pureglow spf bundle,Exact match,Tier 3 - Brand Defense,False,True,1197,52,70.27,5.4,412.22
2025-11-24,Brand Defense,Brand Product,pureglow vitamin c serum,Exact match,Tier 3 - Brand Defense,False,True,2084,86,131.33,10.4,614.89
2025-11-24,SPF Moisturizer Bundle,Daily SPF,buy spf moisturizer online,Exact match,Tier 1 - High Intent,True,True,4303,152,246.32,19.4,1235.85
2025-11-24,SPF Moisturizer Bundle,Broad Moisturizer,moisturizer,Broad match,Untiered - Broad,False,False,1668,63,107.74,7.5,519.78
2025-11-24,SPF Moisturizer Bundle,SPF Bundle,spf moisturizer bundle,Exact match,Tier 1 - High Intent,True,True,5461,213,323.44,23.6,1603.08
2025-11-24,SPF Moisturizer Bundle,Vegan SPF,vegan spf moisturizer,Phrase match,Tier 2 - Mid Intent,True,True,2270,89,134.32,9.8,695.58
2025-11-24,Skincare Routine Quiz,Routine Quiz,best skincare routine for dry skin,Phrase match,Tier 2 - Mid Intent,True,True,3838,135,222.79,15.7,1234.85
2025-11-24,Skincare Routine Quiz,Plant Based,plant based moisturizer,Phrase match,Tier 2 - Mid Intent,True,True,3012,123,166.46,13.9,930.86
2025-11-25,Best Serum for Dry Skin,Vitamin C Serum,best vitamin c serum for dry skin,Exact match,Tier 1 - High Intent,True,True,6802,303,402.1,35.0,2258.51
2025-11-25,Best Serum for Dry Skin,Hydrating Serum,buy hydrating face serum online,Exact match,Tier 1 - High Intent,True,True,5747,218,327.07,26.0,1826.12
2025-11-25,Best Serum for Dry Skin,Natural Serum,natural skincare routine,Phrase match,Tier 2 - Mid Intent,True,False,2972,110,151.49,13.7,937.41
2025-11-25,Best Serum for Dry Skin,Broad Skincare,skincare,Broad match,Untiered - Broad,False,False,1924,69,119.01,8.7,601.82
2025-11-25,Brand Defense,Brand Core,pureglow skincare,Exact match,Tier 3 - Brand Defense,False,True,2780,91,149.61,12.1,814.09
2025-11-25,Brand Defense,Brand Bundle,pureglow spf bundle,Exact match,Tier 3 - Brand Defense,False,True,1346,47,67.86,5.7,427.93
2025-11-25,Brand Defense,Brand Product,pureglow vitamin c serum,Exact match,Tier 3 - Brand Defense,False,True,2280,76,125.0,10.8,734.26
2025-11-25,SPF Moisturizer Bundle,Daily SPF,buy spf moisturizer online,Exact match,Tier 1 - High Intent,True,True,3958,154,217.94,17.3,1319.26
2025-11-25,SPF Moisturizer Bundle,Broad Moisturizer,moisturizer,Broad match,Untiered - Broad,False,False,1953,71,103.79,8.8,528.63
2025-11-25,SPF Moisturizer Bundle,SPF Bundle,spf moisturizer bundle,Exact match,Tier 1 - High Intent,True,True,5773,232,341.59,27.7,1726.59
2025-11-25,SPF Moisturizer Bundle,Vegan SPF,vegan spf moisturizer,Phrase match,Tier 2 - Mid Intent,True,True,2239,98,137.24,11.8,841.39
2025-11-25,Skincare Routine Quiz,Routine Quiz,best skincare routine for dry skin,Phrase match,Tier 2 - Mid Intent,True,True,3976,148,211.44,17.6,1317.74
2025-11-25,Skincare Routine Quiz,Plant Based,plant based moisturizer,Phrase match,Tier 2 - Mid Intent,True,True,3119,116,164.03,13.5,970.24
2025-11-26,Best Serum for Dry Skin,Vitamin C Serum,best vitamin c serum for dry skin,Exact match,Tier 1 - High Intent,True,True,6249,291,389.65,28.9,2284.49
2025-11-26,Best Serum for Dry Skin,Hydrating Serum,buy hydrating face serum online,Exact match,Tier 1 - High Intent,True,True,5443,241,315.61,27.5,1970.96
2025-11-26,Best Serum for Dry Skin,Natural Serum,natural skincare routine,Phrase match,Tier 2 - Mid Intent,True,False,2377,100,137.77,10.5,857.64
2025-11-26,Best Serum for Dry Skin,Broad Skincare,skincare,Broad match,Untiered - Broad,False,False,1727,76,102.33,7.8,640.32
2025-11-26,Brand Defense,Brand Core,pureglow skincare,Exact match,Tier 3 - Brand Defense,False,True,2595,87,137.0,9.8,714.14
2025-11-26,Brand Defense,Brand Bundle,pureglow spf bundle,Exact match,Tier 3 - Brand Defense,False,True,1158,47,74.1,5.0,390.18
2025-11-26,Brand Defense,Brand Product,pureglow vitamin c serum,Exact match,Tier 3 - Brand Defense,False,True,1816,81,108.3,8.7,692.21
2025-11-26,SPF Moisturizer Bundle,Daily SPF,buy spf moisturizer online,Exact match,Tier 1 - High Intent,True,True,3647,150,210.3,16.4,1205.08
2025-11-26,SPF Moisturizer Bundle,Broad Moisturizer,moisturizer,Broad match,Untiered - Broad,False,False,1604,66,90.12,7.1,536.45
2025-11-26,SPF Moisturizer Bundle,SPF Bundle,spf moisturizer bundle,Exact match,Tier 1 - High Intent,True,True,5164,204,295.07,24.4,1767.24
2025-11-26,SPF Moisturizer Bundle,Vegan SPF,vegan spf moisturizer,Phrase match,Tier 2 - Mid Intent,True,True,2261,81,130.09,10.7,804.06
2025-11-26,Skincare Routine Quiz,Routine Quiz,best skincare routine for dry skin,Phrase match,Tier 2 - Mid Intent,True,True,3296,133,206.46,17.2,1122.42
2025-11-26,Skincare Routine Quiz,Plant Based,plant based moisturizer,Phrase match,Tier 2 - Mid Intent,True,True,2743,112,160.2,11.4,943.23
2025-11-27,Best Serum for Dry Skin,Vitamin C Serum,best vitamin c serum for dry skin,Exact match,Tier 1 - High Intent,True,True,7503,329,451.53,37.4,2350.49
2025-11-27,Best Serum for Dry Skin,Hydrating Serum,buy hydrating face serum online,Exact match,Tier 1 - High Intent,True,True,7158,235,385.88,32.4,2078.87
2025-11-27,Best Serum for Dry Skin,Natural Serum,natural skincare routine,Phrase match,Tier 2 - Mid Intent,True,False,2964,111,155.71,13.9,869.57
2025-11-27,Best Serum for Dry Skin,Broad Skincare,skincare,Broad match,Untiered - Broad,False,False,2099,87,124.95,8.5,651.97
2025-11-27,Brand Defense,Brand Core,pureglow skincare,Exact match,Tier 3 - Brand Defense,False,True,2708,107,161.8,13.4,842.29
2025-11-27,Brand Defense,Brand Bundle,pureglow spf bundle,Exact match,Tier 3 - Brand Defense,False,True,1437,51,84.74,6.8,419.92
2025-11-27,Brand Defense,Brand Product,pureglow vitamin c serum,Exact match,Tier 3 - Brand Defense,False,True,2115,86,135.31,10.0,772.23
2025-11-27,SPF Moisturizer Bundle,Daily SPF,buy spf moisturizer online,Exact match,Tier 1 - High Intent,True,True,4174,179,247.36,19.4,1411.47
2025-11-27,SPF Moisturizer Bundle,Broad Moisturizer,moisturizer,Broad match,Untiered - Broad,False,False,2063,76,102.69,8.4,574.62
2025-11-27,SPF Moisturizer Bundle,SPF Bundle,spf moisturizer bundle,Exact match,Tier 1 - High Intent,True,True,5991,223,333.79,28.6,1944.22
2025-11-27,SPF Moisturizer Bundle,Vegan SPF,vegan spf moisturizer,Phrase match,Tier 2 - Mid Intent,True,True,2405,107,146.02,12.4,809.57
2025-11-27,Skincare Routine Quiz,Routine Quiz,best skincare routine for dry skin,Phrase match,Tier 2 - Mid Intent,True,True,4287,157,210.64,15.9,1158.68
2025-11-27,Skincare Routine Quiz,Plant Based,plant based moisturizer,Phrase match,Tier 2 - Mid Intent,True,True,3118,131,171.2,13.9,1111.16
2025-11-28,Best Serum for Dry Skin,Vitamin C Serum,best vitamin c serum for dry skin,Exact match,Tier 1 - High Intent,True,True,7795,320,460.93,38.5,2354.71
2025-11-28,Best Serum for Dry Skin,Hydrating Serum,buy hydrating face serum online,Exact match,Tier 1 - High Intent,True,True,7141,250,356.15,32.3,2147.7
2025-11-28,Best Serum for Dry Skin,Natural Serum,natural skincare routine,Phrase match,Tier 2 - Mid Intent,True,False,3076,115,161.94,12.2,978.85
2025-11-28,Best Serum for Dry Skin,Broad Skincare,skincare,Broad match,Untiered - Broad,False,False,2014,77,123.35,9.9,716.03
2025-11-28,Brand Defense,Brand Core,pureglow skincare,Exact match,Tier 3 - Brand Defense,False,True,2540,114,145.08,11.3,802.73
2025-11-28,Brand Defense,Brand Bundle,pureglow spf bundle,Exact match,Tier 3 - Brand Defense,False,True,1291,54,82.92,6.4,455.1
2025-11-28,Brand Defense,Brand Product,pureglow vitamin c serum,Exact match,Tier 3 - Brand Defense,False,True,2428,89,129.7,11.4,668.85
2025-11-28,SPF Moisturizer Bundle,Daily SPF,buy spf moisturizer online,Exact match,Tier 1 - High Intent,True,True,4448,163,245.39,20.7,1455.58
2025-11-28,SPF Moisturizer Bundle,Broad Moisturizer,moisturizer,Broad match,Untiered - Broad,False,False,1967,75,106.77,8.6,609.3
2025-11-28,SPF Moisturizer Bundle,SPF Bundle,spf moisturizer bundle,Exact match,Tier 1 - High Intent,True,True,6038,243,323.55,28.4,1786.1
2025-11-28,SPF Moisturizer Bundle,Vegan SPF,vegan spf moisturizer,Phrase match,Tier 2 - Mid Intent,True,True,2558,103,140.97,11.3,844.19
2025-11-28,Skincare Routine Quiz,Routine Quiz,best skincare routine for dry skin,Phrase match,Tier 2 - Mid Intent,True,True,3660,146,227.59,19.0,1315.19
2025-11-28,Skincare Routine Quiz,Plant Based,plant based moisturizer,Phrase match,Tier 2 - Mid Intent,True,True,3393,135,192.07,13.0,1033.97
2025-11-29,Best Serum for Dry Skin,Vitamin C Serum,best vitamin c serum for dry skin,Exact match,Tier 1 - High Intent,True,True,7582,317,458.39,37.2,2581.79
2025-11-29,Best Serum for Dry Skin,Hydrating Serum,buy hydrating face serum online,Exact match,Tier 1 - High Intent,True,True,6134,278,399.22,33.5,2016.01
2025-11-29,Best Serum for Dry Skin,Natural Serum,natural skincare routine,Phrase match,Tier 2 - Mid Intent,True,False,2923,107,155.48,14.5,880.17
2025-11-29,Best Serum for Dry Skin,Broad Skincare,skincare,Broad match,Untiered - Broad,False,False,2182,84,116.69,8.8,733.3
2025-11-29,Brand Defense,Brand Core,pureglow skincare,Exact match,Tier 3 - Brand Defense,False,True,2575,118,168.73,13.6,817.39
2025-11-29,Brand Defense,Brand Bundle,pureglow spf bundle,Exact match,Tier 3 - Brand Defense,False,True,1310,53,80.68,6.9,441.11
2025-11-29,Brand Defense,Brand Product,pureglow vitamin c serum,Exact match,Tier 3 - Brand Defense,False,True,2157,92,133.64,11.2,734.39
2025-11-29,SPF Moisturizer Bundle,Daily SPF,buy spf moisturizer online,Exact match,Tier 1 - High Intent,True,True,4372,174,254.66,22.5,1422.43
2025-11-29,SPF Moisturizer Bundle,Broad Moisturizer,moisturizer,Broad match,Untiered - Broad,False,False,1915,76,101.06,9.0,593.35
2025-11-29,SPF Moisturizer Bundle,SPF Bundle,spf moisturizer bundle,Exact match,Tier 1 - High Intent,True,True,6309,233,357.6,26.0,1946.86
2025-11-29,SPF Moisturizer Bundle,Vegan SPF,vegan spf moisturizer,Phrase match,Tier 2 - Mid Intent,True,True,2679,107,137.41,11.1,857.02
2025-11-29,Skincare Routine Quiz,Routine Quiz,best skincare routine for dry skin,Phrase match,Tier 2 - Mid Intent,True,True,4037,148,212.62,17.9,1347.01
2025-11-29,Skincare Routine Quiz,Plant Based,plant based moisturizer,Phrase match,Tier 2 - Mid Intent,True,True,3136,136,190.46,16.4,1117.16
2025-11-30,Best Serum for Dry Skin,Vitamin C Serum,best vitamin c serum for dry skin,Exact match,Tier 1 - High Intent,True,True,7416,308,403.92,37.8,2469.84
2025-11-30,Best Serum for Dry Skin,Hydrating Serum,buy hydrating face serum online,Exact match,Tier 1 - High Intent,True,True,6388,259,364.76,25.9,2183.96
2025-11-30,Best Serum for Dry Skin,Natural Serum,natural skincare routine,Phrase match,Tier 2 - Mid Intent,True,False,2535,114,172.23,12.6,887.71
2025-11-30,Best Serum for Dry Skin,Broad Skincare,skincare,Broad match,Untiered - Broad,False,False,2040,81,110.44,8.7,646.05
2025-11-30,Brand Defense,Brand Core,pureglow skincare,Exact match,Tier 3 - Brand Defense,False,True,2704,106,147.78,13.5,917.16
2025-11-30,Brand Defense,Brand Bundle,pureglow spf bundle,Exact match,Tier 3 - Brand Defense,False,True,1316,56,80.01,6.5,446.22
2025-11-30,Brand Defense,Brand Product,pureglow vitamin c serum,Exact match,Tier 3 - Brand Defense,False,True,2264,83,130.65,10.7,750.33
2025-11-30,SPF Moisturizer Bundle,Daily SPF,buy spf moisturizer online,Exact match,Tier 1 - High Intent,True,True,3683,164,222.32,19.3,1398.68
2025-11-30,SPF Moisturizer Bundle,Broad Moisturizer,moisturizer,Broad match,Untiered - Broad,False,False,1693,66,96.98,8.2,569.72
2025-11-30,SPF Moisturizer Bundle,SPF Bundle,spf moisturizer bundle,Exact match,Tier 1 - High Intent,True,True,5831,239,321.9,26.9,1860.75
2025-11-30,SPF Moisturizer Bundle,Vegan SPF,vegan spf moisturizer,Phrase match,Tier 2 - Mid Intent,True,True,2272,90,135.78,10.7,891.1
2025-11-30,Skincare Routine Quiz,Routine Quiz,best skincare routine for dry skin,Phrase match,Tier 2 - Mid Intent,True,True,3520,138,200.72,19.3,1179.89
2025-11-30,Skincare Routine Quiz,Plant Based,plant based moisturizer,Phrase match,Tier 2 - Mid Intent,True,True,3214,117,163.32,13.1,1113.04
2025-12-01,Best Serum for Dry Skin,Vitamin C Serum,best vitamin c serum for dry skin,Exact match,Tier 1 - High Intent,True,True,7297,309,436.56,32.0,2359.76
2025-12-01,Best Serum for Dry Skin,Hydrating Serum,buy hydrating face serum online,Exact match,Tier 1 - High Intent,True,True,6069,231,366.49,26.5,1971.39
2025-12-01,Best Serum for Dry Skin,Natural Serum,natural skincare routine,Phrase match,Tier 2 - Mid Intent,True,False,2651,108,156.35,13.1,924.9
2025-12-01,Best Serum for Dry Skin,Broad Skincare,skincare,Broad match,Untiered - Broad,False,False,1842,81,101.91,9.6,648.41
2025-12-01,Brand Defense,Brand Core,pureglow skincare,Exact match,Tier 3 - Brand Defense,False,True,2388,104,136.26,12.1,809.84
2025-12-01,Brand Defense,Brand Bundle,pureglow spf bundle,Exact match,Tier 3 - Brand Defense,False,True,1167,49,68.92,5.1,427.2
2025-12-01,Brand Defense,Brand Product,pureglow vitamin c serum,Exact match,Tier 3 - Brand Defense,False,True,2076,77,117.63,9.6,631.49
2025-12-01,SPF Moisturizer Bundle,Daily SPF,buy spf moisturizer online,Exact match,Tier 1 - High Intent,True,True,3780,167,231.79,19.1,1379.16
2025-12-01,SPF Moisturizer Bundle,Broad Moisturizer,moisturizer,Broad match,Untiered - Broad,False,False,1762,75,96.28,8.4,606.27
2025-12-01,SPF Moisturizer Bundle,SPF Bundle,spf moisturizer bundle,Exact match,Tier 1 - High Intent,True,True,5405,226,330.8,25.7,1685.54
2025-12-01,SPF Moisturizer Bundle,Vegan SPF,vegan spf moisturizer,Phrase match,Tier 2 - Mid Intent,True,True,2415,89,133.48,11.1,836.32
2025-12-01,Skincare Routine Quiz,Routine Quiz,best skincare routine for dry skin,Phrase match,Tier 2 - Mid Intent,True,True,3646,144,222.09,16.9,1126.12
2025-12-01,Skincare Routine Quiz,Plant Based,plant based moisturizer,Phrase match,Tier 2 - Mid Intent,True,True,2808,118,174.16,13.5,961.21
2025-12-02,Best Serum for Dry Skin,Vitamin C Serum,best vitamin c serum for dry skin,Exact match,Tier 1 - High Intent,True,True,6795,309,433.79,32.1,2723.29
2025-12-02,Best Serum for Dry Skin,Hydrating Serum,buy hydrating face serum online,Exact match,Tier 1 - High Intent,True,True,6604,265,357.31,28.5,1968.8
2025-12-02,Best Serum for Dry Skin,Natural Serum,natural skincare routine,Phrase match,Tier 2 - Mid Intent,True,False,2608,121,152.76,13.9,927.22
2025-12-02,Best Serum for Dry Skin,Broad Skincare,skincare,Broad match,Untiered - Broad,False,False,1975,76,115.82,9.5,650.72
2025-12-02,Brand Defense,Brand Core,pureglow skincare,Exact match,Tier 3 - Brand Defense,False,True,2796,111,141.44,12.8,866.25
2025-12-02,Brand Defense,Brand Bundle,pureglow spf bundle,Exact match,Tier 3 - Brand Defense,False,True,1302,57,73.31,5.4,408.49
2025-12-02,Brand Defense,Brand Product,pureglow vitamin c serum,Exact match,Tier 3 - Brand Defense,False,True,2207,94,115.49,9.0,727.64
2025-12-02,SPF Moisturizer Bundle,Daily SPF,buy spf moisturizer online,Exact match,Tier 1 - High Intent,True,True,4297,180,234.89,19.1,1407.04
2025-12-02,SPF Moisturizer Bundle,Broad Moisturizer,moisturizer,Broad match,Untiered - Broad,False,False,1884,75,102.24,8.4,544.25
2025-12-02,SPF Moisturizer Bundle,SPF Bundle,spf moisturizer bundle,Exact match,Tier 1 - High Intent,True,True,5471,222,343.73,30.0,1913.8
2025-12-02,SPF Moisturizer Bundle,Vegan SPF,vegan spf moisturizer,Phrase match,Tier 2 - Mid Intent,True,True,2474,95,141.74,11.1,796.17
2025-12-02,Skincare Routine Quiz,Routine Quiz,best skincare routine for dry skin,Phrase match,Tier 2 - Mid Intent,True,True,3476,144,223.73,17.3,1203.85
2025-12-02,Skincare Routine Quiz,Plant Based,plant based moisturizer,Phrase match,Tier 2 - Mid Intent,True,True,3157,118,173.85,12.6,1097.0
2025-12-03,Best Serum for Dry Skin,Vitamin C Serum,best vitamin c serum for dry skin,Exact match,Tier 1 - High Intent,True,True,6853,304,409.9,28.5,2191.78
2025-12-03,Best Serum for Dry Skin,Hydrating Serum,buy hydrating face serum online,Exact match,Tier 1 - High Intent,True,True,5709,244,321.79,26.2,2083.18
2025-12-03,Best Serum for Dry Skin,Natural Serum,natural skincare routine,Phrase match,Tier 2 - Mid Intent,True,False,2683,111,141.27,12.9,836.27
2025-12-03,Best Serum for Dry Skin,Broad Skincare,skincare,Broad match,Untiered - Broad,False,False,1918,71,111.26,7.3,557.06
2025-12-03,Brand Defense,Brand Core,pureglow skincare,Exact match,Tier 3 - Brand Defense,False,True,2374,93,129.77,11.8,728.42
2025-12-03,Brand Defense,Brand Bundle,pureglow spf bundle,Exact match,Tier 3 - Brand Defense,False,True,1280,47,75.32,5.9,439.74
2025-12-03,Brand Defense,Brand Product,pureglow vitamin c serum,Exact match,Tier 3 - Brand Defense,False,True,1920,78,119.45,8.9,640.18
2025-12-03,SPF Moisturizer Bundle,Daily SPF,buy spf moisturizer online,Exact match,Tier 1 - High Intent,True,True,3468,164,208.76,17.9,1421.34
2025-12-03,SPF Moisturizer Bundle,Broad Moisturizer,moisturizer,Broad match,Untiered - Broad,False,False,1641,68,94.0,6.7,584.65
2025-12-03,SPF Moisturizer Bundle,SPF Bundle,spf moisturizer bundle,Exact match,Tier 1 - High Intent,True,True,5110,228,290.18,26.5,1684.74
2025-12-03,SPF Moisturizer Bundle,Vegan SPF,vegan spf moisturizer,Phrase match,Tier 2 - Mid Intent,True,True,2103,96,123.51,9.7,769.8
2025-12-03,Skincare Routine Quiz,Routine Quiz,best skincare routine for dry skin,Phrase match,Tier 2 - Mid Intent,True,True,3202,150,190.93,14.9,1138.89
2025-12-03,Skincare Routine Quiz,Plant Based,plant based moisturizer,Phrase match,Tier 2 - Mid Intent,True,True,2839,114,176.5,11.4,924.04
2025-12-04,Best Serum for Dry Skin,Vitamin C Serum,best vitamin c serum for dry skin,Exact match,Tier 1 - High Intent,True,True,7663,310,396.01,35.0,2418.08
2025-12-04,Best Serum for Dry Skin,Hydrating Serum,buy hydrating face serum online,Exact match,Tier 1 - High Intent,True,True,6365,252,336.41,31.9,1985.79
2025-12-04,Best Serum for Dry Skin,Natural Serum,natural skincare routine,Phrase match,Tier 2 - Mid Intent,True,False,2906,109,153.85,12.2,879.23
2025-12-04,Best Serum for Dry Skin,Broad Skincare,skincare,Broad match,Untiered - Broad,False,False,2087,75,104.6,8.3,658.64
2025-12-04,Brand Defense,Brand Core,pureglow skincare,Exact match,Tier 3 - Brand Defense,False,True,2505,106,151.94,11.8,842.3
2025-12-04,Brand Defense,Brand Bundle,pureglow spf bundle,Exact match,Tier 3 - Brand Defense,False,True,1303,49,77.61,6.6,456.3
2025-12-04,Brand Defense,Brand Product,pureglow vitamin c serum,Exact match,Tier 3 - Brand Defense,False,True,2136,90,115.87,9.0,662.92
2025-12-04,SPF Moisturizer Bundle,Daily SPF,buy spf moisturizer online,Exact match,Tier 1 - High Intent,True,True,4456,168,230.23,17.7,1316.68
2025-12-04,SPF Moisturizer Bundle,Broad Moisturizer,moisturizer,Broad match,Untiered - Broad,False,False,1783,68,100.16,8.1,570.23
2025-12-04,SPF Moisturizer Bundle,SPF Bundle,spf moisturizer bundle,Exact match,Tier 1 - High Intent,True,True,5148,209,344.52,28.5,1742.21
2025-12-04,SPF Moisturizer Bundle,Vegan SPF,vegan spf moisturizer,Phrase match,Tier 2 - Mid Intent,True,True,2333,95,128.17,11.1,824.63
2025-12-04,Skincare Routine Quiz,Routine Quiz,best skincare routine for dry skin,Phrase match,Tier 2 - Mid Intent,True,True,3933,143,223.85,16.2,1152.99
2025-12-04,Skincare Routine Quiz,Plant Based,plant based moisturizer,Phrase match,Tier 2 - Mid Intent,True,True,2931,119,159.84,14.1,1051.25
2025-12-05,Best Serum for Dry Skin,Vitamin C Serum,best vitamin c serum for dry skin,Exact match,Tier 1 - High Intent,True,True,7870,291,399.37,37.5,2411.23
2025-12-05,Best Serum for Dry Skin,Hydrating Serum,buy hydrating face serum online,Exact match,Tier 1 - High Intent,True,True,6274,237,360.21,30.0,1948.66
2025-12-05,Best Serum for Dry Skin,Natural Serum,natural skincare routine,Phrase match,Tier 2 - Mid Intent,True,False,2594,100,152.26,13.9,896.42
2025-12-05,Best Serum for Dry Skin,Broad Skincare,skincare,Broad match,Untiered - Broad,False,False,1991,78,110.85,9.4,588.75
2025-12-05,Brand Defense,Brand Core,pureglow skincare,Exact match,Tier 3 - Brand Defense,False,True,2619,99,148.06,11.9,824.75
2025-12-05,Brand Defense,Brand Bundle,pureglow spf bundle,Exact match,Tier 3 - Brand Defense,False,True,1362,54,71.6,5.7,384.85
2025-12-05,Brand Defense,Brand Product,pureglow vitamin c serum,Exact match,Tier 3 - Brand Defense,False,True,2171,87,123.05,9.0,709.4
2025-12-05,SPF Moisturizer Bundle,Daily SPF,buy spf moisturizer online,Exact match,Tier 1 - High Intent,True,True,3908,173,258.16,21.0,1460.32
2025-12-05,SPF Moisturizer Bundle,Broad Moisturizer,moisturizer,Broad match,Untiered - Broad,False,False,1778,67,110.16,7.4,598.55
2025-12-05,SPF Moisturizer Bundle,SPF Bundle,spf moisturizer bundle,Exact match,Tier 1 - High Intent,True,True,6149,223,347.43,26.8,1831.34
2025-12-05,SPF Moisturizer Bundle,Vegan SPF,vegan spf moisturizer,Phrase match,Tier 2 - Mid Intent,True,True,2361,101,142.33,10.2,760.39
2025-12-05,Skincare Routine Quiz,Routine Quiz,best skincare routine for dry skin,Phrase match,Tier 2 - Mid Intent,True,True,3765,148,203.43,18.5,1350.88
2025-12-05,Skincare Routine Quiz,Plant Based,plant based moisturizer,Phrase match,Tier 2 - Mid Intent,True,True,3225,110,178.62,13.6,901.86
2025-12-06,Best Serum for Dry Skin,Vitamin C Serum,best vitamin c serum for dry skin,Exact match,Tier 1 - High Intent,True,True,6699,292,473.03,38.6,2849.34
2025-12-06,Best Serum for Dry Skin,Hydrating Serum,buy hydrating face serum online,Exact match,Tier 1 - High Intent,True,True,5584,254,384.26,28.0,2105.9
2025-12-06,Best Serum for Dry Skin,Natural Serum,natural skincare routine,Phrase match,Tier 2 - Mid Intent,True,False,2916,120,184.29,13.5,1093.07
2025-12-06,Best Serum for Dry Skin,Broad Skincare,skincare,Broad match,Untiered - Broad,False,False,1983,81,120.64,10.8,729.6
2025-12-06,Brand Defense,Brand Core,pureglow skincare,Exact match,Tier 3 - Brand Defense,False,True,2669,110,158.62,12.3,1026.97
2025-12-06,Brand Defense,Brand Bundle,pureglow spf bundle,Exact match,Tier 3 - Brand Defense,False,True,1217,54,78.16,6.7,510.37
2025-12-06,Brand Defense,Brand Product,pureglow vitamin c serum,Exact match,Tier 3 - Brand Defense,False,True,2177,90,141.75,11.6,763.63
2025-12-06,SPF Moisturizer Bundle,Daily SPF,buy spf moisturizer online,Exact match,Tier 1 - High Intent,True,True,3850,173,274.27,23.4,1448.89
2025-12-06,SPF Moisturizer Bundle,Broad Moisturizer,moisturizer,Broad match,Untiered - Broad,False,False,1886,78,108.64,8.6,608.51
2025-12-06,SPF Moisturizer Bundle,SPF Bundle,spf moisturizer bundle,Exact match,Tier 1 - High Intent,True,True,5986,235,357.33,28.3,2150.72
2025-12-06,SPF Moisturizer Bundle,Vegan SPF,vegan spf moisturizer,Phrase match,Tier 2 - Mid Intent,True,True,2611,107,161.84,11.8,981.54
2025-12-06,Skincare Routine Quiz,Routine Quiz,best skincare routine for dry skin,Phrase match,Tier 2 - Mid Intent,True,True,3897,158,228.65,17.0,1301.57
2025-12-06,Skincare Routine Quiz,Plant Based,plant based moisturizer,Phrase match,Tier 2 - Mid Intent,True,True,3087,130,201.51,16.0,1209.37
2025-12-07,Best Serum for Dry Skin,Vitamin C Serum,best vitamin c serum for dry skin,Exact match,Tier 1 - High Intent,True,True,8050,307,458.1,39.6,2515.31
2025-12-07,Best Serum for Dry Skin,Hydrating Serum,buy hydrating face serum online,Exact match,Tier 1 - High Intent,True,True,5929,259,353.11,26.5,2225.38
2025-12-07,Best Serum for Dry Skin,Natural Serum,natural skincare routine,Phrase match,Tier 2 - Mid Intent,True,False,2681,115,174.27,12.2,887.81
2025-12-07,Best Serum for Dry Skin,Broad Skincare,skincare,Broad match,Untiered - Broad,False,False,1820,82,110.92,9.4,698.39
2025-12-07,Brand Defense,Brand Core,pureglow skincare,Exact match,Tier 3 - Brand Defense,False,True,2854,107,167.53,12.8,839.31
2025-12-07,Brand Defense,Brand Bundle,pureglow spf bundle,Exact match,Tier 3 - Brand Defense,False,True,1332,54,73.12,6.2,484.86
2025-12-07,Brand Defense,Brand Product,pureglow vitamin c serum,Exact match,Tier 3 - Brand Defense,False,True,2429,89,121.06,11.0,712.9
2025-12-07,SPF Moisturizer Bundle,Daily SPF,buy spf moisturizer online,Exact match,Tier 1 - High Intent,True,True,4190,183,246.95,20.0,1327.0
2025-12-07,SPF Moisturizer Bundle,Broad Moisturizer,moisturizer,Broad match,Untiered - Broad,False,False,1914,79,101.65,8.4,675.16
2025-12-07,SPF Moisturizer Bundle,SPF Bundle,spf moisturizer bundle,Exact match,Tier 1 - High Intent,True,True,6154,242,329.89,29.5,2034.86
2025-12-07,SPF Moisturizer Bundle,Vegan SPF,vegan spf moisturizer,Phrase match,Tier 2 - Mid Intent,True,True,2726,108,138.98,11.8,798.32
2025-12-07,Skincare Routine Quiz,Routine Quiz,best skincare routine for dry skin,Phrase match,Tier 2 - Mid Intent,True,True,4184,150,220.04,18.3,1234.74
2025-12-07,Skincare Routine Quiz,Plant Based,plant based moisturizer,Phrase match,Tier 2 - Mid Intent,True,True,3422,130,184.59,12.9,1021.26
2025-12-08,Best Serum for Dry Skin,Vitamin C Serum,best vitamin c serum for dry skin,Exact match,Tier 1 - High Intent,True,True,7050,269,389.66,32.4,2696.47
2025-12-08,Best Serum for Dry Skin,Hydrating Serum,buy hydrating face serum online,Exact match,Tier 1 - High Intent,True,True,5168,239,316.79,29.2,2191.58
2025-12-08,Best Serum for Dry Skin,Natural Serum,natural skincare routine,Phrase match,Tier 2 - Mid Intent,True,False,2686,100,163.58,13.1,932.02
2025-12-08,Best Serum for Dry Skin,Broad Skincare,skincare,Broad match,Untiered - Broad,False,False,1748,73,114.01,8.8,687.56
2025-12-08,Brand Defense,Brand Core,pureglow skincare,Exact match,Tier 3 - Brand Defense,False,True,2166,103,150.03,13.2,879.57
2025-12-08,Brand Defense,Brand Bundle,pureglow spf bundle,Exact match,Tier 3 - Brand Defense,False,True,1243,50,76.22,5.3,396.69
2025-12-08,Brand Defense,Brand Product,pureglow vitamin c serum,Exact match,Tier 3 - Brand Defense,False,True,1799,86,114.39,9.9,737.42
2025-12-08,SPF Moisturizer Bundle,Daily SPF,buy spf moisturizer online,Exact match,Tier 1 - High Intent,True,True,3716,152,231.25,18.3,1330.93
2025-12-08,SPF Moisturizer Bundle,Broad Moisturizer,moisturizer,Broad match,Untiered - Broad,False,False,1492,65,104.88,7.6,548.64
2025-12-08,SPF Moisturizer Bundle,SPF Bundle,spf moisturizer bundle,Exact match,Tier 1 - High Intent,True,True,5350,239,306.1,26.5,1915.2
2025-12-08,SPF Moisturizer Bundle,Vegan SPF,vegan spf moisturizer,Phrase match,Tier 2 - Mid Intent,True,True,2334,101,138.23,12.0,820.19
2025-12-08,Skincare Routine Quiz,Routine Quiz,best skincare routine for dry skin,Phrase match,Tier 2 - Mid Intent,True,True,3106,155,218.8,17.9,1272.27
2025-12-08,Skincare Routine Quiz,Plant Based,plant based moisturizer,Phrase match,Tier 2 - Mid Intent,True,True,2769,127,154.35,14.3,969.34
2025-12-09,Best Serum for Dry Skin,Vitamin C Serum,best vitamin c serum for dry skin,Exact match,Tier 1 - High Intent,True,True,6607,289,435.04,30.1,2457.15
2025-12-09,Best Serum for Dry Skin,Hydrating Serum,buy hydrating face serum online,Exact match,Tier 1 - High Intent,True,True,6338,253,314.5,27.1,1993.1
2025-12-09,Best Serum for Dry Skin,Natural Serum,natural skincare routine,Phrase match,Tier 2 - Mid Intent,True,False,2938,103,161.67,10.9,870.67
2025-12-09,Best Serum for Dry Skin,Broad Skincare,skincare,Broad match,Untiered - Broad,False,False,1790,76,111.58,8.9,590.39
2025-12-09,Brand Defense,Brand Core,pureglow skincare,Exact match,Tier 3 - Brand Defense,False,True,2459,103,132.19,11.6,768.74
2025-12-09,Brand Defense,Brand Bundle,pureglow spf bundle,Exact match,Tier 3 - Brand Defense,False,True,1184,49,66.02,5.1,401.14
2025-12-09,Brand Defense,Brand Product,pureglow vitamin c serum,Exact match,Tier 3 - Brand Defense,False,True,1904,85,126.99,10.4,625.85
2025-12-09,SPF Moisturizer Bundle,Daily SPF,buy spf moisturizer online,Exact match,Tier 1 - High Intent,True,True,4148,165,222.84,17.0,1230.64
2025-12-09,SPF Moisturizer Bundle,Broad Moisturizer,moisturizer,Broad match,Untiered - Broad,False,False,1690,70,97.09,8.5,561.34
2025-12-09,SPF Moisturizer Bundle,SPF Bundle,spf moisturizer bundle,Exact match,Tier 1 - High Intent,True,True,5628,231,327.82,26.4,1983.07
2025-12-09,SPF Moisturizer Bundle,Vegan SPF,vegan spf moisturizer,Phrase match,Tier 2 - Mid Intent,True,True,2521,95,134.18,11.6,838.21
2025-12-09,Skincare Routine Quiz,Routine Quiz,best skincare routine for dry skin,Phrase match,Tier 2 - Mid Intent,True,True,3612,145,208.53,17.2,1235.85
2025-12-09,Skincare Routine Quiz,Plant Based,plant based moisturizer,Phrase match,Tier 2 - Mid Intent,True,True,2748,129,162.54,12.9,887.97
2025-12-10,Best Serum for Dry Skin,Vitamin C Serum,best vitamin c serum for dry skin,Exact match,Tier 1 - High Intent,True,True,6826,268,415.9,28.9,2279.55
2025-12-10,Best Serum for Dry Skin,Hydrating Serum,buy hydrating face serum online,Exact match,Tier 1 - High Intent,True,True,5650,219,309.12,24.4,1768.61
2025-12-10,Best Serum for Dry Skin,Natural Serum,natural skincare routine,Phrase match,Tier 2 - Mid Intent,True,False,2791,105,149.49,13.0,882.74
2025-12-10,Best Serum for Dry Skin,Broad Skincare,skincare,Broad match,Untiered - Broad,False,False,1892,74,94.66,9.0,639.5
2025-12-10,Brand Defense,Brand Core,pureglow skincare,Exact match,Tier 3 - Brand Defense,False,True,2346,104,143.37,11.6,860.09
2025-12-10,Brand Defense,Brand Bundle,pureglow spf bundle,Exact match,Tier 3 - Brand Defense,False,True,1114,51,64.02,5.3,439.94
2025-12-10,Brand Defense,Brand Product,pureglow vitamin c serum,Exact match,Tier 3 - Brand Defense,False,True,2019,80,112.24,10.2,749.49
2025-12-10,SPF Moisturizer Bundle,Daily SPF,buy spf moisturizer online,Exact match,Tier 1 - High Intent,True,True,4256,167,207.29,18.3,1421.14
2025-12-10,SPF Moisturizer Bundle,Broad Moisturizer,moisturizer,Broad match,Untiered - Broad,False,False,1799,65,96.77,7.5,610.39
2025-12-10,SPF Moisturizer Bundle,SPF Bundle,spf moisturizer bundle,Exact match,Tier 1 - High Intent,True,True,4852,230,293.6,25.6,1867.9
2025-12-10,SPF Moisturizer Bundle,Vegan SPF,vegan spf moisturizer,Phrase match,Tier 2 - Mid Intent,True,True,2099,95,131.75,11.5,817.47
2025-12-10,Skincare Routine Quiz,Routine Quiz,best skincare routine for dry skin,Phrase match,Tier 2 - Mid Intent,True,True,3322,149,195.35,17.1,1265.12
2025-12-10,Skincare Routine Quiz,Plant Based,plant based moisturizer,Phrase match,Tier 2 - Mid Intent,True,True,2706,116,151.65,11.6,1000.88
2025-12-11,Best Serum for Dry Skin,Vitamin C Serum,best vitamin c serum for dry skin,Exact match,Tier 1 - High Intent,True,True,7439,311,374.11,31.6,2566.85
2025-12-11,Best Serum for Dry Skin,Hydrating Serum,buy hydrating face serum online,Exact match,Tier 1 - High Intent,True,True,5536,239,347.7,27.6,1925.1
2025-12-11,Best Serum for Dry Skin,Natural Serum,natural skincare routine,Phrase match,Tier 2 - Mid Intent,True,False,2643,104,148.86,12.9,898.14
2025-12-11,Best Serum for Dry Skin,Broad Skincare,skincare,Broad match,Untiered - Broad,False,False,1801,71,110.5,8.3,649.95
2025-12-11,Brand Defense,Brand Core,pureglow skincare,Exact match,Tier 3 - Brand Defense,False,True,2477,107,130.76,12.2,850.36
2025-12-11,Brand Defense,Brand Bundle,pureglow spf bundle,Exact match,Tier 3 - Brand Defense,False,True,1265,53,75.75,5.1,418.12
2025-12-11,Brand Defense,Brand Product,pureglow vitamin c serum,Exact match,Tier 3 - Brand Defense,False,True,2033,89,120.29,8.4,710.15
2025-12-11,SPF Moisturizer Bundle,Daily SPF,buy spf moisturizer online,Exact match,Tier 1 - High Intent,True,True,3569,174,236.74,17.3,1372.62
2025-12-11,SPF Moisturizer Bundle,Broad Moisturizer,moisturizer,Broad match,Untiered - Broad,False,False,1780,66,92.25,8.2,554.42
2025-12-11,SPF Moisturizer Bundle,SPF Bundle,spf moisturizer bundle,Exact match,Tier 1 - High Intent,True,True,5691,233,307.38,26.9,1670.73
2025-12-11,SPF Moisturizer Bundle,Vegan SPF,vegan spf moisturizer,Phrase match,Tier 2 - Mid Intent,True,True,2177,98,129.01,11.4,817.16
2025-12-11,Skincare Routine Quiz,Routine Quiz,best skincare routine for dry skin,Phrase match,Tier 2 - Mid Intent,True,True,3638,142,203.2,17.0,1234.12
2025-12-11,Skincare Routine Quiz,Plant Based,plant based moisturizer,Phrase match,Tier 2 - Mid Intent,True,True,2570,125,163.49,14.0,929.12
2025-12-12,Best Serum for Dry Skin,Vitamin C Serum,best vitamin c serum for dry skin,Exact match,Tier 1 - High Intent,True,True,8668,332,480.72,39.6,2940.54
2025-12-12,Best Serum for Dry Skin,Hydrating Serum,buy hydrating face serum online,Exact match,Tier 1 - High Intent,True,True,6464,284,384.59,30.3,2286.8
2025-12-12,Best Serum for Dry Skin,Natural Serum,natural skincare routine,Phrase match,Tier 2 - Mid Intent,True,False,2805,127,168.71,12.9,1006.39
2025-12-12,Best Serum for Dry Skin,Broad Skincare,skincare,Broad match,Untiered - Broad,False,False,2125,81,125.43,9.7,634.21
2025-12-12,Brand Defense,Brand Core,pureglow skincare,Exact match,Tier 3 - Brand Defense,False,True,2939,107,158.37,14.4,944.58
2025-12-12,Brand Defense,Brand Bundle,pureglow spf bundle,Exact match,Tier 3 - Brand Defense,False,True,1368,56,77.16,7.3,429.44
2025-12-12,Brand Defense,Brand Product,pureglow vitamin c serum,Exact match,Tier 3 - Brand Defense,False,True,2303,102,124.53,11.0,823.32
2025-12-12,SPF Moisturizer Bundle,Daily SPF,buy spf moisturizer online,Exact match,Tier 1 - High Intent,True,True,4846,187,255.31,20.8,1512.64
2025-12-12,SPF Moisturizer Bundle,Broad Moisturizer,moisturizer,Broad match,Untiered - Broad,False,False,1860,80,108.39,8.4,597.32
2025-12-12,SPF Moisturizer Bundle,SPF Bundle,spf moisturizer bundle,Exact match,Tier 1 - High Intent,True,True,6453,245,361.37,30.5,2194.71
2025-12-12,SPF Moisturizer Bundle,Vegan SPF,vegan spf moisturizer,Phrase match,Tier 2 - Mid Intent,True,True,2604,113,145.96,11.9,929.45
2025-12-12,Skincare Routine Quiz,Routine Quiz,best skincare routine for dry skin,Phrase match,Tier 2 - Mid Intent,True,True,3780,164,230.97,20.9,1304.36
2025-12-12,Skincare Routine Quiz,Plant Based,plant based moisturizer,Phrase match,Tier 2 - Mid Intent,True,True,3290,140,191.13,15.4,1130.64
2025-12-13,Best Serum for Dry Skin,Vitamin C Serum,best vitamin c serum for dry skin,Exact match,Tier 1 - High Intent,True,True,6956,333,448.62,31.7,2566.67
2025-12-13,Best Serum for Dry Skin,Hydrating Serum,buy hydrating face serum online,Exact match,Tier 1 - High Intent,True,True,6038,252,360.62,27.6,2189.64
2025-12-13,Best Serum for Dry Skin,Natural Serum,natural skincare routine,Phrase match,Tier 2 - Mid Intent,True,False,2775,121,148.7,12.3,985.65
2025-12-13,Best Serum for Dry Skin,Broad Skincare,skincare,Broad match,Untiered - Broad,False,False,2084,80,102.71,9.5,612.66
2025-12-13,Brand Defense,Brand Core,pureglow skincare,Exact match,Tier 3 - Brand Defense,False,True,2533,115,151.56,13.5,853.67
2025-12-13,Brand Defense,Brand Bundle,pureglow spf bundle,Exact match,Tier 3 - Brand Defense,False,True,1244,53,67.88,5.9,432.95
2025-12-13,Brand Defense,Brand Product,pureglow vitamin c serum,Exact match,Tier 3 - Brand Defense,False,True,2103,93,130.65,10.1,765.13
2025-12-13,SPF Moisturizer Bundle,Daily SPF,buy spf moisturizer online,Exact match,Tier 1 - High Intent,True,True,4635,169,224.41,21.5,1470.68
2025-12-13,SPF Moisturizer Bundle,Broad Moisturizer,moisturizer,Broad match,Untiered - Broad,False,False,1929,68,102.28,8.2,538.96
2025-12-13,SPF Moisturizer Bundle,SPF Bundle,spf moisturizer bundle,Exact match,Tier 1 - High Intent,True,True,5473,250,300.44,27.3,1812.47
2025-12-13,SPF Moisturizer Bundle,Vegan SPF,vegan spf moisturizer,Phrase match,Tier 2 - Mid Intent,True,True,2237,109,142.8,10.4,859.74
2025-12-13,Skincare Routine Quiz,Routine Quiz,best skincare routine for dry skin,Phrase match,Tier 2 - Mid Intent,True,True,3472,147,216.52,15.8,1286.06
2025-12-13,Skincare Routine Quiz,Plant Based,plant based moisturizer,Phrase match,Tier 2 - Mid Intent,True,True,3118,136,159.31,12.5,973.01
2025-12-14,Best Serum for Dry Skin,Vitamin C Serum,best vitamin c serum for dry skin,Exact match,Tier 1 - High Intent,True,True,7712,318,469.28,36.2,2527.75
2025-12-14,Best Serum for Dry Skin,Hydrating Serum,buy hydrating face serum online,Exact match,Tier 1 - High Intent,True,True,7151,290,366.62,32.7,2278.24
2025-12-14,Best Serum for Dry Skin,Natural Serum,natural skincare routine,Phrase match,Tier 2 - Mid Intent,True,False,2900,113,168.5,14.2,974.15
2025-12-14,Best Serum for Dry Skin,Broad Skincare,skincare,Broad match,Untiered - Broad,False,False,2205,81,113.46,9.5,652.56
2025-12-14,Brand Defense,Brand Core,pureglow skincare,Exact match,Tier 3 - Brand Defense,False,True,2766,106,168.35,11.7,999.79
2025-12-14,Brand Defense,Brand Bundle,pureglow spf bundle,Exact match,Tier 3 - Brand Defense,False,True,1410,60,74.35,6.3,443.97
2025-12-14,Brand Defense,Brand Product,pureglow vitamin c serum,Exact match,Tier 3 - Brand Defense,False,True,2442,99,139.46,10.6,799.9
2025-12-14,SPF Moisturizer Bundle,Daily SPF,buy spf moisturizer online,Exact match,Tier 1 - High Intent,True,True,4263,170,269.09,17.9,1646.89
2025-12-14,SPF Moisturizer Bundle,Broad Moisturizer,moisturizer,Broad match,Untiered - Broad,False,False,2036,76,99.75,7.6,571.29
2025-12-14,SPF Moisturizer Bundle,SPF Bundle,spf moisturizer bundle,Exact match,Tier 1 - High Intent,True,True,6693,262,330.36,24.6,2143.55
2025-12-14,SPF Moisturizer Bundle,Vegan SPF,vegan spf moisturizer,Phrase match,Tier 2 - Mid Intent,True,True,2976,106,155.29,10.8,798.07
2025-12-14,Skincare Routine Quiz,Routine Quiz,best skincare routine for dry skin,Phrase match,Tier 2 - Mid Intent,True,True,4433,167,242.62,18.8,1392.47
2025-12-14,Skincare Routine Quiz,Plant Based,plant based moisturizer,Phrase match,Tier 2 - Mid Intent,True,True,3407,130,184.28,16.0,1012.63
2025-12-15,Best Serum for Dry Skin,Vitamin C Serum,best vitamin c serum for dry skin,Exact match,Tier 1 - High Intent,True,True,6435,302,388.8,28.5,2566.26
2025-12-15,Best Serum for Dry Skin,Hydrating Serum,buy hydrating face serum online,Exact match,Tier 1 - High Intent,True,True,5373,238,320.09,29.5,2037.23
2025-12-15,Best Serum for Dry Skin,Natural Serum,natural skincare routine,Phrase match,Tier 2 - Mid Intent,True,False,2508,107,151.04,10.7,932.64
2025-12-15,Best Serum for Dry Skin,Broad Skincare,skincare,Broad match,Untiered - Broad,False,False,1630,76,104.32,8.4,580.27
2025-12-15,Brand Defense,Brand Core,pureglow skincare,Exact match,Tier 3 - Brand Defense,False,True,2503,100,140.13,11.2,853.06
2025-12-15,Brand Defense,Brand Bundle,pureglow spf bundle,Exact match,Tier 3 - Brand Defense,False,True,1258,53,66.37,5.0,410.09
2025-12-15,Brand Defense,Brand Product,pureglow vitamin c serum,Exact match,Tier 3 - Brand Defense,False,True,1787,79,105.81,9.8,687.15
2025-12-15,SPF Moisturizer Bundle,Daily SPF,buy spf moisturizer online,Exact match,Tier 1 - High Intent,True,True,3661,162,202.04,16.2,1369.28
2025-12-15,SPF Moisturizer Bundle,Broad Moisturizer,moisturizer,Broad match,Untiered - Broad,False,False,1579,65,90.23,7.5,508.59
2025-12-15,SPF Moisturizer Bundle,SPF Bundle,spf moisturizer bundle,Exact match,Tier 1 - High Intent,True,True,4675,235,301.39,24.4,1802.87
2025-12-15,SPF Moisturizer Bundle,Vegan SPF,vegan spf moisturizer,Phrase match,Tier 2 - Mid Intent,True,True,2241,94,136.71,11.7,727.37
2025-12-15,Skincare Routine Quiz,Routine Quiz,best skincare routine for dry skin,Phrase match,Tier 2 - Mid Intent,True,True,3066,143,181.73,17.7,1287.51
2025-12-15,Skincare Routine Quiz,Plant Based,plant based moisturizer,Phrase match,Tier 2 - Mid Intent,True,True,2776,114,150.75,13.2,868.72
2025-12-16,Best Serum for Dry Skin,Vitamin C Serum,best vitamin c serum for dry skin,Exact match,Tier 1 - High Intent,True,True,7330,292,425.22,35.7,2569.48
2025-12-16,Best Serum for Dry Skin,Hydrating Serum,buy hydrating face serum online,Exact match,Tier 1 - High Intent,True,True,6123,246,329.31,27.1,2191.53
2025-12-16,Best Serum for Dry Skin,Natural Serum,natural skincare routine,Phrase match,Tier 2 - Mid Intent,True,False,2932,120,151.75,13.3,992.23
2025-12-16,Best Serum for Dry Skin,Broad Skincare,skincare,Broad match,Untiered - Broad,False,False,1785,82,104.65,9.3,696.93
2025-12-16,Brand Defense,Brand Core,pureglow skincare,Exact match,Tier 3 - Brand Defense,False,True,2390,115,160.55,11.4,822.24
2025-12-16,Brand Defense,Brand Bundle,pureglow spf bundle,Exact match,Tier 3 - Brand Defense,False,True,1302,50,69.81,5.6,427.31
2025-12-16,Brand Defense,Brand Product,pureglow vitamin c serum,Exact match,Tier 3 - Brand Defense,False,True,2035,84,131.33,9.7,780.67
2025-12-16,SPF Moisturizer Bundle,Daily SPF,buy spf moisturizer online,Exact match,Tier 1 - High Intent,True,True,3946,176,244.47,21.6,1439.21
2025-12-16,SPF Moisturizer Bundle,Broad Moisturizer,moisturizer,Broad match,Untiered - Broad,False,False,1623,70,94.79,8.7,561.32
2025-12-16,SPF Moisturizer Bundle,SPF Bundle,spf moisturizer bundle,Exact match,Tier 1 - High Intent,True,True,5784,233,316.25,28.0,1908.28
2025-12-16,SPF Moisturizer Bundle,Vegan SPF,vegan spf moisturizer,Phrase match,Tier 2 - Mid Intent,True,True,2511,95,148.08,12.2,788.79
2025-12-16,Skincare Routine Quiz,Routine Quiz,best skincare routine for dry skin,Phrase match,Tier 2 - Mid Intent,True,True,3428,160,200.88,17.4,1202.46
2025-12-16,Skincare Routine Quiz,Plant Based,plant based moisturizer,Phrase match,Tier 2 - Mid Intent,True,True,3146,131,184.25,15.4,1091.71
2025-12-17,Best Serum for Dry Skin,Vitamin C Serum,best vitamin c serum for dry skin,Exact match,Tier 1 - High Intent,True,True,7907,276,377.43,35.0,2236.66
2025-12-17,Best Serum for Dry Skin,Hydrating Serum,buy hydrating face serum online,Exact match,Tier 1 - High Intent,True,True,5987,229,362.58,25.1,2141.09
2025-12-17,Best Serum for Dry Skin,Natural Serum,natural skincare routine,Phrase match,Tier 2 - Mid Intent,True,False,2596,115,146.83,12.1,939.24
2025-12-17,Best Serum for Dry Skin,Broad Skincare,skincare,Broad match,Untiered - Broad,False,False,1720,75,105.72,8.2,658.28
2025-12-17,Brand Defense,Brand Core,pureglow skincare,Exact match,Tier 3 - Brand Defense,False,True,2446,108,134.71,10.1,914.53
2025-12-17,Brand Defense,Brand Bundle,pureglow spf bundle,Exact match,Tier 3 - Brand Defense,False,True,1283,51,69.17,5.6,449.95
2025-12-17,Brand Defense,Brand Product,pureglow vitamin c serum,Exact match,Tier 3 - Brand Defense,False,True,1991,82,117.44,8.5,655.98
2025-12-17,SPF Moisturizer Bundle,Daily SPF,buy spf moisturizer online,Exact match,Tier 1 - High Intent,True,True,3854,164,217.93,19.9,1269.14
2025-12-17,SPF Moisturizer Bundle,Broad Moisturizer,moisturizer,Broad match,Untiered - Broad,False,False,1739,74,96.08,6.9,571.0
2025-12-17,SPF Moisturizer Bundle,SPF Bundle,spf moisturizer bundle,Exact match,Tier 1 - High Intent,True,True,5310,245,305.88,25.1,1719.58
2025-12-17,SPF Moisturizer Bundle,Vegan SPF,vegan spf moisturizer,Phrase match,Tier 2 - Mid Intent,True,True,2279,100,134.14,10.1,789.71
2025-12-17,Skincare Routine Quiz,Routine Quiz,best skincare routine for dry skin,Phrase match,Tier 2 - Mid Intent,True,True,3350,157,216.21,14.9,1182.24
2025-12-17,Skincare Routine Quiz,Plant Based,plant based moisturizer,Phrase match,Tier 2 - Mid Intent,True,True,2802,122,162.03,13.8,980.45
2025-12-18,Best Serum for Dry Skin,Vitamin C Serum,best vitamin c serum for dry skin,Exact match,Tier 1 - High Intent,True,True,7784,312,452.27,38.0,2703.45
2025-12-18,Best Serum for Dry Skin,Hydrating Serum,buy hydrating face serum online,Exact match,Tier 1 - High Intent,True,True,6169,237,367.3,26.7,2038.44
2025-12-18,Best Serum for Dry Skin,Natural Serum,natural skincare routine,Phrase match,Tier 2 - Mid Intent,True,False,2522,105,152.06,12.8,867.69
2025-12-18,Best Serum for Dry Skin,Broad Skincare,skincare,Broad match,Untiered - Broad,False,False,1770,76,101.36,8.8,588.65
2025-12-18,Brand Defense,Brand Core,pureglow skincare,Exact match,Tier 3 - Brand Defense,False,True,2657,115,154.01,11.4,871.97
2025-12-18,Brand Defense,Brand Bundle,pureglow spf bundle,Exact match,Tier 3 - Brand Defense,False,True,1325,54,78.0,5.5,433.9
2025-12-18,Brand Defense,Brand Product,pureglow vitamin c serum,Exact match,Tier 3 - Brand Defense,False,True,2115,87,128.8,9.0,690.24
2025-12-18,SPF Moisturizer Bundle,Daily SPF,buy spf moisturizer online,Exact match,Tier 1 - High Intent,True,True,4110,172,228.65,20.4,1370.78
2025-12-18,SPF Moisturizer Bundle,Broad Moisturizer,moisturizer,Broad match,Untiered - Broad,False,False,1877,73,106.94,8.7,573.24
2025-12-18,SPF Moisturizer Bundle,SPF Bundle,spf moisturizer bundle,Exact match,Tier 1 - High Intent,True,True,6234,249,346.93,25.8,2029.47
2025-12-18,SPF Moisturizer Bundle,Vegan SPF,vegan spf moisturizer,Phrase match,Tier 2 - Mid Intent,True,True,2273,100,147.28,12.8,821.39
2025-12-18,Skincare Routine Quiz,Routine Quiz,best skincare routine for dry skin,Phrase match,Tier 2 - Mid Intent,True,True,4024,144,202.19,18.5,1223.07
2025-12-18,Skincare Routine Quiz,Plant Based,plant based moisturizer,Phrase match,Tier 2 - Mid Intent,True,True,3203,132,179.37,13.3,1122.99
2025-12-19,Best Serum for Dry Skin,Vitamin C Serum,best vitamin c serum for dry skin,Exact match,Tier 1 - High Intent,True,True,7329,349,479.44,35.7,2717.2
2025-12-19,Best Serum for Dry Skin,Hydrating Serum,buy hydrating face serum online,Exact match,Tier 1 - High Intent,True,True,6043,258,377.79,34.1,2124.74
2025-12-19,Best Serum for Dry Skin,Natural Serum,natural skincare routine,Phrase match,Tier 2 - Mid Intent,True,False,2712,121,168.78,12.7,1102.31
2025-12-19,Best Serum for Dry Skin,Broad Skincare,skincare,Broad match,Untiered - Broad,False,False,1856,78,127.27,9.5,710.36
2025-12-19,Brand Defense,Brand Core,pureglow skincare,Exact match,Tier 3 - Brand Defense,False,True,2535,124,158.9,14.7,1025.7
2025-12-19,Brand Defense,Brand Bundle,pureglow spf bundle,Exact match,Tier 3 - Brand Defense,False,True,1356,62,83.09,6.9,463.9
2025-12-19,Brand Defense,Brand Product,pureglow vitamin c serum,Exact match,Tier 3 - Brand Defense,False,True,2152,95,135.69,12.4,849.16
2025-12-19,SPF Moisturizer Bundle,Daily SPF,buy spf moisturizer online,Exact match,Tier 1 - High Intent,True,True,4604,182,259.49,19.1,1693.27
2025-12-19,SPF Moisturizer Bundle,Broad Moisturizer,moisturizer,Broad match,Untiered - Broad,False,False,1925,83,117.78,8.8,586.12
2025-12-19,SPF Moisturizer Bundle,SPF Bundle,spf moisturizer bundle,Exact match,Tier 1 - High Intent,True,True,6646,265,379.51,30.8,1961.27
2025-12-19,SPF Moisturizer Bundle,Vegan SPF,vegan spf moisturizer,Phrase match,Tier 2 - Mid Intent,True,True,2602,110,145.63,13.1,899.16
2025-12-19,Skincare Routine Quiz,Routine Quiz,best skincare routine for dry skin,Phrase match,Tier 2 - Mid Intent,True,True,4264,177,222.96,19.9,1317.94
2025-12-19,Skincare Routine Quiz,Plant Based,plant based moisturizer,Phrase match,Tier 2 - Mid Intent,True,True,3348,134,201.28,16.4,1107.36
2025-12-20,Best Serum for Dry Skin,Vitamin C Serum,best vitamin c serum for dry skin,Exact match,Tier 1 - High Intent,True,True,8360,308,436.97,39.7,2631.71
2025-12-20,Best Serum for Dry Skin,Hydrating Serum,buy hydrating face serum online,Exact match,Tier 1 - High Intent,True,True,6731,271,400.21,29.3,2207.04
2025-12-20,Best Serum for Dry Skin,Natural Serum,natural skincare routine,Phrase match,Tier 2 - Mid Intent,True,False,3026,125,158.09,13.5,1069.38
2025-12-20,Best Serum for Dry Skin,Broad Skincare,skincare,Broad match,Untiered - Broad,False,False,2061,84,119.47,10.1,686.85
2025-12-20,Brand Defense,Brand Core,pureglow skincare,Exact match,Tier 3 - Brand Defense,False,True,2797,117,163.24,13.4,912.03
2025-12-20,Brand Defense,Brand Bundle,pureglow spf bundle,Exact match,Tier 3 - Brand Defense,False,True,1242,60,83.26,5.9,501.43
2025-12-20,Brand Defense,Brand Product,pureglow vitamin c serum,Exact match,Tier 3 - Brand Defense,False,True,2191,96,134.17,10.0,851.44
2025-12-20,SPF Moisturizer Bundle,Daily SPF,buy spf moisturizer online,Exact match,Tier 1 - High Intent,True,True,4388,195,263.56,19.6,1567.46
2025-12-20,SPF Moisturizer Bundle,Broad Moisturizer,moisturizer,Broad match,Untiered - Broad,False,False,1863,77,111.76,8.4,657.75
2025-12-20,SPF Moisturizer Bundle,SPF Bundle,spf moisturizer bundle,Exact match,Tier 1 - High Intent,True,True,5747,267,345.1,26.8,2189.1
2025-12-20,SPF Moisturizer Bundle,Vegan SPF,vegan spf moisturizer,Phrase match,Tier 2 - Mid Intent,True,True,2498,107,157.92,11.7,897.67
2025-12-20,Skincare Routine Quiz,Routine Quiz,best skincare routine for dry skin,Phrase match,Tier 2 - Mid Intent,True,True,3795,165,241.72,17.2,1538.29
2025-12-20,Skincare Routine Quiz,Plant Based,plant based moisturizer,Phrase match,Tier 2 - Mid Intent,True,True,3173,123,204.2,16.3,1027.6
2025-12-21,Best Serum for Dry Skin,Vitamin C Serum,best vitamin c serum for dry skin,Exact match,Tier 1 - High Intent,True,True,6842,262,407.03,37.7,2251.99
2025-12-21,Best Serum for Dry Skin,Hydrating Serum,buy hydrating face serum online,Exact match,Tier 1 - High Intent,True,True,5720,222,335.65,26.8,2062.57
2025-12-21,Best Serum for Dry Skin,Natural Serum,natural skincare routine,Phrase match,Tier 2 - Mid Intent,True,False,2444,103,146.56,12.6,980.09
2025-12-21,Best Serum for Dry Skin,Broad Skincare,skincare,Broad match,Untiered - Broad,False,False,1595,72,97.64,9.3,573.2
2025-12-21,Brand Defense,Brand Core,pureglow skincare,Exact match,Tier 3 - Brand Defense,False,True,2130,97,134.0,10.6,850.7
2025-12-21,Brand Defense,Brand Bundle,pureglow spf bundle,Exact match,Tier 3 - Brand Defense,False,True,1062,53,72.27,5.4,425.53
2025-12-21,Brand Defense,Brand Product,pureglow vitamin c serum,Exact match,Tier 3 - Brand Defense,False,True,1822,80,120.24,11.1,765.79
2025-12-21,SPF Moisturizer Bundle,Daily SPF,buy spf moisturizer online,Exact match,Tier 1 - High Intent,True,True,3506,161,221.1,18.7,1470.03
2025-12-21,SPF Moisturizer Bundle,Broad Moisturizer,moisturizer,Broad match,Untiered - Broad,False,False,1491,60,88.55,7.0,594.54
2025-12-21,SPF Moisturizer Bundle,SPF Bundle,spf moisturizer bundle,Exact match,Tier 1 - High Intent,True,True,5113,206,296.02,27.1,1743.62
2025-12-21,SPF Moisturizer Bundle,Vegan SPF,vegan spf moisturizer,Phrase match,Tier 2 - Mid Intent,True,True,2197,99,137.09,11.1,719.19
2025-12-21,Skincare Routine Quiz,Routine Quiz,best skincare routine for dry skin,Phrase match,Tier 2 - Mid Intent,True,True,3619,151,197.08,17.3,1135.18
2025-12-21,Skincare Routine Quiz,Plant Based,plant based moisturizer,Phrase match,Tier 2 - Mid Intent,True,True,2930,112,166.15,14.7,972.53
2025-12-22,Best Serum for Dry Skin,Vitamin C Serum,best vitamin c serum for dry skin,Exact match,Tier 1 - High Intent,True,True,8240,289,454.04,32.8,2685.64
2025-12-22,Best Serum for Dry Skin,Hydrating Serum,buy hydrating face serum online,Exact match,Tier 1 - High Intent,True,True,6656,250,354.29,29.1,2303.37
2025-12-22,Best Serum for Dry Skin,Natural Serum,natural skincare routine,Phrase match,Tier 2 - Mid Intent,True,False,2977,114,149.42,11.8,936.54
2025-12-22,Best Serum for Dry Skin,Broad Skincare,skincare,Broad match,Untiered - Broad,False,False,2015,81,106.65,8.3,700.54
2025-12-22,Brand Defense,Brand Core,pureglow skincare,Exact match,Tier 3 - Brand Defense,False,True,2810,112,137.84,11.0,825.18
2025-12-22,Brand Defense,Brand Bundle,pureglow spf bundle,Exact match,Tier 3 - Brand Defense,False,True,1409,54,72.27,6.6,404.81
2025-12-22,Brand Defense,Brand Product,pureglow vitamin c serum,Exact match,Tier 3 - Brand Defense,False,True,2257,89,119.62,9.2,784.98
2025-12-22,SPF Moisturizer Bundle,Daily SPF,buy spf moisturizer online,Exact match,Tier 1 - High Intent,True,True,4438,165,235.2,20.9,1556.46
2025-12-22,SPF Moisturizer Bundle,Broad Moisturizer,moisturizer,Broad match,Untiered - Broad,False,False,1576,65,102.58,7.5,618.19
2025-12-22,SPF Moisturizer Bundle,SPF Bundle,spf moisturizer bundle,Exact match,Tier 1 - High Intent,True,True,6132,218,303.57,28.4,1800.61
2025-12-22,SPF Moisturizer Bundle,Vegan SPF,vegan spf moisturizer,Phrase match,Tier 2 - Mid Intent,True,True,2631,97,138.88,12.1,895.28
2025-12-22,Skincare Routine Quiz,Routine Quiz,best skincare routine for dry skin,Phrase match,Tier 2 - Mid Intent,True,True,3746,147,212.44,18.7,1317.34
2025-12-22,Skincare Routine Quiz,Plant Based,plant based moisturizer,Phrase match,Tier 2 - Mid Intent,True,True,3219,130,176.42,12.7,997.7
2025-12-23,Best Serum for Dry Skin,Vitamin C Serum,best vitamin c serum for dry skin,Exact match,Tier 1 - High Intent,True,True,6263,287,398.54,37.9,2423.5
2025-12-23,Best Serum for Dry Skin,Hydrating Serum,buy hydrating face serum online,Exact match,Tier 1 - High Intent,True,True,5490,232,337.96,32.1,2159.55
2025-12-23,Best Serum for Dry Skin,Natural Serum,natural skincare routine,Phrase match,Tier 2 - Mid Intent,True,False,2717,102,149.06,13.0,939.01
2025-12-23,Best Serum for Dry Skin,Broad Skincare,skincare,Broad match,Untiered - Broad,False,False,1813,68,96.57,8.8,693.31
2025-12-23,Brand Defense,Brand Core,pureglow skincare,Exact match,Tier 3 - Brand Defense,False,True,2470,94,132.08,11.2,855.85
2025-12-23,Brand Defense,Brand Bundle,pureglow spf bundle,Exact match,Tier 3 - Brand Defense,False,True,1226,50,74.69,6.4,400.03
2025-12-23,Brand Defense,Brand Product,pureglow vitamin c serum,Exact match,Tier 3 - Brand Defense,False,True,1961,88,113.24,11.2,803.88
2025-12-23,SPF Moisturizer Bundle,Daily SPF,buy spf moisturizer online,Exact match,Tier 1 - High Intent,True,True,3886,157,213.83,18.1,1452.41
2025-12-23,SPF Moisturizer Bundle,Broad Moisturizer,moisturizer,Broad match,Untiered - Broad,False,False,1634,66,88.41,8.1,551.44
2025-12-23,SPF Moisturizer Bundle,SPF Bundle,spf moisturizer bundle,Exact match,Tier 1 - High Intent,True,True,5600,220,304.82,25.8,1791.3
2025-12-23,SPF Moisturizer Bundle,Vegan SPF,vegan spf moisturizer,Phrase match,Tier 2 - Mid Intent,True,True,2270,91,125.1,11.1,793.57
2025-12-23,Skincare Routine Quiz,Routine Quiz,best skincare routine for dry skin,Phrase match,Tier 2 - Mid Intent,True,True,3265,147,207.58,19.6,1367.18
2025-12-23,Skincare Routine Quiz,Plant Based,plant based moisturizer,Phrase match,Tier 2 - Mid Intent,True,True,2522,121,155.57,13.0,1029.76
2025-12-24,Best Serum for Dry Skin,Vitamin C Serum,best vitamin c serum for dry skin,Exact match,Tier 1 - High Intent,True,True,6984,309,387.34,30.3,2242.91
2025-12-24,Best Serum for Dry Skin,Hydrating Serum,buy hydrating face serum online,Exact match,Tier 1 - High Intent,True,True,5074,228,348.63,25.8,2121.7
2025-12-24,Best Serum for Dry Skin,Natural Serum,natural skincare routine,Phrase match,Tier 2 - Mid Intent,True,False,2575,114,137.58,13.0,926.93
2025-12-24,Best Serum for Dry Skin,Broad Skincare,skincare,Broad match,Untiered - Broad,False,False,1817,72,92.93,9.0,547.59
2025-12-24,Brand Defense,Brand Core,pureglow skincare,Exact match,Tier 3 - Brand Defense,False,True,2216,101,126.5,11.9,801.86
2025-12-24,Brand Defense,Brand Bundle,pureglow spf bundle,Exact match,Tier 3 - Brand Defense,False,True,1070,49,66.82,5.4,445.23
2025-12-24,Brand Defense,Brand Product,pureglow vitamin c serum,Exact match,Tier 3 - Brand Defense,False,True,1767,85,112.19,10.4,725.9
2025-12-24,SPF Moisturizer Bundle,Daily SPF,buy spf moisturizer online,Exact match,Tier 1 - High Intent,True,True,3993,161,218.0,20.1,1382.45
2025-12-24,SPF Moisturizer Bundle,Broad Moisturizer,moisturizer,Broad match,Untiered - Broad,False,False,1666,64,82.69,7.8,602.75
2025-12-24,SPF Moisturizer Bundle,SPF Bundle,spf moisturizer bundle,Exact match,Tier 1 - High Intent,True,True,4886,221,319.49,26.5,1843.81
2025-12-24,SPF Moisturizer Bundle,Vegan SPF,vegan spf moisturizer,Phrase match,Tier 2 - Mid Intent,True,True,2255,95,119.91,9.7,746.1
2025-12-24,Skincare Routine Quiz,Routine Quiz,best skincare routine for dry skin,Phrase match,Tier 2 - Mid Intent,True,True,3633,143,182.08,17.3,1227.25
2025-12-24,Skincare Routine Quiz,Plant Based,plant based moisturizer,Phrase match,Tier 2 - Mid Intent,True,True,2754,126,155.81,12.1,949.57
2025-12-25,Best Serum for Dry Skin,Vitamin C Serum,best vitamin c serum for dry skin,Exact match,Tier 1 - High Intent,True,True,7942,311,471.52,39.1,2622.99
2025-12-25,Best Serum for Dry Skin,Hydrating Serum,buy hydrating face serum online,Exact match,Tier 1 - High Intent,True,True,6670,267,339.2,28.3,2173.88
2025-12-25,Best Serum for Dry Skin,Natural Serum,natural skincare routine,Phrase match,Tier 2 - Mid Intent,True,False,2892,107,170.94,15.0,883.41
2025-12-25,Best Serum for Dry Skin,Broad Skincare,skincare,Broad match,Untiered - Broad,False,False,1836,82,107.25,9.3,698.0
2025-12-25,Brand Defense,Brand Core,pureglow skincare,Exact match,Tier 3 - Brand Defense,False,True,2406,105,158.48,12.2,837.31
2025-12-25,Brand Defense,Brand Bundle,pureglow spf bundle,Exact match,Tier 3 - Brand Defense,False,True,1191,50,79.62,6.1,436.77
2025-12-25,Brand Defense,Brand Product,pureglow vitamin c serum,Exact match,Tier 3 - Brand Defense,False,True,2033,88,135.01,9.5,730.6
2025-12-25,SPF Moisturizer Bundle,Daily SPF,buy spf moisturizer online,Exact match,Tier 1 - High Intent,True,True,4552,166,248.03,21.6,1439.79
2025-12-25,SPF Moisturizer Bundle,Broad Moisturizer,moisturizer,Broad match,Untiered - Broad,False,False,1561,77,105.09,7.9,580.72
2025-12-25,SPF Moisturizer Bundle,SPF Bundle,spf moisturizer bundle,Exact match,Tier 1 - High Intent,True,True,5302,230,350.42,26.5,2244.14
2025-12-25,SPF Moisturizer Bundle,Vegan SPF,vegan spf moisturizer,Phrase match,Tier 2 - Mid Intent,True,True,2609,100,137.04,10.7,783.89
2025-12-25,Skincare Routine Quiz,Routine Quiz,best skincare routine for dry skin,Phrase match,Tier 2 - Mid Intent,True,True,3441,147,215.93,19.8,1378.69
2025-12-25,Skincare Routine Quiz,Plant Based,plant based moisturizer,Phrase match,Tier 2 - Mid Intent,True,True,3096,127,173.16,14.0,1091.54
2025-12-26,Best Serum for Dry Skin,Vitamin C Serum,best vitamin c serum for dry skin,Exact match,Tier 1 - High Intent,True,True,6880,300,372.24,33.0,2663.28
2025-12-26,Best Serum for Dry Skin,Hydrating Serum,buy hydrating face serum online,Exact match,Tier 1 - High Intent,True,True,5691,262,346.45,26.1,2251.1
2025-12-26,Best Serum for Dry Skin,Natural Serum,natural skincare routine,Phrase match,Tier 2 - Mid Intent,True,False,2608,114,157.54,11.5,875.58
2025-12-26,Best Serum for Dry Skin,Broad Skincare,skincare,Broad match,Untiered - Broad,False,False,1758,77,105.88,9.0,645.54
2025-12-26,Brand Defense,Brand Core,pureglow skincare,Exact match,Tier 3 - Brand Defense,False,True,2629,110,148.48,10.4,896.63
2025-12-26,Brand Defense,Brand Bundle,pureglow spf bundle,Exact match,Tier 3 - Brand Defense,False,True,1290,52,64.37,6.3,442.47
2025-12-26,Brand Defense,Brand Product,pureglow vitamin c serum,Exact match,Tier 3 - Brand Defense,False,True,2267,86,122.73,10.2,764.0
2025-12-26,SPF Moisturizer Bundle,Daily SPF,buy spf moisturizer online,Exact match,Tier 1 - High Intent,True,True,4022,155,213.64,20.2,1269.33
2025-12-26,SPF Moisturizer Bundle,Broad Moisturizer,moisturizer,Broad match,Untiered - Broad,False,False,1521,70,93.87,7.0,595.52
2025-12-26,SPF Moisturizer Bundle,SPF Bundle,spf moisturizer bundle,Exact match,Tier 1 - High Intent,True,True,5109,251,297.89,27.4,2009.89
2025-12-26,SPF Moisturizer Bundle,Vegan SPF,vegan spf moisturizer,Phrase match,Tier 2 - Mid Intent,True,True,2367,93,125.87,11.4,867.29
2025-12-26,Skincare Routine Quiz,Routine Quiz,best skincare routine for dry skin,Phrase match,Tier 2 - Mid Intent,True,True,3626,163,186.92,15.2,1130.47
2025-12-26,Skincare Routine Quiz,Plant Based,plant based moisturizer,Phrase match,Tier 2 - Mid Intent,True,True,3167,127,164.49,12.6,1099.49
2025-12-27,Best Serum for Dry Skin,Vitamin C Serum,best vitamin c serum for dry skin,Exact match,Tier 1 - High Intent,True,True,7548,300,396.95,38.7,2719.56
2025-12-27,Best Serum for Dry Skin,Hydrating Serum,buy hydrating face serum online,Exact match,Tier 1 - High Intent,True,True,6374,258,350.99,26.3,2174.49
2025-12-27,Best Serum for Dry Skin,Natural Serum,natural skincare routine,Phrase match,Tier 2 - Mid Intent,True,False,2661,117,153.56,13.3,966.17
2025-12-27,Best Serum for Dry Skin,Broad Skincare,skincare,Broad match,Untiered - Broad,False,False,1608,73,103.72,7.9,661.37
2025-12-27,Brand Defense,Brand Core,pureglow skincare,Exact match,Tier 3 - Brand Defense,False,True,2519,103,152.74,11.0,858.57
2025-12-27,Brand Defense,Brand Bundle,pureglow spf bundle,Exact match,Tier 3 - Brand Defense,False,True,1121,51,70.42,6.5,407.1
2025-12-27,Brand Defense,Brand Product,pureglow vitamin c serum,Exact match,Tier 3 - Brand Defense,False,True,2223,83,123.14,10.1,738.92
2025-12-27,SPF Moisturizer Bundle,Daily SPF,buy spf moisturizer online,Exact match,Tier 1 - High Intent,True,True,4118,177,218.58,17.9,1315.29
2025-12-27,SPF Moisturizer Bundle,Broad Moisturizer,moisturizer,Broad match,Untiered - Broad,False,False,1725,69,100.38,7.7,605.58
2025-12-27,SPF Moisturizer Bundle,SPF Bundle,spf moisturizer bundle,Exact match,Tier 1 - High Intent,True,True,5895,235,305.08,28.2,2134.57
2025-12-27,SPF Moisturizer Bundle,Vegan SPF,vegan spf moisturizer,Phrase match,Tier 2 - Mid Intent,True,True,2272,100,136.87,11.2,759.02
2025-12-27,Skincare Routine Quiz,Routine Quiz,best skincare routine for dry skin,Phrase match,Tier 2 - Mid Intent,True,True,3279,161,217.98,18.5,1315.93
2025-12-27,Skincare Routine Quiz,Plant Based,plant based moisturizer,Phrase match,Tier 2 - Mid Intent,True,True,2772,115,155.4,14.2,987.23
2025-12-28,Best Serum for Dry Skin,Vitamin C Serum,best vitamin c serum for dry skin,Exact match,Tier 1 - High Intent,True,True,6333,306,414.84,31.1,2588.45
2025-12-28,Best Serum for Dry Skin,Hydrating Serum,buy hydrating face serum online,Exact match,Tier 1 - High Intent,True,True,5277,254,345.27,26.3,2272.18
2025-12-28,Best Serum for Dry Skin,Natural Serum,natural skincare routine,Phrase match,Tier 2 - Mid Intent,True,False,2361,104,146.97,12.2,893.29
2025-12-28,Best Serum for Dry Skin,Broad Skincare,skincare,Broad match,Untiered - Broad,False,False,1714,75,101.87,8.6,586.64
2025-12-28,Brand Defense,Brand Core,pureglow skincare,Exact match,Tier 3 - Brand Defense,False,True,2448,99,131.23,11.6,780.68
2025-12-28,Brand Defense,Brand Bundle,pureglow spf bundle,Exact match,Tier 3 - Brand Defense,False,True,1088,47,70.93,5.1,435.16
2025-12-28,Brand Defense,Brand Product,pureglow vitamin c serum,Exact match,Tier 3 - Brand Defense,False,True,1702,87,105.45,9.9,775.83
2025-12-28,SPF Moisturizer Bundle,Daily SPF,buy spf moisturizer online,Exact match,Tier 1 - High Intent,True,True,3470,172,218.29,20.4,1434.93
2025-12-28,SPF Moisturizer Bundle,Broad Moisturizer,moisturizer,Broad match,Untiered - Broad,False,False,1603,66,86.53,7.3,578.1
2025-12-28,SPF Moisturizer Bundle,SPF Bundle,spf moisturizer bundle,Exact match,Tier 1 - High Intent,True,True,5509,236,281.01,26.8,1941.67
2025-12-28,SPF Moisturizer Bundle,Vegan SPF,vegan spf moisturizer,Phrase match,Tier 2 - Mid Intent,True,True,2036,95,136.18,11.6,767.72
2025-12-28,Skincare Routine Quiz,Routine Quiz,best skincare routine for dry skin,Phrase match,Tier 2 - Mid Intent,True,True,3212,133,202.69,15.4,1282.11
2025-12-28,Skincare Routine Quiz,Plant Based,plant based moisturizer,Phrase match,Tier 2 - Mid Intent,True,True,2578,116,163.69,11.8,1002.78
2025-12-29,Best Serum for Dry Skin,Vitamin C Serum,best vitamin c serum for dry skin,Exact match,Tier 1 - High Intent,True,True,7203,289,373.14,36.3,2656.25
2025-12-29,Best Serum for Dry Skin,Hydrating Serum,buy hydrating face serum online,Exact match,Tier 1 - High Intent,True,True,5980,234,359.57,26.7,2038.97
2025-12-29,Best Serum for Dry Skin,Natural Serum,natural skincare routine,Phrase match,Tier 2 - Mid Intent,True,False,2628,105,148.26,13.7,831.94
2025-12-29,Best Serum for Dry Skin,Broad Skincare,skincare,Broad match,Untiered - Broad,False,False,1534,71,98.9,8.2,610.22
2025-12-29,Brand Defense,Brand Core,pureglow skincare,Exact match,Tier 3 - Brand Defense,False,True,2402,98,129.8,12.7,854.14
2025-12-29,Brand Defense,Brand Bundle,pureglow spf bundle,Exact match,Tier 3 - Brand Defense,False,True,1070,50,65.35,5.8,445.36
2025-12-29,Brand Defense,Brand Product,pureglow vitamin c serum,Exact match,Tier 3 - Brand Defense,False,True,2098,84,119.04,10.4,726.03
2025-12-29,SPF Moisturizer Bundle,Daily SPF,buy spf moisturizer online,Exact match,Tier 1 - High Intent,True,True,4024,171,232.21,21.0,1408.99
2025-12-29,SPF Moisturizer Bundle,Broad Moisturizer,moisturizer,Broad match,Untiered - Broad,False,False,1447,69,88.86,7.3,512.45
2025-12-29,SPF Moisturizer Bundle,SPF Bundle,spf moisturizer bundle,Exact match,Tier 1 - High Intent,True,True,5223,237,290.9,26.6,1820.8
2025-12-29,SPF Moisturizer Bundle,Vegan SPF,vegan spf moisturizer,Phrase match,Tier 2 - Mid Intent,True,True,2408,100,133.85,12.1,863.86
2025-12-29,Skincare Routine Quiz,Routine Quiz,best skincare routine for dry skin,Phrase match,Tier 2 - Mid Intent,True,True,3135,154,196.28,18.9,1215.76
2025-12-29,Skincare Routine Quiz,Plant Based,plant based moisturizer,Phrase match,Tier 2 - Mid Intent,True,True,2879,122,165.05,14.0,1011.3
2025-12-30,Best Serum for Dry Skin,Vitamin C Serum,best vitamin c serum for dry skin,Exact match,Tier 1 - High Intent,True,True,7250,296,365.11,32.9,2418.04
2025-12-30,Best Serum for Dry Skin,Hydrating Serum,buy hydrating face serum online,Exact match,Tier 1 - High Intent,True,True,5395,259,349.44,25.9,1931.28
2025-12-30,Best Serum for Dry Skin,Natural Serum,natural skincare routine,Phrase match,Tier 2 - Mid Intent,True,False,2309,103,154.04,13.8,980.83
2025-12-30,Best Serum for Dry Skin,Broad Skincare,skincare,Broad match,Untiered - Broad,False,False,1665,66,98.76,9.0,620.35
2025-12-30,Brand Defense,Brand Core,pureglow skincare,Exact match,Tier 3 - Brand Defense,False,True,2554,98,133.25,10.7,809.25
2025-12-30,Brand Defense,Brand Bundle,pureglow spf bundle,Exact match,Tier 3 - Brand Defense,False,True,1130,49,64.44,6.6,474.07
2025-12-30,Brand Defense,Brand Product,pureglow vitamin c serum,Exact match,Tier 3 - Brand Defense,False,True,2075,88,119.19,9.4,748.63
2025-12-30,SPF Moisturizer Bundle,Daily SPF,buy spf moisturizer online,Exact match,Tier 1 - High Intent,True,True,3933,172,232.4,19.5,1338.52
2025-12-30,SPF Moisturizer Bundle,Broad Moisturizer,moisturizer,Broad match,Untiered - Broad,False,False,1641,65,83.61,8.7,591.66
2025-12-30,SPF Moisturizer Bundle,SPF Bundle,spf moisturizer bundle,Exact match,Tier 1 - High Intent,True,True,5125,232,300.77,25.0,2088.35
2025-12-30,SPF Moisturizer Bundle,Vegan SPF,vegan spf moisturizer,Phrase match,Tier 2 - Mid Intent,True,True,2300,98,120.12,11.8,801.3
2025-12-30,Skincare Routine Quiz,Routine Quiz,best skincare routine for dry skin,Phrase match,Tier 2 - Mid Intent,True,True,3407,156,206.8,17.3,1373.48
2025-12-30,Skincare Routine Quiz,Plant Based,plant based moisturizer,Phrase match,Tier 2 - Mid Intent,True,True,2484,117,161.12,12.9,1036.59
2025-12-31,Best Serum for Dry Skin,Vitamin C Serum,best vitamin c serum for dry skin,Exact match,Tier 1 - High Intent,True,True,7061,265,428.37,33.7,2437.53
2025-12-31,Best Serum for Dry Skin,Hydrating Serum,buy hydrating face serum online,Exact match,Tier 1 - High Intent,True,True,5714,250,333.49,25.5,1942.45
2025-12-31,Best Serum for Dry Skin,Natural Serum,natural skincare routine,Phrase match,Tier 2 - Mid Intent,True,False,2312,104,134.95,12.2,921.36
2025-12-31,Best Serum for Dry Skin,Broad Skincare,skincare,Broad match,Untiered - Broad,False,False,1690,72,98.8,8.1,621.45
2025-12-31,Brand Defense,Brand Core,pureglow skincare,Exact match,Tier 3 - Brand Defense,False,True,2540,107,141.54,11.8,854.09
2025-12-31,Brand Defense,Brand Bundle,pureglow spf bundle,Exact match,Tier 3 - Brand Defense,False,True,1314,49,69.36,6.0,448.18
2025-12-31,Brand Defense,Brand Product,pureglow vitamin c serum,Exact match,Tier 3 - Brand Defense,False,True,2168,78,119.93,9.9,729.07
2025-12-31,SPF Moisturizer Bundle,Daily SPF,buy spf moisturizer online,Exact match,Tier 1 - High Intent,True,True,3792,162,238.48,18.1,1444.51
2025-12-31,SPF Moisturizer Bundle,Broad Moisturizer,moisturizer,Broad match,Untiered - Broad,False,False,1577,63,91.51,7.1,615.05
2025-12-31,SPF Moisturizer Bundle,SPF Bundle,spf moisturizer bundle,Exact match,Tier 1 - High Intent,True,True,5857,223,328.09,24.0,1898.26
2025-12-31,SPF Moisturizer Bundle,Vegan SPF,vegan spf moisturizer,Phrase match,Tier 2 - Mid Intent,True,True,2067,96,124.98,11.7,841.53
2025-12-31,Skincare Routine Quiz,Routine Quiz,best skincare routine for dry skin,Phrase match,Tier 2 - Mid Intent,True,True,3303,136,216.61,15.9,1206.77
2025-12-31,Skincare Routine Quiz,Plant Based,plant based moisturizer,Phrase match,Tier 2 - Mid Intent,True,True,2980,108,167.62,14.7,1056.07
2026-01-01,Best Serum for Dry Skin,Vitamin C Serum,best vitamin c serum for dry skin,Exact match,Tier 1 - High Intent,True,True,6361,283,406.71,34.9,2616.15
2026-01-01,Best Serum for Dry Skin,Hydrating Serum,buy hydrating face serum online,Exact match,Tier 1 - High Intent,True,True,4937,219,326.74,26.9,1994.67
2026-01-01,Best Serum for Dry Skin,Natural Serum,natural skincare routine,Phrase match,Tier 2 - Mid Intent,True,False,2071,109,142.54,13.0,935.71
2026-01-01,Best Serum for Dry Skin,Broad Skincare,skincare,Broad match,Untiered - Broad,False,False,1665,67,90.58,8.2,646.8
2026-01-01,Brand Defense,Brand Core,pureglow skincare,Exact match,Tier 3 - Brand Defense,False,True,2206,102,145.88,12.3,900.19
2026-01-01,Brand Defense,Brand Bundle,pureglow spf bundle,Exact match,Tier 3 - Brand Defense,False,True,1190,49,68.79,5.6,407.46
2026-01-01,Brand Defense,Brand Product,pureglow vitamin c serum,Exact match,Tier 3 - Brand Defense,False,True,1744,82,119.67,9.5,748.89
2026-01-01,SPF Moisturizer Bundle,Daily SPF,buy spf moisturizer online,Exact match,Tier 1 - High Intent,True,True,3619,165,206.27,20.7,1511.38
2026-01-01,SPF Moisturizer Bundle,Broad Moisturizer,moisturizer,Broad match,Untiered - Broad,False,False,1420,58,92.76,7.0,547.54
2026-01-01,SPF Moisturizer Bundle,SPF Bundle,spf moisturizer bundle,Exact match,Tier 1 - High Intent,True,True,5256,200,287.73,24.0,1784.28
2026-01-01,SPF Moisturizer Bundle,Vegan SPF,vegan spf moisturizer,Phrase match,Tier 2 - Mid Intent,True,True,1980,95,136.52,11.5,880.64
2026-01-01,Skincare Routine Quiz,Routine Quiz,best skincare routine for dry skin,Phrase match,Tier 2 - Mid Intent,True,True,3359,139,183.85,15.6,1285.67
2026-01-01,Skincare Routine Quiz,Plant Based,plant based moisturizer,Phrase match,Tier 2 - Mid Intent,True,True,2607,121,147.3,12.5,1055.97
2026-01-02,Best Serum for Dry Skin,Vitamin C Serum,best vitamin c serum for dry skin,Exact match,Tier 1 - High Intent,True,True,7994,302,448.53,37.2,2582.59
2026-01-02,Best Serum for Dry Skin,Hydrating Serum,buy hydrating face serum online,Exact match,Tier 1 - High Intent,True,True,5694,286,361.34,32.1,2283.38
2026-01-02,Best Serum for Dry Skin,Natural Serum,natural skincare routine,Phrase match,Tier 2 - Mid Intent,True,False,2820,114,152.48,15.0,962.7
2026-01-02,Best Serum for Dry Skin,Broad Skincare,skincare,Broad match,Untiered - Broad,False,False,1733,80,110.47,8.5,633.05
2026-01-02,Brand Defense,Brand Core,pureglow skincare,Exact match,Tier 3 - Brand Defense,False,True,2660,114,152.45,14.2,839.69
2026-01-02,Brand Defense,Brand Bundle,pureglow spf bundle,Exact match,Tier 3 - Brand Defense,False,True,1300,57,70.84,6.1,497.73
2026-01-02,Brand Defense,Brand Product,pureglow vitamin c serum,Exact match,Tier 3 - Brand Defense,False,True,2045,99,114.52,11.7,767.3
2026-01-02,SPF Moisturizer Bundle,Daily SPF,buy spf moisturizer online,Exact match,Tier 1 - High Intent,True,True,4291,192,253.11,18.5,1414.72
2026-01-02,SPF Moisturizer Bundle,Broad Moisturizer,moisturizer,Broad match,Untiered - Broad,False,False,1599,69,101.16,8.2,590.63
2026-01-02,SPF Moisturizer Bundle,SPF Bundle,spf moisturizer bundle,Exact match,Tier 1 - High Intent,True,True,5392,270,344.58,26.8,1991.59
2026-01-02,SPF Moisturizer Bundle,Vegan SPF,vegan spf moisturizer,Phrase match,Tier 2 - Mid Intent,True,True,2231,102,151.95,12.2,922.08
2026-01-02,Skincare Routine Quiz,Routine Quiz,best skincare routine for dry skin,Phrase match,Tier 2 - Mid Intent,True,True,3580,158,228.93,17.4,1350.77
2026-01-02,Skincare Routine Quiz,Plant Based,plant based moisturizer,Phrase match,Tier 2 - Mid Intent,True,True,2701,142,169.17,13.9,1127.29
2026-01-03,Best Serum for Dry Skin,Vitamin C Serum,best vitamin c serum for dry skin,Exact match,Tier 1 - High Intent,True,True,8504,339,462.28,36.8,2561.6
2026-01-03,Best Serum for Dry Skin,Hydrating Serum,buy hydrating face serum online,Exact match,Tier 1 - High Intent,True,True,6089,259,370.38,35.3,2251.26
2026-01-03,Best Serum for Dry Skin,Natural Serum,natural skincare routine,Phrase match,Tier 2 - Mid Intent,True,False,2855,128,157.22,14.5,990.64
2026-01-03,Best Serum for Dry Skin,Broad Skincare,skincare,Broad match,Untiered - Broad,False,False,2029,82,103.5,8.8,712.24
2026-01-03,Brand Defense,Brand Core,pureglow skincare,Exact match,Tier 3 - Brand Defense,False,True,2730,118,158.91,11.8,903.22
2026-01-03,Brand Defense,Brand Bundle,pureglow spf bundle,Exact match,Tier 3 - Brand Defense,False,True,1414,59,72.68,7.4,454.53
2026-01-03,Brand Defense,Brand Product,pureglow vitamin c serum,Exact match,Tier 3 - Brand Defense,False,True,2516,90,132.41,10.1,801.22
2026-01-03,SPF Moisturizer Bundle,Daily SPF,buy spf moisturizer online,Exact match,Tier 1 - High Intent,True,True,4600,188,235.39,20.4,1704.86
2026-01-03,SPF Moisturizer Bundle,Broad Moisturizer,moisturizer,Broad match,Untiered - Broad,False,False,1676,74,98.9,8.3,665.93
2026-01-03,SPF Moisturizer Bundle,SPF Bundle,spf moisturizer bundle,Exact match,Tier 1 - High Intent,True,True,6550,247,348.04,33.1,2334.29
2026-01-03,SPF Moisturizer Bundle,Vegan SPF,vegan spf moisturizer,Phrase match,Tier 2 - Mid Intent,True,True,2785,111,147.24,13.8,957.34
2026-01-03,Skincare Routine Quiz,Routine Quiz,best skincare routine for dry skin,Phrase match,Tier 2 - Mid Intent,True,True,3700,158,231.08,20.5,1528.86
2026-01-03,Skincare Routine Quiz,Plant Based,plant based moisturizer,Phrase match,Tier 2 - Mid Intent,True,True,3247,126,182.37,14.7,1191.84
2026-01-04,Best Serum for Dry Skin,Vitamin C Serum,best vitamin c serum for dry skin,Exact match,Tier 1 - High Intent,True,True,7526,353,452.03,35.2,3058.3
2026-01-04,Best Serum for Dry Skin,Hydrating Serum,buy hydrating face serum online,Exact match,Tier 1 - High Intent,True,True,6470,291,385.54,29.2,2424.25
2026-01-04,Best Serum for Dry Skin,Natural Serum,natural skincare routine,Phrase match,Tier 2 - Mid Intent,True,False,2640,128,168.55,14.4,1108.46
2026-01-04,Best Serum for Dry Skin,Broad Skincare,skincare,Broad match,Untiered - Broad,False,False,2061,88,102.16,8.7,740.58
2026-01-04,Brand Defense,Brand Core,pureglow skincare,Exact match,Tier 3 - Brand Defense,False,True,2591,116,169.12,13.1,932.37
2026-01-04,Brand Defense,Brand Bundle,pureglow spf bundle,Exact match,Tier 3 - Brand Defense,False,True,1298,64,76.04,6.8,450.2
2026-01-04,Brand Defense,Brand Product,pureglow vitamin c serum,Exact match,Tier 3 - Brand Defense,False,True,2386,99,123.24,11.1,738.73
2026-01-04,SPF Moisturizer Bundle,Daily SPF,buy spf moisturizer online,Exact match,Tier 1 - High Intent,True,True,4571,191,270.14,24.2,1505.33
2026-01-04,SPF Moisturizer Bundle,Broad Moisturizer,moisturizer,Broad match,Untiered - Broad,False,False,1758,71,109.96,8.8,688.51
2026-01-04,SPF Moisturizer Bundle,SPF Bundle,spf moisturizer bundle,Exact match,Tier 1 - High Intent,True,True,6062,279,352.69,30.1,2259.46
2026-01-04,SPF Moisturizer Bundle,Vegan SPF,vegan spf moisturizer,Phrase match,Tier 2 - Mid Intent,True,True,2694,120,155.53,13.5,964.86
2026-01-04,Skincare Routine Quiz,Routine Quiz,best skincare routine for dry skin,Phrase match,Tier 2 - Mid Intent,True,True,3922,185,218.23,18.7,1341.39
2026-01-04,Skincare Routine Quiz,Plant Based,plant based moisturizer,Phrase match,Tier 2 - Mid Intent,True,True,2929,132,183.15,17.8,1178.83
2026-01-05,Best Serum for Dry Skin,Vitamin C Serum,best vitamin c serum for dry skin,Exact match,Tier 1 - High Intent,True,True,6724,277,378.55,31.6,2389.77
2026-01-05,Best Serum for Dry Skin,Hydrating Serum,buy hydrating face serum online,Exact match,Tier 1 - High Intent,True,True,5790,250,303.25,25.9,1881.08
2026-01-05,Best Serum for Dry Skin,Natural Serum,natural skincare routine,Phrase match,Tier 2 - Mid Intent,True,False,2552,113,144.47,12.6,809.44
2026-01-05,Best Serum for Dry Skin,Broad Skincare,skincare,Broad match,Untiered - Broad,False,False,1690,67,88.48,8.8,596.84
2026-01-05,Brand Defense,Brand Core,pureglow skincare,Exact match,Tier 3 - Brand Defense,False,True,2424,106,145.73,10.6,835.54
2026-01-05,Brand Defense,Brand Bundle,pureglow spf bundle,Exact match,Tier 3 - Brand Defense,False,True,1308,54,67.39,5.9,421.31
2026-01-05,Brand Defense,Brand Product,pureglow vitamin c serum,Exact match,Tier 3 - Brand Defense,False,True,1889,82,119.83,10.4,667.17
2026-01-05,SPF Moisturizer Bundle,Daily SPF,buy spf moisturizer online,Exact match,Tier 1 - High Intent,True,True,3848,163,233.05,17.1,1303.37
2026-01-05,SPF Moisturizer Bundle,Broad Moisturizer,moisturizer,Broad match,Untiered - Broad,False,False,1693,68,93.85,7.9,539.6
2026-01-05,SPF Moisturizer Bundle,SPF Bundle,spf moisturizer bundle,Exact match,Tier 1 - High Intent,True,True,5074,226,308.83,24.5,1839.81
2026-01-05,SPF Moisturizer Bundle,Vegan SPF,vegan spf moisturizer,Phrase match,Tier 2 - Mid Intent,True,True,2473,101,130.93,10.8,795.62
2026-01-05,Skincare Routine Quiz,Routine Quiz,best skincare routine for dry skin,Phrase match,Tier 2 - Mid Intent,True,True,3813,138,199.1,15.6,1213.1
2026-01-05,Skincare Routine Quiz,Plant Based,plant based moisturizer,Phrase match,Tier 2 - Mid Intent,True,True,2689,115,164.91,11.9,954.37
2026-01-06,Best Serum for Dry Skin,Vitamin C Serum,best vitamin c serum for dry skin,Exact match,Tier 1 - High Intent,True,True,6291,328,428.2,34.7,2447.39
2026-01-06,Best Serum for Dry Skin,Hydrating Serum,buy hydrating face serum online,Exact match,Tier 1 - High Intent,True,True,5528,251,322.2,25.0,1965.12
2026-01-06,Best Serum for Dry Skin,Natural Serum,natural skincare routine,Phrase match,Tier 2 - Mid Intent,True,False,2549,115,147.47,13.8,831.72
2026-01-06,Best Serum for Dry Skin,Broad Skincare,skincare,Broad match,Untiered - Broad,False,False,1515,69,102.85,7.2,553.16
2026-01-06,Brand Defense,Brand Core,pureglow skincare,Exact match,Tier 3 - Brand Defense,False,True,2345,102,130.1,12.0,790.88
2026-01-06,Brand Defense,Brand Bundle,pureglow spf bundle,Exact match,Tier 3 - Brand Defense,False,True,1309,56,74.51,5.4,460.52
2026-01-06,Brand Defense,Brand Product,pureglow vitamin c serum,Exact match,Tier 3 - Brand Defense,False,True,2198,91,111.89,8.7,667.55
2026-01-06,SPF Moisturizer Bundle,Daily SPF,buy spf moisturizer online,Exact match,Tier 1 - High Intent,True,True,3741,157,229.06,21.1,1343.09
2026-01-06,SPF Moisturizer Bundle,Broad Moisturizer,moisturizer,Broad match,Untiered - Broad,False,False,1569,64,88.52,8.4,558.74
2026-01-06,SPF Moisturizer Bundle,SPF Bundle,spf moisturizer bundle,Exact match,Tier 1 - High Intent,True,True,5844,217,316.12,25.3,1793.6
2026-01-06,SPF Moisturizer Bundle,Vegan SPF,vegan spf moisturizer,Phrase match,Tier 2 - Mid Intent,True,True,2148,101,139.83,11.3,868.48
2026-01-06,Skincare Routine Quiz,Routine Quiz,best skincare routine for dry skin,Phrase match,Tier 2 - Mid Intent,True,True,3471,149,206.24,18.5,1136.0
2026-01-06,Skincare Routine Quiz,Plant Based,plant based moisturizer,Phrase match,Tier 2 - Mid Intent,True,True,2829,127,166.74,13.6,955.78
2026-01-07,Best Serum for Dry Skin,Vitamin C Serum,best vitamin c serum for dry skin,Exact match,Tier 1 - High Intent,True,True,6958,301,355.34,31.4,2316.25
2026-01-07,Best Serum for Dry Skin,Hydrating Serum,buy hydrating face serum online,Exact match,Tier 1 - High Intent,True,True,5547,249,319.69,25.0,1956.9
2026-01-07,Best Serum for Dry Skin,Natural Serum,natural skincare routine,Phrase match,Tier 2 - Mid Intent,True,False,2261,95,130.49,11.5,877.42
2026-01-07,Best Serum for Dry Skin,Broad Skincare,skincare,Broad match,Untiered - Broad,False,False,1495,63,86.05,7.9,551.26
2026-01-07,Brand Defense,Brand Core,pureglow skincare,Exact match,Tier 3 - Brand Defense,False,True,2292,93,137.03,10.8,751.0
2026-01-07,Brand Defense,Brand Bundle,pureglow spf bundle,Exact match,Tier 3 - Brand Defense,False,True,1128,50,62.89,5.1,399.65
2026-01-07,Brand Defense,Brand Product,pureglow vitamin c serum,Exact match,Tier 3 - Brand Defense,False,True,1735,77,103.8,10.2,639.64
2026-01-07,SPF Moisturizer Bundle,Daily SPF,buy spf moisturizer online,Exact match,Tier 1 - High Intent,True,True,3766,156,209.98,16.3,1271.03
2026-01-07,SPF Moisturizer Bundle,Broad Moisturizer,moisturizer,Broad match,Untiered - Broad,False,False,1492,60,86.19,7.9,515.3
2026-01-07,SPF Moisturizer Bundle,SPF Bundle,spf moisturizer bundle,Exact match,Tier 1 - High Intent,True,True,4612,225,299.59,23.6,1999.27
2026-01-07,SPF Moisturizer Bundle,Vegan SPF,vegan spf moisturizer,Phrase match,Tier 2 - Mid Intent,True,True,2015,96,135.82,11.5,777.18
2026-01-07,Skincare Routine Quiz,Routine Quiz,best skincare routine for dry skin,Phrase match,Tier 2 - Mid Intent,True,True,2971,144,181.67,18.0,1204.22
2026-01-07,Skincare Routine Quiz,Plant Based,plant based moisturizer,Phrase match,Tier 2 - Mid Intent,True,True,2606,109,162.48,14.8,1042.53
2026-01-08,Best Serum for Dry Skin,Vitamin C Serum,best vitamin c serum for dry skin,Exact match,Tier 1 - High Intent,True,True,7018,337,442.59,38.8,2864.95
2026-01-08,Best Serum for Dry Skin,Hydrating Serum,buy hydrating face serum online,Exact match,Tier 1 - High Intent,True,True,6464,238,332.73,34.0,2366.65
2026-01-08,Best Serum for Dry Skin,Natural Serum,natural skincare routine,Phrase match,Tier 2 - Mid Intent,True,False,2885,109,150.1,12.8,1008.68
2026-01-08,Best Serum for Dry Skin,Broad Skincare,skincare,Broad match,Untiered - Broad,False,False,1932,72,110.21,9.8,695.22
2026-01-08,Brand Defense,Brand Core,pureglow skincare,Exact match,Tier 3 - Brand Defense,False,True,2500,114,155.04,13.0,859.87
2026-01-08,Brand Defense,Brand Bundle,pureglow spf bundle,Exact match,Tier 3 - Brand Defense,False,True,1278,57,68.42,7.0,480.3
2026-01-08,Brand Defense,Brand Product,pureglow vitamin c serum,Exact match,Tier 3 - Brand Defense,False,True,2073,88,124.62,11.2,774.76
2026-01-08,SPF Moisturizer Bundle,Daily SPF,buy spf moisturizer online,Exact match,Tier 1 - High Intent,True,True,3939,180,222.5,23.0,1450.23
2026-01-08,SPF Moisturizer Bundle,Broad Moisturizer,moisturizer,Broad match,Untiered - Broad,False,False,1631,68,94.67,7.5,646.26
2026-01-08,SPF Moisturizer Bundle,SPF Bundle,spf moisturizer bundle,Exact match,Tier 1 - High Intent,True,True,6174,222,322.69,25.6,1997.0
2026-01-08,SPF Moisturizer Bundle,Vegan SPF,vegan spf moisturizer,Phrase match,Tier 2 - Mid Intent,True,True,2543,98,141.65,13.6,892.01
2026-01-08,Skincare Routine Quiz,Routine Quiz,best skincare routine for dry skin,Phrase match,Tier 2 - Mid Intent,True,True,3791,161,224.66,18.7,1368.98
2026-01-08,Skincare Routine Quiz,Plant Based,plant based moisturizer,Phrase match,Tier 2 - Mid Intent,True,True,2695,119,171.85,16.9,1165.71
2026-01-09,Best Serum for Dry Skin,Vitamin C Serum,best vitamin c serum for dry skin,Exact match,Tier 1 - High Intent,True,True,6700,305,404.7,36.1,2680.9
2026-01-09,Best Serum for Dry Skin,Hydrating Serum,buy hydrating face serum online,Exact match,Tier 1 - High Intent,True,True,6273,272,329.5,29.4,2079.43
2026-01-09,Best Serum for Dry Skin,Natural Serum,natural skincare routine,Phrase match,Tier 2 - Mid Intent,True,False,2511,118,156.07,13.0,1004.64
2026-01-09,Best Serum for Dry Skin,Broad Skincare,skincare,Broad match,Untiered - Broad,False,False,1593,68,103.21,8.9,671.33
2026-01-09,Brand Defense,Brand Core,pureglow skincare,Exact match,Tier 3 - Brand Defense,False,True,2644,102,142.79,11.4,941.49
2026-01-09,Brand Defense,Brand Bundle,pureglow spf bundle,Exact match,Tier 3 - Brand Defense,False,True,1357,53,75.37,6.9,446.5
2026-01-09,Brand Defense,Brand Product,pureglow vitamin c serum,Exact match,Tier 3 - Brand Defense,False,True,1885,82,118.68,9.6,783.59
2026-01-09,SPF Moisturizer Bundle,Daily SPF,buy spf moisturizer online,Exact match,Tier 1 - High Intent,True,True,4119,182,249.91,18.1,1595.15
2026-01-09,SPF Moisturizer Bundle,Broad Moisturizer,moisturizer,Broad match,Untiered - Broad,False,False,1538,63,85.77,8.1,586.12
2026-01-09,SPF Moisturizer Bundle,SPF Bundle,spf moisturizer bundle,Exact match,Tier 1 - High Intent,True,True,5544,224,325.79,25.8,1930.27
2026-01-09,SPF Moisturizer Bundle,Vegan SPF,vegan spf moisturizer,Phrase match,Tier 2 - Mid Intent,True,True,2271,105,146.34,11.7,847.65
2026-01-09,Skincare Routine Quiz,Routine Quiz,best skincare routine for dry skin,Phrase match,Tier 2 - Mid Intent,True,True,3847,154,203.4,16.2,1427.03
2026-01-09,Skincare Routine Quiz,Plant Based,plant based moisturizer,Phrase match,Tier 2 - Mid Intent,True,True,2823,131,162.01,13.7,1038.53
2026-01-10,Best Serum for Dry Skin,Vitamin C Serum,best vitamin c serum for dry skin,Exact match,Tier 1 - High Intent,True,True,7646,305,431.45,31.9,2429.49
2026-01-10,Best Serum for Dry Skin,Hydrating Serum,buy hydrating face serum online,Exact match,Tier 1 - High Intent,True,True,6062,270,348.09,29.3,2156.91
2026-01-10,Best Serum for Dry Skin,Natural Serum,natural skincare routine,Phrase match,Tier 2 - Mid Intent,True,False,2721,103,148.36,12.1,962.6
2026-01-10,Best Serum for Dry Skin,Broad Skincare,skincare,Broad match,Untiered - Broad,False,False,1612,70,96.47,7.3,677.52
2026-01-10,Brand Defense,Brand Core,pureglow skincare,Exact match,Tier 3 - Brand Defense,False,True,2613,101,137.57,13.4,964.8
2026-01-10,Brand Defense,Brand Bundle,pureglow spf bundle,Exact match,Tier 3 - Brand Defense,False,True,1209,52,68.37,5.7,427.25
2026-01-10,Brand Defense,Brand Product,pureglow vitamin c serum,Exact match,Tier 3 - Brand Defense,False,True,1962,81,110.09,9.9,740.24
2026-01-10,SPF Moisturizer Bundle,Daily SPF,buy spf moisturizer online,Exact match,Tier 1 - High Intent,True,True,4019,176,209.26,19.4,1595.43
2026-01-10,SPF Moisturizer Bundle,Broad Moisturizer,moisturizer,Broad match,Untiered - Broad,False,False,1496,72,87.8,7.4,600.17
2026-01-10,SPF Moisturizer Bundle,SPF Bundle,spf moisturizer bundle,Exact match,Tier 1 - High Intent,True,True,5463,234,318.78,24.8,2222.7
2026-01-10,SPF Moisturizer Bundle,Vegan SPF,vegan spf moisturizer,Phrase match,Tier 2 - Mid Intent,True,True,2303,93,142.16,11.0,821.74
2026-01-10,Skincare Routine Quiz,Routine Quiz,best skincare routine for dry skin,Phrase match,Tier 2 - Mid Intent,True,True,3691,147,202.1,18.7,1254.98
2026-01-10,Skincare Routine Quiz,Plant Based,plant based moisturizer,Phrase match,Tier 2 - Mid Intent,True,True,2966,124,162.32,14.0,966.31
2026-01-11,Best Serum for Dry Skin,Vitamin C Serum,best vitamin c serum for dry skin,Exact match,Tier 1 - High Intent,True,True,7831,305,431.81,30.1,2700.58
2026-01-11,Best Serum for Dry Skin,Hydrating Serum,buy hydrating face serum online,Exact match,Tier 1 - High Intent,True,True,6250,243,318.68,29.3,1949.32
2026-01-11,Best Serum for Dry Skin,Natural Serum,natural skincare routine,Phrase match,Tier 2 - Mid Intent,True,False,2607,109,134.08,13.7,901.74
2026-01-11,Best Serum for Dry Skin,Broad Skincare,skincare,Broad match,Untiered - Broad,False,False,1541,74,88.15,8.9,575.62
2026-01-11,Brand Defense,Brand Core,pureglow skincare,Exact match,Tier 3 - Brand Defense,False,True,2451,98,139.14,11.2,836.21
2026-01-11,Brand Defense,Brand Bundle,pureglow spf bundle,Exact match,Tier 3 - Brand Defense,False,True,1165,54,66.05,5.5,391.9
2026-01-11,Brand Defense,Brand Product,pureglow vitamin c serum,Exact match,Tier 3 - Brand Defense,False,True,2018,95,113.56,8.9,657.13
2026-01-11,SPF Moisturizer Bundle,Daily SPF,buy spf moisturizer online,Exact match,Tier 1 - High Intent,True,True,4265,176,231.99,16.7,1346.0
2026-01-11,SPF Moisturizer Bundle,Broad Moisturizer,moisturizer,Broad match,Untiered - Broad,False,False,1614,67,84.65,7.6,561.82
2026-01-11,SPF Moisturizer Bundle,SPF Bundle,spf moisturizer bundle,Exact match,Tier 1 - High Intent,True,True,5466,244,296.04,25.6,1996.75
2026-01-11,SPF Moisturizer Bundle,Vegan SPF,vegan spf moisturizer,Phrase match,Tier 2 - Mid Intent,True,True,2220,96,122.6,12.1,824.37
2026-01-11,Skincare Routine Quiz,Routine Quiz,best skincare routine for dry skin,Phrase match,Tier 2 - Mid Intent,True,True,3787,160,188.47,15.9,1259.62
2026-01-11,Skincare Routine Quiz,Plant Based,plant based moisturizer,Phrase match,Tier 2 - Mid Intent,True,True,3038,127,162.69,13.2,965.14
2026-01-12,Best Serum for Dry Skin,Vitamin C Serum,best vitamin c serum for dry skin,Exact match,Tier 1 - High Intent,True,True,7731,329,424.32,35.2,2404.78
2026-01-12,Best Serum for Dry Skin,Hydrating Serum,buy hydrating face serum online,Exact match,Tier 1 - High Intent,True,True,5826,261,344.25,25.6,2049.43
2026-01-12,Best Serum for Dry Skin,Natural Serum,natural skincare routine,Phrase match,Tier 2 - Mid Intent,True,False,2414,111,135.5,12.6,916.28
2026-01-12,Best Serum for Dry Skin,Broad Skincare,skincare,Broad match,Untiered - Broad,False,False,1842,69,96.59,7.5,541.9
2026-01-12,Brand Defense,Brand Core,pureglow skincare,Exact match,Tier 3 - Brand Defense,False,True,2523,104,147.19,11.5,815.49
2026-01-12,Brand Defense,Brand Bundle,pureglow spf bundle,Exact match,Tier 3 - Brand Defense,False,True,1123,53,67.3,6.6,453.64
2026-01-12,Brand Defense,Brand Product,pureglow vitamin c serum,Exact match,Tier 3 - Brand Defense,False,True,1924,88,121.94,9.6,737.72
2026-01-12,SPF Moisturizer Bundle,Daily SPF,buy spf moisturizer online,Exact match,Tier 1 - High Intent,True,True,4239,175,205.2,20.1,1319.75
2026-01-12,SPF Moisturizer Bundle,Broad Moisturizer,moisturizer,Broad match,Untiered - Broad,False,False,1462,69,91.08,8.1,536.94
2026-01-12,SPF Moisturizer Bundle,SPF Bundle,spf moisturizer bundle,Exact match,Tier 1 - High Intent,True,True,5123,233,319.84,29.4,2160.64
2026-01-12,SPF Moisturizer Bundle,Vegan SPF,vegan spf moisturizer,Phrase match,Tier 2 - Mid Intent,True,True,2335,95,135.25,10.5,765.05
2026-01-12,Skincare Routine Quiz,Routine Quiz,best skincare routine for dry skin,Phrase match,Tier 2 - Mid Intent,True,True,3793,152,207.12,16.9,1154.31
2026-01-12,Skincare Routine Quiz,Plant Based,plant based moisturizer,Phrase match,Tier 2 - Mid Intent,True,True,2835,130,149.24,15.2,1004.01
2026-01-13,Best Serum for Dry Skin,Vitamin C Serum,best vitamin c serum for dry skin,Exact match,Tier 1 - High Intent,True,True,7570,295,388.41,33.6,2745.27
2026-01-13,Best Serum for Dry Skin,Hydrating Serum,buy hydrating face serum online,Exact match,Tier 1 - High Intent,True,True,5317,241,320.74,33.4,2226.26
2026-01-13,Best Serum for Dry Skin,Natural Serum,natural skincare routine,Phrase match,Tier 2 - Mid Intent,True,False,2495,115,148.38,12.4,992.58
2026-01-13,Best Serum for Dry Skin,Broad Skincare,skincare,Broad match,Untiered - Broad,False,False,1499,71,91.3,8.9,694.12
2026-01-13,Brand Defense,Brand Core,pureglow skincare,Exact match,Tier 3 - Brand Defense,False,True,2425,101,148.14,13.2,855.99
2026-01-13,Brand Defense,Brand Bundle,pureglow spf bundle,Exact match,Tier 3 - Brand Defense,False,True,1126,50,69.27,6.4,419.06
2026-01-13,Brand Defense,Brand Product,pureglow vitamin c serum,Exact match,Tier 3 - Brand Defense,False,True,1867,85,110.55,10.7,804.02
2026-01-13,SPF Moisturizer Bundle,Daily SPF,buy spf moisturizer online,Exact match,Tier 1 - High Intent,True,True,3851,173,236.35,21.9,1650.13
2026-01-13,SPF Moisturizer Bundle,Broad Moisturizer,moisturizer,Broad match,Untiered - Broad,False,False,1625,62,83.36,8.7,644.54
2026-01-13,SPF Moisturizer Bundle,SPF Bundle,spf moisturizer bundle,Exact match,Tier 1 - High Intent,True,True,5353,229,330.96,27.7,1912.91
2026-01-13,SPF Moisturizer Bundle,Vegan SPF,vegan spf moisturizer,Phrase match,Tier 2 - Mid Intent,True,True,2250,104,142.84,12.5,964.8
2026-01-13,Skincare Routine Quiz,Routine Quiz,best skincare routine for dry skin,Phrase match,Tier 2 - Mid Intent,True,True,3765,146,200.93,18.6,1375.51
2026-01-13,Skincare Routine Quiz,Plant Based,plant based moisturizer,Phrase match,Tier 2 - Mid Intent,True,True,2885,110,155.2,12.9,1096.96
2026-01-14,Best Serum for Dry Skin,Vitamin C Serum,best vitamin c serum for dry skin,Exact match,Tier 1 - High Intent,True,True,6712,287,386.76,31.8,2654.08
2026-01-14,Best Serum for Dry Skin,Hydrating Serum,buy hydrating face serum online,Exact match,Tier 1 - High Intent,True,True,5278,221,340.4,29.8,2016.4
2026-01-14,Best Serum for Dry Skin,Natural Serum,natural skincare routine,Phrase match,Tier 2 - Mid Intent,True,False,2249,98,138.67,10.8,924.41
2026-01-14,Best Serum for Dry Skin,Broad Skincare,skincare,Broad match,Untiered - Broad,False,False,1577,67,90.15,7.6,594.82
2026-01-14,Brand Defense,Brand Core,pureglow skincare,Exact match,Tier 3 - Brand Defense,False,True,2155,93,122.94,10.9,858.12
2026-01-14,Brand Defense,Brand Bundle,pureglow spf bundle,Exact match,Tier 3 - Brand Defense,False,True,1100,45,71.51,5.9,448.51
2026-01-14,Brand Defense,Brand Product,pureglow vitamin c serum,Exact match,Tier 3 - Brand Defense,False,True,1677,81,116.07,9.4,647.03
2026-01-14,SPF Moisturizer Bundle,Daily SPF,buy spf moisturizer online,Exact match,Tier 1 - High Intent,True,True,3784,147,199.84,17.8,1371.8
2026-01-14,SPF Moisturizer Bundle,Broad Moisturizer,moisturizer,Broad match,Untiered - Broad,False,False,1295,57,88.35,7.2,499.99
2026-01-14,SPF Moisturizer Bundle,SPF Bundle,spf moisturizer bundle,Exact match,Tier 1 - High Intent,True,True,5367,229,310.74,26.6,1714.72
2026-01-14,SPF Moisturizer Bundle,Vegan SPF,vegan spf moisturizer,Phrase match,Tier 2 - Mid Intent,True,True,1994,87,135.77,11.2,831.96
2026-01-14,Skincare Routine Quiz,Routine Quiz,best skincare routine for dry skin,Phrase match,Tier 2 - Mid Intent,True,True,3297,135,208.77,17.2,1218.01
2026-01-14,Skincare Routine Quiz,Plant Based,plant based moisturizer,Phrase match,Tier 2 - Mid Intent,True,True,2506,117,145.41,12.3,1026.75
2026-01-15,Best Serum for Dry Skin,Vitamin C Serum,best vitamin c serum for dry skin,Exact match,Tier 1 - High Intent,True,True,6917,326,436.54,38.4,2875.69
2026-01-15,Best Serum for Dry Skin,Hydrating Serum,buy hydrating face serum online,Exact match,Tier 1 - High Intent,True,True,5602,286,385.09,29.1,2530.93
2026-01-15,Best Serum for Dry Skin,Natural Serum,natural skincare routine,Phrase match,Tier 2 - Mid Intent,True,False,2728,123,166.54,14.7,1115.99
2026-01-15,Best Serum for Dry Skin,Broad Skincare,skincare,Broad match,Untiered - Broad,False,False,1794,79,97.39,9.5,662.04
2026-01-15,Brand Defense,Brand Core,pureglow skincare,Exact match,Tier 3 - Brand Defense,False,True,2531,119,146.58,13.5,892.7
2026-01-15,Brand Defense,Brand Bundle,pureglow spf bundle,Exact match,Tier 3 - Brand Defense,False,True,1285,54,71.33,7.5,502.62
2026-01-15,Brand Defense,Brand Product,pureglow vitamin c serum,Exact match,Tier 3 - Brand Defense,False,True,2181,97,117.35,10.1,810.25
2026-01-15,SPF Moisturizer Bundle,Daily SPF,buy spf moisturizer online,Exact match,Tier 1 - High Intent,True,True,4330,178,245.51,22.5,1672.86
2026-01-15,SPF Moisturizer Bundle,Broad Moisturizer,moisturizer,Broad match,Untiered - Broad,False,False,1666,77,96.45,8.1,663.4
2026-01-15,SPF Moisturizer Bundle,SPF Bundle,spf moisturizer bundle,Exact match,Tier 1 - High Intent,True,True,6198,269,315.38,33.2,2247.24
2026-01-15,SPF Moisturizer Bundle,Vegan SPF,vegan spf moisturizer,Phrase match,Tier 2 - Mid Intent,True,True,2566,103,141.77,13.6,994.41
2026-01-15,Skincare Routine Quiz,Routine Quiz,best skincare routine for dry skin,Phrase match,Tier 2 - Mid Intent,True,True,3461,165,226.36,17.9,1496.77
2026-01-15,Skincare Routine Quiz,Plant Based,plant based moisturizer,Phrase match,Tier 2 - Mid Intent,True,True,3118,136,187.54,17.7,1205.48
2026-01-16,Best Serum for Dry Skin,Vitamin C Serum,best vitamin c serum for dry skin,Exact match,Tier 1 - High Intent,True,True,7484,331,439.57,40.5,3054.9
2026-01-16,Best Serum for Dry Skin,Hydrating Serum,buy hydrating face serum online,Exact match,Tier 1 - High Intent,True,True,5744,254,357.76,33.2,2475.59
2026-01-16,Best Serum for Dry Skin,Natural Serum,natural skincare routine,Phrase match,Tier 2 - Mid Intent,True,False,2788,118,146.81,13.3,962.04
2026-01-16,Best Serum for Dry Skin,Broad Skincare,skincare,Broad match,Untiered - Broad,False,False,1740,71,105.1,8.1,628.25
2026-01-16,Brand Defense,Brand Core,pureglow skincare,Exact match,Tier 3 - Brand Defense,False,True,2410,116,139.21,12.2,897.83
2026-01-16,Brand Defense,Brand Bundle,pureglow spf bundle,Exact match,Tier 3 - Brand Defense,False,True,1206,51,79.7,6.2,523.55
2026-01-16,Brand Defense,Brand Product,pureglow vitamin c serum,Exact match,Tier 3 - Brand Defense,False,True,2021,95,127.58,10.9,896.99
2026-01-16,SPF Moisturizer Bundle,Daily SPF,buy spf moisturizer online,Exact match,Tier 1 - High Intent,True,True,4435,172,256.92,23.4,1629.05
2026-01-16,SPF Moisturizer Bundle,Broad Moisturizer,moisturizer,Broad match,Untiered - Broad,False,False,1770,73,92.17,9.4,676.01
2026-01-16,SPF Moisturizer Bundle,SPF Bundle,spf moisturizer bundle,Exact match,Tier 1 - High Intent,True,True,5372,266,324.22,29.8,2331.64
2026-01-16,SPF Moisturizer Bundle,Vegan SPF,vegan spf moisturizer,Phrase match,Tier 2 - Mid Intent,True,True,2601,98,140.84,14.3,1032.45
2026-01-16,Skincare Routine Quiz,Routine Quiz,best skincare routine for dry skin,Phrase match,Tier 2 - Mid Intent,True,True,3934,160,226.73,17.9,1401.38
2026-01-16,Skincare Routine Quiz,Plant Based,plant based moisturizer,Phrase match,Tier 2 - Mid Intent,True,True,3234,123,168.48,17.0,1075.9
2026-01-17,Best Serum for Dry Skin,Vitamin C Serum,best vitamin c serum for dry skin,Exact match,Tier 1 - High Intent,True,True,7388,312,434.98,41.8,2643.58
2026-01-17,Best Serum for Dry Skin,Hydrating Serum,buy hydrating face serum online,Exact match,Tier 1 - High Intent,True,True,6450,291,338.95,33.0,2469.91
2026-01-17,Best Serum for Dry Skin,Natural Serum,natural skincare routine,Phrase match,Tier 2 - Mid Intent,True,False,2901,117,152.48,14.5,1019.64
2026-01-17,Best Serum for Dry Skin,Broad Skincare,skincare,Broad match,Untiered - Broad,False,False,1834,74,98.55,9.5,649.66
2026-01-17,Brand Defense,Brand Core,pureglow skincare,Exact match,Tier 3 - Brand Defense,False,True,2448,107,155.49,12.5,942.38
2026-01-17,Brand Defense,Brand Bundle,pureglow spf bundle,Exact match,Tier 3 - Brand Defense,False,True,1318,61,75.15,6.5,450.34
2026-01-17,Brand Defense,Brand Product,pureglow vitamin c serum,Exact match,Tier 3 - Brand Defense,False,True,2259,91,131.99,9.6,763.07
2026-01-17,SPF Moisturizer Bundle,Daily SPF,buy spf moisturizer online,Exact match,Tier 1 - High Intent,True,True,4423,189,238.21,19.7,1618.31
2026-01-17,SPF Moisturizer Bundle,Broad Moisturizer,moisturizer,Broad match,Untiered - Broad,False,False,1584,68,97.13,9.2,641.17
2026-01-17,SPF Moisturizer Bundle,SPF Bundle,spf moisturizer bundle,Exact match,Tier 1 - High Intent,True,True,6013,262,365.71,28.0,2343.41
2026-01-17,SPF Moisturizer Bundle,Vegan SPF,vegan spf moisturizer,Phrase match,Tier 2 - Mid Intent,True,True,2590,111,155.48,12.3,986.28
2026-01-17,Skincare Routine Quiz,Routine Quiz,best skincare routine for dry skin,Phrase match,Tier 2 - Mid Intent,True,True,3793,169,209.85,17.5,1495.71
2026-01-17,Skincare Routine Quiz,Plant Based,plant based moisturizer,Phrase match,Tier 2 - Mid Intent,True,True,3023,130,170.67,15.9,1275.59
2026-01-18,Best Serum for Dry Skin,Vitamin C Serum,best vitamin c serum for dry skin,Exact match,Tier 1 - High Intent,True,True,7778,325,426.97,32.9,2775.29
2026-01-18,Best Serum for Dry Skin,Hydrating Serum,buy hydrating face serum online,Exact match,Tier 1 - High Intent,True,True,5994,273,360.18,31.1,2274.39
2026-01-18,Best Serum for Dry Skin,Natural Serum,natural skincare routine,Phrase match,Tier 2 - Mid Intent,True,False,2703,117,148.12,13.1,931.68
2026-01-18,Best Serum for Dry Skin,Broad Skincare,skincare,Broad match,Untiered - Broad,False,False,1523,65,96.14,7.9,658.62
2026-01-18,Brand Defense,Brand Core,pureglow skincare,Exact match,Tier 3 - Brand Defense,False,True,2683,101,131.13,11.4,965.09
2026-01-18,Brand Defense,Brand Bundle,pureglow spf bundle,Exact match,Tier 3 - Brand Defense,False,True,1191,53,70.01,6.7,404.99
2026-01-18,Brand Defense,Brand Product,pureglow vitamin c serum,Exact match,Tier 3 - Brand Defense,False,True,2130,91,123.38,11.3,700.87
2026-01-18,SPF Moisturizer Bundle,Daily SPF,buy spf moisturizer online,Exact match,Tier 1 - High Intent,True,True,4026,171,232.59,18.0,1399.01
2026-01-18,SPF Moisturizer Bundle,Broad Moisturizer,moisturizer,Broad match,Untiered - Broad,False,False,1443,67,87.4,7.6,572.96
2026-01-18,SPF Moisturizer Bundle,SPF Bundle,spf moisturizer bundle,Exact match,Tier 1 - High Intent,True,True,5591,253,329.84,30.7,1917.96
2026-01-18,SPF Moisturizer Bundle,Vegan SPF,vegan spf moisturizer,Phrase match,Tier 2 - Mid Intent,True,True,2430,98,123.17,11.4,930.43
2026-01-18,Skincare Routine Quiz,Routine Quiz,best skincare routine for dry skin,Phrase match,Tier 2 - Mid Intent,True,True,3324,157,199.83,18.1,1312.54
2026-01-18,Skincare Routine Quiz,Plant Based,plant based moisturizer,Phrase match,Tier 2 - Mid Intent,True,True,2738,126,173.69,15.1,1066.21
2026-01-19,Best Serum for Dry Skin,Vitamin C Serum,best vitamin c serum for dry skin,Exact match,Tier 1 - High Intent,True,True,7587,344,469.11,41.8,2554.52
2026-01-19,Best Serum for Dry Skin,Hydrating Serum,buy hydrating face serum online,Exact match,Tier 1 - High Intent,True,True,6318,283,368.33,32.5,2550.73
2026-01-19,Best Serum for Dry Skin,Natural Serum,natural skincare routine,Phrase match,Tier 2 - Mid Intent,True,False,2444,121,166.73,13.1,985.77
2026-01-19,Best Serum for Dry Skin,Broad Skincare,skincare,Broad match,Untiered - Broad,False,False,1811,78,98.83,8.1,617.78
2026-01-19,Brand Defense,Brand Core,pureglow skincare,Exact match,Tier 3 - Brand Defense,False,True,2277,106,155.55,14.7,996.27
2026-01-19,Brand Defense,Brand Bundle,pureglow spf bundle,Exact match,Tier 3 - Brand Defense,False,True,1169,61,75.97,7.1,503.96
2026-01-19,Brand Defense,Brand Product,pureglow vitamin c serum,Exact match,Tier 3 - Brand Defense,False,True,2202,92,130.2,10.0,770.46
2026-01-19,SPF Moisturizer Bundle,Daily SPF,buy spf moisturizer online,Exact match,Tier 1 - High Intent,True,True,3748,178,233.9,22.6,1480.04
2026-01-19,SPF Moisturizer Bundle,Broad Moisturizer,moisturizer,Broad match,Untiered - Broad,False,False,1500,67,94.64,7.4,608.73
2026-01-19,SPF Moisturizer Bundle,SPF Bundle,spf moisturizer bundle,Exact match,Tier 1 - High Intent,True,True,5380,239,334.09,28.3,2300.77
2026-01-19,SPF Moisturizer Bundle,Vegan SPF,vegan spf moisturizer,Phrase match,Tier 2 - Mid Intent,True,True,2189,111,141.46,11.9,895.75
2026-01-19,Skincare Routine Quiz,Routine Quiz,best skincare routine for dry skin,Phrase match,Tier 2 - Mid Intent,True,True,3789,175,205.82,20.7,1315.31
2026-01-19,Skincare Routine Quiz,Plant Based,plant based moisturizer,Phrase match,Tier 2 - Mid Intent,True,True,2694,129,173.89,14.5,1203.76
2026-01-20,Best Serum for Dry Skin,Vitamin C Serum,best vitamin c serum for dry skin,Exact match,Tier 1 - High Intent,True,True,8444,347,404.43,33.7,2513.72
2026-01-20,Best Serum for Dry Skin,Hydrating Serum,buy hydrating face serum online,Exact match,Tier 1 - High Intent,True,True,5835,271,378.33,28.5,2283.29
2026-01-20,Best Serum for Dry Skin,Natural Serum,natural skincare routine,Phrase match,Tier 2 - Mid Intent,True,False,2860,116,151.61,14.3,1000.54
2026-01-20,Best Serum for Dry Skin,Broad Skincare,skincare,Broad match,Untiered - Broad,False,False,1774,81,103.61,8.4,673.82
2026-01-20,Brand Defense,Brand Core,pureglow skincare,Exact match,Tier 3 - Brand Defense,False,True,2654,118,138.91,12.8,869.65
2026-01-20,Brand Defense,Brand Bundle,pureglow spf bundle,Exact match,Tier 3 - Brand Defense,False,True,1383,56,74.33,6.7,475.64
2026-01-20,Brand Defense,Brand Product,pureglow vitamin c serum,Exact match,Tier 3 - Brand Defense,False,True,2016,90,129.29,10.1,797.33
2026-01-20,SPF Moisturizer Bundle,Daily SPF,buy spf moisturizer online,Exact match,Tier 1 - High Intent,True,True,4550,201,242.73,22.7,1492.32
2026-01-20,SPF Moisturizer Bundle,Broad Moisturizer,moisturizer,Broad match,Untiered - Broad,False,False,1670,78,97.08,8.7,651.87
2026-01-20,SPF Moisturizer Bundle,SPF Bundle,spf moisturizer bundle,Exact match,Tier 1 - High Intent,True,True,6619,267,333.22,31.5,2027.22
2026-01-20,SPF Moisturizer Bundle,Vegan SPF,vegan spf moisturizer,Phrase match,Tier 2 - Mid Intent,True,True,2355,108,137.1,12.9,994.26
2026-01-20,Skincare Routine Quiz,Routine Quiz,best skincare routine for dry skin,Phrase match,Tier 2 - Mid Intent,True,True,4036,157,208.23,16.7,1415.98
2026-01-20,Skincare Routine Quiz,Plant Based,plant based moisturizer,Phrase match,Tier 2 - Mid Intent,True,True,3041,134,185.43,15.7,1091.49
2026-01-21,Best Serum for Dry Skin,Vitamin C Serum,best vitamin c serum for dry skin,Exact match,Tier 1 - High Intent,True,True,5916,264,358.59,34.1,2441.98
2026-01-21,Best Serum for Dry Skin,Hydrating Serum,buy hydrating face serum online,Exact match,Tier 1 - High Intent,True,True,4824,215,330.24,29.6,2087.64
2026-01-21,Best Serum for Dry Skin,Natural Serum,natural skincare routine,Phrase match,Tier 2 - Mid Intent,True,False,2091,95,138.84,12.6,914.01
2026-01-21,Best Serum for Dry Skin,Broad Skincare,skincare,Broad match,Untiered - Broad,False,False,1349,65,82.11,7.6,584.77
2026-01-21,Brand Defense,Brand Core,pureglow skincare,Exact match,Tier 3 - Brand Defense,False,True,2015,96,125.99,10.0,924.86
2026-01-21,Brand Defense,Brand Bundle,pureglow spf bundle,Exact match,Tier 3 - Brand Defense,False,True,1002,50,60.24,6.1,393.96
2026-01-21,Brand Defense,Brand Product,pureglow vitamin c serum,Exact match,Tier 3 - Brand Defense,False,True,1783,74,103.79,9.5,786.19
2026-01-21,SPF Moisturizer Bundle,Daily SPF,buy spf moisturizer online,Exact match,Tier 1 - High Intent,True,True,3369,162,226.08,16.6,1406.25
2026-01-21,SPF Moisturizer Bundle,Broad Moisturizer,moisturizer,Broad match,Untiered - Broad,False,False,1338,61,81.23,7.4,492.39
2026-01-21,SPF Moisturizer Bundle,SPF Bundle,spf moisturizer bundle,Exact match,Tier 1 - High Intent,True,True,4559,220,283.4,25.8,1954.07
2026-01-21,SPF Moisturizer Bundle,Vegan SPF,vegan spf moisturizer,Phrase match,Tier 2 - Mid Intent,True,True,2123,86,116.36,10.8,825.4
2026-01-21,Skincare Routine Quiz,Routine Quiz,best skincare routine for dry skin,Phrase match,Tier 2 - Mid Intent,True,True,2803,141,198.66,17.3,1190.65
2026-01-21,Skincare Routine Quiz,Plant Based,plant based moisturizer,Phrase match,Tier 2 - Mid Intent,True,True,2223,103,154.59,12.5,911.07
2026-01-22,Best Serum for Dry Skin,Vitamin C Serum,best vitamin c serum for dry skin,Exact match,Tier 1 - High Intent,True,True,5757,293,353.77,38.1,2644.0
2026-01-22,Best Serum for Dry Skin,Hydrating Serum,buy hydrating face serum online,Exact match,Tier 1 - High Intent,True,True,5517,250,295.66,29.6,2312.73
2026-01-22,Best Serum for Dry Skin,Natural Serum,natural skincare routine,Phrase match,Tier 2 - Mid Intent,True,False,2314,94,136.68,11.5,973.74
2026-01-22,Best Serum for Dry Skin,Broad Skincare,skincare,Broad match,Untiered - Broad,False,False,1591,68,83.93,8.7,552.49
2026-01-22,Brand Defense,Brand Core,pureglow skincare,Exact match,Tier 3 - Brand Defense,False,True,2272,100,126.5,10.7,909.01
2026-01-22,Brand Defense,Brand Bundle,pureglow spf bundle,Exact match,Tier 3 - Brand Defense,False,True,1095,51,66.34,5.6,402.17
2026-01-22,Brand Defense,Brand Product,pureglow vitamin c serum,Exact match,Tier 3 - Brand Defense,False,True,1996,79,103.85,10.0,778.62
2026-01-22,SPF Moisturizer Bundle,Daily SPF,buy spf moisturizer online,Exact match,Tier 1 - High Intent,True,True,3684,151,199.15,20.2,1389.25
2026-01-22,SPF Moisturizer Bundle,Broad Moisturizer,moisturizer,Broad match,Untiered - Broad,False,False,1357,62,76.43,8.0,597.49
2026-01-22,SPF Moisturizer Bundle,SPF Bundle,spf moisturizer bundle,Exact match,Tier 1 - High Intent,True,True,4804,206,303.73,24.5,1915.77
2026-01-22,SPF Moisturizer Bundle,Vegan SPF,vegan spf moisturizer,Phrase match,Tier 2 - Mid Intent,True,True,1956,86,128.52,12.3,897.53
2026-01-22,Skincare Routine Quiz,Routine Quiz,best skincare routine for dry skin,Phrase match,Tier 2 - Mid Intent,True,True,3328,137,185.02,16.0,1359.89
2026-01-22,Skincare Routine Quiz,Plant Based,plant based moisturizer,Phrase match,Tier 2 - Mid Intent,True,True,2431,111,149.88,14.0,1087.63
2026-01-23,Best Serum for Dry Skin,Vitamin C Serum,best vitamin c serum for dry skin,Exact match,Tier 1 - High Intent,True,True,7803,319,447.42,40.2,3208.96
2026-01-23,Best Serum for Dry Skin,Hydrating Serum,buy hydrating face serum online,Exact match,Tier 1 - High Intent,True,True,6458,292,390.02,34.2,2453.47
2026-01-23,Best Serum for Dry Skin,Natural Serum,natural skincare routine,Phrase match,Tier 2 - Mid Intent,True,False,2773,128,171.14,15.9,1055.94
2026-01-23,Best Serum for Dry Skin,Broad Skincare,skincare,Broad match,Untiered - Broad,False,False,1735,71,102.95,8.4,622.75
2026-01-23,Brand Defense,Brand Core,pureglow skincare,Exact match,Tier 3 - Brand Defense,False,True,2756,108,165.48,12.5,968.13
2026-01-23,Brand Defense,Brand Bundle,pureglow spf bundle,Exact match,Tier 3 - Brand Defense,False,True,1406,57,80.3,6.8,548.97
2026-01-23,Brand Defense,Brand Product,pureglow vitamin c serum,Exact match,Tier 3 - Brand Defense,False,True,2173,89,128.29,13.0,905.71
2026-01-23,SPF Moisturizer Bundle,Daily SPF,buy spf moisturizer online,Exact match,Tier 1 - High Intent,True,True,4632,180,233.21,20.6,1809.84
2026-01-23,SPF Moisturizer Bundle,Broad Moisturizer,moisturizer,Broad match,Untiered - Broad,False,False,1533,69,90.41,9.6,665.51
2026-01-23,SPF Moisturizer Bundle,SPF Bundle,spf moisturizer bundle,Exact match,Tier 1 - High Intent,True,True,5866,240,319.74,34.3,2175.08
2026-01-23,SPF Moisturizer Bundle,Vegan SPF,vegan spf moisturizer,Phrase match,Tier 2 - Mid Intent,True,True,2464,112,142.89,14.9,1024.35
2026-01-23,Skincare Routine Quiz,Routine Quiz,best skincare routine for dry skin,Phrase match,Tier 2 - Mid Intent,True,True,3841,163,216.18,20.5,1450.97
2026-01-23,Skincare Routine Quiz,Plant Based,plant based moisturizer,Phrase match,Tier 2 - Mid Intent,True,True,3018,130,190.27,14.7,1214.26
2026-01-24,Best Serum for Dry Skin,Vitamin C Serum,best vitamin c serum for dry skin,Exact match,Tier 1 - High Intent,True,True,6272,281,379.13,36.0,2883.54
2026-01-24,Best Serum for Dry Skin,Hydrating Serum,buy hydrating face serum online,Exact match,Tier 1 - High Intent,True,True,6180,249,327.75,30.5,2441.68
2026-01-24,Best Serum for Dry Skin,Natural Serum,natural skincare routine,Phrase match,Tier 2 - Mid Intent,True,False,2258,99,147.2,11.3,943.3
2026-01-24,Best Serum for Dry Skin,Broad Skincare,skincare,Broad match,Untiered - Broad,False,False,1492,68,94.96,8.3,668.08
2026-01-24,Brand Defense,Brand Core,pureglow skincare,Exact match,Tier 3 - Brand Defense,False,True,2308,104,147.07,12.6,971.6
2026-01-24,Brand Defense,Brand Bundle,pureglow spf bundle,Exact match,Tier 3 - Brand Defense,False,True,1103,50,67.09,6.0,491.31
2026-01-24,Brand Defense,Brand Product,pureglow vitamin c serum,Exact match,Tier 3 - Brand Defense,False,True,2043,81,119.79,9.1,790.06
2026-01-24,SPF Moisturizer Bundle,Daily SPF,buy spf moisturizer online,Exact match,Tier 1 - High Intent,True,True,3953,157,224.79,18.1,1496.14
2026-01-24,SPF Moisturizer Bundle,Broad Moisturizer,moisturizer,Broad match,Untiered - Broad,False,False,1396,61,85.53,6.9,534.65
2026-01-24,SPF Moisturizer Bundle,SPF Bundle,spf moisturizer bundle,Exact match,Tier 1 - High Intent,True,True,5399,222,320.19,25.2,2012.55
2026-01-24,SPF Moisturizer Bundle,Vegan SPF,vegan spf moisturizer,Phrase match,Tier 2 - Mid Intent,True,True,2414,95,131.3,12.8,835.29
2026-01-24,Skincare Routine Quiz,Routine Quiz,best skincare routine for dry skin,Phrase match,Tier 2 - Mid Intent,True,True,3552,148,212.34,16.2,1421.01
2026-01-24,Skincare Routine Quiz,Plant Based,plant based moisturizer,Phrase match,Tier 2 - Mid Intent,True,True,2848,127,171.71,13.7,1161.05
2026-01-25,Best Serum for Dry Skin,Vitamin C Serum,best vitamin c serum for dry skin,Exact match,Tier 1 - High Intent,True,True,5819,305,361.95,33.5,2471.8
2026-01-25,Best Serum for Dry Skin,Hydrating Serum,buy hydrating face serum online,Exact match,Tier 1 - High Intent,True,True,5040,242,298.35,25.9,2012.88
2026-01-25,Best Serum for Dry Skin,Natural Serum,natural skincare routine,Phrase match,Tier 2 - Mid Intent,True,False,2264,98,141.94,13.4,946.45
2026-01-25,Best Serum for Dry Skin,Broad Skincare,skincare,Broad match,Untiered - Broad,False,False,1536,69,87.51,7.4,532.09
2026-01-25,Brand Defense,Brand Core,pureglow skincare,Exact match,Tier 3 - Brand Defense,False,True,2183,103,141.35,13.2,804.51
2026-01-25,Brand Defense,Brand Bundle,pureglow spf bundle,Exact match,Tier 3 - Brand Defense,False,True,1010,47,68.3,5.4,447.63
2026-01-25,Brand Defense,Brand Product,pureglow vitamin c serum,Exact match,Tier 3 - Brand Defense,False,True,1624,76,101.57,11.0,726.9
2026-01-25,SPF Moisturizer Bundle,Daily SPF,buy spf moisturizer online,Exact match,Tier 1 - High Intent,True,True,3713,155,200.91,21.5,1429.82
2026-01-25,SPF Moisturizer Bundle,Broad Moisturizer,moisturizer,Broad match,Untiered - Broad,False,False,1189,60,84.74,6.6,598.81
2026-01-25,SPF Moisturizer Bundle,SPF Bundle,spf moisturizer bundle,Exact match,Tier 1 - High Intent,True,True,4983,207,312.9,28.8,2062.14
2026-01-25,SPF Moisturizer Bundle,Vegan SPF,vegan spf moisturizer,Phrase match,Tier 2 - Mid Intent,True,True,1883,95,117.66,12.2,807.52
2026-01-25,Skincare Routine Quiz,Routine Quiz,best skincare routine for dry skin,Phrase match,Tier 2 - Mid Intent,True,True,3107,143,187.14,17.8,1328.17
2026-01-25,Skincare Routine Quiz,Plant Based,plant based moisturizer,Phrase match,Tier 2 - Mid Intent,True,True,2591,107,143.03,13.1,947.78
2026-01-26,Best Serum for Dry Skin,Vitamin C Serum,best vitamin c serum for dry skin,Exact match,Tier 1 - High Intent,True,True,7593,311,404.71,33.6,3104.13
2026-01-26,Best Serum for Dry Skin,Hydrating Serum,buy hydrating face serum online,Exact match,Tier 1 - High Intent,True,True,6738,277,349.69,31.6,2197.7
2026-01-26,Best Serum for Dry Skin,Natural Serum,natural skincare routine,Phrase match,Tier 2 - Mid Intent,True,False,2899,121,144.81,14.8,1023.04
2026-01-26,Best Serum for Dry Skin,Broad Skincare,skincare,Broad match,Untiered - Broad,False,False,1768,75,101.71,8.5,676.4
2026-01-26,Brand Defense,Brand Core,pureglow skincare,Exact match,Tier 3 - Brand Defense,False,True,2610,116,154.32,14.6,968.23
2026-01-26,Brand Defense,Brand Bundle,pureglow spf bundle,Exact match,Tier 3 - Brand Defense,False,True,1210,57,69.54,6.4,442.29
2026-01-26,Brand Defense,Brand Product,pureglow vitamin c serum,Exact match,Tier 3 - Brand Defense,False,True,2283,102,130.42,9.8,857.31
2026-01-26,SPF Moisturizer Bundle,Daily SPF,buy spf moisturizer online,Exact match,Tier 1 - High Intent,True,True,4659,201,250.28,20.0,1568.62
2026-01-26,SPF Moisturizer Bundle,Broad Moisturizer,moisturizer,Broad match,Untiered - Broad,False,False,1808,73,96.57,8.4,552.93
2026-01-26,SPF Moisturizer Bundle,SPF Bundle,spf moisturizer bundle,Exact match,Tier 1 - High Intent,True,True,6525,246,313.59,32.1,2197.25
2026-01-26,SPF Moisturizer Bundle,Vegan SPF,vegan spf moisturizer,Phrase match,Tier 2 - Mid Intent,True,True,2517,118,149.16,13.8,861.65
2026-01-26,Skincare Routine Quiz,Routine Quiz,best skincare routine for dry skin,Phrase match,Tier 2 - Mid Intent,True,True,4225,172,221.66,19.2,1507.65
2026-01-26,Skincare Routine Quiz,Plant Based,plant based moisturizer,Phrase match,Tier 2 - Mid Intent,True,True,2888,125,166.98,13.5,1196.52
2026-01-27,Best Serum for Dry Skin,Vitamin C Serum,best vitamin c serum for dry skin,Exact match,Tier 1 - High Intent,True,True,6471,296,394.4,31.5,2656.11
2026-01-27,Best Serum for Dry Skin,Hydrating Serum,buy hydrating face serum online,Exact match,Tier 1 - High Intent,True,True,4882,242,285.95,30.7,1900.24
2026-01-27,Best Serum for Dry Skin,Natural Serum,natural skincare routine,Phrase match,Tier 2 - Mid Intent,True,False,2306,107,127.85,11.3,931.59
2026-01-27,Best Serum for Dry Skin,Broad Skincare,skincare,Broad match,Untiered - Broad,False,False,1377,61,79.48,7.1,561.38
2026-01-27,Brand Defense,Brand Core,pureglow skincare,Exact match,Tier 3 - Brand Defense,False,True,2093,97,137.81,11.0,819.28
2026-01-27,Brand Defense,Brand Bundle,pureglow spf bundle,Exact match,Tier 3 - Brand Defense,False,True,1031,48,68.45,5.9,432.47
2026-01-27,Brand Defense,Brand Product,pureglow vitamin c serum,Exact match,Tier 3 - Brand Defense,False,True,1809,86,101.71,9.4,658.35
2026-01-27,SPF Moisturizer Bundle,Daily SPF,buy spf moisturizer online,Exact match,Tier 1 - High Intent,True,True,3392,164,220.26,18.6,1317.25
2026-01-27,SPF Moisturizer Bundle,Broad Moisturizer,moisturizer,Broad match,Untiered - Broad,False,False,1258,56,83.38,7.4,483.37
2026-01-27,SPF Moisturizer Bundle,SPF Bundle,spf moisturizer bundle,Exact match,Tier 1 - High Intent,True,True,4716,234,306.42,26.9,1910.36
2026-01-27,SPF Moisturizer Bundle,Vegan SPF,vegan spf moisturizer,Phrase match,Tier 2 - Mid Intent,True,True,2075,99,114.3,12.5,896.57
2026-01-27,Skincare Routine Quiz,Routine Quiz,best skincare routine for dry skin,Phrase match,Tier 2 - Mid Intent,True,True,2999,143,193.58,16.3,1306.29
2026-01-27,Skincare Routine Quiz,Plant Based,plant based moisturizer,Phrase match,Tier 2 - Mid Intent,True,True,2520,122,140.15,12.6,1079.52
2026-01-28,Best Serum for Dry Skin,Vitamin C Serum,best vitamin c serum for dry skin,Exact match,Tier 1 - High Intent,True,True,7154,314,418.64,40.4,3030.06
2026-01-28,Best Serum for Dry Skin,Hydrating Serum,buy hydrating face serum online,Exact match,Tier 1 - High Intent,True,True,6647,265,339.87,33.0,2318.56
2026-01-28,Best Serum for Dry Skin,Natural Serum,natural skincare routine,Phrase match,Tier 2 - Mid Intent,True,False,2953,118,140.92,13.5,974.56
2026-01-28,Best Serum for Dry Skin,Broad Skincare,skincare,Broad match,Untiered - Broad,False,False,1548,73,98.59,9.6,621.17
2026-01-28,Brand Defense,Brand Core,pureglow skincare,Exact match,Tier 3 - Brand Defense,False,True,2500,112,148.45,14.6,872.42
2026-01-28,Brand Defense,Brand Bundle,pureglow spf bundle,Exact match,Tier 3 - Brand Defense,False,True,1317,59,68.05,7.3,495.77
2026-01-28,Brand Defense,Brand Product,pureglow vitamin c serum,Exact match,Tier 3 - Brand Defense,False,True,2027,94,116.49,10.5,751.19
2026-01-28,SPF Moisturizer Bundle,Daily SPF,buy spf moisturizer online,Exact match,Tier 1 - High Intent,True,True,4341,188,217.17,21.6,1647.51
2026-01-28,SPF Moisturizer Bundle,Broad Moisturizer,moisturizer,Broad match,Untiered - Broad,False,False,1736,65,89.02,7.8,563.21
2026-01-28,SPF Moisturizer Bundle,SPF Bundle,spf moisturizer bundle,Exact match,Tier 1 - High Intent,True,True,6089,266,295.54,33.2,2292.6
2026-01-28,SPF Moisturizer Bundle,Vegan SPF,vegan spf moisturizer,Phrase match,Tier 2 - Mid Intent,True,True,2440,115,134.24,12.7,890.63
2026-01-28,Skincare Routine Quiz,Routine Quiz,best skincare routine for dry skin,Phrase match,Tier 2 - Mid Intent,True,True,3816,170,197.43,17.4,1371.84
2026-01-28,Skincare Routine Quiz,Plant Based,plant based moisturizer,Phrase match,Tier 2 - Mid Intent,True,True,2970,137,152.95,14.2,1183.21
2026-01-29,Best Serum for Dry Skin,Vitamin C Serum,best vitamin c serum for dry skin,Exact match,Tier 1 - High Intent,True,True,7770,300,397.58,32.1,2816.68
2026-01-29,Best Serum for Dry Skin,Hydrating Serum,buy hydrating face serum online,Exact match,Tier 1 - High Intent,True,True,5983,260,320.4,26.7,2321.35
2026-01-29,Best Serum for Dry Skin,Natural Serum,natural skincare routine,Phrase match,Tier 2 - Mid Intent,True,False,2598,114,147.7,13.4,923.81
2026-01-29,Best Serum for Dry Skin,Broad Skincare,skincare,Broad match,Untiered - Broad,False,False,1590,73,90.37,8.5,631.07
2026-01-29,Brand Defense,Brand Core,pureglow skincare,Exact match,Tier 3 - Brand Defense,False,True,2543,112,129.23,12.6,958.99
2026-01-29,Brand Defense,Brand Bundle,pureglow spf bundle,Exact match,Tier 3 - Brand Defense,False,True,1228,53,68.54,5.8,493.07
2026-01-29,Brand Defense,Brand Product,pureglow vitamin c serum,Exact match,Tier 3 - Brand Defense,False,True,1911,94,116.72,11.1,803.07
2026-01-29,SPF Moisturizer Bundle,Daily SPF,buy spf moisturizer online,Exact match,Tier 1 - High Intent,True,True,3601,177,229.24,19.2,1562.61
2026-01-29,SPF Moisturizer Bundle,Broad Moisturizer,moisturizer,Broad match,Untiered - Broad,False,False,1581,66,83.69,7.4,547.58
2026-01-29,SPF Moisturizer Bundle,SPF Bundle,spf moisturizer bundle,Exact match,Tier 1 - High Intent,True,True,5591,269,324.18,27.7,2065.03
2026-01-29,SPF Moisturizer Bundle,Vegan SPF,vegan spf moisturizer,Phrase match,Tier 2 - Mid Intent,True,True,2500,105,126.76,13.2,924.24
2026-01-29,Skincare Routine Quiz,Routine Quiz,best skincare routine for dry skin,Phrase match,Tier 2 - Mid Intent,True,True,3414,171,217.34,16.6,1306.31
2026-01-29,Skincare Routine Quiz,Plant Based,plant based moisturizer,Phrase match,Tier 2 - Mid Intent,True,True,3028,136,168.83,13.7,1160.52
2026-01-30,Best Serum for Dry Skin,Vitamin C Serum,best vitamin c serum for dry skin,Exact match,Tier 1 - High Intent,True,True,8126,339,433.06,34.9,2828.21
2026-01-30,Best Serum for Dry Skin,Hydrating Serum,buy hydrating face serum online,Exact match,Tier 1 - High Intent,True,True,7368,296,388.11,33.6,2191.15
2026-01-30,Best Serum for Dry Skin,Natural Serum,natural skincare routine,Phrase match,Tier 2 - Mid Intent,True,False,2846,127,168.23,13.1,1078.04
2026-01-30,Best Serum for Dry Skin,Broad Skincare,skincare,Broad match,Untiered - Broad,False,False,1944,81,104.24,8.3,621.95
2026-01-30,Brand Defense,Brand Core,pureglow skincare,Exact match,Tier 3 - Brand Defense,False,True,2748,120,153.25,13.1,992.14
2026-01-30,Brand Defense,Brand Bundle,pureglow spf bundle,Exact match,Tier 3 - Brand Defense,False,True,1484,64,72.3,7.0,513.36
2026-01-30,Brand Defense,Brand Product,pureglow vitamin c serum,Exact match,Tier 3 - Brand Defense,False,True,2433,102,128.06,10.2,856.05
2026-01-30,SPF Moisturizer Bundle,Daily SPF,buy spf moisturizer online,Exact match,Tier 1 - High Intent,True,True,4510,205,254.61,21.2,1713.62
2026-01-30,SPF Moisturizer Bundle,Broad Moisturizer,moisturizer,Broad match,Untiered - Broad,False,False,1747,74,96.44,8.0,562.08
2026-01-30,SPF Moisturizer Bundle,SPF Bundle,spf moisturizer bundle,Exact match,Tier 1 - High Intent,True,True,6411,270,318.33,29.6,2336.47
2026-01-30,SPF Moisturizer Bundle,Vegan SPF,vegan spf moisturizer,Phrase match,Tier 2 - Mid Intent,True,True,2913,113,152.94,12.7,1042.62
2026-01-30,Skincare Routine Quiz,Routine Quiz,best skincare routine for dry skin,Phrase match,Tier 2 - Mid Intent,True,True,4428,176,205.87,17.2,1592.75
2026-01-30,Skincare Routine Quiz,Plant Based,plant based moisturizer,Phrase match,Tier 2 - Mid Intent,True,True,3402,148,162.94,16.8,1183.26
2026-01-31,Best Serum for Dry Skin,Vitamin C Serum,best vitamin c serum for dry skin,Exact match,Tier 1 - High Intent,True,True,8042,317,466.54,35.4,2931.97
2026-01-31,Best Serum for Dry Skin,Hydrating Serum,buy hydrating face serum online,Exact match,Tier 1 - High Intent,True,True,6925,283,361.84,33.6,2263.05
2026-01-31,Best Serum for Dry Skin,Natural Serum,natural skincare routine,Phrase match,Tier 2 - Mid Intent,True,False,2527,114,163.33,12.7,1049.24
2026-01-31,Best Serum for Dry Skin,Broad Skincare,skincare,Broad match,Untiered - Broad,False,False,1757,78,94.18,7.7,647.24
2026-01-31,Brand Defense,Brand Core,pureglow skincare,Exact match,Tier 3 - Brand Defense,False,True,2494,117,145.98,12.4,897.95
2026-01-31,Brand Defense,Brand Bundle,pureglow spf bundle,Exact match,Tier 3 - Brand Defense,False,True,1259,57,69.62,6.1,517.46
2026-01-31,Brand Defense,Brand Product,pureglow vitamin c serum,Exact match,Tier 3 - Brand Defense,False,True,2173,92,123.69,12.0,783.99
2026-01-31,SPF Moisturizer Bundle,Daily SPF,buy spf moisturizer online,Exact match,Tier 1 - High Intent,True,True,4605,203,260.93,21.3,1465.89
2026-01-31,SPF Moisturizer Bundle,Broad Moisturizer,moisturizer,Broad match,Untiered - Broad,False,False,1596,76,94.09,8.5,628.92
2026-01-31,SPF Moisturizer Bundle,SPF Bundle,spf moisturizer bundle,Exact match,Tier 1 - High Intent,True,True,6599,275,361.87,31.1,2058.02
2026-01-31,SPF Moisturizer Bundle,Vegan SPF,vegan spf moisturizer,Phrase match,Tier 2 - Mid Intent,True,True,2424,107,142.73,11.4,913.96
2026-01-31,Skincare Routine Quiz,Routine Quiz,best skincare routine for dry skin,Phrase match,Tier 2 - Mid Intent,True,True,4253,182,230.07,18.5,1372.41
2026-01-31,Skincare Routine Quiz,Plant Based,plant based moisturizer,Phrase match,Tier 2 - Mid Intent,True,True,3001,140,177.15,15.6,1197.51
2026-02-01,Best Serum for Dry Skin,Vitamin C Serum,best vitamin c serum for dry skin,Exact match,Tier 1 - High Intent,True,True,6780,314,386.4,37.6,2847.0
2026-02-01,Best Serum for Dry Skin,Hydrating Serum,buy hydrating face serum online,Exact match,Tier 1 - High Intent,True,True,5301,272,323.51,30.0,2237.01
2026-02-01,Best Serum for Dry Skin,Natural Serum,natural skincare routine,Phrase match,Tier 2 - Mid Intent,True,False,2597,111,150.73,13.8,991.48
2026-02-01,Best Serum for Dry Skin,Broad Skincare,skincare,Broad match,Untiered - Broad,False,False,1405,68,90.35,8.1,585.75
2026-02-01,Brand Defense,Brand Core,pureglow skincare,Exact match,Tier 3 - Brand Defense,False,True,2370,116,142.23,11.7,987.63
2026-02-01,Brand Defense,Brand Bundle,pureglow spf bundle,Exact match,Tier 3 - Brand Defense,False,True,1128,56,74.21,5.6,437.56
2026-02-01,Brand Defense,Brand Product,pureglow vitamin c serum,Exact match,Tier 3 - Brand Defense,False,True,1828,96,111.56,10.9,769.08
2026-02-01,SPF Moisturizer Bundle,Daily SPF,buy spf moisturizer online,Exact match,Tier 1 - High Intent,True,True,3621,162,247.78,19.2,1596.43
2026-02-01,SPF Moisturizer Bundle,Broad Moisturizer,moisturizer,Broad match,Untiered - Broad,False,False,1471,65,83.34,6.8,523.97
2026-02-01,SPF Moisturizer Bundle,SPF Bundle,spf moisturizer bundle,Exact match,Tier 1 - High Intent,True,True,5082,261,311.46,28.6,2039.41
2026-02-01,SPF Moisturizer Bundle,Vegan SPF,vegan spf moisturizer,Phrase match,Tier 2 - Mid Intent,True,True,2310,106,142.36,12.0,955.29
2026-02-01,Skincare Routine Quiz,Routine Quiz,best skincare routine for dry skin,Phrase match,Tier 2 - Mid Intent,True,True,3240,157,192.35,17.0,1485.65
2026-02-01,Skincare Routine Quiz,Plant Based,plant based moisturizer,Phrase match,Tier 2 - Mid Intent,True,True,2642,133,171.51,15.4,1029.76
2026-02-02,Best Serum for Dry Skin,Vitamin C Serum,best vitamin c serum for dry skin,Exact match,Tier 1 - High Intent,True,True,6835,323,403.67,33.3,2573.19
2026-02-02,Best Serum for Dry Skin,Hydrating Serum,buy hydrating face serum online,Exact match,Tier 1 - High Intent,True,True,6332,249,329.44,28.5,2106.22
2026-02-02,Best Serum for Dry Skin,Natural Serum,natural skincare routine,Phrase match,Tier 2 - Mid Intent,True,False,2223,103,152.42,12.1,1045.91
2026-02-02,Best Serum for Dry Skin,Broad Skincare,skincare,Broad match,Untiered - Broad,False,False,1398,74,93.11,7.5,639.81
2026-02-02,Brand Defense,Brand Core,pureglow skincare,Exact match,Tier 3 - Brand Defense,False,True,2596,104,143.27,12.8,913.46
2026-02-02,Brand Defense,Brand Bundle,pureglow spf bundle,Exact match,Tier 3 - Brand Defense,False,True,1163,50,65.78,6.1,425.64
2026-02-02,Brand Defense,Brand Product,pureglow vitamin c serum,Exact match,Tier 3 - Brand Defense,False,True,1863,83,105.94,9.2,795.44
2026-02-02,SPF Moisturizer Bundle,Daily SPF,buy spf moisturizer online,Exact match,Tier 1 - High Intent,True,True,3636,169,217.8,19.9,1496.5
2026-02-02,SPF Moisturizer Bundle,Broad Moisturizer,moisturizer,Broad match,Untiered - Broad,False,False,1566,62,80.92,7.9,582.42
2026-02-02,SPF Moisturizer Bundle,SPF Bundle,spf moisturizer bundle,Exact match,Tier 1 - High Intent,True,True,5743,243,290.04,25.5,2273.47
2026-02-02,SPF Moisturizer Bundle,Vegan SPF,vegan spf moisturizer,Phrase match,Tier 2 - Mid Intent,True,True,2429,110,125.8,12.9,843.63
2026-02-02,Skincare Routine Quiz,Routine Quiz,best skincare routine for dry skin,Phrase match,Tier 2 - Mid Intent,True,True,3681,164,208.53,17.4,1347.88
2026-02-02,Skincare Routine Quiz,Plant Based,plant based moisturizer,Phrase match,Tier 2 - Mid Intent,True,True,2932,127,159.49,16.0,1045.13
2026-02-03,Best Serum for Dry Skin,Vitamin C Serum,best vitamin c serum for dry skin,Exact match,Tier 1 - High Intent,True,True,6820,317,390.52,35.5,2995.22
2026-02-03,Best Serum for Dry Skin,Hydrating Serum,buy hydrating face serum online,Exact match,Tier 1 - High Intent,True,True,5632,243,336.46,34.8,2378.75
2026-02-03,Best Serum for Dry Skin,Natural Serum,natural skincare routine,Phrase match,Tier 2 - Mid Intent,True,False,2441,109,141.12,12.3,1025.49
2026-02-03,Best Serum for Dry Skin,Broad Skincare,skincare,Broad match,Untiered - Broad,False,False,1660,69,86.04,8.4,598.73
2026-02-03,Brand Defense,Brand Core,pureglow skincare,Exact match,Tier 3 - Brand Defense,False,True,2294,111,151.1,13.2,978.75
2026-02-03,Brand Defense,Brand Bundle,pureglow spf bundle,Exact match,Tier 3 - Brand Defense,False,True,1146,51,68.18,7.0,530.51
2026-02-03,Brand Defense,Brand Product,pureglow vitamin c serum,Exact match,Tier 3 - Brand Defense,False,True,1918,89,127.98,9.8,736.24
2026-02-03,SPF Moisturizer Bundle,Daily SPF,buy spf moisturizer online,Exact match,Tier 1 - High Intent,True,True,4185,184,219.4,19.5,1594.79
2026-02-03,SPF Moisturizer Bundle,Broad Moisturizer,moisturizer,Broad match,Untiered - Broad,False,False,1388,70,94.14,7.3,570.4
2026-02-03,SPF Moisturizer Bundle,SPF Bundle,spf moisturizer bundle,Exact match,Tier 1 - High Intent,True,True,5788,233,304.16,29.8,2119.09
2026-02-03,SPF Moisturizer Bundle,Vegan SPF,vegan spf moisturizer,Phrase match,Tier 2 - Mid Intent,True,True,2378,102,144.44,12.5,847.13
2026-02-03,Skincare Routine Quiz,Routine Quiz,best skincare routine for dry skin,Phrase match,Tier 2 - Mid Intent,True,True,3490,164,218.44,17.0,1511.33
2026-02-03,Skincare Routine Quiz,Plant Based,plant based moisturizer,Phrase match,Tier 2 - Mid Intent,True,True,2506,123,177.67,13.7,1218.35
2026-02-04,Best Serum for Dry Skin,Vitamin C Serum,best vitamin c serum for dry skin,Exact match,Tier 1 - High Intent,True,True,7981,349,402.55,39.0,2894.31
2026-02-04,Best Serum for Dry Skin,Hydrating Serum,buy hydrating face serum online,Exact match,Tier 1 - High Intent,True,True,6484,286,336.32,30.7,2585.85
2026-02-04,Best Serum for Dry Skin,Natural Serum,natural skincare routine,Phrase match,Tier 2 - Mid Intent,True,False,2754,117,138.29,13.3,939.99
2026-02-04,Best Serum for Dry Skin,Broad Skincare,skincare,Broad match,Untiered - Broad,False,False,1584,74,90.15,8.4,684.98
2026-02-04,Brand Defense,Brand Core,pureglow skincare,Exact match,Tier 3 - Brand Defense,False,True,2575,111,136.01,13.2,1067.99
2026-02-04,Brand Defense,Brand Bundle,pureglow spf bundle,Exact match,Tier 3 - Brand Defense,False,True,1233,56,67.44,7.1,506.98
2026-02-04,Brand Defense,Brand Product,pureglow vitamin c serum,Exact match,Tier 3 - Brand Defense,False,True,1929,89,116.94,11.7,817.14
2026-02-04,SPF Moisturizer Bundle,Daily SPF,buy spf moisturizer online,Exact match,Tier 1 - High Intent,True,True,4370,198,243.03,19.7,1606.3
2026-02-04,SPF Moisturizer Bundle,Broad Moisturizer,moisturizer,Broad match,Untiered - Broad,False,False,1610,64,89.45,8.6,556.45
2026-02-04,SPF Moisturizer Bundle,SPF Bundle,spf moisturizer bundle,Exact match,Tier 1 - High Intent,True,True,5235,254,320.65,25.4,2052.65
2026-02-04,SPF Moisturizer Bundle,Vegan SPF,vegan spf moisturizer,Phrase match,Tier 2 - Mid Intent,True,True,2527,108,131.45,11.4,854.15
2026-02-04,Skincare Routine Quiz,Routine Quiz,best skincare routine for dry skin,Phrase match,Tier 2 - Mid Intent,True,True,4045,157,204.3,20.3,1566.51
2026-02-04,Skincare Routine Quiz,Plant Based,plant based moisturizer,Phrase match,Tier 2 - Mid Intent,True,True,3078,134,166.12,14.6,1126.86
2026-02-05,Best Serum for Dry Skin,Vitamin C Serum,best vitamin c serum for dry skin,Exact match,Tier 1 - High Intent,True,True,6909,295,379.02,36.0,2459.44
2026-02-05,Best Serum for Dry Skin,Hydrating Serum,buy hydrating face serum online,Exact match,Tier 1 - High Intent,True,True,6358,263,329.29,31.0,2226.94
2026-02-05,Best Serum for Dry Skin,Natural Serum,natural skincare routine,Phrase match,Tier 2 - Mid Intent,True,False,2291,108,144.88,13.9,1036.32
2026-02-05,Best Serum for Dry Skin,Broad Skincare,skincare,Broad match,Untiered - Broad,False,False,1497,67,82.62,6.8,574.19
2026-02-05,Brand Defense,Brand Core,pureglow skincare,Exact match,Tier 3 - Brand Defense,False,True,2594,110,122.39,11.2,921.74
2026-02-05,Brand Defense,Brand Bundle,pureglow spf bundle,Exact match,Tier 3 - Brand Defense,False,True,1189,56,63.44,6.3,435.16
2026-02-05,Brand Defense,Brand Product,pureglow vitamin c serum,Exact match,Tier 3 - Brand Defense,False,True,2034,87,105.47,9.2,785.37
2026-02-05,SPF Moisturizer Bundle,Daily SPF,buy spf moisturizer online,Exact match,Tier 1 - High Intent,True,True,4029,165,198.74,18.1,1401.37
2026-02-05,SPF Moisturizer Bundle,Broad Moisturizer,moisturizer,Broad match,Untiered - Broad,False,False,1406,65,73.6,7.7,560.19
2026-02-05,SPF Moisturizer Bundle,SPF Bundle,spf moisturizer bundle,Exact match,Tier 1 - High Intent,True,True,5748,250,308.17,29.9,2279.26
2026-02-05,SPF Moisturizer Bundle,Vegan SPF,vegan spf moisturizer,Phrase match,Tier 2 - Mid Intent,True,True,2086,105,136.09,12.9,818.93
2026-02-05,Skincare Routine Quiz,Routine Quiz,best skincare routine for dry skin,Phrase match,Tier 2 - Mid Intent,True,True,3729,163,181.68,16.5,1262.79
2026-02-05,Skincare Routine Quiz,Plant Based,plant based moisturizer,Phrase match,Tier 2 - Mid Intent,True,True,2622,124,160.67,13.8,998.95
2026-02-06,Best Serum for Dry Skin,Vitamin C Serum,best vitamin c serum for dry skin,Exact match,Tier 1 - High Intent,True,True,7100,334,432.11,43.3,3056.75
2026-02-06,Best Serum for Dry Skin,Hydrating Serum,buy hydrating face serum online,Exact match,Tier 1 - High Intent,True,True,6818,264,370.7,34.6,2365.82
2026-02-06,Best Serum for Dry Skin,Natural Serum,natural skincare routine,Phrase match,Tier 2 - Mid Intent,True,False,2639,113,166.42,12.6,1064.04
2026-02-06,Best Serum for Dry Skin,Broad Skincare,skincare,Broad match,Untiered - Broad,False,False,1752,78,98.42,8.2,695.5
2026-02-06,Brand Defense,Brand Core,pureglow skincare,Exact match,Tier 3 - Brand Defense,False,True,2817,112,146.27,14.1,1030.08
2026-02-06,Brand Defense,Brand Bundle,pureglow spf bundle,Exact match,Tier 3 - Brand Defense,False,True,1256,54,70.88,6.1,513.97
2026-02-06,Brand Defense,Brand Product,pureglow vitamin c serum,Exact match,Tier 3 - Brand Defense,False,True,2360,100,128.08,10.6,798.98
2026-02-06,SPF Moisturizer Bundle,Daily SPF,buy spf moisturizer online,Exact match,Tier 1 - High Intent,True,True,4182,178,253.26,20.9,1618.84
2026-02-06,SPF Moisturizer Bundle,Broad Moisturizer,moisturizer,Broad match,Untiered - Broad,False,False,1521,73,95.38,9.1,576.13
2026-02-06,SPF Moisturizer Bundle,SPF Bundle,spf moisturizer bundle,Exact match,Tier 1 - High Intent,True,True,5712,284,343.41,33.7,2212.72
2026-02-06,SPF Moisturizer Bundle,Vegan SPF,vegan spf moisturizer,Phrase match,Tier 2 - Mid Intent,True,True,2644,107,151.55,12.9,967.69
2026-02-06,Skincare Routine Quiz,Routine Quiz,best skincare routine for dry skin,Phrase match,Tier 2 - Mid Intent,True,True,3683,173,219.93,19.7,1631.61
2026-02-06,Skincare Routine Quiz,Plant Based,plant based moisturizer,Phrase match,Tier 2 - Mid Intent,True,True,3295,145,173.98,15.3,1174.29
2026-02-07,Best Serum for Dry Skin,Vitamin C Serum,best vitamin c serum for dry skin,Exact match,Tier 1 - High Intent,True,True,7188,363,438.69,41.4,3059.74
2026-02-07,Best Serum for Dry Skin,Hydrating Serum,buy hydrating face serum online,Exact match,Tier 1 - High Intent,True,True,5776,292,353.51,32.4,2661.12
2026-02-07,Best Serum for Dry Skin,Natural Serum,natural skincare routine,Phrase match,Tier 2 - Mid Intent,True,False,2954,130,144.62,12.9,1066.33
2026-02-07,Best Serum for Dry Skin,Broad Skincare,skincare,Broad match,Untiered - Broad,False,False,1668,72,101.92,7.9,623.3
2026-02-07,Brand Defense,Brand Core,pureglow skincare,Exact match,Tier 3 - Brand Defense,False,True,2400,124,158.6,12.6,994.01
2026-02-07,Brand Defense,Brand Bundle,pureglow spf bundle,Exact match,Tier 3 - Brand Defense,False,True,1403,60,79.62,7.1,471.88
2026-02-07,Brand Defense,Brand Product,pureglow vitamin c serum,Exact match,Tier 3 - Brand Defense,False,True,2293,103,130.98,10.2,898.59
2026-02-07,SPF Moisturizer Bundle,Daily SPF,buy spf moisturizer online,Exact match,Tier 1 - High Intent,True,True,4103,201,244.05,24.5,1806.41
2026-02-07,SPF Moisturizer Bundle,Broad Moisturizer,moisturizer,Broad match,Untiered - Broad,False,False,1660,70,90.16,8.3,655.18
2026-02-07,SPF Moisturizer Bundle,SPF Bundle,spf moisturizer bundle,Exact match,Tier 1 - High Intent,True,True,5726,286,319.63,34.1,2462.11
2026-02-07,SPF Moisturizer Bundle,Vegan SPF,vegan spf moisturizer,Phrase match,Tier 2 - Mid Intent,True,True,2538,111,143.91,12.4,892.13
2026-02-07,Skincare Routine Quiz,Routine Quiz,best skincare routine for dry skin,Phrase match,Tier 2 - Mid Intent,True,True,3918,184,214.18,20.9,1410.84
2026-02-07,Skincare Routine Quiz,Plant Based,plant based moisturizer,Phrase match,Tier 2 - Mid Intent,True,True,2814,129,168.76,16.6,1157.53
2026-02-08,Best Serum for Dry Skin,Vitamin C Serum,best vitamin c serum for dry skin,Exact match,Tier 1 - High Intent,True,True,6456,306,417.58,40.3,2897.38
2026-02-08,Best Serum for Dry Skin,Hydrating Serum,buy hydrating face serum online,Exact match,Tier 1 - High Intent,True,True,5287,262,306.66,27.6,2433.78
2026-02-08,Best Serum for Dry Skin,Natural Serum,natural skincare routine,Phrase match,Tier 2 - Mid Intent,True,False,2349,105,136.75,13.6,1031.91
2026-02-08,Best Serum for Dry Skin,Broad Skincare,skincare,Broad match,Untiered - Broad,False,False,1584,65,93.31,8.5,587.16
2026-02-08,Brand Defense,Brand Core,pureglow skincare,Exact match,Tier 3 - Brand Defense,False,True,2213,111,129.5,14.1,867.5
2026-02-08,Brand Defense,Brand Bundle,pureglow spf bundle,Exact match,Tier 3 - Brand Defense,False,True,1161,50,71.38,5.8,458.59
2026-02-08,Brand Defense,Brand Product,pureglow vitamin c serum,Exact match,Tier 3 - Brand Defense,False,True,1829,93,115.2,9.7,769.95
2026-02-08,SPF Moisturizer Bundle,Daily SPF,buy spf moisturizer online,Exact match,Tier 1 - High Intent,True,True,3630,171,236.27,20.5,1413.4
2026-02-08,SPF Moisturizer Bundle,Broad Moisturizer,moisturizer,Broad match,Untiered - Broad,False,False,1350,59,76.64,8.2,596.17
2026-02-08,SPF Moisturizer Bundle,SPF Bundle,spf moisturizer bundle,Exact match,Tier 1 - High Intent,True,True,6002,251,323.44,28.9,2296.31
2026-02-08,SPF Moisturizer Bundle,Vegan SPF,vegan spf moisturizer,Phrase match,Tier 2 - Mid Intent,True,True,2370,98,122.74,13.6,912.77
2026-02-08,Skincare Routine Quiz,Routine Quiz,best skincare routine for dry skin,Phrase match,Tier 2 - Mid Intent,True,True,3798,163,198.22,18.6,1443.12
2026-02-08,Skincare Routine Quiz,Plant Based,plant based moisturizer,Phrase match,Tier 2 - Mid Intent,True,True,3012,128,148.35,15.8,999.04
2026-02-09,Best Serum for Dry Skin,Vitamin C Serum,best vitamin c serum for dry skin,Exact match,Tier 1 - High Intent,True,True,7896,357,410.98,39.3,3139.11
2026-02-09,Best Serum for Dry Skin,Hydrating Serum,buy hydrating face serum online,Exact match,Tier 1 - High Intent,True,True,6368,296,327.98,29.6,2293.79
2026-02-09,Best Serum for Dry Skin,Natural Serum,natural skincare routine,Phrase match,Tier 2 - Mid Intent,True,False,2705,127,139.07,14.4,1118.25
2026-02-09,Best Serum for Dry Skin,Broad Skincare,skincare,Broad match,Untiered - Broad,False,False,1600,78,96.04,8.0,585.42
2026-02-09,Brand Defense,Brand Core,pureglow skincare,Exact match,Tier 3 - Brand Defense,False,True,2628,108,153.63,14.3,915.68
2026-02-09,Brand Defense,Brand Bundle,pureglow spf bundle,Exact match,Tier 3 - Brand Defense,False,True,1204,59,72.22,7.4,549.39
2026-02-09,Brand Defense,Brand Product,pureglow vitamin c serum,Exact match,Tier 3 - Brand Defense,False,True,2002,97,114.69,11.2,828.18
2026-02-09,SPF Moisturizer Bundle,Daily SPF,buy spf moisturizer online,Exact match,Tier 1 - High Intent,True,True,3813,182,226.23,24.4,1538.25
2026-02-09,SPF Moisturizer Bundle,Broad Moisturizer,moisturizer,Broad match,Untiered - Broad,False,False,1396,66,91.91,9.3,660.36
2026-02-09,SPF Moisturizer Bundle,SPF Bundle,spf moisturizer bundle,Exact match,Tier 1 - High Intent,True,True,5849,257,303.09,30.0,2082.41
2026-02-09,SPF Moisturizer Bundle,Vegan SPF,vegan spf moisturizer,Phrase match,Tier 2 - Mid Intent,True,True,2496,110,136.79,14.0,921.3
2026-02-09,Skincare Routine Quiz,Routine Quiz,best skincare routine for dry skin,Phrase match,Tier 2 - Mid Intent,True,True,3482,177,208.4,20.0,1321.68
2026-02-09,Skincare Routine Quiz,Plant Based,plant based moisturizer,Phrase match,Tier 2 - Mid Intent,True,True,2767,130,175.23,17.1,1216.31
2026-02-10,Best Serum for Dry Skin,Vitamin C Serum,best vitamin c serum for dry skin,Exact match,Tier 1 - High Intent,True,True,7266,317,440.51,41.6,2861.28
2026-02-10,Best Serum for Dry Skin,Hydrating Serum,buy hydrating face serum online,Exact match,Tier 1 - High Intent,True,True,5596,292,344.47,28.7,2393.17
2026-02-10,Best Serum for Dry Skin,Natural Serum,natural skincare routine,Phrase match,Tier 2 - Mid Intent,True,False,2345,111,134.93,13.8,1024.68
2026-02-10,Best Serum for Dry Skin,Broad Skincare,skincare,Broad match,Untiered - Broad,False,False,1586,74,89.73,7.7,601.64
2026-02-10,Brand Defense,Brand Core,pureglow skincare,Exact match,Tier 3 - Brand Defense,False,True,2333,121,141.03,13.8,912.83
2026-02-10,Brand Defense,Brand Bundle,pureglow spf bundle,Exact match,Tier 3 - Brand Defense,False,True,1162,60,66.78,6.2,488.66
2026-02-10,Brand Defense,Brand Product,pureglow vitamin c serum,Exact match,Tier 3 - Brand Defense,False,True,2191,93,123.88,11.3,818.48
2026-02-10,SPF Moisturizer Bundle,Daily SPF,buy spf moisturizer online,Exact match,Tier 1 - High Intent,True,True,4305,195,219.2,19.9,1531.49
2026-02-10,SPF Moisturizer Bundle,Broad Moisturizer,moisturizer,Broad match,Untiered - Broad,False,False,1415,71,83.89,8.4,648.37
2026-02-10,SPF Moisturizer Bundle,SPF Bundle,spf moisturizer bundle,Exact match,Tier 1 - High Intent,True,True,5713,257,306.21,30.9,2323.53
2026-02-10,SPF Moisturizer Bundle,Vegan SPF,vegan spf moisturizer,Phrase match,Tier 2 - Mid Intent,True,True,2656,112,127.56,13.3,987.34
2026-02-10,Skincare Routine Quiz,Routine Quiz,best skincare routine for dry skin,Phrase match,Tier 2 - Mid Intent,True,True,3626,159,195.2,18.2,1519.87
2026-02-10,Skincare Routine Quiz,Plant Based,plant based moisturizer,Phrase match,Tier 2 - Mid Intent,True,True,2745,141,173.04,13.8,1206.29
2026-02-11,Best Serum for Dry Skin,Vitamin C Serum,best vitamin c serum for dry skin,Exact match,Tier 1 - High Intent,True,True,6665,294,398.11,38.7,2991.49
2026-02-11,Best Serum for Dry Skin,Hydrating Serum,buy hydrating face serum online,Exact match,Tier 1 - High Intent,True,True,6456,250,334.97,27.4,2452.19
2026-02-11,Best Serum for Dry Skin,Natural Serum,natural skincare routine,Phrase match,Tier 2 - Mid Intent,True,False,2724,105,146.74,13.7,1073.03
2026-02-11,Best Serum for Dry Skin,Broad Skincare,skincare,Broad match,Untiered - Broad,False,False,1507,69,82.87,7.0,571.22
2026-02-11,Brand Defense,Brand Core,pureglow skincare,Exact match,Tier 3 - Brand Defense,False,True,2550,100,147.06,12.9,982.72
2026-02-11,Brand Defense,Brand Bundle,pureglow spf bundle,Exact match,Tier 3 - Brand Defense,False,True,1158,57,72.0,5.8,502.21
2026-02-11,Brand Defense,Brand Product,pureglow vitamin c serum,Exact match,Tier 3 - Brand Defense,False,True,2106,87,117.54,9.6,804.12
2026-02-11,SPF Moisturizer Bundle,Daily SPF,buy spf moisturizer online,Exact match,Tier 1 - High Intent,True,True,3825,167,240.06,21.0,1557.85
2026-02-11,SPF Moisturizer Bundle,Broad Moisturizer,moisturizer,Broad match,Untiered - Broad,False,False,1542,63,83.63,7.6,523.03
2026-02-11,SPF Moisturizer Bundle,SPF Bundle,spf moisturizer bundle,Exact match,Tier 1 - High Intent,True,True,5224,254,316.61,27.5,2132.75
2026-02-11,SPF Moisturizer Bundle,Vegan SPF,vegan spf moisturizer,Phrase match,Tier 2 - Mid Intent,True,True,2277,105,125.83,13.1,988.38
2026-02-11,Skincare Routine Quiz,Routine Quiz,best skincare routine for dry skin,Phrase match,Tier 2 - Mid Intent,True,True,3696,152,209.05,19.2,1347.27
2026-02-11,Skincare Routine Quiz,Plant Based,plant based moisturizer,Phrase match,Tier 2 - Mid Intent,True,True,2550,129,163.41,15.3,1172.59
2026-02-12,Best Serum for Dry Skin,Vitamin C Serum,best vitamin c serum for dry skin,Exact match,Tier 1 - High Intent,True,True,6276,280,402.51,33.4,2768.41
2026-02-12,Best Serum for Dry Skin,Hydrating Serum,buy hydrating face serum online,Exact match,Tier 1 - High Intent,True,True,5656,227,293.71,29.5,2166.18
2026-02-12,Best Serum for Dry Skin,Natural Serum,natural skincare routine,Phrase match,Tier 2 - Mid Intent,True,False,2081,108,135.09,12.3,1010.77
2026-02-12,Best Serum for Dry Skin,Broad Skincare,skincare,Broad match,Untiered - Broad,False,False,1434,65,74.37,7.1,591.46
2026-02-12,Brand Defense,Brand Core,pureglow skincare,Exact match,Tier 3 - Brand Defense,False,True,2285,97,123.51,13.1,872.47
2026-02-12,Brand Defense,Brand Bundle,pureglow spf bundle,Exact match,Tier 3 - Brand Defense,False,True,1120,53,63.38,6.3,449.93
2026-02-12,Brand Defense,Brand Product,pureglow vitamin c serum,Exact match,Tier 3 - Brand Defense,False,True,1788,85,104.37,11.0,772.1
2026-02-12,SPF Moisturizer Bundle,Daily SPF,buy spf moisturizer online,Exact match,Tier 1 - High Intent,True,True,3461,171,201.99,18.2,1329.6
2026-02-12,SPF Moisturizer Bundle,Broad Moisturizer,moisturizer,Broad match,Untiered - Broad,False,False,1361,61,75.86,7.5,571.09
2026-02-12,SPF Moisturizer Bundle,SPF Bundle,spf moisturizer bundle,Exact match,Tier 1 - High Intent,True,True,5362,230,306.06,28.3,2050.5
2026-02-12,SPF Moisturizer Bundle,Vegan SPF,vegan spf moisturizer,Phrase match,Tier 2 - Mid Intent,True,True,2148,96,124.21,12.9,856.87
2026-02-12,Skincare Routine Quiz,Routine Quiz,best skincare routine for dry skin,Phrase match,Tier 2 - Mid Intent,True,True,3155,147,199.85,19.4,1349.07
2026-02-12,Skincare Routine Quiz,Plant Based,plant based moisturizer,Phrase match,Tier 2 - Mid Intent,True,True,2422,113,155.37,15.7,1110.55
2026-02-13,Best Serum for Dry Skin,Vitamin C Serum,best vitamin c serum for dry skin,Exact match,Tier 1 - High Intent,True,True,7144,353,441.42,42.5,2905.22
2026-02-13,Best Serum for Dry Skin,Hydrating Serum,buy hydrating face serum online,Exact match,Tier 1 - High Intent,True,True,7009,317,336.48,28.6,2367.71
2026-02-13,Best Serum for Dry Skin,Natural Serum,natural skincare routine,Phrase match,Tier 2 - Mid Intent,True,False,2755,130,141.33,13.1,944.37
2026-02-13,Best Serum for Dry Skin,Broad Skincare,skincare,Broad match,Untiered - Broad,False,False,1657,81,93.79,7.4,684.46
2026-02-13,Brand Defense,Brand Core,pureglow skincare,Exact match,Tier 3 - Brand Defense,False,True,2911,125,142.13,14.4,989.79
2026-02-13,Brand Defense,Brand Bundle,pureglow spf bundle,Exact match,Tier 3 - Brand Defense,False,True,1429,63,71.84,6.9,457.3
2026-02-13,Brand Defense,Brand Product,pureglow vitamin c serum,Exact match,Tier 3 - Brand Defense,False,True,2023,108,130.75,12.2,812.48
2026-02-13,SPF Moisturizer Bundle,Daily SPF,buy spf moisturizer online,Exact match,Tier 1 - High Intent,True,True,4639,211,225.05,21.9,1764.06
2026-02-13,SPF Moisturizer Bundle,Broad Moisturizer,moisturizer,Broad match,Untiered - Broad,False,False,1600,74,81.17,7.5,633.15
2026-02-13,SPF Moisturizer Bundle,SPF Bundle,spf moisturizer bundle,Exact match,Tier 1 - High Intent,True,True,5893,260,318.07,27.4,2379.36
2026-02-13,SPF Moisturizer Bundle,Vegan SPF,vegan spf moisturizer,Phrase match,Tier 2 - Mid Intent,True,True,2769,111,138.54,12.0,1046.89
2026-02-13,Skincare Routine Quiz,Routine Quiz,best skincare routine for dry skin,Phrase match,Tier 2 - Mid Intent,True,True,3706,164,208.92,18.6,1390.82
2026-02-13,Skincare Routine Quiz,Plant Based,plant based moisturizer,Phrase match,Tier 2 - Mid Intent,True,True,2839,141,179.82,15.5,1241.51
2026-02-14,Best Serum for Dry Skin,Vitamin C Serum,best vitamin c serum for dry skin,Exact match,Tier 1 - High Intent,True,True,6300,309,431.32,32.9,2746.49
2026-02-14,Best Serum for Dry Skin,Hydrating Serum,buy hydrating face serum online,Exact match,Tier 1 - High Intent,True,True,6000,276,331.25,29.1,2153.98
2026-02-14,Best Serum for Dry Skin,Natural Serum,natural skincare routine,Phrase match,Tier 2 - Mid Intent,True,False,2228,107,134.56,14.0,1083.95
2026-02-14,Best Serum for Dry Skin,Broad Skincare,skincare,Broad match,Untiered - Broad,False,False,1557,64,82.41,7.1,646.73
2026-02-14,Brand Defense,Brand Core,pureglow skincare,Exact match,Tier 3 - Brand Defense,False,True,2364,106,142.93,11.2,997.2
2026-02-14,Brand Defense,Brand Bundle,pureglow spf bundle,Exact match,Tier 3 - Brand Defense,False,True,1241,56,71.7,6.9,497.49
2026-02-14,Brand Defense,Brand Product,pureglow vitamin c serum,Exact match,Tier 3 - Brand Defense,False,True,2120,86,108.34,11.3,873.31
2026-02-14,SPF Moisturizer Bundle,Daily SPF,buy spf moisturizer online,Exact match,Tier 1 - High Intent,True,True,3731,167,238.1,18.2,1530.99
2026-02-14,SPF Moisturizer Bundle,Broad Moisturizer,moisturizer,Broad match,Untiered - Broad,False,False,1534,63,79.65,7.3,597.99
2026-02-14,SPF Moisturizer Bundle,SPF Bundle,spf moisturizer bundle,Exact match,Tier 1 - High Intent,True,True,5282,247,330.77,25.1,2236.16
2026-02-14,SPF Moisturizer Bundle,Vegan SPF,vegan spf moisturizer,Phrase match,Tier 2 - Mid Intent,True,True,2281,104,138.59,11.4,922.65
2026-02-14,Skincare Routine Quiz,Routine Quiz,best skincare routine for dry skin,Phrase match,Tier 2 - Mid Intent,True,True,3723,167,202.11,18.8,1302.63
2026-02-14,Skincare Routine Quiz,Plant Based,plant based moisturizer,Phrase match,Tier 2 - Mid Intent,True,True,2802,123,152.61,15.9,1015.86
2026-02-15,Best Serum for Dry Skin,Vitamin C Serum,best vitamin c serum for dry skin,Exact match,Tier 1 - High Intent,True,True,7984,344,425.73,36.4,2844.54
2026-02-15,Best Serum for Dry Skin,Hydrating Serum,buy hydrating face serum online,Exact match,Tier 1 - High Intent,True,True,6319,295,356.55,30.3,2552.98
2026-02-15,Best Serum for Dry Skin,Natural Serum,natural skincare routine,Phrase match,Tier 2 - Mid Intent,True,False,2667,123,140.19,13.9,989.96
2026-02-15,Best Serum for Dry Skin,Broad Skincare,skincare,Broad match,Untiered - Broad,False,False,1678,78,94.09,8.0,625.81
2026-02-15,Brand Defense,Brand Core,pureglow skincare,Exact match,Tier 3 - Brand Defense,False,True,2726,119,154.02,12.2,927.22
2026-02-15,Brand Defense,Brand Bundle,pureglow spf bundle,Exact match,Tier 3 - Brand Defense,False,True,1304,57,74.09,6.4,530.81
2026-02-15,Brand Defense,Brand Product,pureglow vitamin c serum,Exact match,Tier 3 - Brand Defense,False,True,2066,94,126.83,11.1,914.1
2026-02-15,SPF Moisturizer Bundle,Daily SPF,buy spf moisturizer online,Exact match,Tier 1 - High Intent,True,True,4468,183,246.69,23.4,1573.45
2026-02-15,SPF Moisturizer Bundle,Broad Moisturizer,moisturizer,Broad match,Untiered - Broad,False,False,1476,73,91.95,7.2,565.81
2026-02-15,SPF Moisturizer Bundle,SPF Bundle,spf moisturizer bundle,Exact match,Tier 1 - High Intent,True,True,6418,284,355.7,27.5,2434.39
2026-02-15,SPF Moisturizer Bundle,Vegan SPF,vegan spf moisturizer,Phrase match,Tier 2 - Mid Intent,True,True,2606,107,149.26,13.8,887.62
2026-02-15,Skincare Routine Quiz,Routine Quiz,best skincare routine for dry skin,Phrase match,Tier 2 - Mid Intent,True,True,4224,175,219.42,17.1,1623.85
2026-02-15,Skincare Routine Quiz,Plant Based,plant based moisturizer,Phrase match,Tier 2 - Mid Intent,True,True,3313,134,157.98,14.5,1091.65
2026-02-16,Best Serum for Dry Skin,Vitamin C Serum,best vitamin c serum for dry skin,Exact match,Tier 1 - High Intent,True,True,6577,308,431.08,40.3,3118.21
2026-02-16,Best Serum for Dry Skin,Hydrating Serum,buy hydrating face serum online,Exact match,Tier 1 - High Intent,True,True,5976,274,338.82,32.9,2521.57
2026-02-16,Best Serum for Dry Skin,Natural Serum,natural skincare routine,Phrase match,Tier 2 - Mid Intent,True,False,2705,109,154.53,13.7,1068.69
2026-02-16,Best Serum for Dry Skin,Broad Skincare,skincare,Broad match,Untiered - Broad,False,False,1435,73,86.91,8.0,583.57
2026-02-16,Brand Defense,Brand Core,pureglow skincare,Exact match,Tier 3 - Brand Defense,False,True,2409,119,142.55,13.9,955.52
2026-02-16,Brand Defense,Brand Bundle,pureglow spf bundle,Exact match,Tier 3 - Brand Defense,False,True,1226,55,66.42,7.3,467.89
2026-02-16,Brand Defense,Brand Product,pureglow vitamin c serum,Exact match,Tier 3 - Brand Defense,False,True,1880,94,113.04,11.0,769.27
2026-02-16,SPF Moisturizer Bundle,Daily SPF,buy spf moisturizer online,Exact match,Tier 1 - High Intent,True,True,3899,182,235.33,23.9,1662.33
2026-02-16,SPF Moisturizer Bundle,Broad Moisturizer,moisturizer,Broad match,Untiered - Broad,False,False,1405,64,86.34,8.1,560.62
2026-02-16,SPF Moisturizer Bundle,SPF Bundle,spf moisturizer bundle,Exact match,Tier 1 - High Intent,True,True,5883,259,326.76,33.2,2157.93
2026-02-16,SPF Moisturizer Bundle,Vegan SPF,vegan spf moisturizer,Phrase match,Tier 2 - Mid Intent,True,True,2459,114,138.41,12.8,990.76
2026-02-16,Skincare Routine Quiz,Routine Quiz,best skincare routine for dry skin,Phrase match,Tier 2 - Mid Intent,True,True,3215,169,216.59,21.0,1471.53
2026-02-16,Skincare Routine Quiz,Plant Based,plant based moisturizer,Phrase match,Tier 2 - Mid Intent,True,True,3087,137,168.84,15.0,1156.77
2026-02-17,Best Serum for Dry Skin,Vitamin C Serum,best vitamin c serum for dry skin,Exact match,Tier 1 - High Intent,True,True,6192,305,400.68,37.7,2715.99
2026-02-17,Best Serum for Dry Skin,Hydrating Serum,buy hydrating face serum online,Exact match,Tier 1 - High Intent,True,True,5271,250,324.96,27.2,2407.63
2026-02-17,Best Serum for Dry Skin,Natural Serum,natural skincare routine,Phrase match,Tier 2 - Mid Intent,True,False,2195,110,135.61,11.5,845.14
2026-02-17,Best Serum for Dry Skin,Broad Skincare,skincare,Broad match,Untiered - Broad,False,False,1226,59,77.67,7.3,607.33
2026-02-17,Brand Defense,Brand Core,pureglow skincare,Exact match,Tier 3 - Brand Defense,False,True,2195,97,128.41,13.4,919.96
2026-02-17,Brand Defense,Brand Bundle,pureglow spf bundle,Exact match,Tier 3 - Brand Defense,False,True,982,48,61.71,6.4,488.43
2026-02-17,Brand Defense,Brand Product,pureglow vitamin c serum,Exact match,Tier 3 - Brand Defense,False,True,1965,77,103.08,11.0,789.51
2026-02-17,SPF Moisturizer Bundle,Daily SPF,buy spf moisturizer online,Exact match,Tier 1 - High Intent,True,True,3917,176,224.76,20.7,1353.56
2026-02-17,SPF Moisturizer Bundle,Broad Moisturizer,moisturizer,Broad match,Untiered - Broad,False,False,1255,57,73.81,7.0,509.65
2026-02-17,SPF Moisturizer Bundle,SPF Bundle,spf moisturizer bundle,Exact match,Tier 1 - High Intent,True,True,4714,240,290.03,30.4,2004.19
2026-02-17,SPF Moisturizer Bundle,Vegan SPF,vegan spf moisturizer,Phrase match,Tier 2 - Mid Intent,True,True,1978,101,118.41,10.8,856.44
2026-02-17,Skincare Routine Quiz,Routine Quiz,best skincare routine for dry skin,Phrase match,Tier 2 - Mid Intent,True,True,3382,136,197.16,17.4,1341.15
2026-02-17,Skincare Routine Quiz,Plant Based,plant based moisturizer,Phrase match,Tier 2 - Mid Intent,True,True,2523,126,147.36,15.2,1073.43
2026-02-18,Best Serum for Dry Skin,Vitamin C Serum,best vitamin c serum for dry skin,Exact match,Tier 1 - High Intent,True,True,7829,320,401.74,39.9,3053.15
2026-02-18,Best Serum for Dry Skin,Hydrating Serum,buy hydrating face serum online,Exact match,Tier 1 - High Intent,True,True,5918,283,322.57,33.1,2229.41
2026-02-18,Best Serum for Dry Skin,Natural Serum,natural skincare routine,Phrase match,Tier 2 - Mid Intent,True,False,2685,113,142.3,12.7,1085.23
2026-02-18,Best Serum for Dry Skin,Broad Skincare,skincare,Broad match,Untiered - Broad,False,False,1657,67,79.48,8.3,651.39
2026-02-18,Brand Defense,Brand Core,pureglow skincare,Exact match,Tier 3 - Brand Defense,False,True,2626,122,131.8,12.3,1048.07
2026-02-18,Brand Defense,Brand Bundle,pureglow spf bundle,Exact match,Tier 3 - Brand Defense,False,True,1162,58,65.26,5.7,497.72
2026-02-18,Brand Defense,Brand Product,pureglow vitamin c serum,Exact match,Tier 3 - Brand Defense,False,True,2341,92,108.59,10.1,845.49
2026-02-18,SPF Moisturizer Bundle,Daily SPF,buy spf moisturizer online,Exact match,Tier 1 - High Intent,True,True,3820,193,221.78,22.7,1623.29
2026-02-18,SPF Moisturizer Bundle,Broad Moisturizer,moisturizer,Broad match,Untiered - Broad,False,False,1529,69,78.29,7.7,550.51
2026-02-18,SPF Moisturizer Bundle,SPF Bundle,spf moisturizer bundle,Exact match,Tier 1 - High Intent,True,True,6145,251,338.15,26.6,2013.65
2026-02-18,SPF Moisturizer Bundle,Vegan SPF,vegan spf moisturizer,Phrase match,Tier 2 - Mid Intent,True,True,2473,111,140.8,12.4,841.14
2026-02-18,Skincare Routine Quiz,Routine Quiz,best skincare routine for dry skin,Phrase match,Tier 2 - Mid Intent,True,True,3607,173,210.37,20.8,1528.44
2026-02-18,Skincare Routine Quiz,Plant Based,plant based moisturizer,Phrase match,Tier 2 - Mid Intent,True,True,3156,136,163.16,16.1,1206.85
2026-02-19,Best Serum for Dry Skin,Vitamin C Serum,best vitamin c serum for dry skin,Exact match,Tier 1 - High Intent,True,True,7035,334,429.31,40.7,3082.25
2026-02-19,Best Serum for Dry Skin,Hydrating Serum,buy hydrating face serum online,Exact match,Tier 1 - High Intent,True,True,6502,304,367.5,36.2,2396.79
2026-02-19,Best Serum for Dry Skin,Natural Serum,natural skincare routine,Phrase match,Tier 2 - Mid Intent,True,False,2507,127,146.44,15.2,1076.43
2026-02-19,Best Serum for Dry Skin,Broad Skincare,skincare,Broad match,Untiered - Broad,False,False,1637,73,94.36,9.4,654.83
2026-02-19,Brand Defense,Brand Core,pureglow skincare,Exact match,Tier 3 - Brand Defense,False,True,2682,113,139.53,13.2,1091.71
2026-02-19,Brand Defense,Brand Bundle,pureglow spf bundle,Exact match,Tier 3 - Brand Defense,False,True,1341,63,74.84,6.2,507.17
2026-02-19,Brand Defense,Brand Product,pureglow vitamin c serum,Exact match,Tier 3 - Brand Defense,False,True,1918,105,128.73,11.4,853.72
2026-02-19,SPF Moisturizer Bundle,Daily SPF,buy spf moisturizer online,Exact match,Tier 1 - High Intent,True,True,3945,203,232.53,20.6,1589.25
2026-02-19,SPF Moisturizer Bundle,Broad Moisturizer,moisturizer,Broad match,Untiered - Broad,False,False,1482,75,87.88,8.0,654.52
2026-02-19,SPF Moisturizer Bundle,SPF Bundle,spf moisturizer bundle,Exact match,Tier 1 - High Intent,True,True,5271,284,337.26,29.0,2118.5
2026-02-19,SPF Moisturizer Bundle,Vegan SPF,vegan spf moisturizer,Phrase match,Tier 2 - Mid Intent,True,True,2370,106,137.93,12.9,939.06
2026-02-19,Skincare Routine Quiz,Routine Quiz,best skincare routine for dry skin,Phrase match,Tier 2 - Mid Intent,True,True,3248,186,220.97,20.1,1525.93
2026-02-19,Skincare Routine Quiz,Plant Based,plant based moisturizer,Phrase match,Tier 2 - Mid Intent,True,True,2679,132,170.55,17.6,1133.33
2026-02-20,Best Serum for Dry Skin,Vitamin C Serum,best vitamin c serum for dry skin,Exact match,Tier 1 - High Intent,True,True,6986,347,387.11,41.6,2772.87
2026-02-20,Best Serum for Dry Skin,Hydrating Serum,buy hydrating face serum online,Exact match,Tier 1 - High Intent,True,True,6437,286,347.96,32.2,2299.59
2026-02-20,Best Serum for Dry Skin,Natural Serum,natural skincare routine,Phrase match,Tier 2 - Mid Intent,True,False,2415,119,144.42,12.8,979.02
2026-02-20,Best Serum for Dry Skin,Broad Skincare,skincare,Broad match,Untiered - Broad,False,False,1634,70,91.87,9.3,586.93
2026-02-20,Brand Defense,Brand Core,pureglow skincare,Exact match,Tier 3 - Brand Defense,False,True,2682,120,134.85,12.8,1005.58
2026-02-20,Brand Defense,Brand Bundle,pureglow spf bundle,Exact match,Tier 3 - Brand Defense,False,True,1187,61,70.08,6.5,508.1
2026-02-20,Brand Defense,Brand Product,pureglow vitamin c serum,Exact match,Tier 3 - Brand Defense,False,True,1981,94,121.03,10.2,807.92
2026-02-20,SPF Moisturizer Bundle,Daily SPF,buy spf moisturizer online,Exact match,Tier 1 - High Intent,True,True,4348,181,221.02,20.9,1623.65
2026-02-20,SPF Moisturizer Bundle,Broad Moisturizer,moisturizer,Broad match,Untiered - Broad,False,False,1401,70,82.05,7.5,663.84
2026-02-20,SPF Moisturizer Bundle,SPF Bundle,spf moisturizer bundle,Exact match,Tier 1 - High Intent,True,True,6124,285,312.89,31.6,2430.17
2026-02-20,SPF Moisturizer Bundle,Vegan SPF,vegan spf moisturizer,Phrase match,Tier 2 - Mid Intent,True,True,2611,118,135.95,12.8,1000.91
2026-02-20,Skincare Routine Quiz,Routine Quiz,best skincare routine for dry skin,Phrase match,Tier 2 - Mid Intent,True,True,3459,180,224.87,18.1,1609.87
2026-02-20,Skincare Routine Quiz,Plant Based,plant based moisturizer,Phrase match,Tier 2 - Mid Intent,True,True,3125,127,173.81,14.8,1220.72
2026-02-21,Best Serum for Dry Skin,Vitamin C Serum,best vitamin c serum for dry skin,Exact match,Tier 1 - High Intent,True,True,7727,371,441.58,41.8,3238.33
2026-02-21,Best Serum for Dry Skin,Hydrating Serum,buy hydrating face serum online,Exact match,Tier 1 - High Intent,True,True,5455,311,359.39,36.8,2444.91
2026-02-21,Best Serum for Dry Skin,Natural Serum,natural skincare routine,Phrase match,Tier 2 - Mid Intent,True,False,2361,115,150.11,16.0,1084.0
2026-02-21,Best Serum for Dry Skin,Broad Skincare,skincare,Broad match,Untiered - Broad,False,False,1652,70,88.14,9.4,715.24
2026-02-21,Brand Defense,Brand Core,pureglow skincare,Exact match,Tier 3 - Brand Defense,False,True,2596,121,138.49,14.1,1083.34
2026-02-21,Brand Defense,Brand Bundle,pureglow spf bundle,Exact match,Tier 3 - Brand Defense,False,True,1174,62,75.64,7.2,569.27
2026-02-21,Brand Defense,Brand Product,pureglow vitamin c serum,Exact match,Tier 3 - Brand Defense,False,True,2245,100,131.3,11.3,896.44
2026-02-21,SPF Moisturizer Bundle,Daily SPF,buy spf moisturizer online,Exact match,Tier 1 - High Intent,True,True,4232,210,248.97,25.8,1868.78
2026-02-21,SPF Moisturizer Bundle,Broad Moisturizer,moisturizer,Broad match,Untiered - Broad,False,False,1310,69,82.69,8.5,592.69
2026-02-21,SPF Moisturizer Bundle,SPF Bundle,spf moisturizer bundle,Exact match,Tier 1 - High Intent,True,True,5220,253,359.85,34.3,2579.71
2026-02-21,SPF Moisturizer Bundle,Vegan SPF,vegan spf moisturizer,Phrase match,Tier 2 - Mid Intent,True,True,2362,116,133.99,15.4,1121.39
2026-02-21,Skincare Routine Quiz,Routine Quiz,best skincare routine for dry skin,Phrase match,Tier 2 - Mid Intent,True,True,3855,167,206.08,20.3,1443.84
2026-02-21,Skincare Routine Quiz,Plant Based,plant based moisturizer,Phrase match,Tier 2 - Mid Intent,True,True,3009,134,160.91,17.5,1136.55
2026-02-22,Best Serum for Dry Skin,Vitamin C Serum,best vitamin c serum for dry skin,Exact match,Tier 1 - High Intent,True,True,7581,341,406.02,41.2,2843.33
2026-02-22,Best Serum for Dry Skin,Hydrating Serum,buy hydrating face serum online,Exact match,Tier 1 - High Intent,True,True,5781,259,348.51,31.2,2411.08
2026-02-22,Best Serum for Dry Skin,Natural Serum,natural skincare routine,Phrase match,Tier 2 - Mid Intent,True,False,2600,126,137.13,14.6,1034.9
2026-02-22,Best Serum for Dry Skin,Broad Skincare,skincare,Broad match,Untiered - Broad,False,False,1560,69,89.48,7.1,527.95
2026-02-22,Brand Defense,Brand Core,pureglow skincare,Exact match,Tier 3 - Brand Defense,False,True,2196,119,146.87,13.5,881.45
2026-02-22,Brand Defense,Brand Bundle,pureglow spf bundle,Exact match,Tier 3 - Brand Defense,False,True,1249,60,73.29,6.7,518.7
2026-02-22,Brand Defense,Brand Product,pureglow vitamin c serum,Exact match,Tier 3 - Brand Defense,False,True,2151,95,113.75,11.4,852.57
2026-02-22,SPF Moisturizer Bundle,Daily SPF,buy spf moisturizer online,Exact match,Tier 1 - High Intent,True,True,4165,181,223.72,20.3,1447.21
2026-02-22,SPF Moisturizer Bundle,Broad Moisturizer,moisturizer,Broad match,Untiered - Broad,False,False,1480,71,83.11,7.6,560.58
2026-02-22,SPF Moisturizer Bundle,SPF Bundle,spf moisturizer bundle,Exact match,Tier 1 - High Intent,True,True,5453,272,300.83,31.0,2131.84
2026-02-22,SPF Moisturizer Bundle,Vegan SPF,vegan spf moisturizer,Phrase match,Tier 2 - Mid Intent,True,True,2224,114,133.07,11.7,840.27
2026-02-22,Skincare Routine Quiz,Routine Quiz,best skincare routine for dry skin,Phrase match,Tier 2 - Mid Intent,True,True,3498,180,188.5,16.8,1320.25
2026-02-22,Skincare Routine Quiz,Plant Based,plant based moisturizer,Phrase match,Tier 2 - Mid Intent,True,True,2965,134,159.55,15.6,1087.11
2026-02-23,Best Serum for Dry Skin,Vitamin C Serum,best vitamin c serum for dry skin,Exact match,Tier 1 - High Intent,True,True,6959,313,407.91,34.7,2795.0
2026-02-23,Best Serum for Dry Skin,Hydrating Serum,buy hydrating face serum online,Exact match,Tier 1 - High Intent,True,True,5718,264,305.01,27.0,2101.94
2026-02-23,Best Serum for Dry Skin,Natural Serum,natural skincare routine,Phrase match,Tier 2 - Mid Intent,True,False,2259,102,143.59,12.8,1060.86
2026-02-23,Best Serum for Dry Skin,Broad Skincare,skincare,Broad match,Untiered - Broad,False,False,1453,68,88.72,7.1,581.78
2026-02-23,Brand Defense,Brand Core,pureglow skincare,Exact match,Tier 3 - Brand Defense,False,True,2491,115,134.59,12.8,885.99
2026-02-23,Brand Defense,Brand Bundle,pureglow spf bundle,Exact match,Tier 3 - Brand Defense,False,True,1229,55,65.6,6.5,455.18
2026-02-23,Brand Defense,Brand Product,pureglow vitamin c serum,Exact match,Tier 3 - Brand Defense,False,True,1981,83,107.12,10.2,753.74
2026-02-23,SPF Moisturizer Bundle,Daily SPF,buy spf moisturizer online,Exact match,Tier 1 - High Intent,True,True,3916,178,223.83,18.1,1435.16
2026-02-23,SPF Moisturizer Bundle,Broad Moisturizer,moisturizer,Broad match,Untiered - Broad,False,False,1363,64,75.67,7.0,604.37
2026-02-23,SPF Moisturizer Bundle,SPF Bundle,spf moisturizer bundle,Exact match,Tier 1 - High Intent,True,True,4774,235,284.88,30.2,2290.72
2026-02-23,SPF Moisturizer Bundle,Vegan SPF,vegan spf moisturizer,Phrase match,Tier 2 - Mid Intent,True,True,2323,98,135.62,12.3,860.88
2026-02-23,Skincare Routine Quiz,Routine Quiz,best skincare routine for dry skin,Phrase match,Tier 2 - Mid Intent,True,True,3156,156,186.01,17.4,1484.53
2026-02-23,Skincare Routine Quiz,Plant Based,plant based moisturizer,Phrase match,Tier 2 - Mid Intent,True,True,2448,124,161.75,13.6,1159.84
2026-02-24,Best Serum for Dry Skin,Vitamin C Serum,best vitamin c serum for dry skin,Exact match,Tier 1 - High Intent,True,True,7424,321,375.91,36.5,2848.86
2026-02-24,Best Serum for Dry Skin,Hydrating Serum,buy hydrating face serum online,Exact match,Tier 1 - High Intent,True,True,5636,263,335.65,26.9,2261.12
2026-02-24,Best Serum for Dry Skin,Natural Serum,natural skincare routine,Phrase match,Tier 2 - Mid Intent,True,False,2582,117,142.42,11.5,1053.14
2026-02-24,Best Serum for Dry Skin,Broad Skincare,skincare,Broad match,Untiered - Broad,False,False,1425,65,87.42,7.6,633.54
2026-02-24,Brand Defense,Brand Core,pureglow skincare,Exact match,Tier 3 - Brand Defense,False,True,2193,115,138.94,13.2,989.83
2026-02-24,Brand Defense,Brand Bundle,pureglow spf bundle,Exact match,Tier 3 - Brand Defense,False,True,1273,56,65.43,5.7,458.5
2026-02-24,Brand Defense,Brand Product,pureglow vitamin c serum,Exact match,Tier 3 - Brand Defense,False,True,1879,88,122.1,11.2,836.17
2026-02-24,SPF Moisturizer Bundle,Daily SPF,buy spf moisturizer online,Exact match,Tier 1 - High Intent,True,True,3518,172,242.05,20.0,1538.81
2026-02-24,SPF Moisturizer Bundle,Broad Moisturizer,moisturizer,Broad match,Untiered - Broad,False,False,1430,63,75.89,7.2,542.56
2026-02-24,SPF Moisturizer Bundle,SPF Bundle,spf moisturizer bundle,Exact match,Tier 1 - High Intent,True,True,5721,245,339.61,28.6,2215.98
2026-02-24,SPF Moisturizer Bundle,Vegan SPF,vegan spf moisturizer,Phrase match,Tier 2 - Mid Intent,True,True,2202,100,128.14,11.1,944.49
2026-02-24,Skincare Routine Quiz,Routine Quiz,best skincare routine for dry skin,Phrase match,Tier 2 - Mid Intent,True,True,3223,168,189.96,18.6,1520.95
2026-02-24,Skincare Routine Quiz,Plant Based,plant based moisturizer,Phrase match,Tier 2 - Mid Intent,True,True,2744,125,164.0,13.9,1155.81
2026-02-25,Best Serum for Dry Skin,Vitamin C Serum,best vitamin c serum for dry skin,Exact match,Tier 1 - High Intent,True,True,6921,325,387.09,32.4,2689.89
2026-02-25,Best Serum for Dry Skin,Hydrating Serum,buy hydrating face serum online,Exact match,Tier 1 - High Intent,True,True,5043,262,324.03,29.9,2166.8
2026-02-25,Best Serum for Dry Skin,Natural Serum,natural skincare routine,Phrase match,Tier 2 - Mid Intent,True,False,2114,114,140.44,11.5,860.39
2026-02-25,Best Serum for Dry Skin,Broad Skincare,skincare,Broad match,Untiered - Broad,False,False,1300,61,72.85,7.0,539.2
2026-02-25,Brand Defense,Brand Core,pureglow skincare,Exact match,Tier 3 - Brand Defense,False,True,2184,98,124.98,12.3,899.5
2026-02-25,Brand Defense,Brand Bundle,pureglow spf bundle,Exact match,Tier 3 - Brand Defense,False,True,986,48,65.13,6.5,432.31
2026-02-25,Brand Defense,Brand Product,pureglow vitamin c serum,Exact match,Tier 3 - Brand Defense,False,True,1627,89,113.31,11.1,823.67
2026-02-25,SPF Moisturizer Bundle,Daily SPF,buy spf moisturizer online,Exact match,Tier 1 - High Intent,True,True,3774,173,221.14,21.5,1570.11
2026-02-25,SPF Moisturizer Bundle,Broad Moisturizer,moisturizer,Broad match,Untiered - Broad,False,False,1215,57,72.53,7.2,485.49
2026-02-25,SPF Moisturizer Bundle,SPF Bundle,spf moisturizer bundle,Exact match,Tier 1 - High Intent,True,True,5346,220,294.91,28.4,1883.67
2026-02-25,SPF Moisturizer Bundle,Vegan SPF,vegan spf moisturizer,Phrase match,Tier 2 - Mid Intent,True,True,2007,94,128.5,13.0,918.69
2026-02-25,Skincare Routine Quiz,Routine Quiz,best skincare routine for dry skin,Phrase match,Tier 2 - Mid Intent,True,True,3017,150,174.64,19.8,1455.43
2026-02-25,Skincare Routine Quiz,Plant Based,plant based moisturizer,Phrase match,Tier 2 - Mid Intent,True,True,2651,119,154.57,12.6,1044.55
2026-02-26,Best Serum for Dry Skin,Vitamin C Serum,best vitamin c serum for dry skin,Exact match,Tier 1 - High Intent,True,True,7565,360,436.04,41.4,2702.34
2026-02-26,Best Serum for Dry Skin,Hydrating Serum,buy hydrating face serum online,Exact match,Tier 1 - High Intent,True,True,6258,287,321.87,30.6,2281.75
2026-02-26,Best Serum for Dry Skin,Natural Serum,natural skincare routine,Phrase match,Tier 2 - Mid Intent,True,False,2681,130,146.64,13.1,993.79
2026-02-26,Best Serum for Dry Skin,Broad Skincare,skincare,Broad match,Untiered - Broad,False,False,1704,70,77.88,8.9,637.3
2026-02-26,Brand Defense,Brand Core,pureglow skincare,Exact match,Tier 3 - Brand Defense,False,True,2725,117,148.95,13.8,932.47
2026-02-26,Brand Defense,Brand Bundle,pureglow spf bundle,Exact match,Tier 3 - Brand Defense,False,True,1280,57,74.03,7.5,477.37
2026-02-26,Brand Defense,Brand Product,pureglow vitamin c serum,Exact match,Tier 3 - Brand Defense,False,True,2237,106,123.63,12.6,768.5
2026-02-26,SPF Moisturizer Bundle,Daily SPF,buy spf moisturizer online,Exact match,Tier 1 - High Intent,True,True,4597,179,216.15,19.8,1753.63
2026-02-26,SPF Moisturizer Bundle,Broad Moisturizer,moisturizer,Broad match,Untiered - Broad,False,False,1435,68,74.58,7.6,562.54
2026-02-26,SPF Moisturizer Bundle,SPF Bundle,spf moisturizer bundle,Exact match,Tier 1 - High Intent,True,True,5823,258,342.09,27.7,2479.85
2026-02-26,SPF Moisturizer Bundle,Vegan SPF,vegan spf moisturizer,Phrase match,Tier 2 - Mid Intent,True,True,2358,106,125.83,12.9,894.45
2026-02-26,Skincare Routine Quiz,Routine Quiz,best skincare routine for dry skin,Phrase match,Tier 2 - Mid Intent,True,True,3991,164,207.68,18.1,1547.94
2026-02-26,Skincare Routine Quiz,Plant Based,plant based moisturizer,Phrase match,Tier 2 - Mid Intent,True,True,2870,140,150.34,16.4,1171.46
2026-02-27,Best Serum for Dry Skin,Vitamin C Serum,best vitamin c serum for dry skin,Exact match,Tier 1 - High Intent,True,True,6986,321,372.33,36.4,2578.78
2026-02-27,Best Serum for Dry Skin,Hydrating Serum,buy hydrating face serum online,Exact match,Tier 1 - High Intent,True,True,5794,285,315.87,31.4,2121.64
2026-02-27,Best Serum for Dry Skin,Natural Serum,natural skincare routine,Phrase match,Tier 2 - Mid Intent,True,False,2078,104,134.92,13.5,991.69
2026-02-27,Best Serum for Dry Skin,Broad Skincare,skincare,Broad match,Untiered - Broad,False,False,1370,62,77.94,7.6,626.22
2026-02-27,Brand Defense,Brand Core,pureglow skincare,Exact match,Tier 3 - Brand Defense,False,True,2430,105,142.9,13.5,901.89
2026-02-27,Brand Defense,Brand Bundle,pureglow spf bundle,Exact match,Tier 3 - Brand Defense,False,True,1204,59,70.6,6.7,461.68
2026-02-27,Brand Defense,Brand Product,pureglow vitamin c serum,Exact match,Tier 3 - Brand Defense,False,True,1844,85,106.01,10.6,834.16
2026-02-27,SPF Moisturizer Bundle,Daily SPF,buy spf moisturizer online,Exact match,Tier 1 - High Intent,True,True,3965,173,206.32,20.8,1663.42
2026-02-27,SPF Moisturizer Bundle,Broad Moisturizer,moisturizer,Broad match,Untiered - Broad,False,False,1345,59,80.19,8.0,533.52
2026-02-27,SPF Moisturizer Bundle,SPF Bundle,spf moisturizer bundle,Exact match,Tier 1 - High Intent,True,True,5358,267,307.85,30.7,2009.36
2026-02-27,SPF Moisturizer Bundle,Vegan SPF,vegan spf moisturizer,Phrase match,Tier 2 - Mid Intent,True,True,2105,110,137.54,13.6,890.67
2026-02-27,Skincare Routine Quiz,Routine Quiz,best skincare routine for dry skin,Phrase match,Tier 2 - Mid Intent,True,True,3172,174,201.23,19.9,1480.38
2026-02-27,Skincare Routine Quiz,Plant Based,plant based moisturizer,Phrase match,Tier 2 - Mid Intent,True,True,2861,133,164.26,15.9,1070.04
2026-02-28,Best Serum for Dry Skin,Vitamin C Serum,best vitamin c serum for dry skin,Exact match,Tier 1 - High Intent,True,True,7277,326,416.62,39.9,2952.38
2026-02-28,Best Serum for Dry Skin,Hydrating Serum,buy hydrating face serum online,Exact match,Tier 1 - High Intent,True,True,5770,293,371.43,31.6,2317.26
2026-02-28,Best Serum for Dry Skin,Natural Serum,natural skincare routine,Phrase match,Tier 2 - Mid Intent,True,False,2605,110,149.62,12.9,1093.83
2026-02-28,Best Serum for Dry Skin,Broad Skincare,skincare,Broad match,Untiered - Broad,False,False,1433,69,83.22,7.7,563.0
2026-02-28,Brand Defense,Brand Core,pureglow skincare,Exact match,Tier 3 - Brand Defense,False,True,2245,123,149.75,14.4,990.81
2026-02-28,Brand Defense,Brand Bundle,pureglow spf bundle,Exact match,Tier 3 - Brand Defense,False,True,1161,56,72.74,6.4,476.63
2026-02-28,Brand Defense,Brand Product,pureglow vitamin c serum,Exact match,Tier 3 - Brand Defense,False,True,2153,90,117.26,10.7,888.23
2026-02-28,SPF Moisturizer Bundle,Daily SPF,buy spf moisturizer online,Exact match,Tier 1 - High Intent,True,True,3679,182,222.36,23.5,1571.97
2026-02-28,SPF Moisturizer Bundle,Broad Moisturizer,moisturizer,Broad match,Untiered - Broad,False,False,1347,65,87.68,7.5,613.99
2026-02-28,SPF Moisturizer Bundle,SPF Bundle,spf moisturizer bundle,Exact match,Tier 1 - High Intent,True,True,5281,257,302.91,29.3,2346.25
2026-02-28,SPF Moisturizer Bundle,Vegan SPF,vegan spf moisturizer,Phrase match,Tier 2 - Mid Intent,True,True,2167,109,135.27,12.2,930.74
2026-02-28,Skincare Routine Quiz,Routine Quiz,best skincare routine for dry skin,Phrase match,Tier 2 - Mid Intent,True,True,3618,169,208.19,21.3,1474.1
2026-02-28,Skincare Routine Quiz,Plant Based,plant based moisturizer,Phrase match,Tier 2 - Mid Intent,True,True,2925,126,166.39,14.7,1279.1
2026-03-01,Best Serum for Dry Skin,Vitamin C Serum,best vitamin c serum for dry skin,Exact match,Tier 1 - High Intent,True,True,8027,330,391.33,41.5,3027.04
2026-03-01,Best Serum for Dry Skin,Hydrating Serum,buy hydrating face serum online,Exact match,Tier 1 - High Intent,True,True,5844,279,324.25,31.4,2453.65
2026-03-01,Best Serum for Dry Skin,Natural Serum,natural skincare routine,Phrase match,Tier 2 - Mid Intent,True,False,2676,120,152.83,15.3,1091.45
2026-03-01,Best Serum for Dry Skin,Broad Skincare,skincare,Broad match,Untiered - Broad,False,False,1640,73,89.78,8.6,561.49
2026-03-01,Brand Defense,Brand Core,pureglow skincare,Exact match,Tier 3 - Brand Defense,False,True,2349,125,134.89,14.3,972.95
2026-03-01,Brand Defense,Brand Bundle,pureglow spf bundle,Exact match,Tier 3 - Brand Defense,False,True,1264,58,73.63,6.1,472.79
2026-03-01,Brand Defense,Brand Product,pureglow vitamin c serum,Exact match,Tier 3 - Brand Defense,False,True,2284,92,112.79,11.7,845.09
2026-03-01,SPF Moisturizer Bundle,Daily SPF,buy spf moisturizer online,Exact match,Tier 1 - High Intent,True,True,4358,195,237.39,20.4,1826.84
2026-03-01,SPF Moisturizer Bundle,Broad Moisturizer,moisturizer,Broad match,Untiered - Broad,False,False,1544,69,78.85,8.6,617.86
2026-03-01,SPF Moisturizer Bundle,SPF Bundle,spf moisturizer bundle,Exact match,Tier 1 - High Intent,True,True,5925,275,301.52,28.9,2225.27
2026-03-01,SPF Moisturizer Bundle,Vegan SPF,vegan spf moisturizer,Phrase match,Tier 2 - Mid Intent,True,True,2557,119,132.13,12.8,1075.25
2026-03-01,Skincare Routine Quiz,Routine Quiz,best skincare routine for dry skin,Phrase match,Tier 2 - Mid Intent,True,True,3327,167,218.68,21.2,1508.47
2026-03-01,Skincare Routine Quiz,Plant Based,plant based moisturizer,Phrase match,Tier 2 - Mid Intent,True,True,2983,145,149.99,14.6,1301.22
2026-03-02,Best Serum for Dry Skin,Vitamin C Serum,best vitamin c serum for dry skin,Exact match,Tier 1 - High Intent,True,True,7208,350,377.76,39.3,2761.09
2026-03-02,Best Serum for Dry Skin,Hydrating Serum,buy hydrating face serum online,Exact match,Tier 1 - High Intent,True,True,5129,298,310.6,33.8,2163.99
2026-03-02,Best Serum for Dry Skin,Natural Serum,natural skincare routine,Phrase match,Tier 2 - Mid Intent,True,False,2466,120,145.62,13.8,1038.6
2026-03-02,Best Serum for Dry Skin,Broad Skincare,skincare,Broad match,Untiered - Broad,False,False,1373,64,79.47,7.6,540.34
2026-03-02,Brand Defense,Brand Core,pureglow skincare,Exact match,Tier 3 - Brand Defense,False,True,2367,121,141.31,11.5,986.93
2026-03-02,Brand Defense,Brand Bundle,pureglow spf bundle,Exact match,Tier 3 - Brand Defense,False,True,1172,52,70.97,6.6,444.69
2026-03-02,Brand Defense,Brand Product,pureglow vitamin c serum,Exact match,Tier 3 - Brand Defense,False,True,2072,88,107.56,9.7,786.81
2026-03-02,SPF Moisturizer Bundle,Daily SPF,buy spf moisturizer online,Exact match,Tier 1 - High Intent,True,True,4043,180,221.41,22.0,1545.82
2026-03-02,SPF Moisturizer Bundle,Broad Moisturizer,moisturizer,Broad match,Untiered - Broad,False,False,1362,66,79.27,7.3,600.3
2026-03-02,SPF Moisturizer Bundle,SPF Bundle,spf moisturizer bundle,Exact match,Tier 1 - High Intent,True,True,5276,241,292.8,30.6,2042.18
2026-03-02,SPF Moisturizer Bundle,Vegan SPF,vegan spf moisturizer,Phrase match,Tier 2 - Mid Intent,True,True,2156,108,123.66,13.2,954.94
2026-03-02,Skincare Routine Quiz,Routine Quiz,best skincare routine for dry skin,Phrase match,Tier 2 - Mid Intent,True,True,3226,176,199.15,18.9,1406.41
2026-03-02,Skincare Routine Quiz,Plant Based,plant based moisturizer,Phrase match,Tier 2 - Mid Intent,True,True,2563,141,144.22,15.7,1210.44
2026-03-03,Best Serum for Dry Skin,Vitamin C Serum,best vitamin c serum for dry skin,Exact match,Tier 1 - High Intent,True,True,7340,370,417.14,36.0,3108.73
2026-03-03,Best Serum for Dry Skin,Hydrating Serum,buy hydrating face serum online,Exact match,Tier 1 - High Intent,True,True,5822,272,329.37,31.3,2389.04
2026-03-03,Best Serum for Dry Skin,Natural Serum,natural skincare routine,Phrase match,Tier 2 - Mid Intent,True,False,2528,120,135.79,14.8,1075.08
2026-03-03,Best Serum for Dry Skin,Broad Skincare,skincare,Broad match,Untiered - Broad,False,False,1570,68,86.54,8.7,589.7
2026-03-03,Brand Defense,Brand Core,pureglow skincare,Exact match,Tier 3 - Brand Defense,False,True,2623,116,141.47,11.9,947.89
2026-03-03,Brand Defense,Brand Bundle,pureglow spf bundle,Exact match,Tier 3 - Brand Defense,False,True,1101,62,65.78,6.1,490.74
2026-03-03,Brand Defense,Brand Product,pureglow vitamin c serum,Exact match,Tier 3 - Brand Defense,False,True,2064,98,118.53,11.1,858.87
2026-03-03,SPF Moisturizer Bundle,Daily SPF,buy spf moisturizer online,Exact match,Tier 1 - High Intent,True,True,4403,179,219.3,20.9,1560.21
2026-03-03,SPF Moisturizer Bundle,Broad Moisturizer,moisturizer,Broad match,Untiered - Broad,False,False,1294,66,79.56,7.6,610.32
2026-03-03,SPF Moisturizer Bundle,SPF Bundle,spf moisturizer bundle,Exact match,Tier 1 - High Intent,True,True,5665,270,331.47,29.8,2063.1
2026-03-03,SPF Moisturizer Bundle,Vegan SPF,vegan spf moisturizer,Phrase match,Tier 2 - Mid Intent,True,True,2610,119,137.18,13.3,1057.52
2026-03-03,Skincare Routine Quiz,Routine Quiz,best skincare routine for dry skin,Phrase match,Tier 2 - Mid Intent,True,True,3472,183,212.02,20.0,1563.0
2026-03-03,Skincare Routine Quiz,Plant Based,plant based moisturizer,Phrase match,Tier 2 - Mid Intent,True,True,2652,141,169.43,14.2,1057.91
2026-03-04,Best Serum for Dry Skin,Vitamin C Serum,best vitamin c serum for dry skin,Exact match,Tier 1 - High Intent,True,True,7017,355,441.29,41.1,2798.35
2026-03-04,Best Serum for Dry Skin,Hydrating Serum,buy hydrating face serum online,Exact match,Tier 1 - High Intent,True,True,6452,289,323.13,33.4,2524.34
2026-03-04,Best Serum for Dry Skin,Natural Serum,natural skincare routine,Phrase match,Tier 2 - Mid Intent,True,False,2613,132,146.99,14.8,1113.71
2026-03-04,Best Serum for Dry Skin,Broad Skincare,skincare,Broad match,Untiered - Broad,False,False,1548,70,79.98,7.8,595.41
2026-03-04,Brand Defense,Brand Core,pureglow skincare,Exact match,Tier 3 - Brand Defense,False,True,2363,129,135.45,14.9,1075.74
2026-03-04,Brand Defense,Brand Bundle,pureglow spf bundle,Exact match,Tier 3 - Brand Defense,False,True,1240,65,68.06,6.1,537.83
2026-03-04,Brand Defense,Brand Product,pureglow vitamin c serum,Exact match,Tier 3 - Brand Defense,False,True,2232,103,125.18,12.0,891.12
2026-03-04,SPF Moisturizer Bundle,Daily SPF,buy spf moisturizer online,Exact match,Tier 1 - High Intent,True,True,4119,197,230.12,23.8,1570.73
2026-03-04,SPF Moisturizer Bundle,Broad Moisturizer,moisturizer,Broad match,Untiered - Broad,False,False,1381,73,80.82,7.5,565.43
2026-03-04,SPF Moisturizer Bundle,SPF Bundle,spf moisturizer bundle,Exact match,Tier 1 - High Intent,True,True,5398,282,299.08,29.6,2281.5
2026-03-04,SPF Moisturizer Bundle,Vegan SPF,vegan spf moisturizer,Phrase match,Tier 2 - Mid Intent,True,True,2515,114,139.41,12.7,977.2
2026-03-04,Skincare Routine Quiz,Routine Quiz,best skincare routine for dry skin,Phrase match,Tier 2 - Mid Intent,True,True,3409,165,201.4,20.8,1602.64
2026-03-04,Skincare Routine Quiz,Plant Based,plant based moisturizer,Phrase match,Tier 2 - Mid Intent,True,True,2879,138,168.18,17.2,1108.58
2026-03-05,Best Serum for Dry Skin,Vitamin C Serum,best vitamin c serum for dry skin,Exact match,Tier 1 - High Intent,True,True,6977,343,437.61,38.7,3237.76
2026-03-05,Best Serum for Dry Skin,Hydrating Serum,buy hydrating face serum online,Exact match,Tier 1 - High Intent,True,True,5613,272,325.51,30.6,2403.8
2026-03-05,Best Serum for Dry Skin,Natural Serum,natural skincare routine,Phrase match,Tier 2 - Mid Intent,True,False,2466,123,139.9,14.6,1147.5
2026-03-05,Best Serum for Dry Skin,Broad Skincare,skincare,Broad match,Untiered - Broad,False,False,1510,65,82.28,8.7,626.07
2026-03-05,Brand Defense,Brand Core,pureglow skincare,Exact match,Tier 3 - Brand Defense,False,True,2269,124,144.72,14.6,974.64
2026-03-05,Brand Defense,Brand Bundle,pureglow spf bundle,Exact match,Tier 3 - Brand Defense,False,True,1157,61,71.55,6.3,555.39
2026-03-05,Brand Defense,Brand Product,pureglow vitamin c serum,Exact match,Tier 3 - Brand Defense,False,True,1942,104,117.33,11.4,892.6
2026-03-05,SPF Moisturizer Bundle,Daily SPF,buy spf moisturizer online,Exact match,Tier 1 - High Intent,True,True,3949,198,243.91,20.4,1697.79
2026-03-05,SPF Moisturizer Bundle,Broad Moisturizer,moisturizer,Broad match,Untiered - Broad,False,False,1294,69,80.86,7.4,527.79
2026-03-05,SPF Moisturizer Bundle,SPF Bundle,spf moisturizer bundle,Exact match,Tier 1 - High Intent,True,True,5640,263,300.47,30.0,2280.14
2026-03-05,SPF Moisturizer Bundle,Vegan SPF,vegan spf moisturizer,Phrase match,Tier 2 - Mid Intent,True,True,2469,118,130.72,12.7,1098.24
2026-03-05,Skincare Routine Quiz,Routine Quiz,best skincare routine for dry skin,Phrase match,Tier 2 - Mid Intent,True,True,3684,171,203.69,21.5,1390.39
2026-03-05,Skincare Routine Quiz,Plant Based,plant based moisturizer,Phrase match,Tier 2 - Mid Intent,True,True,2836,147,172.07,17.0,1155.85
2026-03-06,Best Serum for Dry Skin,Vitamin C Serum,best vitamin c serum for dry skin,Exact match,Tier 1 - High Intent,True,True,8490,405,443.82,43.8,3359.07
2026-03-06,Best Serum for Dry Skin,Hydrating Serum,buy hydrating face serum online,Exact match,Tier 1 - High Intent,True,True,7008,293,381.4,36.7,2720.25
2026-03-06,Best Serum for Dry Skin,Natural Serum,natural skincare routine,Phrase match,Tier 2 - Mid Intent,True,False,2950,140,159.63,14.5,1101.65
2026-03-06,Best Serum for Dry Skin,Broad Skincare,skincare,Broad match,Untiered - Broad,False,False,1792,71,85.61,8.8,671.7
2026-03-06,Brand Defense,Brand Core,pureglow skincare,Exact match,Tier 3 - Brand Defense,False,True,2651,130,137.8,15.0,1128.64
2026-03-06,Brand Defense,Brand Bundle,pureglow spf bundle,Exact match,Tier 3 - Brand Defense,False,True,1269,60,73.94,7.8,567.67
2026-03-06,Brand Defense,Brand Product,pureglow vitamin c serum,Exact match,Tier 3 - Brand Defense,False,True,2089,107,119.88,12.1,906.43
2026-03-06,SPF Moisturizer Bundle,Daily SPF,buy spf moisturizer online,Exact match,Tier 1 - High Intent,True,True,4483,207,255.91,22.1,1784.65
2026-03-06,SPF Moisturizer Bundle,Broad Moisturizer,moisturizer,Broad match,Untiered - Broad,False,False,1431,73,89.48,7.6,655.96
2026-03-06,SPF Moisturizer Bundle,SPF Bundle,spf moisturizer bundle,Exact match,Tier 1 - High Intent,True,True,5810,278,326.16,31.1,2495.47
2026-03-06,SPF Moisturizer Bundle,Vegan SPF,vegan spf moisturizer,Phrase match,Tier 2 - Mid Intent,True,True,2818,121,155.98,12.6,1055.25
2026-03-06,Skincare Routine Quiz,Routine Quiz,best skincare routine for dry skin,Phrase match,Tier 2 - Mid Intent,True,True,3941,204,204.66,20.1,1483.93
2026-03-06,Skincare Routine Quiz,Plant Based,plant based moisturizer,Phrase match,Tier 2 - Mid Intent,True,True,2942,140,186.38,16.2,1257.18
2026-03-07,Best Serum for Dry Skin,Vitamin C Serum,best vitamin c serum for dry skin,Exact match,Tier 1 - High Intent,True,True,6520,365,379.75,43.1,3293.13
2026-03-07,Best Serum for Dry Skin,Hydrating Serum,buy hydrating face serum online,Exact match,Tier 1 - High Intent,True,True,6502,295,327.25,30.4,2562.45
2026-03-07,Best Serum for Dry Skin,Natural Serum,natural skincare routine,Phrase match,Tier 2 - Mid Intent,True,False,2614,120,134.59,14.9,1057.65
2026-03-07,Best Serum for Dry Skin,Broad Skincare,skincare,Broad match,Untiered - Broad,False,False,1552,73,84.37,8.5,580.57
2026-03-07,Brand Defense,Brand Core,pureglow skincare,Exact match,Tier 3 - Brand Defense,False,True,2658,124,140.93,12.2,952.91
2026-03-07,Brand Defense,Brand Bundle,pureglow spf bundle,Exact match,Tier 3 - Brand Defense,False,True,1160,64,64.93,7.3,503.43
2026-03-07,Brand Defense,Brand Product,pureglow vitamin c serum,Exact match,Tier 3 - Brand Defense,False,True,1844,101,112.04,12.0,766.72
2026-03-07,SPF Moisturizer Bundle,Daily SPF,buy spf moisturizer online,Exact match,Tier 1 - High Intent,True,True,3692,200,219.09,24.3,1588.67
2026-03-07,SPF Moisturizer Bundle,Broad Moisturizer,moisturizer,Broad match,Untiered - Broad,False,False,1261,73,80.38,7.1,603.02
2026-03-07,SPF Moisturizer Bundle,SPF Bundle,spf moisturizer bundle,Exact match,Tier 1 - High Intent,True,True,5935,294,324.77,28.4,2437.87
2026-03-07,SPF Moisturizer Bundle,Vegan SPF,vegan spf moisturizer,Phrase match,Tier 2 - Mid Intent,True,True,2181,109,127.43,14.8,927.89
2026-03-07,Skincare Routine Quiz,Routine Quiz,best skincare routine for dry skin,Phrase match,Tier 2 - Mid Intent,True,True,3481,187,218.89,21.1,1491.71
2026-03-07,Skincare Routine Quiz,Plant Based,plant based moisturizer,Phrase match,Tier 2 - Mid Intent,True,True,2824,142,160.79,14.2,1166.68
2026-03-08,Best Serum for Dry Skin,Vitamin C Serum,best vitamin c serum for dry skin,Exact match,Tier 1 - High Intent,True,True,7368,344,409.8,39.7,3116.25
2026-03-08,Best Serum for Dry Skin,Hydrating Serum,buy hydrating face serum online,Exact match,Tier 1 - High Intent,True,True,5731,296,335.19,33.0,2311.93
2026-03-08,Best Serum for Dry Skin,Natural Serum,natural skincare routine,Phrase match,Tier 2 - Mid Intent,True,False,2443,132,160.14,15.3,987.61
2026-03-08,Best Serum for Dry Skin,Broad Skincare,skincare,Broad match,Untiered - Broad,False,False,1395,71,80.25,8.0,670.64
2026-03-08,Brand Defense,Brand Core,pureglow skincare,Exact match,Tier 3 - Brand Defense,False,True,2700,127,147.84,15.0,1001.12
2026-03-08,Brand Defense,Brand Bundle,pureglow spf bundle,Exact match,Tier 3 - Brand Defense,False,True,1238,60,74.94,7.5,560.04
2026-03-08,Brand Defense,Brand Product,pureglow vitamin c serum,Exact match,Tier 3 - Brand Defense,False,True,1884,95,120.16,10.3,954.16
2026-03-08,SPF Moisturizer Bundle,Daily SPF,buy spf moisturizer online,Exact match,Tier 1 - High Intent,True,True,4216,202,256.14,21.8,1800.34
2026-03-08,SPF Moisturizer Bundle,Broad Moisturizer,moisturizer,Broad match,Untiered - Broad,False,False,1523,69,77.71,8.6,629.18
2026-03-08,SPF Moisturizer Bundle,SPF Bundle,spf moisturizer bundle,Exact match,Tier 1 - High Intent,True,True,5985,286,359.0,34.4,2610.22
2026-03-08,SPF Moisturizer Bundle,Vegan SPF,vegan spf moisturizer,Phrase match,Tier 2 - Mid Intent,True,True,2365,113,153.83,13.9,1026.89
2026-03-08,Skincare Routine Quiz,Routine Quiz,best skincare routine for dry skin,Phrase match,Tier 2 - Mid Intent,True,True,3766,194,231.72,19.5,1428.09
2026-03-08,Skincare Routine Quiz,Plant Based,plant based moisturizer,Phrase match,Tier 2 - Mid Intent,True,True,2934,131,178.3,14.6,1257.12
2026-03-09,Best Serum for Dry Skin,Vitamin C Serum,best vitamin c serum for dry skin,Exact match,Tier 1 - High Intent,True,True,7057,359,420.58,35.6,3028.54
2026-03-09,Best Serum for Dry Skin,Hydrating Serum,buy hydrating face serum online,Exact match,Tier 1 - High Intent,True,True,6611,312,315.92,31.0,2352.28
2026-03-09,Best Serum for Dry Skin,Natural Serum,natural skincare routine,Phrase match,Tier 2 - Mid Intent,True,False,2831,114,128.44,14.1,1101.27
2026-03-09,Best Serum for Dry Skin,Broad Skincare,skincare,Broad match,Untiered - Broad,False,False,1591,69,80.65,8.2,521.21
2026-03-09,Brand Defense,Brand Core,pureglow skincare,Exact match,Tier 3 - Brand Defense,False,True,2710,124,128.79,13.8,1038.49
2026-03-09,Brand Defense,Brand Bundle,pureglow spf bundle,Exact match,Tier 3 - Brand Defense,False,True,1155,56,72.22,7.0,506.3
2026-03-09,Brand Defense,Brand Product,pureglow vitamin c serum,Exact match,Tier 3 - Brand Defense,False,True,2008,94,107.13,11.0,871.14
2026-03-09,SPF Moisturizer Bundle,Daily SPF,buy spf moisturizer online,Exact match,Tier 1 - High Intent,True,True,4324,196,224.81,22.4,1626.25
2026-03-09,SPF Moisturizer Bundle,Broad Moisturizer,moisturizer,Broad match,Untiered - Broad,False,False,1295,72,75.93,7.7,568.1
2026-03-09,SPF Moisturizer Bundle,SPF Bundle,spf moisturizer bundle,Exact match,Tier 1 - High Intent,True,True,6035,259,293.49,33.4,2145.45
2026-03-09,SPF Moisturizer Bundle,Vegan SPF,vegan spf moisturizer,Phrase match,Tier 2 - Mid Intent,True,True,2241,122,127.34,12.2,1019.45
2026-03-09,Skincare Routine Quiz,Routine Quiz,best skincare routine for dry skin,Phrase match,Tier 2 - Mid Intent,True,True,3942,189,199.51,21.9,1429.61
2026-03-09,Skincare Routine Quiz,Plant Based,plant based moisturizer,Phrase match,Tier 2 - Mid Intent,True,True,2676,128,150.34,14.9,1147.68
2026-03-10,Best Serum for Dry Skin,Vitamin C Serum,best vitamin c serum for dry skin,Exact match,Tier 1 - High Intent,True,True,6748,322,349.39,33.1,2711.69
2026-03-10,Best Serum for Dry Skin,Hydrating Serum,buy hydrating face serum online,Exact match,Tier 1 - High Intent,True,True,5433,269,293.17,27.9,2398.33
2026-03-10,Best Serum for Dry Skin,Natural Serum,natural skincare routine,Phrase match,Tier 2 - Mid Intent,True,False,2083,107,121.94,13.2,867.91
2026-03-10,Best Serum for Dry Skin,Broad Skincare,skincare,Broad match,Untiered - Broad,False,False,1331,60,77.54,7.4,507.05
2026-03-10,Brand Defense,Brand Core,pureglow skincare,Exact match,Tier 3 - Brand Defense,False,True,2058,102,129.46,12.3,917.52
2026-03-10,Brand Defense,Brand Bundle,pureglow spf bundle,Exact match,Tier 3 - Brand Defense,False,True,1114,56,65.55,6.3,475.51
2026-03-10,Brand Defense,Brand Product,pureglow vitamin c serum,Exact match,Tier 3 - Brand Defense,False,True,1831,94,103.64,8.7,824.03
2026-03-10,SPF Moisturizer Bundle,Daily SPF,buy spf moisturizer online,Exact match,Tier 1 - High Intent,True,True,3839,179,193.23,17.7,1595.19
2026-03-10,SPF Moisturizer Bundle,Broad Moisturizer,moisturizer,Broad match,Untiered - Broad,False,False,1209,58,65.65,6.1,527.94
2026-03-10,SPF Moisturizer Bundle,SPF Bundle,spf moisturizer bundle,Exact match,Tier 1 - High Intent,True,True,5057,240,280.35,26.0,1932.37
2026-03-10,SPF Moisturizer Bundle,Vegan SPF,vegan spf moisturizer,Phrase match,Tier 2 - Mid Intent,True,True,2169,99,121.73,12.6,932.12
2026-03-10,Skincare Routine Quiz,Routine Quiz,best skincare routine for dry skin,Phrase match,Tier 2 - Mid Intent,True,True,3520,153,181.83,19.3,1460.88
2026-03-10,Skincare Routine Quiz,Plant Based,plant based moisturizer,Phrase match,Tier 2 - Mid Intent,True,True,2549,130,149.99,13.5,982.83
2026-03-11,Best Serum for Dry Skin,Vitamin C Serum,best vitamin c serum for dry skin,Exact match,Tier 1 - High Intent,True,True,6045,316,342.86,34.5,3005.44
2026-03-11,Best Serum for Dry Skin,Hydrating Serum,buy hydrating face serum online,Exact match,Tier 1 - High Intent,True,True,5704,248,316.69,32.1,2212.54
2026-03-11,Best Serum for Dry Skin,Natural Serum,natural skincare routine,Phrase match,Tier 2 - Mid Intent,True,False,2381,111,118.51,12.0,1029.21
2026-03-11,Best Serum for Dry Skin,Broad Skincare,skincare,Broad match,Untiered - Broad,False,False,1318,57,74.71,7.5,593.61
2026-03-11,Brand Defense,Brand Core,pureglow skincare,Exact match,Tier 3 - Brand Defense,False,True,2077,100,116.49,13.4,844.18
2026-03-11,Brand Defense,Brand Bundle,pureglow spf bundle,Exact match,Tier 3 - Brand Defense,False,True,1057,49,64.16,6.5,488.65
2026-03-11,Brand Defense,Brand Product,pureglow vitamin c serum,Exact match,Tier 3 - Brand Defense,False,True,1832,91,105.83,10.5,739.38
2026-03-11,SPF Moisturizer Bundle,Daily SPF,buy spf moisturizer online,Exact match,Tier 1 - High Intent,True,True,3518,177,191.17,19.7,1416.22
2026-03-11,SPF Moisturizer Bundle,Broad Moisturizer,moisturizer,Broad match,Untiered - Broad,False,False,1140,57,73.04,6.1,524.61
2026-03-11,SPF Moisturizer Bundle,SPF Bundle,spf moisturizer bundle,Exact match,Tier 1 - High Intent,True,True,4910,255,288.19,26.2,2148.35
2026-03-11,SPF Moisturizer Bundle,Vegan SPF,vegan spf moisturizer,Phrase match,Tier 2 - Mid Intent,True,True,2357,100,118.39,13.4,826.63
2026-03-11,Skincare Routine Quiz,Routine Quiz,best skincare routine for dry skin,Phrase match,Tier 2 - Mid Intent,True,True,3490,145,168.35,19.8,1255.88
2026-03-11,Skincare Routine Quiz,Plant Based,plant based moisturizer,Phrase match,Tier 2 - Mid Intent,True,True,2807,122,140.27,15.7,1124.75
2026-03-12,Best Serum for Dry Skin,Vitamin C Serum,best vitamin c serum for dry skin,Exact match,Tier 1 - High Intent,True,True,7492,364,412.27,40.0,3174.99
2026-03-12,Best Serum for Dry Skin,Hydrating Serum,buy hydrating face serum online,Exact match,Tier 1 - High Intent,True,True,6441,291,331.65,34.5,2716.29
2026-03-12,Best Serum for Dry Skin,Natural Serum,natural skincare routine,Phrase match,Tier 2 - Mid Intent,True,False,2741,128,136.05,15.6,953.71
2026-03-12,Best Serum for Dry Skin,Broad Skincare,skincare,Broad match,Untiered - Broad,False,False,1322,69,79.48,9.1,646.87
2026-03-12,Brand Defense,Brand Core,pureglow skincare,Exact match,Tier 3 - Brand Defense,False,True,2309,112,136.1,14.4,1021.06
2026-03-12,Brand Defense,Brand Bundle,pureglow spf bundle,Exact match,Tier 3 - Brand Defense,False,True,1301,55,71.59,7.7,546.56
2026-03-12,Brand Defense,Brand Product,pureglow vitamin c serum,Exact match,Tier 3 - Brand Defense,False,True,2094,92,118.76,10.6,786.58
2026-03-12,SPF Moisturizer Bundle,Daily SPF,buy spf moisturizer online,Exact match,Tier 1 - High Intent,True,True,4091,180,216.66,22.4,1683.33
2026-03-12,SPF Moisturizer Bundle,Broad Moisturizer,moisturizer,Broad match,Untiered - Broad,False,False,1430,71,76.16,7.7,551.38
2026-03-12,SPF Moisturizer Bundle,SPF Bundle,spf moisturizer bundle,Exact match,Tier 1 - High Intent,True,True,5801,266,331.64,28.7,2259.34
2026-03-12,SPF Moisturizer Bundle,Vegan SPF,vegan spf moisturizer,Phrase match,Tier 2 - Mid Intent,True,True,2588,108,137.81,12.7,951.9
2026-03-12,Skincare Routine Quiz,Routine Quiz,best skincare routine for dry skin,Phrase match,Tier 2 - Mid Intent,True,True,3424,184,201.02,20.8,1422.82
2026-03-12,Skincare Routine Quiz,Plant Based,plant based moisturizer,Phrase match,Tier 2 - Mid Intent,True,True,3120,134,161.58,16.1,1186.84
2026-03-13,Best Serum for Dry Skin,Vitamin C Serum,best vitamin c serum for dry skin,Exact match,Tier 1 - High Intent,True,True,7171,345,432.38,36.9,2801.18
2026-03-13,Best Serum for Dry Skin,Hydrating Serum,buy hydrating face serum online,Exact match,Tier 1 - High Intent,True,True,5184,294,355.02,37.2,2341.55
2026-03-13,Best Serum for Dry Skin,Natural Serum,natural skincare routine,Phrase match,Tier 2 - Mid Intent,True,False,2262,108,142.5,15.3,1027.78
2026-03-13,Best Serum for Dry Skin,Broad Skincare,skincare,Broad match,Untiered - Broad,False,False,1182,65,78.36,7.8,622.1
2026-03-13,Brand Defense,Brand Core,pureglow skincare,Exact match,Tier 3 - Brand Defense,False,True,2185,120,144.7,15.0,995.39
2026-03-13,Brand Defense,Brand Bundle,pureglow spf bundle,Exact match,Tier 3 - Brand Defense,False,True,1190,56,69.38,7.0,520.65
2026-03-13,Brand Defense,Brand Product,pureglow vitamin c serum,Exact match,Tier 3 - Brand Defense,False,True,1819,93,106.85,10.9,805.62
2026-03-13,SPF Moisturizer Bundle,Daily SPF,buy spf moisturizer online,Exact match,Tier 1 - High Intent,True,True,3759,187,205.79,24.0,1819.45
2026-03-13,SPF Moisturizer Bundle,Broad Moisturizer,moisturizer,Broad match,Untiered - Broad,False,False,1259,65,80.43,8.1,525.01
2026-03-13,SPF Moisturizer Bundle,SPF Bundle,spf moisturizer bundle,Exact match,Tier 1 - High Intent,True,True,5293,275,312.78,34.0,2555.67
2026-03-13,SPF Moisturizer Bundle,Vegan SPF,vegan spf moisturizer,Phrase match,Tier 2 - Mid Intent,True,True,1999,103,132.8,11.9,979.03
2026-03-13,Skincare Routine Quiz,Routine Quiz,best skincare routine for dry skin,Phrase match,Tier 2 - Mid Intent,True,True,3287,171,201.11,19.3,1401.43
2026-03-13,Skincare Routine Quiz,Plant Based,plant based moisturizer,Phrase match,Tier 2 - Mid Intent,True,True,2665,132,148.58,17.1,1159.85
2026-03-14,Best Serum for Dry Skin,Vitamin C Serum,best vitamin c serum for dry skin,Exact match,Tier 1 - High Intent,True,True,7040,354,419.69,44.8,2964.9
2026-03-14,Best Serum for Dry Skin,Hydrating Serum,buy hydrating face serum online,Exact match,Tier 1 - High Intent,True,True,6200,288,356.13,35.9,2472.84
2026-03-14,Best Serum for Dry Skin,Natural Serum,natural skincare routine,Phrase match,Tier 2 - Mid Intent,True,False,2565,120,145.83,14.3,995.33
2026-03-14,Best Serum for Dry Skin,Broad Skincare,skincare,Broad match,Untiered - Broad,False,False,1272,61,73.44,7.2,584.11
2026-03-14,Brand Defense,Brand Core,pureglow skincare,Exact match,Tier 3 - Brand Defense,False,True,2125,119,146.64,13.0,1083.68
2026-03-14,Brand Defense,Brand Bundle,pureglow spf bundle,Exact match,Tier 3 - Brand Defense,False,True,1156,56,65.85,6.9,466.68
2026-03-14,Brand Defense,Brand Product,pureglow vitamin c serum,Exact match,Tier 3 - Brand Defense,False,True,1842,100,111.1,10.9,879.83
2026-03-14,SPF Moisturizer Bundle,Daily SPF,buy spf moisturizer online,Exact match,Tier 1 - High Intent,True,True,4127,180,211.11,21.8,1705.66
2026-03-14,SPF Moisturizer Bundle,Broad Moisturizer,moisturizer,Broad match,Untiered - Broad,False,False,1289,68,72.03,7.2,587.87
2026-03-14,SPF Moisturizer Bundle,SPF Bundle,spf moisturizer bundle,Exact match,Tier 1 - High Intent,True,True,4879,264,325.01,27.7,2584.87
2026-03-14,SPF Moisturizer Bundle,Vegan SPF,vegan spf moisturizer,Phrase match,Tier 2 - Mid Intent,True,True,2325,104,125.86,14.6,1016.67
2026-03-14,Skincare Routine Quiz,Routine Quiz,best skincare routine for dry skin,Phrase match,Tier 2 - Mid Intent,True,True,3177,174,194.84,18.7,1583.35
2026-03-14,Skincare Routine Quiz,Plant Based,plant based moisturizer,Phrase match,Tier 2 - Mid Intent,True,True,2476,132,159.15,17.4,1278.41
2026-03-15,Best Serum for Dry Skin,Vitamin C Serum,best vitamin c serum for dry skin,Exact match,Tier 1 - High Intent,True,True,7401,362,426.34,37.6,2900.5
2026-03-15,Best Serum for Dry Skin,Hydrating Serum,buy hydrating face serum online,Exact match,Tier 1 - High Intent,True,True,5792,292,349.12,34.4,2660.7
2026-03-15,Best Serum for Dry Skin,Natural Serum,natural skincare routine,Phrase match,Tier 2 - Mid Intent,True,False,2594,130,142.0,14.4,1022.23
2026-03-15,Best Serum for Dry Skin,Broad Skincare,skincare,Broad match,Untiered - Broad,False,False,1530,65,80.33,7.2,566.19
2026-03-15,Brand Defense,Brand Core,pureglow skincare,Exact match,Tier 3 - Brand Defense,False,True,2765,112,141.37,14.3,1066.69
2026-03-15,Brand Defense,Brand Bundle,pureglow spf bundle,Exact match,Tier 3 - Brand Defense,False,True,1292,58,68.81,6.0,477.05
2026-03-15,Brand Defense,Brand Product,pureglow vitamin c serum,Exact match,Tier 3 - Brand Defense,False,True,2300,100,123.09,10.0,884.09
2026-03-15,SPF Moisturizer Bundle,Daily SPF,buy spf moisturizer online,Exact match,Tier 1 - High Intent,True,True,3806,184,242.8,22.3,1831.92
2026-03-15,SPF Moisturizer Bundle,Broad Moisturizer,moisturizer,Broad match,Untiered - Broad,False,False,1521,63,78.72,6.7,611.05
2026-03-15,SPF Moisturizer Bundle,SPF Bundle,spf moisturizer bundle,Exact match,Tier 1 - High Intent,True,True,5655,254,302.11,28.7,2234.79
2026-03-15,SPF Moisturizer Bundle,Vegan SPF,vegan spf moisturizer,Phrase match,Tier 2 - Mid Intent,True,True,2471,126,130.84,12.3,1110.3
2026-03-15,Skincare Routine Quiz,Routine Quiz,best skincare routine for dry skin,Phrase match,Tier 2 - Mid Intent,True,True,3545,185,199.28,18.8,1511.09
2026-03-15,Skincare Routine Quiz,Plant Based,plant based moisturizer,Phrase match,Tier 2 - Mid Intent,True,True,3126,134,169.78,14.1,1236.16
2026-03-16,Best Serum for Dry Skin,Vitamin C Serum,best vitamin c serum for dry skin,Exact match,Tier 1 - High Intent,True,True,7991,356,450.9,39.5,3292.98
2026-03-16,Best Serum for Dry Skin,Hydrating Serum,buy hydrating face serum online,Exact match,Tier 1 - High Intent,True,True,6064,297,377.25,35.1,2858.14
2026-03-16,Best Serum for Dry Skin,Natural Serum,natural skincare routine,Phrase match,Tier 2 - Mid Intent,True,False,2593,122,151.54,13.9,1094.26
2026-03-16,Best Serum for Dry Skin,Broad Skincare,skincare,Broad match,Untiered - Broad,False,False,1421,67,85.37,7.8,638.51
2026-03-16,Brand Defense,Brand Core,pureglow skincare,Exact match,Tier 3 - Brand Defense,False,True,2693,130,136.36,15.3,995.57
2026-03-16,Brand Defense,Brand Bundle,pureglow spf bundle,Exact match,Tier 3 - Brand Defense,False,True,1295,65,76.61,7.5,496.93
2026-03-16,Brand Defense,Brand Product,pureglow vitamin c serum,Exact match,Tier 3 - Brand Defense,False,True,1950,97,118.15,12.6,913.41
2026-03-16,SPF Moisturizer Bundle,Daily SPF,buy spf moisturizer online,Exact match,Tier 1 - High Intent,True,True,4264,203,231.85,22.2,1789.39
2026-03-16,SPF Moisturizer Bundle,Broad Moisturizer,moisturizer,Broad match,Untiered - Broad,False,False,1357,74,83.0,8.9,601.26
2026-03-16,SPF Moisturizer Bundle,SPF Bundle,spf moisturizer bundle,Exact match,Tier 1 - High Intent,True,True,5261,267,345.74,33.9,2586.34
2026-03-16,SPF Moisturizer Bundle,Vegan SPF,vegan spf moisturizer,Phrase match,Tier 2 - Mid Intent,True,True,2358,126,145.5,14.1,1068.42
2026-03-16,Skincare Routine Quiz,Routine Quiz,best skincare routine for dry skin,Phrase match,Tier 2 - Mid Intent,True,True,3820,193,214.04,20.7,1644.9
2026-03-16,Skincare Routine Quiz,Plant Based,plant based moisturizer,Phrase match,Tier 2 - Mid Intent,True,True,2949,145,170.23,17.7,1338.83
2026-03-17,Best Serum for Dry Skin,Vitamin C Serum,best vitamin c serum for dry skin,Exact match,Tier 1 - High Intent,True,True,7655,351,410.97,40.3,2895.37
2026-03-17,Best Serum for Dry Skin,Hydrating Serum,buy hydrating face serum online,Exact match,Tier 1 - High Intent,True,True,6448,305,371.17,33.3,2410.99
2026-03-17,Best Serum for Dry Skin,Natural Serum,natural skincare routine,Phrase match,Tier 2 - Mid Intent,True,False,2314,122,141.28,14.2,1053.4
2026-03-17,Best Serum for Dry Skin,Broad Skincare,skincare,Broad match,Untiered - Broad,False,False,1545,64,88.02,7.6,636.92
2026-03-17,Brand Defense,Brand Core,pureglow skincare,Exact match,Tier 3 - Brand Defense,False,True,2550,122,131.45,15.4,949.52
2026-03-17,Brand Defense,Brand Bundle,pureglow spf bundle,Exact match,Tier 3 - Brand Defense,False,True,1151,57,66.65,7.0,512.72
2026-03-17,Brand Defense,Brand Product,pureglow vitamin c serum,Exact match,Tier 3 - Brand Defense,False,True,2081,97,113.6,11.0,875.0
2026-03-17,SPF Moisturizer Bundle,Daily SPF,buy spf moisturizer online,Exact match,Tier 1 - High Intent,True,True,4471,193,215.97,23.8,1668.04
2026-03-17,SPF Moisturizer Bundle,Broad Moisturizer,moisturizer,Broad match,Untiered - Broad,False,False,1337,70,79.49,8.5,633.49
2026-03-17,SPF Moisturizer Bundle,SPF Bundle,spf moisturizer bundle,Exact match,Tier 1 - High Intent,True,True,6091,289,345.09,32.9,2516.51
2026-03-17,SPF Moisturizer Bundle,Vegan SPF,vegan spf moisturizer,Phrase match,Tier 2 - Mid Intent,True,True,2475,123,144.3,13.6,1129.24
2026-03-17,Skincare Routine Quiz,Routine Quiz,best skincare routine for dry skin,Phrase match,Tier 2 - Mid Intent,True,True,3398,179,202.11,21.3,1604.99
2026-03-17,Skincare Routine Quiz,Plant Based,plant based moisturizer,Phrase match,Tier 2 - Mid Intent,True,True,3177,139,171.51,18.1,1131.4
2026-03-18,Best Serum for Dry Skin,Vitamin C Serum,best vitamin c serum for dry skin,Exact match,Tier 1 - High Intent,True,True,6312,302,396.28,41.9,2932.28
2026-03-18,Best Serum for Dry Skin,Hydrating Serum,buy hydrating face serum online,Exact match,Tier 1 - High Intent,True,True,6004,261,340.98,29.4,2225.75
2026-03-18,Best Serum for Dry Skin,Natural Serum,natural skincare routine,Phrase match,Tier 2 - Mid Intent,True,False,2448,120,125.23,13.7,949.25
2026-03-18,Best Serum for Dry Skin,Broad Skincare,skincare,Broad match,Untiered - Broad,False,False,1390,66,68.97,6.9,531.81
2026-03-18,Brand Defense,Brand Core,pureglow skincare,Exact match,Tier 3 - Brand Defense,False,True,2479,113,125.1,13.9,1028.67
2026-03-18,Brand Defense,Brand Bundle,pureglow spf bundle,Exact match,Tier 3 - Brand Defense,False,True,1081,57,64.69,6.0,443.02
2026-03-18,Brand Defense,Brand Product,pureglow vitamin c serum,Exact match,Tier 3 - Brand Defense,False,True,1993,92,104.32,9.7,835.89
2026-03-18,SPF Moisturizer Bundle,Daily SPF,buy spf moisturizer online,Exact match,Tier 1 - High Intent,True,True,4239,179,224.96,21.2,1705.92
2026-03-18,SPF Moisturizer Bundle,Broad Moisturizer,moisturizer,Broad match,Untiered - Broad,False,False,1415,61,72.71,6.6,504.68
2026-03-18,SPF Moisturizer Bundle,SPF Bundle,spf moisturizer bundle,Exact match,Tier 1 - High Intent,True,True,4928,272,296.92,31.2,2061.8
2026-03-18,SPF Moisturizer Bundle,Vegan SPF,vegan spf moisturizer,Phrase match,Tier 2 - Mid Intent,True,True,2526,115,128.02,12.8,972.02
2026-03-18,Skincare Routine Quiz,Routine Quiz,best skincare routine for dry skin,Phrase match,Tier 2 - Mid Intent,True,True,3371,158,201.46,18.1,1400.82
2026-03-18,Skincare Routine Quiz,Plant Based,plant based moisturizer,Phrase match,Tier 2 - Mid Intent,True,True,2532,131,141.13,13.9,1200.92
2026-03-19,Best Serum for Dry Skin,Vitamin C Serum,best vitamin c serum for dry skin,Exact match,Tier 1 - High Intent,True,True,7829,359,403.35,38.6,2764.02
2026-03-19,Best Serum for Dry Skin,Hydrating Serum,buy hydrating face serum online,Exact match,Tier 1 - High Intent,True,True,5660,281,340.46,31.4,2646.0
2026-03-19,Best Serum for Dry Skin,Natural Serum,natural skincare routine,Phrase match,Tier 2 - Mid Intent,True,False,2420,122,139.04,14.7,1040.55
2026-03-19,Best Serum for Dry Skin,Broad Skincare,skincare,Broad match,Untiered - Broad,False,False,1533,64,78.28,7.3,577.1
2026-03-19,Brand Defense,Brand Core,pureglow skincare,Exact match,Tier 3 - Brand Defense,False,True,2322,113,126.73,14.0,960.53
2026-03-19,Brand Defense,Brand Bundle,pureglow spf bundle,Exact match,Tier 3 - Brand Defense,False,True,1279,61,70.01,6.6,520.74
2026-03-19,Brand Defense,Brand Product,pureglow vitamin c serum,Exact match,Tier 3 - Brand Defense,False,True,2197,98,105.3,12.7,790.84
2026-03-19,SPF Moisturizer Bundle,Daily SPF,buy spf moisturizer online,Exact match,Tier 1 - High Intent,True,True,3882,206,224.42,22.3,1673.5
2026-03-19,SPF Moisturizer Bundle,Broad Moisturizer,moisturizer,Broad match,Untiered - Broad,False,False,1406,67,79.79,7.5,527.96
2026-03-19,SPF Moisturizer Bundle,SPF Bundle,spf moisturizer bundle,Exact match,Tier 1 - High Intent,True,True,5663,271,295.77,30.0,2502.81
2026-03-19,SPF Moisturizer Bundle,Vegan SPF,vegan spf moisturizer,Phrase match,Tier 2 - Mid Intent,True,True,2326,116,144.18,12.7,927.74
2026-03-19,Skincare Routine Quiz,Routine Quiz,best skincare routine for dry skin,Phrase match,Tier 2 - Mid Intent,True,True,3759,167,193.52,19.9,1548.46
2026-03-19,Skincare Routine Quiz,Plant Based,plant based moisturizer,Phrase match,Tier 2 - Mid Intent,True,True,2870,131,165.47,17.0,1281.07
2026-03-20,Best Serum for Dry Skin,Vitamin C Serum,best vitamin c serum for dry skin,Exact match,Tier 1 - High Intent,True,True,6450,378,434.31,42.8,2945.84
2026-03-20,Best Serum for Dry Skin,Hydrating Serum,buy hydrating face serum online,Exact match,Tier 1 - High Intent,True,True,5676,284,330.61,32.8,2494.04
2026-03-20,Best Serum for Dry Skin,Natural Serum,natural skincare routine,Phrase match,Tier 2 - Mid Intent,True,False,2311,128,142.52,13.8,997.55
2026-03-20,Best Serum for Dry Skin,Broad Skincare,skincare,Broad match,Untiered - Broad,False,False,1500,70,82.24,8.3,647.98
2026-03-20,Brand Defense,Brand Core,pureglow skincare,Exact match,Tier 3 - Brand Defense,False,True,2405,119,148.66,12.1,1097.64
2026-03-20,Brand Defense,Brand Bundle,pureglow spf bundle,Exact match,Tier 3 - Brand Defense,False,True,1110,61,66.96,6.2,519.78
2026-03-20,Brand Defense,Brand Product,pureglow vitamin c serum,Exact match,Tier 3 - Brand Defense,False,True,2108,99,108.47,11.3,861.3
2026-03-20,SPF Moisturizer Bundle,Daily SPF,buy spf moisturizer online,Exact match,Tier 1 - High Intent,True,True,3608,204,244.74,24.0,1674.5
2026-03-20,SPF Moisturizer Bundle,Broad Moisturizer,moisturizer,Broad match,Untiered - Broad,False,False,1231,65,78.59,7.3,625.51
2026-03-20,SPF Moisturizer Bundle,SPF Bundle,spf moisturizer bundle,Exact match,Tier 1 - High Intent,True,True,5483,257,330.45,34.7,2388.53
2026-03-20,SPF Moisturizer Bundle,Vegan SPF,vegan spf moisturizer,Phrase match,Tier 2 - Mid Intent,True,True,2316,112,139.08,13.9,987.01
2026-03-20,Skincare Routine Quiz,Routine Quiz,best skincare routine for dry skin,Phrase match,Tier 2 - Mid Intent,True,True,3581,172,196.92,20.8,1699.53
2026-03-20,Skincare Routine Quiz,Plant Based,plant based moisturizer,Phrase match,Tier 2 - Mid Intent,True,True,3086,147,174.68,14.8,1292.02
2026-03-21,Best Serum for Dry Skin,Vitamin C Serum,best vitamin c serum for dry skin,Exact match,Tier 1 - High Intent,True,True,7351,406,482.01,43.3,3224.91
2026-03-21,Best Serum for Dry Skin,Hydrating Serum,buy hydrating face serum online,Exact match,Tier 1 - High Intent,True,True,6234,327,395.54,39.4,2842.49
2026-03-21,Best Serum for Dry Skin,Natural Serum,natural skincare routine,Phrase match,Tier 2 - Mid Intent,True,False,2707,123,150.2,15.1,1223.08
2026-03-21,Best Serum for Dry Skin,Broad Skincare,skincare,Broad match,Untiered - Broad,False,False,1481,78,88.05,9.1,593.45
2026-03-21,Brand Defense,Brand Core,pureglow skincare,Exact match,Tier 3 - Brand Defense,False,True,2873,138,154.12,15.1,1237.33
2026-03-21,Brand Defense,Brand Bundle,pureglow spf bundle,Exact match,Tier 3 - Brand Defense,False,True,1439,67,79.51,7.4,614.03
2026-03-21,Brand Defense,Brand Product,pureglow vitamin c serum,Exact match,Tier 3 - Brand Defense,False,True,2070,111,124.23,12.8,935.41
2026-03-21,SPF Moisturizer Bundle,Daily SPF,buy spf moisturizer online,Exact match,Tier 1 - High Intent,True,True,4128,218,255.71,24.2,1927.42
2026-03-21,SPF Moisturizer Bundle,Broad Moisturizer,moisturizer,Broad match,Untiered - Broad,False,False,1493,73,79.03,8.7,632.46
2026-03-21,SPF Moisturizer Bundle,SPF Bundle,spf moisturizer bundle,Exact match,Tier 1 - High Intent,True,True,6698,283,360.2,36.4,2793.61
2026-03-21,SPF Moisturizer Bundle,Vegan SPF,vegan spf moisturizer,Phrase match,Tier 2 - Mid Intent,True,True,2878,119,156.93,13.9,1199.44
2026-03-21,Skincare Routine Quiz,Routine Quiz,best skincare routine for dry skin,Phrase match,Tier 2 - Mid Intent,True,True,3996,178,238.18,19.7,1635.05
2026-03-21,Skincare Routine Quiz,Plant Based,plant based moisturizer,Phrase match,Tier 2 - Mid Intent,True,True,3428,145,163.47,17.5,1367.23
2026-03-22,Best Serum for Dry Skin,Vitamin C Serum,best vitamin c serum for dry skin,Exact match,Tier 1 - High Intent,True,True,7185,368,423.28,46.3,3077.41
2026-03-22,Best Serum for Dry Skin,Hydrating Serum,buy hydrating face serum online,Exact match,Tier 1 - High Intent,True,True,6597,273,314.66,35.2,2470.42
2026-03-22,Best Serum for Dry Skin,Natural Serum,natural skincare routine,Phrase match,Tier 2 - Mid Intent,True,False,2430,124,136.68,13.9,1124.74
2026-03-22,Best Serum for Dry Skin,Broad Skincare,skincare,Broad match,Untiered - Broad,False,False,1467,67,72.16,8.7,588.53
2026-03-22,Brand Defense,Brand Core,pureglow skincare,Exact match,Tier 3 - Brand Defense,False,True,2597,114,134.31,13.2,1018.56
2026-03-22,Brand Defense,Brand Bundle,pureglow spf bundle,Exact match,Tier 3 - Brand Defense,False,True,1106,56,65.08,7.8,538.55
2026-03-22,Brand Defense,Brand Product,pureglow vitamin c serum,Exact match,Tier 3 - Brand Defense,False,True,2225,101,109.46,10.4,846.49
2026-03-22,SPF Moisturizer Bundle,Daily SPF,buy spf moisturizer online,Exact match,Tier 1 - High Intent,True,True,3688,202,240.4,20.4,1815.72
2026-03-22,SPF Moisturizer Bundle,Broad Moisturizer,moisturizer,Broad match,Untiered - Broad,False,False,1426,65,77.87,6.9,568.28
2026-03-22,SPF Moisturizer Bundle,SPF Bundle,spf moisturizer bundle,Exact match,Tier 1 - High Intent,True,True,5440,265,299.81,31.4,2386.35
2026-03-22,SPF Moisturizer Bundle,Vegan SPF,vegan spf moisturizer,Phrase match,Tier 2 - Mid Intent,True,True,2179,122,132.63,12.9,952.25
2026-03-22,Skincare Routine Quiz,Routine Quiz,best skincare routine for dry skin,Phrase match,Tier 2 - Mid Intent,True,True,3676,184,197.85,21.5,1461.46
2026-03-22,Skincare Routine Quiz,Plant Based,plant based moisturizer,Phrase match,Tier 2 - Mid Intent,True,True,2760,149,164.18,17.1,1189.07
2026-03-23,Best Serum for Dry Skin,Vitamin C Serum,best vitamin c serum for dry skin,Exact match,Tier 1 - High Intent,True,True,7097,369,378.74,42.8,3167.6
2026-03-23,Best Serum for Dry Skin,Hydrating Serum,buy hydrating face serum online,Exact match,Tier 1 - High Intent,True,True,6274,296,318.67,30.6,2585.65
2026-03-23,Best Serum for Dry Skin,Natural Serum,natural skincare routine,Phrase match,Tier 2 - Mid Intent,True,False,2380,127,133.4,13.5,1022.77
2026-03-23,Best Serum for Dry Skin,Broad Skincare,skincare,Broad match,Untiered - Broad,False,False,1480,70,81.41,7.7,597.05
2026-03-23,Brand Defense,Brand Core,pureglow skincare,Exact match,Tier 3 - Brand Defense,False,True,2513,112,129.77,13.0,974.14
2026-03-23,Brand Defense,Brand Bundle,pureglow spf bundle,Exact match,Tier 3 - Brand Defense,False,True,1324,64,68.55,6.1,582.16
2026-03-23,Brand Defense,Brand Product,pureglow vitamin c serum,Exact match,Tier 3 - Brand Defense,False,True,1923,100,106.29,11.1,884.2
2026-03-23,SPF Moisturizer Bundle,Daily SPF,buy spf moisturizer online,Exact match,Tier 1 - High Intent,True,True,4091,190,214.4,20.7,1618.67
2026-03-23,SPF Moisturizer Bundle,Broad Moisturizer,moisturizer,Broad match,Untiered - Broad,False,False,1417,66,72.17,8.2,541.62
2026-03-23,SPF Moisturizer Bundle,SPF Bundle,spf moisturizer bundle,Exact match,Tier 1 - High Intent,True,True,5078,282,292.73,28.1,2428.47
2026-03-23,SPF Moisturizer Bundle,Vegan SPF,vegan spf moisturizer,Phrase match,Tier 2 - Mid Intent,True,True,2473,114,136.93,14.2,980.86
2026-03-23,Skincare Routine Quiz,Routine Quiz,best skincare routine for dry skin,Phrase match,Tier 2 - Mid Intent,True,True,3711,177,215.93,18.8,1484.03
2026-03-23,Skincare Routine Quiz,Plant Based,plant based moisturizer,Phrase match,Tier 2 - Mid Intent,True,True,2802,129,162.95,17.2,1273.99
2026-03-24,Best Serum for Dry Skin,Vitamin C Serum,best vitamin c serum for dry skin,Exact match,Tier 1 - High Intent,True,True,7104,373,429.69,42.1,3442.72
2026-03-24,Best Serum for Dry Skin,Hydrating Serum,buy hydrating face serum online,Exact match,Tier 1 - High Intent,True,True,5569,311,353.32,30.0,2352.41
2026-03-24,Best Serum for Dry Skin,Natural Serum,natural skincare routine,Phrase match,Tier 2 - Mid Intent,True,False,2523,115,136.96,13.6,965.51
2026-03-24,Best Serum for Dry Skin,Broad Skincare,skincare,Broad match,Untiered - Broad,False,False,1241,63,72.4,7.4,554.02
2026-03-24,Brand Defense,Brand Core,pureglow skincare,Exact match,Tier 3 - Brand Defense,False,True,2570,125,148.8,13.8,1149.35
2026-03-24,Brand Defense,Brand Bundle,pureglow spf bundle,Exact match,Tier 3 - Brand Defense,False,True,1272,64,74.14,7.2,523.39
2026-03-24,Brand Defense,Brand Product,pureglow vitamin c serum,Exact match,Tier 3 - Brand Defense,False,True,2159,100,108.71,10.4,826.91
2026-03-24,SPF Moisturizer Bundle,Daily SPF,buy spf moisturizer online,Exact match,Tier 1 - High Intent,True,True,3898,203,228.47,24.8,1632.23
2026-03-24,SPF Moisturizer Bundle,Broad Moisturizer,moisturizer,Broad match,Untiered - Broad,False,False,1220,68,74.77,6.9,608.72
2026-03-24,SPF Moisturizer Bundle,SPF Bundle,spf moisturizer bundle,Exact match,Tier 1 - High Intent,True,True,4971,270,333.88,29.9,2394.62
2026-03-24,SPF Moisturizer Bundle,Vegan SPF,vegan spf moisturizer,Phrase match,Tier 2 - Mid Intent,True,True,2386,120,146.93,14.8,1122.18
2026-03-24,Skincare Routine Quiz,Routine Quiz,best skincare routine for dry skin,Phrase match,Tier 2 - Mid Intent,True,True,3766,191,207.06,18.9,1567.66
2026-03-24,Skincare Routine Quiz,Plant Based,plant based moisturizer,Phrase match,Tier 2 - Mid Intent,True,True,2502,135,167.24,16.8,1186.14
2026-03-25,Best Serum for Dry Skin,Vitamin C Serum,best vitamin c serum for dry skin,Exact match,Tier 1 - High Intent,True,True,6984,348,421.3,39.5,3213.1
2026-03-25,Best Serum for Dry Skin,Hydrating Serum,buy hydrating face serum online,Exact match,Tier 1 - High Intent,True,True,5230,294,339.65,30.3,2554.24
2026-03-25,Best Serum for Dry Skin,Natural Serum,natural skincare routine,Phrase match,Tier 2 - Mid Intent,True,False,2321,124,130.79,12.8,930.35
2026-03-25,Best Serum for Dry Skin,Broad Skincare,skincare,Broad match,Untiered - Broad,False,False,1224,69,69.8,7.2,531.15
2026-03-25,Brand Defense,Brand Core,pureglow skincare,Exact match,Tier 3 - Brand Defense,False,True,2492,117,140.2,11.4,1030.99
2026-03-25,Brand Defense,Brand Bundle,pureglow spf bundle,Exact match,Tier 3 - Brand Defense,False,True,1171,56,67.4,6.3,477.47
2026-03-25,Brand Defense,Brand Product,pureglow vitamin c serum,Exact match,Tier 3 - Brand Defense,False,True,1747,96,117.29,9.6,801.35
2026-03-25,SPF Moisturizer Bundle,Daily SPF,buy spf moisturizer online,Exact match,Tier 1 - High Intent,True,True,3537,196,218.49,20.3,1540.34
2026-03-25,SPF Moisturizer Bundle,Broad Moisturizer,moisturizer,Broad match,Untiered - Broad,False,False,1184,65,74.78,6.9,554.73
2026-03-25,SPF Moisturizer Bundle,SPF Bundle,spf moisturizer bundle,Exact match,Tier 1 - High Intent,True,True,4972,261,291.92,26.2,2457.23
2026-03-25,SPF Moisturizer Bundle,Vegan SPF,vegan spf moisturizer,Phrase match,Tier 2 - Mid Intent,True,True,2343,118,128.68,13.7,992.75
2026-03-25,Skincare Routine Quiz,Routine Quiz,best skincare routine for dry skin,Phrase match,Tier 2 - Mid Intent,True,True,3069,163,210.21,21.3,1391.24
2026-03-25,Skincare Routine Quiz,Plant Based,plant based moisturizer,Phrase match,Tier 2 - Mid Intent,True,True,2409,137,154.54,14.0,1097.92
2026-03-26,Best Serum for Dry Skin,Vitamin C Serum,best vitamin c serum for dry skin,Exact match,Tier 1 - High Intent,True,True,6219,343,377.34,44.5,3291.92
2026-03-26,Best Serum for Dry Skin,Hydrating Serum,buy hydrating face serum online,Exact match,Tier 1 - High Intent,True,True,6155,269,335.13,31.1,2523.66
2026-03-26,Best Serum for Dry Skin,Natural Serum,natural skincare routine,Phrase match,Tier 2 - Mid Intent,True,False,2162,113,133.86,14.4,982.11
2026-03-26,Best Serum for Dry Skin,Broad Skincare,skincare,Broad match,Untiered - Broad,False,False,1291,60,72.27,6.9,570.25
2026-03-26,Brand Defense,Brand Core,pureglow skincare,Exact match,Tier 3 - Brand Defense,False,True,2201,120,137.07,12.3,983.71
2026-03-26,Brand Defense,Brand Bundle,pureglow spf bundle,Exact match,Tier 3 - Brand Defense,False,True,1231,58,65.93,6.2,537.24
2026-03-26,Brand Defense,Brand Product,pureglow vitamin c serum,Exact match,Tier 3 - Brand Defense,False,True,1979,98,111.65,11.6,908.37
2026-03-26,SPF Moisturizer Bundle,Daily SPF,buy spf moisturizer online,Exact match,Tier 1 - High Intent,True,True,3804,194,230.38,21.2,1568.99
2026-03-26,SPF Moisturizer Bundle,Broad Moisturizer,moisturizer,Broad match,Untiered - Broad,False,False,1183,61,78.61,7.6,600.21
2026-03-26,SPF Moisturizer Bundle,SPF Bundle,spf moisturizer bundle,Exact match,Tier 1 - High Intent,True,True,4868,268,298.28,30.4,2161.43
2026-03-26,SPF Moisturizer Bundle,Vegan SPF,vegan spf moisturizer,Phrase match,Tier 2 - Mid Intent,True,True,2299,119,124.83,13.1,1107.17
2026-03-26,Skincare Routine Quiz,Routine Quiz,best skincare routine for dry skin,Phrase match,Tier 2 - Mid Intent,True,True,3739,163,211.28,22.5,1515.83
2026-03-26,Skincare Routine Quiz,Plant Based,plant based moisturizer,Phrase match,Tier 2 - Mid Intent,True,True,2749,130,164.85,16.0,1245.7
2026-03-27,Best Serum for Dry Skin,Vitamin C Serum,best vitamin c serum for dry skin,Exact match,Tier 1 - High Intent,True,True,7457,348,417.5,38.3,2931.07
2026-03-27,Best Serum for Dry Skin,Hydrating Serum,buy hydrating face serum online,Exact match,Tier 1 - High Intent,True,True,6050,297,348.67,35.6,2458.9
2026-03-27,Best Serum for Dry Skin,Natural Serum,natural skincare routine,Phrase match,Tier 2 - Mid Intent,True,False,2583,134,151.44,15.0,1107.7
2026-03-27,Best Serum for Dry Skin,Broad Skincare,skincare,Broad match,Untiered - Broad,False,False,1554,66,76.84,7.8,600.39
2026-03-27,Brand Defense,Brand Core,pureglow skincare,Exact match,Tier 3 - Brand Defense,False,True,2474,121,132.15,15.9,1116.9
2026-03-27,Brand Defense,Brand Bundle,pureglow spf bundle,Exact match,Tier 3 - Brand Defense,False,True,1219,65,67.91,7.7,543.75
2026-03-27,Brand Defense,Brand Product,pureglow vitamin c serum,Exact match,Tier 3 - Brand Defense,False,True,1932,104,125.91,12.2,948.73
2026-03-27,SPF Moisturizer Bundle,Daily SPF,buy spf moisturizer online,Exact match,Tier 1 - High Intent,True,True,4034,214,239.75,23.6,1885.2
2026-03-27,SPF Moisturizer Bundle,Broad Moisturizer,moisturizer,Broad match,Untiered - Broad,False,False,1359,64,79.32,8.2,614.25
2026-03-27,SPF Moisturizer Bundle,SPF Bundle,spf moisturizer bundle,Exact match,Tier 1 - High Intent,True,True,5645,271,329.11,35.2,2652.51
2026-03-27,SPF Moisturizer Bundle,Vegan SPF,vegan spf moisturizer,Phrase match,Tier 2 - Mid Intent,True,True,2604,130,148.83,15.1,1133.69
2026-03-27,Skincare Routine Quiz,Routine Quiz,best skincare routine for dry skin,Phrase match,Tier 2 - Mid Intent,True,True,3787,194,191.5,23.2,1475.42
2026-03-27,Skincare Routine Quiz,Plant Based,plant based moisturizer,Phrase match,Tier 2 - Mid Intent,True,True,2911,141,156.81,16.3,1237.13
2026-03-28,Best Serum for Dry Skin,Vitamin C Serum,best vitamin c serum for dry skin,Exact match,Tier 1 - High Intent,True,True,8066,382,430.05,46.2,3634.36
2026-03-28,Best Serum for Dry Skin,Hydrating Serum,buy hydrating face serum online,Exact match,Tier 1 - High Intent,True,True,6598,352,360.93,35.9,2636.4
2026-03-28,Best Serum for Dry Skin,Natural Serum,natural skincare routine,Phrase match,Tier 2 - Mid Intent,True,False,2487,143,144.75,16.0,1126.4
2026-03-28,Best Serum for Dry Skin,Broad Skincare,skincare,Broad match,Untiered - Broad,False,False,1428,77,83.07,8.2,631.47
2026-03-28,Brand Defense,Brand Core,pureglow skincare,Exact match,Tier 3 - Brand Defense,False,True,2670,127,145.47,14.6,1093.63
2026-03-28,Brand Defense,Brand Bundle,pureglow spf bundle,Exact match,Tier 3 - Brand Defense,False,True,1206,68,69.11,7.3,593.97
2026-03-28,Brand Defense,Brand Product,pureglow vitamin c serum,Exact match,Tier 3 - Brand Defense,False,True,2334,102,119.38,10.7,910.76
2026-03-28,SPF Moisturizer Bundle,Daily SPF,buy spf moisturizer online,Exact match,Tier 1 - High Intent,True,True,4014,229,235.27,26.3,1937.9
2026-03-28,SPF Moisturizer Bundle,Broad Moisturizer,moisturizer,Broad match,Untiered - Broad,False,False,1375,75,81.69,7.2,585.58
2026-03-28,SPF Moisturizer Bundle,SPF Bundle,spf moisturizer bundle,Exact match,Tier 1 - High Intent,True,True,6488,292,349.56,36.6,2522.06
2026-03-28,SPF Moisturizer Bundle,Vegan SPF,vegan spf moisturizer,Phrase match,Tier 2 - Mid Intent,True,True,2704,135,138.86,14.2,1002.8
2026-03-28,Skincare Routine Quiz,Routine Quiz,best skincare routine for dry skin,Phrase match,Tier 2 - Mid Intent,True,True,4291,212,222.84,22.7,1635.02
2026-03-28,Skincare Routine Quiz,Plant Based,plant based moisturizer,Phrase match,Tier 2 - Mid Intent,True,True,3302,160,182.96,15.9,1230.18
2026-03-29,Best Serum for Dry Skin,Vitamin C Serum,best vitamin c serum for dry skin,Exact match,Tier 1 - High Intent,True,True,7724,346,361.43,34.7,3116.83
2026-03-29,Best Serum for Dry Skin,Hydrating Serum,buy hydrating face serum online,Exact match,Tier 1 - High Intent,True,True,6484,264,326.25,31.6,2773.69
2026-03-29,Best Serum for Dry Skin,Natural Serum,natural skincare routine,Phrase match,Tier 2 - Mid Intent,True,False,2598,121,142.59,14.5,1077.18
2026-03-29,Best Serum for Dry Skin,Broad Skincare,skincare,Broad match,Untiered - Broad,False,False,1459,66,73.98,7.2,571.31
2026-03-29,Brand Defense,Brand Core,pureglow skincare,Exact match,Tier 3 - Brand Defense,False,True,2271,106,130.52,12.0,1100.94
2026-03-29,Brand Defense,Brand Bundle,pureglow spf bundle,Exact match,Tier 3 - Brand Defense,False,True,1105,55,63.86,7.0,561.58
2026-03-29,Brand Defense,Brand Product,pureglow vitamin c serum,Exact match,Tier 3 - Brand Defense,False,True,1992,92,116.75,11.0,856.12
2026-03-29,SPF Moisturizer Bundle,Daily SPF,buy spf moisturizer online,Exact match,Tier 1 - High Intent,True,True,4093,178,206.38,21.4,1630.77
2026-03-29,SPF Moisturizer Bundle,Broad Moisturizer,moisturizer,Broad match,Untiered - Broad,False,False,1364,60,68.96,7.4,564.67
2026-03-29,SPF Moisturizer Bundle,SPF Bundle,spf moisturizer bundle,Exact match,Tier 1 - High Intent,True,True,5598,246,282.82,32.2,2473.68
2026-03-29,SPF Moisturizer Bundle,Vegan SPF,vegan spf moisturizer,Phrase match,Tier 2 - Mid Intent,True,True,2179,120,132.57,13.5,1088.93
2026-03-29,Skincare Routine Quiz,Routine Quiz,best skincare routine for dry skin,Phrase match,Tier 2 - Mid Intent,True,True,3266,166,186.34,18.4,1383.14
2026-03-29,Skincare Routine Quiz,Plant Based,plant based moisturizer,Phrase match,Tier 2 - Mid Intent,True,True,2875,140,144.47,15.2,1125.5
2026-03-30,Best Serum for Dry Skin,Vitamin C Serum,best vitamin c serum for dry skin,Exact match,Tier 1 - High Intent,True,True,6618,326,394.43,40.5,2823.84
2026-03-30,Best Serum for Dry Skin,Hydrating Serum,buy hydrating face serum online,Exact match,Tier 1 - High Intent,True,True,5344,282,297.96,30.2,2627.62
2026-03-30,Best Serum for Dry Skin,Natural Serum,natural skincare routine,Phrase match,Tier 2 - Mid Intent,True,False,2478,118,136.26,14.0,1104.05
2026-03-30,Best Serum for Dry Skin,Broad Skincare,skincare,Broad match,Untiered - Broad,False,False,1221,64,69.31,7.0,558.24
2026-03-30,Brand Defense,Brand Core,pureglow skincare,Exact match,Tier 3 - Brand Defense,False,True,2079,113,125.31,13.6,1065.34
2026-03-30,Brand Defense,Brand Bundle,pureglow spf bundle,Exact match,Tier 3 - Brand Defense,False,True,1218,51,68.16,6.1,456.48
2026-03-30,Brand Defense,Brand Product,pureglow vitamin c serum,Exact match,Tier 3 - Brand Defense,False,True,1970,98,105.51,10.3,893.12
2026-03-30,SPF Moisturizer Bundle,Daily SPF,buy spf moisturizer online,Exact match,Tier 1 - High Intent,True,True,4031,175,199.05,19.4,1640.11
2026-03-30,SPF Moisturizer Bundle,Broad Moisturizer,moisturizer,Broad match,Untiered - Broad,False,False,1317,55,73.2,6.6,567.86
2026-03-30,SPF Moisturizer Bundle,SPF Bundle,spf moisturizer bundle,Exact match,Tier 1 - High Intent,True,True,5700,267,311.74,31.7,2425.44
2026-03-30,SPF Moisturizer Bundle,Vegan SPF,vegan spf moisturizer,Phrase match,Tier 2 - Mid Intent,True,True,2170,115,126.56,12.6,923.28
2026-03-30,Skincare Routine Quiz,Routine Quiz,best skincare routine for dry skin,Phrase match,Tier 2 - Mid Intent,True,True,3578,172,200.75,17.2,1586.29
2026-03-30,Skincare Routine Quiz,Plant Based,plant based moisturizer,Phrase match,Tier 2 - Mid Intent,True,True,2544,125,147.48,16.2,1195.93
2026-03-31,Best Serum for Dry Skin,Vitamin C Serum,best vitamin c serum for dry skin,Exact match,Tier 1 - High Intent,True,True,6729,373,418.73,36.1,3085.67
2026-03-31,Best Serum for Dry Skin,Hydrating Serum,buy hydrating face serum online,Exact match,Tier 1 - High Intent,True,True,5773,286,319.1,30.8,2486.16
2026-03-31,Best Serum for Dry Skin,Natural Serum,natural skincare routine,Phrase match,Tier 2 - Mid Intent,True,False,2284,120,139.85,11.9,959.65
2026-03-31,Best Serum for Dry Skin,Broad Skincare,skincare,Broad match,Untiered - Broad,False,False,1337,60,72.55,7.6,551.28
2026-03-31,Brand Defense,Brand Core,pureglow skincare,Exact match,Tier 3 - Brand Defense,False,True,2351,123,142.0,13.2,1125.14
2026-03-31,Brand Defense,Brand Bundle,pureglow spf bundle,Exact match,Tier 3 - Brand Defense,False,True,1104,57,65.6,6.3,502.18
2026-03-31,Brand Defense,Brand Product,pureglow vitamin c serum,Exact match,Tier 3 - Brand Defense,False,True,2095,97,111.07,10.3,875.01
2026-03-31,SPF Moisturizer Bundle,Daily SPF,buy spf moisturizer online,Exact match,Tier 1 - High Intent,True,True,3953,199,218.66,22.5,1724.21
2026-03-31,SPF Moisturizer Bundle,Broad Moisturizer,moisturizer,Broad match,Untiered - Broad,False,False,1376,67,74.94,7.8,540.25
2026-03-31,SPF Moisturizer Bundle,SPF Bundle,spf moisturizer bundle,Exact match,Tier 1 - High Intent,True,True,5965,248,290.26,31.3,2413.31
2026-03-31,SPF Moisturizer Bundle,Vegan SPF,vegan spf moisturizer,Phrase match,Tier 2 - Mid Intent,True,True,2315,120,132.48,11.9,1110.84
2026-03-31,Skincare Routine Quiz,Routine Quiz,best skincare routine for dry skin,Phrase match,Tier 2 - Mid Intent,True,True,3395,170,200.54,17.7,1641.39
2026-03-31,Skincare Routine Quiz,Plant Based,plant based moisturizer,Phrase match,Tier 2 - Mid Intent,True,True,3018,140,146.93,15.4,1217.26
2026-04-01,Best Serum for Dry Skin,Vitamin C Serum,best vitamin c serum for dry skin,Exact match,Tier 1 - High Intent,True,True,6634,331,356.63,40.8,2842.54
2026-04-01,Best Serum for Dry Skin,Hydrating Serum,buy hydrating face serum online,Exact match,Tier 1 - High Intent,True,True,5569,290,320.28,29.5,2267.13
2026-04-01,Best Serum for Dry Skin,Natural Serum,natural skincare routine,Phrase match,Tier 2 - Mid Intent,True,False,2070,111,130.43,12.5,976.92
2026-04-01,Best Serum for Dry Skin,Broad Skincare,skincare,Broad match,Untiered - Broad,False,False,1284,62,71.55,7.5,568.1
2026-04-01,Brand Defense,Brand Core,pureglow skincare,Exact match,Tier 3 - Brand Defense,False,True,2099,118,122.02,11.4,962.78
2026-04-01,Brand Defense,Brand Bundle,pureglow spf bundle,Exact match,Tier 3 - Brand Defense,False,True,1027,52,57.31,6.8,477.63
2026-04-01,Brand Defense,Brand Product,pureglow vitamin c serum,Exact match,Tier 3 - Brand Defense,False,True,1900,89,105.32,11.5,759.72
2026-04-01,SPF Moisturizer Bundle,Daily SPF,buy spf moisturizer online,Exact match,Tier 1 - High Intent,True,True,3721,178,221.42,22.4,1630.29
2026-04-01,SPF Moisturizer Bundle,Broad Moisturizer,moisturizer,Broad match,Untiered - Broad,False,False,1215,57,64.24,6.6,557.93
2026-04-01,SPF Moisturizer Bundle,SPF Bundle,spf moisturizer bundle,Exact match,Tier 1 - High Intent,True,True,4659,250,278.62,31.6,2080.9
2026-04-01,SPF Moisturizer Bundle,Vegan SPF,vegan spf moisturizer,Phrase match,Tier 2 - Mid Intent,True,True,2339,112,118.7,11.9,899.45
2026-04-01,Skincare Routine Quiz,Routine Quiz,best skincare routine for dry skin,Phrase match,Tier 2 - Mid Intent,True,True,3310,170,185.99,17.9,1368.76
2026-04-01,Skincare Routine Quiz,Plant Based,plant based moisturizer,Phrase match,Tier 2 - Mid Intent,True,True,2377,137,138.69,14.5,1106.04
2026-04-02,Best Serum for Dry Skin,Vitamin C Serum,best vitamin c serum for dry skin,Exact match,Tier 1 - High Intent,True,True,7539,366,388.69,45.0,3278.05
2026-04-02,Best Serum for Dry Skin,Hydrating Serum,buy hydrating face serum online,Exact match,Tier 1 - High Intent,True,True,5382,307,327.79,32.9,2672.61
2026-04-02,Best Serum for Dry Skin,Natural Serum,natural skincare routine,Phrase match,Tier 2 - Mid Intent,True,False,2318,114,134.87,12.3,1102.83
2026-04-02,Best Serum for Dry Skin,Broad Skincare,skincare,Broad match,Untiered - Broad,False,False,1426,67,72.4,7.2,620.99
2026-04-02,Brand Defense,Brand Core,pureglow skincare,Exact match,Tier 3 - Brand Defense,False,True,2624,129,145.56,14.0,1005.09
2026-04-02,Brand Defense,Brand Bundle,pureglow spf bundle,Exact match,Tier 3 - Brand Defense,False,True,1171,58,71.76,7.5,503.03
2026-04-02,Brand Defense,Brand Product,pureglow vitamin c serum,Exact match,Tier 3 - Brand Defense,False,True,1818,108,111.52,10.9,875.19
2026-04-02,SPF Moisturizer Bundle,Daily SPF,buy spf moisturizer online,Exact match,Tier 1 - High Intent,True,True,3606,191,235.64,22.5,1744.23
2026-04-02,SPF Moisturizer Bundle,Broad Moisturizer,moisturizer,Broad match,Untiered - Broad,False,False,1248,62,73.71,7.3,568.49
2026-04-02,SPF Moisturizer Bundle,SPF Bundle,spf moisturizer bundle,Exact match,Tier 1 - High Intent,True,True,5327,273,317.85,33.8,2294.68
2026-04-02,SPF Moisturizer Bundle,Vegan SPF,vegan spf moisturizer,Phrase match,Tier 2 - Mid Intent,True,True,2536,124,128.65,13.6,1093.3
2026-04-02,Skincare Routine Quiz,Routine Quiz,best skincare routine for dry skin,Phrase match,Tier 2 - Mid Intent,True,True,3778,174,190.59,20.6,1491.56
2026-04-02,Skincare Routine Quiz,Plant Based,plant based moisturizer,Phrase match,Tier 2 - Mid Intent,True,True,2975,142,168.8,17.3,1191.01
2026-04-03,Best Serum for Dry Skin,Vitamin C Serum,best vitamin c serum for dry skin,Exact match,Tier 1 - High Intent,True,True,7686,386,420.58,43.5,3241.92
2026-04-03,Best Serum for Dry Skin,Hydrating Serum,buy hydrating face serum online,Exact match,Tier 1 - High Intent,True,True,6200,327,338.17,33.9,2693.53
2026-04-03,Best Serum for Dry Skin,Natural Serum,natural skincare routine,Phrase match,Tier 2 - Mid Intent,True,False,2457,134,139.05,13.6,1103.97
2026-04-03,Best Serum for Dry Skin,Broad Skincare,skincare,Broad match,Untiered - Broad,False,False,1297,63,74.96,6.8,545.18
2026-04-03,Brand Defense,Brand Core,pureglow skincare,Exact match,Tier 3 - Brand Defense,False,True,2402,115,142.6,11.6,988.52
2026-04-03,Brand Defense,Brand Bundle,pureglow spf bundle,Exact match,Tier 3 - Brand Defense,False,True,1136,65,71.56,6.1,539.9
2026-04-03,Brand Defense,Brand Product,pureglow vitamin c serum,Exact match,Tier 3 - Brand Defense,False,True,1989,100,111.1,10.6,794.47
2026-04-03,SPF Moisturizer Bundle,Daily SPF,buy spf moisturizer online,Exact match,Tier 1 - High Intent,True,True,4263,215,206.01,22.3,1859.61
2026-04-03,SPF Moisturizer Bundle,Broad Moisturizer,moisturizer,Broad match,Untiered - Broad,False,False,1208,66,66.04,7.2,493.38
2026-04-03,SPF Moisturizer Bundle,SPF Bundle,spf moisturizer bundle,Exact match,Tier 1 - High Intent,True,True,5679,299,303.83,26.9,2503.3
2026-04-03,SPF Moisturizer Bundle,Vegan SPF,vegan spf moisturizer,Phrase match,Tier 2 - Mid Intent,True,True,2473,120,143.2,13.7,1106.5
2026-04-03,Skincare Routine Quiz,Routine Quiz,best skincare routine for dry skin,Phrase match,Tier 2 - Mid Intent,True,True,3495,183,210.21,18.3,1547.96
2026-04-03,Skincare Routine Quiz,Plant Based,plant based moisturizer,Phrase match,Tier 2 - Mid Intent,True,True,2633,135,156.28,14.1,1211.63
2026-04-04,Best Serum for Dry Skin,Vitamin C Serum,best vitamin c serum for dry skin,Exact match,Tier 1 - High Intent,True,True,6998,357,407.78,43.8,3453.49
2026-04-04,Best Serum for Dry Skin,Hydrating Serum,buy hydrating face serum online,Exact match,Tier 1 - High Intent,True,True,6575,301,307.08,33.8,2704.15
2026-04-04,Best Serum for Dry Skin,Natural Serum,natural skincare routine,Phrase match,Tier 2 - Mid Intent,True,False,2680,130,140.26,13.2,1164.83
2026-04-04,Best Serum for Dry Skin,Broad Skincare,skincare,Broad match,Untiered - Broad,False,False,1339,67,74.73,7.3,590.19
2026-04-04,Brand Defense,Brand Core,pureglow skincare,Exact match,Tier 3 - Brand Defense,False,True,2549,123,138.81,12.8,1022.45
2026-04-04,Brand Defense,Brand Bundle,pureglow spf bundle,Exact match,Tier 3 - Brand Defense,False,True,1235,64,70.1,7.5,576.15
2026-04-04,Brand Defense,Brand Product,pureglow vitamin c serum,Exact match,Tier 3 - Brand Defense,False,True,2081,106,111.64,11.1,928.57
2026-04-04,SPF Moisturizer Bundle,Daily SPF,buy spf moisturizer online,Exact match,Tier 1 - High Intent,True,True,4150,217,235.27,24.2,1779.24
2026-04-04,SPF Moisturizer Bundle,Broad Moisturizer,moisturizer,Broad match,Untiered - Broad,False,False,1380,63,71.43,7.1,546.89
2026-04-04,SPF Moisturizer Bundle,SPF Bundle,spf moisturizer bundle,Exact match,Tier 1 - High Intent,True,True,5754,294,324.83,35.4,2347.71
2026-04-04,SPF Moisturizer Bundle,Vegan SPF,vegan spf moisturizer,Phrase match,Tier 2 - Mid Intent,True,True,2391,116,122.72,14.7,1068.0
2026-04-04,Skincare Routine Quiz,Routine Quiz,best skincare routine for dry skin,Phrase match,Tier 2 - Mid Intent,True,True,3818,192,200.19,22.3,1622.81
2026-04-04,Skincare Routine Quiz,Plant Based,plant based moisturizer,Phrase match,Tier 2 - Mid Intent,True,True,2774,143,162.4,14.4,1252.0
2026-04-05,Best Serum for Dry Skin,Vitamin C Serum,best vitamin c serum for dry skin,Exact match,Tier 1 - High Intent,True,True,7026,363,420.99,41.3,3220.07
2026-04-05,Best Serum for Dry Skin,Hydrating Serum,buy hydrating face serum online,Exact match,Tier 1 - High Intent,True,True,6087,294,324.18,36.0,2716.01
2026-04-05,Best Serum for Dry Skin,Natural Serum,natural skincare routine,Phrase match,Tier 2 - Mid Intent,True,False,2689,113,136.14,12.4,1007.94
2026-04-05,Best Serum for Dry Skin,Broad Skincare,skincare,Broad match,Untiered - Broad,False,False,1347,65,75.33,8.1,537.51
2026-04-05,Brand Defense,Brand Core,pureglow skincare,Exact match,Tier 3 - Brand Defense,False,True,2401,121,127.03,12.2,979.64
2026-04-05,Brand Defense,Brand Bundle,pureglow spf bundle,Exact match,Tier 3 - Brand Defense,False,True,1233,62,68.46,7.4,498.85
2026-04-05,Brand Defense,Brand Product,pureglow vitamin c serum,Exact match,Tier 3 - Brand Defense,False,True,1970,101,106.76,11.7,947.84
2026-04-05,SPF Moisturizer Bundle,Daily SPF,buy spf moisturizer online,Exact match,Tier 1 - High Intent,True,True,4422,184,244.02,23.2,1859.95
2026-04-05,SPF Moisturizer Bundle,Broad Moisturizer,moisturizer,Broad match,Untiered - Broad,False,False,1225,64,70.77,7.1,599.61
2026-04-05,SPF Moisturizer Bundle,SPF Bundle,spf moisturizer bundle,Exact match,Tier 1 - High Intent,True,True,5939,279,311.14,33.0,2372.38
2026-04-05,SPF Moisturizer Bundle,Vegan SPF,vegan spf moisturizer,Phrase match,Tier 2 - Mid Intent,True,True,2603,118,142.01,13.4,998.57
2026-04-05,Skincare Routine Quiz,Routine Quiz,best skincare routine for dry skin,Phrase match,Tier 2 - Mid Intent,True,True,3399,192,189.8,19.5,1639.13
2026-04-05,Skincare Routine Quiz,Plant Based,plant based moisturizer,Phrase match,Tier 2 - Mid Intent,True,True,2807,132,154.16,16.7,1315.73
2026-04-06,Best Serum for Dry Skin,Vitamin C Serum,best vitamin c serum for dry skin,Exact match,Tier 1 - High Intent,True,True,6769,398,415.96,41.2,3100.56
2026-04-06,Best Serum for Dry Skin,Hydrating Serum,buy hydrating face serum online,Exact match,Tier 1 - High Intent,True,True,5958,308,348.31,35.6,2825.09
2026-04-06,Best Serum for Dry Skin,Natural Serum,natural skincare routine,Phrase match,Tier 2 - Mid Intent,True,False,2484,126,135.81,12.4,1052.51
2026-04-06,Best Serum for Dry Skin,Broad Skincare,skincare,Broad match,Untiered - Broad,False,False,1438,67,75.89,8.0,548.45
2026-04-06,Brand Defense,Brand Core,pureglow skincare,Exact match,Tier 3 - Brand Defense,False,True,2367,126,126.88,12.7,1045.94
2026-04-06,Brand Defense,Brand Bundle,pureglow spf bundle,Exact match,Tier 3 - Brand Defense,False,True,1266,66,69.3,7.6,482.89
2026-04-06,Brand Defense,Brand Product,pureglow vitamin c serum,Exact match,Tier 3 - Brand Defense,False,True,2279,106,103.67,11.8,932.76
2026-04-06,SPF Moisturizer Bundle,Daily SPF,buy spf moisturizer online,Exact match,Tier 1 - High Intent,True,True,4111,194,210.84,24.7,1684.27
2026-04-06,SPF Moisturizer Bundle,Broad Moisturizer,moisturizer,Broad match,Untiered - Broad,False,False,1226,61,70.32,8.1,583.67
2026-04-06,SPF Moisturizer Bundle,SPF Bundle,spf moisturizer bundle,Exact match,Tier 1 - High Intent,True,True,5218,306,296.64,33.3,2559.83
2026-04-06,SPF Moisturizer Bundle,Vegan SPF,vegan spf moisturizer,Phrase match,Tier 2 - Mid Intent,True,True,2717,123,131.81,13.2,953.13
2026-04-06,Skincare Routine Quiz,Routine Quiz,best skincare routine for dry skin,Phrase match,Tier 2 - Mid Intent,True,True,3933,180,216.57,19.6,1438.17
2026-04-06,Skincare Routine Quiz,Plant Based,plant based moisturizer,Phrase match,Tier 2 - Mid Intent,True,True,2752,145,169.2,16.3,1092.31
2026-04-07,Best Serum for Dry Skin,Vitamin C Serum,best vitamin c serum for dry skin,Exact match,Tier 1 - High Intent,True,True,7903,368,403.06,40.2,3191.01
2026-04-07,Best Serum for Dry Skin,Hydrating Serum,buy hydrating face serum online,Exact match,Tier 1 - High Intent,True,True,6169,310,364.43,35.7,2477.47
2026-04-07,Best Serum for Dry Skin,Natural Serum,natural skincare routine,Phrase match,Tier 2 - Mid Intent,True,False,2372,117,144.45,12.8,1145.83
2026-04-07,Best Serum for Dry Skin,Broad Skincare,skincare,Broad match,Untiered - Broad,False,False,1421,71,80.79,6.8,535.22
2026-04-07,Brand Defense,Brand Core,pureglow skincare,Exact match,Tier 3 - Brand Defense,False,True,2478,129,137.79,14.1,1044.42
2026-04-07,Brand Defense,Brand Bundle,pureglow spf bundle,Exact match,Tier 3 - Brand Defense,False,True,1237,60,68.48,6.5,499.34
2026-04-07,Brand Defense,Brand Product,pureglow vitamin c serum,Exact match,Tier 3 - Brand Defense,False,True,1879,96,115.94,11.3,850.29
2026-04-07,SPF Moisturizer Bundle,Daily SPF,buy spf moisturizer online,Exact match,Tier 1 - High Intent,True,True,3943,210,220.46,22.5,1854.41
2026-04-07,SPF Moisturizer Bundle,Broad Moisturizer,moisturizer,Broad match,Untiered - Broad,False,False,1275,65,69.99,6.5,594.3
2026-04-07,SPF Moisturizer Bundle,SPF Bundle,spf moisturizer bundle,Exact match,Tier 1 - High Intent,True,True,5414,309,329.23,31.5,2647.09
2026-04-07,SPF Moisturizer Bundle,Vegan SPF,vegan spf moisturizer,Phrase match,Tier 2 - Mid Intent,True,True,2306,128,132.81,12.7,982.45
2026-04-07,Skincare Routine Quiz,Routine Quiz,best skincare routine for dry skin,Phrase match,Tier 2 - Mid Intent,True,True,3922,179,224.4,21.5,1478.71
2026-04-07,Skincare Routine Quiz,Plant Based,plant based moisturizer,Phrase match,Tier 2 - Mid Intent,True,True,2946,154,159.49,14.6,1188.66
2026-04-08,Best Serum for Dry Skin,Vitamin C Serum,best vitamin c serum for dry skin,Exact match,Tier 1 - High Intent,True,True,7260,342,342.66,37.9,2857.78
2026-04-08,Best Serum for Dry Skin,Hydrating Serum,buy hydrating face serum online,Exact match,Tier 1 - High Intent,True,True,4976,290,302.6,28.2,2360.78
2026-04-08,Best Serum for Dry Skin,Natural Serum,natural skincare routine,Phrase match,Tier 2 - Mid Intent,True,False,2330,122,122.49,12.4,903.97
2026-04-08,Best Serum for Dry Skin,Broad Skincare,skincare,Broad match,Untiered - Broad,False,False,1128,58,69.79,6.3,528.73
2026-04-08,Brand Defense,Brand Core,pureglow skincare,Exact match,Tier 3 - Brand Defense,False,True,2426,108,115.18,13.9,953.56
2026-04-08,Brand Defense,Brand Bundle,pureglow spf bundle,Exact match,Tier 3 - Brand Defense,False,True,1205,55,61.56,6.9,488.82
2026-04-08,Brand Defense,Brand Product,pureglow vitamin c serum,Exact match,Tier 3 - Brand Defense,False,True,1896,99,104.79,9.7,748.75
2026-04-08,SPF Moisturizer Bundle,Daily SPF,buy spf moisturizer online,Exact match,Tier 1 - High Intent,True,True,3337,174,199.36,18.6,1697.23
2026-04-08,SPF Moisturizer Bundle,Broad Moisturizer,moisturizer,Broad match,Untiered - Broad,False,False,1062,63,60.31,6.7,545.55
2026-04-08,SPF Moisturizer Bundle,SPF Bundle,spf moisturizer bundle,Exact match,Tier 1 - High Intent,True,True,5061,271,283.06,31.7,2231.68
2026-04-08,SPF Moisturizer Bundle,Vegan SPF,vegan spf moisturizer,Phrase match,Tier 2 - Mid Intent,True,True,2027,115,112.73,13.2,989.77
2026-04-08,Skincare Routine Quiz,Routine Quiz,best skincare routine for dry skin,Phrase match,Tier 2 - Mid Intent,True,True,3030,155,176.22,17.8,1503.51
2026-04-08,Skincare Routine Quiz,Plant Based,plant based moisturizer,Phrase match,Tier 2 - Mid Intent,True,True,2675,124,146.96,13.7,1204.66
2026-04-09,Best Serum for Dry Skin,Vitamin C Serum,best vitamin c serum for dry skin,Exact match,Tier 1 - High Intent,True,True,7703,381,389.84,45.0,3315.59
2026-04-09,Best Serum for Dry Skin,Hydrating Serum,buy hydrating face serum online,Exact match,Tier 1 - High Intent,True,True,5966,300,319.72,36.0,2578.08
2026-04-09,Best Serum for Dry Skin,Natural Serum,natural skincare routine,Phrase match,Tier 2 - Mid Intent,True,False,2518,116,128.22,14.5,1036.32
2026-04-09,Best Serum for Dry Skin,Broad Skincare,skincare,Broad match,Untiered - Broad,False,False,1268,60,67.2,6.8,571.56
2026-04-09,Brand Defense,Brand Core,pureglow skincare,Exact match,Tier 3 - Brand Defense,False,True,2346,127,130.0,13.9,1116.48
2026-04-09,Brand Defense,Brand Bundle,pureglow spf bundle,Exact match,Tier 3 - Brand Defense,False,True,1168,57,67.9,7.2,476.23
2026-04-09,Brand Defense,Brand Product,pureglow vitamin c serum,Exact match,Tier 3 - Brand Defense,False,True,2114,94,112.47,12.1,816.93
2026-04-09,SPF Moisturizer Bundle,Daily SPF,buy spf moisturizer online,Exact match,Tier 1 - High Intent,True,True,4111,186,225.02,25.5,1625.67
2026-04-09,SPF Moisturizer Bundle,Broad Moisturizer,moisturizer,Broad match,Untiered - Broad,False,False,1184,63,70.55,7.6,546.3
2026-04-09,SPF Moisturizer Bundle,SPF Bundle,spf moisturizer bundle,Exact match,Tier 1 - High Intent,True,True,5154,291,279.03,30.5,2470.55
2026-04-09,SPF Moisturizer Bundle,Vegan SPF,vegan spf moisturizer,Phrase match,Tier 2 - Mid Intent,True,True,2385,112,128.56,12.1,1072.34
2026-04-09,Skincare Routine Quiz,Routine Quiz,best skincare routine for dry skin,Phrase match,Tier 2 - Mid Intent,True,True,3612,175,182.12,20.3,1418.21
2026-04-09,Skincare Routine Quiz,Plant Based,plant based moisturizer,Phrase match,Tier 2 - Mid Intent,True,True,2925,142,141.62,15.6,1253.67
2026-04-10,Best Serum for Dry Skin,Vitamin C Serum,best vitamin c serum for dry skin,Exact match,Tier 1 - High Intent,True,True,6375,328,362.13,34.9,3238.89
2026-04-10,Best Serum for Dry Skin,Hydrating Serum,buy hydrating face serum online,Exact match,Tier 1 - High Intent,True,True,5443,284,318.38,34.7,2526.09
2026-04-10,Best Serum for Dry Skin,Natural Serum,natural skincare routine,Phrase match,Tier 2 - Mid Intent,True,False,2339,116,134.38,14.4,954.86
2026-04-10,Best Serum for Dry Skin,Broad Skincare,skincare,Broad match,Untiered - Broad,False,False,1084,64,69.93,6.8,500.54
2026-04-10,Brand Defense,Brand Core,pureglow skincare,Exact match,Tier 3 - Brand Defense,False,True,2367,114,123.7,13.1,1114.54
2026-04-10,Brand Defense,Brand Bundle,pureglow spf bundle,Exact match,Tier 3 - Brand Defense,False,True,1224,60,65.74,5.7,479.94
2026-04-10,Brand Defense,Brand Product,pureglow vitamin c serum,Exact match,Tier 3 - Brand Defense,False,True,1678,100,99.52,9.5,902.03
2026-04-10,SPF Moisturizer Bundle,Daily SPF,buy spf moisturizer online,Exact match,Tier 1 - High Intent,True,True,3378,189,200.76,23.3,1605.65
2026-04-10,SPF Moisturizer Bundle,Broad Moisturizer,moisturizer,Broad match,Untiered - Broad,False,False,1238,63,62.52,6.8,579.16
2026-04-10,SPF Moisturizer Bundle,SPF Bundle,spf moisturizer bundle,Exact match,Tier 1 - High Intent,True,True,5434,253,302.43,26.4,2515.99
2026-04-10,SPF Moisturizer Bundle,Vegan SPF,vegan spf moisturizer,Phrase match,Tier 2 - Mid Intent,True,True,2377,114,115.78,14.0,1065.75
2026-04-10,Skincare Routine Quiz,Routine Quiz,best skincare routine for dry skin,Phrase match,Tier 2 - Mid Intent,True,True,3083,157,200.04,20.5,1485.71
2026-04-10,Skincare Routine Quiz,Plant Based,plant based moisturizer,Phrase match,Tier 2 - Mid Intent,True,True,2618,124,152.43,16.0,1138.82
2026-04-11,Best Serum for Dry Skin,Vitamin C Serum,best vitamin c serum for dry skin,Exact match,Tier 1 - High Intent,True,True,8031,369,397.9,41.3,3186.27
2026-04-11,Best Serum for Dry Skin,Hydrating Serum,buy hydrating face serum online,Exact match,Tier 1 - High Intent,True,True,6975,349,359.56,34.5,2566.61
2026-04-11,Best Serum for Dry Skin,Natural Serum,natural skincare routine,Phrase match,Tier 2 - Mid Intent,True,False,2413,139,143.93,14.1,1110.98
2026-04-11,Best Serum for Dry Skin,Broad Skincare,skincare,Broad match,Untiered - Broad,False,False,1272,70,78.44,8.1,604.85
2026-04-11,Brand Defense,Brand Core,pureglow skincare,Exact match,Tier 3 - Brand Defense,False,True,2505,129,148.39,13.4,1090.66
2026-04-11,Brand Defense,Brand Bundle,pureglow spf bundle,Exact match,Tier 3 - Brand Defense,False,True,1233,63,67.54,7.0,536.43
2026-04-11,Brand Defense,Brand Product,pureglow vitamin c serum,Exact match,Tier 3 - Brand Defense,False,True,2377,113,118.5,11.2,977.79
2026-04-11,SPF Moisturizer Bundle,Daily SPF,buy spf moisturizer online,Exact match,Tier 1 - High Intent,True,True,4318,219,214.75,25.6,1823.69
2026-04-11,SPF Moisturizer Bundle,Broad Moisturizer,moisturizer,Broad match,Untiered - Broad,False,False,1466,63,67.78,8.1,583.75
2026-04-11,SPF Moisturizer Bundle,SPF Bundle,spf moisturizer bundle,Exact match,Tier 1 - High Intent,True,True,5544,297,313.74,33.8,2535.64
2026-04-11,SPF Moisturizer Bundle,Vegan SPF,vegan spf moisturizer,Phrase match,Tier 2 - Mid Intent,True,True,2722,132,144.01,12.8,1066.24
2026-04-11,Skincare Routine Quiz,Routine Quiz,best skincare routine for dry skin,Phrase match,Tier 2 - Mid Intent,True,True,3629,210,204.24,23.2,1542.21
2026-04-11,Skincare Routine Quiz,Plant Based,plant based moisturizer,Phrase match,Tier 2 - Mid Intent,True,True,3222,150,165.42,16.6,1309.21
2026-04-12,Best Serum for Dry Skin,Vitamin C Serum,best vitamin c serum for dry skin,Exact match,Tier 1 - High Intent,True,True,7535,387,439.91,43.9,3123.92
2026-04-12,Best Serum for Dry Skin,Hydrating Serum,buy hydrating face serum online,Exact match,Tier 1 - High Intent,True,True,6461,324,351.82,33.5,2715.48
2026-04-12,Best Serum for Dry Skin,Natural Serum,natural skincare routine,Phrase match,Tier 2 - Mid Intent,True,False,2692,135,148.57,15.5,1098.82
2026-04-12,Best Serum for Dry Skin,Broad Skincare,skincare,Broad match,Untiered - Broad,False,False,1431,63,68.55,7.6,560.86
2026-04-12,Brand Defense,Brand Core,pureglow skincare,Exact match,Tier 3 - Brand Defense,False,True,2500,124,136.38,15.1,1163.69
2026-04-12,Brand Defense,Brand Bundle,pureglow spf bundle,Exact match,Tier 3 - Brand Defense,False,True,1359,62,71.94,6.4,554.63
2026-04-12,Brand Defense,Brand Product,pureglow vitamin c serum,Exact match,Tier 3 - Brand Defense,False,True,2242,108,117.19,12.0,879.52
2026-04-12,SPF Moisturizer Bundle,Daily SPF,buy spf moisturizer online,Exact match,Tier 1 - High Intent,True,True,4041,208,234.56,25.1,1779.33
2026-04-12,SPF Moisturizer Bundle,Broad Moisturizer,moisturizer,Broad match,Untiered - Broad,False,False,1224,70,73.12,6.7,596.79
2026-04-12,SPF Moisturizer Bundle,SPF Bundle,spf moisturizer bundle,Exact match,Tier 1 - High Intent,True,True,5586,300,317.87,35.2,2281.17
2026-04-12,SPF Moisturizer Bundle,Vegan SPF,vegan spf moisturizer,Phrase match,Tier 2 - Mid Intent,True,True,2495,119,141.25,13.5,1174.94
2026-04-12,Skincare Routine Quiz,Routine Quiz,best skincare routine for dry skin,Phrase match,Tier 2 - Mid Intent,True,True,3789,180,197.54,23.6,1676.75
2026-04-12,Skincare Routine Quiz,Plant Based,plant based moisturizer,Phrase match,Tier 2 - Mid Intent,True,True,3056,144,174.99,15.2,1237.83
2026-04-13,Best Serum for Dry Skin,Vitamin C Serum,best vitamin c serum for dry skin,Exact match,Tier 1 - High Intent,True,True,6593,360,405.18,42.1,3333.39
2026-04-13,Best Serum for Dry Skin,Hydrating Serum,buy hydrating face serum online,Exact match,Tier 1 - High Intent,True,True,6472,291,315.89,29.6,2517.05
2026-04-13,Best Serum for Dry Skin,Natural Serum,natural skincare routine,Phrase match,Tier 2 - Mid Intent,True,False,2650,124,141.8,13.3,1093.74
2026-04-13,Best Serum for Dry Skin,Broad Skincare,skincare,Broad match,Untiered - Broad,False,False,1386,63,75.2,7.3,566.67
2026-04-13,Brand Defense,Brand Core,pureglow skincare,Exact match,Tier 3 - Brand Defense,False,True,2684,111,135.78,13.2,1021.98
2026-04-13,Brand Defense,Brand Bundle,pureglow spf bundle,Exact match,Tier 3 - Brand Defense,False,True,1262,58,66.14,7.2,527.74
2026-04-13,Brand Defense,Brand Product,pureglow vitamin c serum,Exact match,Tier 3 - Brand Defense,False,True,2221,104,103.79,10.2,834.94
2026-04-13,SPF Moisturizer Bundle,Daily SPF,buy spf moisturizer online,Exact match,Tier 1 - High Intent,True,True,4127,193,220.16,20.9,1938.44
2026-04-13,SPF Moisturizer Bundle,Broad Moisturizer,moisturizer,Broad match,Untiered - Broad,False,False,1151,61,66.18,6.7,586.75
2026-04-13,SPF Moisturizer Bundle,SPF Bundle,spf moisturizer bundle,Exact match,Tier 1 - High Intent,True,True,6133,294,297.79,33.4,2521.45
2026-04-13,SPF Moisturizer Bundle,Vegan SPF,vegan spf moisturizer,Phrase match,Tier 2 - Mid Intent,True,True,2512,117,133.92,11.9,1059.78
2026-04-13,Skincare Routine Quiz,Routine Quiz,best skincare routine for dry skin,Phrase match,Tier 2 - Mid Intent,True,True,3570,174,195.99,19.6,1465.41
2026-04-13,Skincare Routine Quiz,Plant Based,plant based moisturizer,Phrase match,Tier 2 - Mid Intent,True,True,3140,144,159.78,16.1,1140.37
2026-04-14,Best Serum for Dry Skin,Vitamin C Serum,best vitamin c serum for dry skin,Exact match,Tier 1 - High Intent,True,True,6705,339,384.94,40.4,3186.1
2026-04-14,Best Serum for Dry Skin,Hydrating Serum,buy hydrating face serum online,Exact match,Tier 1 - High Intent,True,True,5440,309,360.59,34.9,2820.27
2026-04-14,Best Serum for Dry Skin,Natural Serum,natural skincare routine,Phrase match,Tier 2 - Mid Intent,True,False,2230,126,141.04,13.5,1176.43
2026-04-14,Best Serum for Dry Skin,Broad Skincare,skincare,Broad match,Untiered - Broad,False,False,1383,63,71.9,6.5,542.64
2026-04-14,Brand Defense,Brand Core,pureglow skincare,Exact match,Tier 3 - Brand Defense,False,True,2384,127,140.97,13.2,1169.03
2026-04-14,Brand Defense,Brand Bundle,pureglow spf bundle,Exact match,Tier 3 - Brand Defense,False,True,1091,65,63.12,6.8,575.73
2026-04-14,Brand Defense,Brand Product,pureglow vitamin c serum,Exact match,Tier 3 - Brand Defense,False,True,2074,100,106.24,11.8,868.7
2026-04-14,SPF Moisturizer Bundle,Daily SPF,buy spf moisturizer online,Exact match,Tier 1 - High Intent,True,True,3665,196,231.79,22.7,1764.68
2026-04-14,SPF Moisturizer Bundle,Broad Moisturizer,moisturizer,Broad match,Untiered - Broad,False,False,1244,67,66.16,6.7,584.16
2026-04-14,SPF Moisturizer Bundle,SPF Bundle,spf moisturizer bundle,Exact match,Tier 1 - High Intent,True,True,6082,281,304.81,29.7,2362.88
2026-04-14,SPF Moisturizer Bundle,Vegan SPF,vegan spf moisturizer,Phrase match,Tier 2 - Mid Intent,True,True,2250,129,138.97,12.2,1117.64
2026-04-14,Skincare Routine Quiz,Routine Quiz,best skincare routine for dry skin,Phrase match,Tier 2 - Mid Intent,True,True,3806,181,201.47,21.7,1680.16
2026-04-14,Skincare Routine Quiz,Plant Based,plant based moisturizer,Phrase match,Tier 2 - Mid Intent,True,True,2905,150,167.12,15.1,1275.2
2026-04-15,Best Serum for Dry Skin,Vitamin C Serum,best vitamin c serum for dry skin,Exact match,Tier 1 - High Intent,True,True,6363,368,404.83,38.9,3132.72
2026-04-15,Best Serum for Dry Skin,Hydrating Serum,buy hydrating face serum online,Exact match,Tier 1 - High Intent,True,True,5818,287,327.53,34.0,2655.43
2026-04-15,Best Serum for Dry Skin,Natural Serum,natural skincare routine,Phrase match,Tier 2 - Mid Intent,True,False,2242,114,146.03,15.8,1074.2
2026-04-15,Best Serum for Dry Skin,Broad Skincare,skincare,Broad match,Untiered - Broad,False,False,1243,62,69.5,6.8,605.0
2026-04-15,Brand Defense,Brand Core,pureglow skincare,Exact match,Tier 3 - Brand Defense,False,True,2273,113,145.08,13.4,1185.95
2026-04-15,Brand Defense,Brand Bundle,pureglow spf bundle,Exact match,Tier 3 - Brand Defense,False,True,1205,57,71.47,7.3,576.61
2026-04-15,Brand Defense,Brand Product,pureglow vitamin c serum,Exact match,Tier 3 - Brand Defense,False,True,1927,106,110.3,10.7,989.91
2026-04-15,SPF Moisturizer Bundle,Daily SPF,buy spf moisturizer online,Exact match,Tier 1 - High Intent,True,True,4174,202,212.86,24.9,1985.46
2026-04-15,SPF Moisturizer Bundle,Broad Moisturizer,moisturizer,Broad match,Untiered - Broad,False,False,1213,62,69.66,7.8,622.62
2026-04-15,SPF Moisturizer Bundle,SPF Bundle,spf moisturizer bundle,Exact match,Tier 1 - High Intent,True,True,5567,286,315.17,29.5,2614.04
2026-04-15,SPF Moisturizer Bundle,Vegan SPF,vegan spf moisturizer,Phrase match,Tier 2 - Mid Intent,True,True,2271,129,135.46,14.5,1071.73
2026-04-15,Skincare Routine Quiz,Routine Quiz,best skincare routine for dry skin,Phrase match,Tier 2 - Mid Intent,True,True,3172,177,200.93,18.8,1480.75
2026-04-15,Skincare Routine Quiz,Plant Based,plant based moisturizer,Phrase match,Tier 2 - Mid Intent,True,True,2836,135,151.05,15.3,1280.51
2026-04-16,Best Serum for Dry Skin,Vitamin C Serum,best vitamin c serum for dry skin,Exact match,Tier 1 - High Intent,True,True,6901,336,380.98,38.4,2946.74
2026-04-16,Best Serum for Dry Skin,Hydrating Serum,buy hydrating face serum online,Exact match,Tier 1 - High Intent,True,True,5838,277,320.9,35.8,2294.63
2026-04-16,Best Serum for Dry Skin,Natural Serum,natural skincare routine,Phrase match,Tier 2 - Mid Intent,True,False,2160,119,118.1,11.9,1107.79
2026-04-16,Best Serum for Dry Skin,Broad Skincare,skincare,Broad match,Untiered - Broad,False,False,1241,57,70.3,6.6,553.44
2026-04-16,Brand Defense,Brand Core,pureglow skincare,Exact match,Tier 3 - Brand Defense,False,True,2074,121,117.07,13.4,1043.84
2026-04-16,Brand Defense,Brand Bundle,pureglow spf bundle,Exact match,Tier 3 - Brand Defense,False,True,1089,54,66.41,6.1,487.63
2026-04-16,Brand Defense,Brand Product,pureglow vitamin c serum,Exact match,Tier 3 - Brand Defense,False,True,1705,95,101.58,11.1,872.12
2026-04-16,SPF Moisturizer Bundle,Daily SPF,buy spf moisturizer online,Exact match,Tier 1 - High Intent,True,True,3428,200,194.57,20.6,1740.73
2026-04-16,SPF Moisturizer Bundle,Broad Moisturizer,moisturizer,Broad match,Untiered - Broad,False,False,1143,59,64.32,6.9,488.86
2026-04-16,SPF Moisturizer Bundle,SPF Bundle,spf moisturizer bundle,Exact match,Tier 1 - High Intent,True,True,5135,247,291.06,30.4,2434.44
2026-04-16,SPF Moisturizer Bundle,Vegan SPF,vegan spf moisturizer,Phrase match,Tier 2 - Mid Intent,True,True,2145,106,114.93,13.4,985.89
2026-04-16,Skincare Routine Quiz,Routine Quiz,best skincare routine for dry skin,Phrase match,Tier 2 - Mid Intent,True,True,2949,184,191.67,19.3,1629.44
2026-04-16,Skincare Routine Quiz,Plant Based,plant based moisturizer,Phrase match,Tier 2 - Mid Intent,True,True,2312,135,153.77,17.3,1126.15
2026-04-17,Best Serum for Dry Skin,Vitamin C Serum,best vitamin c serum for dry skin,Exact match,Tier 1 - High Intent,True,True,7240,405,411.64,40.8,3182.87
2026-04-17,Best Serum for Dry Skin,Hydrating Serum,buy hydrating face serum online,Exact match,Tier 1 - High Intent,True,True,6728,313,330.7,37.7,2759.21
2026-04-17,Best Serum for Dry Skin,Natural Serum,natural skincare routine,Phrase match,Tier 2 - Mid Intent,True,False,2474,140,137.35,13.2,1219.32
2026-04-17,Best Serum for Dry Skin,Broad Skincare,skincare,Broad match,Untiered - Broad,False,False,1241,69,68.59,8.2,567.96
2026-04-17,Brand Defense,Brand Core,pureglow skincare,Exact match,Tier 3 - Brand Defense,False,True,2492,140,134.3,12.7,1138.81
2026-04-17,Brand Defense,Brand Bundle,pureglow spf bundle,Exact match,Tier 3 - Brand Defense,False,True,1162,65,67.58,6.9,597.31
2026-04-17,Brand Defense,Brand Product,pureglow vitamin c serum,Exact match,Tier 3 - Brand Defense,False,True,2217,107,114.68,11.3,1022.38
2026-04-17,SPF Moisturizer Bundle,Daily SPF,buy spf moisturizer online,Exact match,Tier 1 - High Intent,True,True,3945,213,234.52,22.7,1971.6
2026-04-17,SPF Moisturizer Bundle,Broad Moisturizer,moisturizer,Broad match,Untiered - Broad,False,False,1397,66,79.02,6.5,612.7
2026-04-17,SPF Moisturizer Bundle,SPF Bundle,spf moisturizer bundle,Exact match,Tier 1 - High Intent,True,True,5736,327,356.9,35.6,2383.91
2026-04-17,SPF Moisturizer Bundle,Vegan SPF,vegan spf moisturizer,Phrase match,Tier 2 - Mid Intent,True,True,2803,143,150.66,14.7,1041.58
2026-04-17,Skincare Routine Quiz,Routine Quiz,best skincare routine for dry skin,Phrase match,Tier 2 - Mid Intent,True,True,3840,188,197.79,22.0,1615.85
2026-04-17,Skincare Routine Quiz,Plant Based,plant based moisturizer,Phrase match,Tier 2 - Mid Intent,True,True,2739,163,158.34,16.8,1335.81
2026-04-18,Best Serum for Dry Skin,Vitamin C Serum,best vitamin c serum for dry skin,Exact match,Tier 1 - High Intent,True,True,8773,425,435.53,45.7,3226.95
2026-04-18,Best Serum for Dry Skin,Hydrating Serum,buy hydrating face serum online,Exact match,Tier 1 - High Intent,True,True,6192,326,395.61,39.5,2936.41
2026-04-18,Best Serum for Dry Skin,Natural Serum,natural skincare routine,Phrase match,Tier 2 - Mid Intent,True,False,2876,128,156.6,16.5,1304.3
2026-04-18,Best Serum for Dry Skin,Broad Skincare,skincare,Broad match,Untiered - Broad,False,False,1414,76,80.03,8.5,665.48
2026-04-18,Brand Defense,Brand Core,pureglow skincare,Exact match,Tier 3 - Brand Defense,False,True,2801,140,153.78,13.9,1064.83
2026-04-18,Brand Defense,Brand Bundle,pureglow spf bundle,Exact match,Tier 3 - Brand Defense,False,True,1302,65,68.86,8.1,569.68
2026-04-18,Brand Defense,Brand Product,pureglow vitamin c serum,Exact match,Tier 3 - Brand Defense,False,True,2261,116,120.94,13.6,1065.24
2026-04-18,SPF Moisturizer Bundle,Daily SPF,buy spf moisturizer online,Exact match,Tier 1 - High Intent,True,True,4694,217,263.52,23.6,1826.42
2026-04-18,SPF Moisturizer Bundle,Broad Moisturizer,moisturizer,Broad match,Untiered - Broad,False,False,1281,67,74.05,6.9,607.47
2026-04-18,SPF Moisturizer Bundle,SPF Bundle,spf moisturizer bundle,Exact match,Tier 1 - High Intent,True,True,5902,298,329.92,34.0,2864.09
2026-04-18,SPF Moisturizer Bundle,Vegan SPF,vegan spf moisturizer,Phrase match,Tier 2 - Mid Intent,True,True,2904,127,143.61,14.2,1075.88
2026-04-18,Skincare Routine Quiz,Routine Quiz,best skincare routine for dry skin,Phrase match,Tier 2 - Mid Intent,True,True,3895,215,234.97,21.8,1696.27
2026-04-18,Skincare Routine Quiz,Plant Based,plant based moisturizer,Phrase match,Tier 2 - Mid Intent,True,True,2855,153,177.48,17.8,1464.56
2026-04-19,Best Serum for Dry Skin,Vitamin C Serum,best vitamin c serum for dry skin,Exact match,Tier 1 - High Intent,True,True,7410,375,364.94,41.1,2988.84
2026-04-19,Best Serum for Dry Skin,Hydrating Serum,buy hydrating face serum online,Exact match,Tier 1 - High Intent,True,True,5298,295,320.44,30.8,2412.87
2026-04-19,Best Serum for Dry Skin,Natural Serum,natural skincare routine,Phrase match,Tier 2 - Mid Intent,True,False,2442,125,135.44,12.9,1001.39
2026-04-19,Best Serum for Dry Skin,Broad Skincare,skincare,Broad match,Untiered - Broad,False,False,1271,65,64.81,7.1,511.08
2026-04-19,Brand Defense,Brand Core,pureglow skincare,Exact match,Tier 3 - Brand Defense,False,True,2381,123,132.48,14.0,999.34
2026-04-19,Brand Defense,Brand Bundle,pureglow spf bundle,Exact match,Tier 3 - Brand Defense,False,True,1114,57,67.05,7.0,480.27
2026-04-19,Brand Defense,Brand Product,pureglow vitamin c serum,Exact match,Tier 3 - Brand Defense,False,True,2012,102,109.71,11.7,920.83
2026-04-19,SPF Moisturizer Bundle,Daily SPF,buy spf moisturizer online,Exact match,Tier 1 - High Intent,True,True,3747,202,203.99,20.1,1636.17
2026-04-19,SPF Moisturizer Bundle,Broad Moisturizer,moisturizer,Broad match,Untiered - Broad,False,False,1238,57,66.84,6.6,570.65
2026-04-19,SPF Moisturizer Bundle,SPF Bundle,spf moisturizer bundle,Exact match,Tier 1 - High Intent,True,True,4782,267,294.19,26.8,2246.35
2026-04-19,SPF Moisturizer Bundle,Vegan SPF,vegan spf moisturizer,Phrase match,Tier 2 - Mid Intent,True,True,2178,125,129.65,14.2,1060.04
2026-04-19,Skincare Routine Quiz,Routine Quiz,best skincare routine for dry skin,Phrase match,Tier 2 - Mid Intent,True,True,3537,182,202.85,19.9,1561.02
2026-04-19,Skincare Routine Quiz,Plant Based,plant based moisturizer,Phrase match,Tier 2 - Mid Intent,True,True,2668,140,157.19,15.4,1129.88
2026-04-20,Best Serum for Dry Skin,Vitamin C Serum,best vitamin c serum for dry skin,Exact match,Tier 1 - High Intent,True,True,7262,378,402.96,37.2,3410.35
2026-04-20,Best Serum for Dry Skin,Hydrating Serum,buy hydrating face serum online,Exact match,Tier 1 - High Intent,True,True,6418,307,340.56,35.8,2836.49
2026-04-20,Best Serum for Dry Skin,Natural Serum,natural skincare routine,Phrase match,Tier 2 - Mid Intent,True,False,2735,130,127.92,13.9,1125.63
2026-04-20,Best Serum for Dry Skin,Broad Skincare,skincare,Broad match,Untiered - Broad,False,False,1215,68,68.14,7.2,519.09
2026-04-20,Brand Defense,Brand Core,pureglow skincare,Exact match,Tier 3 - Brand Defense,False,True,2481,118,133.73,12.8,1001.18
2026-04-20,Brand Defense,Brand Bundle,pureglow spf bundle,Exact match,Tier 3 - Brand Defense,False,True,1200,63,62.88,7.2,524.6
2026-04-20,Brand Defense,Brand Product,pureglow vitamin c serum,Exact match,Tier 3 - Brand Defense,False,True,2107,107,113.44,10.3,891.37
2026-04-20,SPF Moisturizer Bundle,Daily SPF,buy spf moisturizer online,Exact match,Tier 1 - High Intent,True,True,4453,201,239.96,24.5,1734.59
2026-04-20,SPF Moisturizer Bundle,Broad Moisturizer,moisturizer,Broad match,Untiered - Broad,False,False,1315,65,72.63,6.6,527.17
2026-04-20,SPF Moisturizer Bundle,SPF Bundle,spf moisturizer bundle,Exact match,Tier 1 - High Intent,True,True,5733,297,327.0,31.2,2382.97
2026-04-20,SPF Moisturizer Bundle,Vegan SPF,vegan spf moisturizer,Phrase match,Tier 2 - Mid Intent,True,True,2709,126,128.25,15.3,1054.02
2026-04-20,Skincare Routine Quiz,Routine Quiz,best skincare routine for dry skin,Phrase match,Tier 2 - Mid Intent,True,True,3578,190,192.06,18.8,1675.37
2026-04-20,Skincare Routine Quiz,Plant Based,plant based moisturizer,Phrase match,Tier 2 - Mid Intent,True,True,3068,146,151.83,16.1,1332.11
2026-04-21,Best Serum for Dry Skin,Vitamin C Serum,best vitamin c serum for dry skin,Exact match,Tier 1 - High Intent,True,True,6258,330,330.87,40.8,3108.84
2026-04-21,Best Serum for Dry Skin,Hydrating Serum,buy hydrating face serum online,Exact match,Tier 1 - High Intent,True,True,5445,285,285.66,28.0,2600.89
2026-04-21,Best Serum for Dry Skin,Natural Serum,natural skincare routine,Phrase match,Tier 2 - Mid Intent,True,False,2114,106,126.89,13.8,1085.68
2026-04-21,Best Serum for Dry Skin,Broad Skincare,skincare,Broad match,Untiered - Broad,False,False,1060,54,65.52,6.1,518.39
2026-04-21,Brand Defense,Brand Core,pureglow skincare,Exact match,Tier 3 - Brand Defense,False,True,2046,115,114.82,12.4,946.17
2026-04-21,Brand Defense,Brand Bundle,pureglow spf bundle,Exact match,Tier 3 - Brand Defense,False,True,1193,57,59.99,6.2,445.88
2026-04-21,Brand Defense,Brand Product,pureglow vitamin c serum,Exact match,Tier 3 - Brand Defense,False,True,1758,89,100.39,9.5,792.51
2026-04-21,SPF Moisturizer Bundle,Daily SPF,buy spf moisturizer online,Exact match,Tier 1 - High Intent,True,True,3605,181,201.3,18.7,1496.63
2026-04-21,SPF Moisturizer Bundle,Broad Moisturizer,moisturizer,Broad match,Untiered - Broad,False,False,1219,59,56.81,6.5,486.51
2026-04-21,SPF Moisturizer Bundle,SPF Bundle,spf moisturizer bundle,Exact match,Tier 1 - High Intent,True,True,5552,246,270.95,29.6,2230.03
2026-04-21,SPF Moisturizer Bundle,Vegan SPF,vegan spf moisturizer,Phrase match,Tier 2 - Mid Intent,True,True,2099,108,109.94,10.9,1066.68
2026-04-21,Skincare Routine Quiz,Routine Quiz,best skincare routine for dry skin,Phrase match,Tier 2 - Mid Intent,True,True,3436,153,165.54,19.5,1433.91
2026-04-21,Skincare Routine Quiz,Plant Based,plant based moisturizer,Phrase match,Tier 2 - Mid Intent,True,True,2540,126,130.06,15.7,1090.66
2026-04-22,Best Serum for Dry Skin,Vitamin C Serum,best vitamin c serum for dry skin,Exact match,Tier 1 - High Intent,True,True,6908,414,416.95,40.2,3414.52
2026-04-22,Best Serum for Dry Skin,Hydrating Serum,buy hydrating face serum online,Exact match,Tier 1 - High Intent,True,True,6232,298,315.37,34.0,2662.2
2026-04-22,Best Serum for Dry Skin,Natural Serum,natural skincare routine,Phrase match,Tier 2 - Mid Intent,True,False,2461,128,138.81,15.3,1138.95
2026-04-22,Best Serum for Dry Skin,Broad Skincare,skincare,Broad match,Untiered - Broad,False,False,1307,68,67.16,8.0,506.83
2026-04-22,Brand Defense,Brand Core,pureglow skincare,Exact match,Tier 3 - Brand Defense,False,True,2593,120,139.37,14.6,1199.95
2026-04-22,Brand Defense,Brand Bundle,pureglow spf bundle,Exact match,Tier 3 - Brand Defense,False,True,1167,68,70.6,7.0,584.52
2026-04-22,Brand Defense,Brand Product,pureglow vitamin c serum,Exact match,Tier 3 - Brand Defense,False,True,1966,99,113.47,12.1,949.69
2026-04-22,SPF Moisturizer Bundle,Daily SPF,buy spf moisturizer online,Exact match,Tier 1 - High Intent,True,True,3649,206,224.62,25.7,1850.94
2026-04-22,SPF Moisturizer Bundle,Broad Moisturizer,moisturizer,Broad match,Untiered - Broad,False,False,1251,65,68.21,7.0,520.38
2026-04-22,SPF Moisturizer Bundle,SPF Bundle,spf moisturizer bundle,Exact match,Tier 1 - High Intent,True,True,5569,315,336.44,31.9,2301.96
2026-04-22,SPF Moisturizer Bundle,Vegan SPF,vegan spf moisturizer,Phrase match,Tier 2 - Mid Intent,True,True,2491,129,125.82,13.2,1021.12
2026-04-22,Skincare Routine Quiz,Routine Quiz,best skincare routine for dry skin,Phrase match,Tier 2 - Mid Intent,True,True,3583,190,187.16,23.2,1603.1
2026-04-22,Skincare Routine Quiz,Plant Based,plant based moisturizer,Phrase match,Tier 2 - Mid Intent,True,True,2933,141,152.98,15.3,1193.68
2026-04-23,Best Serum for Dry Skin,Vitamin C Serum,best vitamin c serum for dry skin,Exact match,Tier 1 - High Intent,True,True,7605,373,422.69,41.2,3536.79
2026-04-23,Best Serum for Dry Skin,Hydrating Serum,buy hydrating face serum online,Exact match,Tier 1 - High Intent,True,True,5910,305,353.95,36.5,2500.49
2026-04-23,Best Serum for Dry Skin,Natural Serum,natural skincare routine,Phrase match,Tier 2 - Mid Intent,True,False,2492,119,131.58,15.4,982.17
2026-04-23,Best Serum for Dry Skin,Broad Skincare,skincare,Broad match,Untiered - Broad,False,False,1096,58,68.52,6.4,529.01
2026-04-23,Brand Defense,Brand Core,pureglow skincare,Exact match,Tier 3 - Brand Defense,False,True,2458,130,132.08,12.3,1120.14
2026-04-23,Brand Defense,Brand Bundle,pureglow spf bundle,Exact match,Tier 3 - Brand Defense,False,True,1053,59,62.98,7.3,520.88
2026-04-23,Brand Defense,Brand Product,pureglow vitamin c serum,Exact match,Tier 3 - Brand Defense,False,True,2065,108,104.79,10.8,868.14
2026-04-23,SPF Moisturizer Bundle,Daily SPF,buy spf moisturizer online,Exact match,Tier 1 - High Intent,True,True,4222,195,206.07,20.9,1975.22
2026-04-23,SPF Moisturizer Bundle,Broad Moisturizer,moisturizer,Broad match,Untiered - Broad,False,False,1270,58,64.0,6.8,509.32
2026-04-23,SPF Moisturizer Bundle,SPF Bundle,spf moisturizer bundle,Exact match,Tier 1 - High Intent,True,True,5061,283,324.14,35.7,2344.06
2026-04-23,SPF Moisturizer Bundle,Vegan SPF,vegan spf moisturizer,Phrase match,Tier 2 - Mid Intent,True,True,2148,129,126.22,14.4,1131.99
2026-04-23,Skincare Routine Quiz,Routine Quiz,best skincare routine for dry skin,Phrase match,Tier 2 - Mid Intent,True,True,3298,192,208.6,21.3,1590.71
2026-04-23,Skincare Routine Quiz,Plant Based,plant based moisturizer,Phrase match,Tier 2 - Mid Intent,True,True,2591,143,154.67,16.7,1345.84
2026-04-24,Best Serum for Dry Skin,Vitamin C Serum,best vitamin c serum for dry skin,Exact match,Tier 1 - High Intent,True,True,6830,389,375.71,35.3,3002.4
2026-04-24,Best Serum for Dry Skin,Hydrating Serum,buy hydrating face serum online,Exact match,Tier 1 - High Intent,True,True,6065,330,305.3,30.5,2791.93
2026-04-24,Best Serum for Dry Skin,Natural Serum,natural skincare routine,Phrase match,Tier 2 - Mid Intent,True,False,2538,132,129.81,13.6,1056.47
2026-04-24,Best Serum for Dry Skin,Broad Skincare,skincare,Broad match,Untiered - Broad,False,False,1169,60,63.75,7.4,590.54
2026-04-24,Brand Defense,Brand Core,pureglow skincare,Exact match,Tier 3 - Brand Defense,False,True,2593,114,124.03,14.5,1127.39
2026-04-24,Brand Defense,Brand Bundle,pureglow spf bundle,Exact match,Tier 3 - Brand Defense,False,True,1136,61,69.29,6.1,504.86
2026-04-24,Brand Defense,Brand Product,pureglow vitamin c serum,Exact match,Tier 3 - Brand Defense,False,True,1903,97,108.82,11.2,812.56
2026-04-24,SPF Moisturizer Bundle,Daily SPF,buy spf moisturizer online,Exact match,Tier 1 - High Intent,True,True,4222,191,229.69,21.0,1667.69
2026-04-24,SPF Moisturizer Bundle,Broad Moisturizer,moisturizer,Broad match,Untiered - Broad,False,False,1131,62,65.82,7.5,561.72
2026-04-24,SPF Moisturizer Bundle,SPF Bundle,spf moisturizer bundle,Exact match,Tier 1 - High Intent,True,True,5211,300,293.69,28.3,2251.78
2026-04-24,SPF Moisturizer Bundle,Vegan SPF,vegan spf moisturizer,Phrase match,Tier 2 - Mid Intent,True,True,2618,126,123.74,12.6,1112.62
2026-04-24,Skincare Routine Quiz,Routine Quiz,best skincare routine for dry skin,Phrase match,Tier 2 - Mid Intent,True,True,3948,183,207.51,19.0,1720.07
2026-04-24,Skincare Routine Quiz,Plant Based,plant based moisturizer,Phrase match,Tier 2 - Mid Intent,True,True,2894,146,161.59,16.8,1222.45
2026-04-25,Best Serum for Dry Skin,Vitamin C Serum,best vitamin c serum for dry skin,Exact match,Tier 1 - High Intent,True,True,8670,418,425.06,46.8,3744.27
2026-04-25,Best Serum for Dry Skin,Hydrating Serum,buy hydrating face serum online,Exact match,Tier 1 - High Intent,True,True,7199,332,352.24,37.3,3131.68
2026-04-25,Best Serum for Dry Skin,Natural Serum,natural skincare routine,Phrase match,Tier 2 - Mid Intent,True,False,2550,136,152.36,14.2,1144.71
2026-04-25,Best Serum for Dry Skin,Broad Skincare,skincare,Broad match,Untiered - Broad,False,False,1360,65,76.55,7.7,558.65
2026-04-25,Brand Defense,Brand Core,pureglow skincare,Exact match,Tier 3 - Brand Defense,False,True,2490,129,143.86,15.3,1291.4
2026-04-25,Brand Defense,Brand Bundle,pureglow spf bundle,Exact match,Tier 3 - Brand Defense,False,True,1378,70,71.65,7.8,601.03
2026-04-25,Brand Defense,Brand Product,pureglow vitamin c serum,Exact match,Tier 3 - Brand Defense,False,True,2057,114,129.11,13.6,896.09
2026-04-25,SPF Moisturizer Bundle,Daily SPF,buy spf moisturizer online,Exact match,Tier 1 - High Intent,True,True,4128,220,247.3,25.3,1774.34
2026-04-25,SPF Moisturizer Bundle,Broad Moisturizer,moisturizer,Broad match,Untiered - Broad,False,False,1396,73,76.62,8.4,607.5
2026-04-25,SPF Moisturizer Bundle,SPF Bundle,spf moisturizer bundle,Exact match,Tier 1 - High Intent,True,True,5996,338,367.12,31.0,2687.92
2026-04-25,SPF Moisturizer Bundle,Vegan SPF,vegan spf moisturizer,Phrase match,Tier 2 - Mid Intent,True,True,2629,139,143.28,15.0,1166.15
2026-04-25,Skincare Routine Quiz,Routine Quiz,best skincare routine for dry skin,Phrase match,Tier 2 - Mid Intent,True,True,4347,217,229.58,20.1,1887.98
2026-04-25,Skincare Routine Quiz,Plant Based,plant based moisturizer,Phrase match,Tier 2 - Mid Intent,True,True,3231,150,183.26,19.3,1355.54
2026-04-26,Best Serum for Dry Skin,Vitamin C Serum,best vitamin c serum for dry skin,Exact match,Tier 1 - High Intent,True,True,7776,366,439.72,45.4,3324.27
2026-04-26,Best Serum for Dry Skin,Hydrating Serum,buy hydrating face serum online,Exact match,Tier 1 - High Intent,True,True,6625,308,353.78,34.5,2910.79
2026-04-26,Best Serum for Dry Skin,Natural Serum,natural skincare routine,Phrase match,Tier 2 - Mid Intent,True,False,2716,139,129.44,14.1,1124.67
2026-04-26,Best Serum for Dry Skin,Broad Skincare,skincare,Broad match,Untiered - Broad,False,False,1197,65,71.35,7.7,510.77
2026-04-26,Brand Defense,Brand Core,pureglow skincare,Exact match,Tier 3 - Brand Defense,False,True,2407,131,136.46,13.4,1061.93
2026-04-26,Brand Defense,Brand Bundle,pureglow spf bundle,Exact match,Tier 3 - Brand Defense,False,True,1309,66,73.59,6.5,515.1
2026-04-26,Brand Defense,Brand Product,pureglow vitamin c serum,Exact match,Tier 3 - Brand Defense,False,True,1950,111,107.34,11.0,1002.68
2026-04-26,SPF Moisturizer Bundle,Daily SPF,buy spf moisturizer online,Exact match,Tier 1 - High Intent,True,True,4546,222,231.37,25.7,1689.69
2026-04-26,SPF Moisturizer Bundle,Broad Moisturizer,moisturizer,Broad match,Untiered - Broad,False,False,1282,67,71.13,7.3,502.03
2026-04-26,SPF Moisturizer Bundle,SPF Bundle,spf moisturizer bundle,Exact match,Tier 1 - High Intent,True,True,6400,281,316.07,32.0,2712.71
2026-04-26,SPF Moisturizer Bundle,Vegan SPF,vegan spf moisturizer,Phrase match,Tier 2 - Mid Intent,True,True,2326,122,126.83,12.7,1199.12
2026-04-26,Skincare Routine Quiz,Routine Quiz,best skincare routine for dry skin,Phrase match,Tier 2 - Mid Intent,True,True,4041,200,206.01,21.5,1795.3
2026-04-26,Skincare Routine Quiz,Plant Based,plant based moisturizer,Phrase match,Tier 2 - Mid Intent,True,True,3108,151,168.49,16.2,1259.51
2026-04-27,Best Serum for Dry Skin,Vitamin C Serum,best vitamin c serum for dry skin,Exact match,Tier 1 - High Intent,True,True,6673,362,376.75,35.9,3465.25
2026-04-27,Best Serum for Dry Skin,Hydrating Serum,buy hydrating face serum online,Exact match,Tier 1 - High Intent,True,True,6490,295,312.91,32.2,2465.13
2026-04-27,Best Serum for Dry Skin,Natural Serum,natural skincare routine,Phrase match,Tier 2 - Mid Intent,True,False,2194,117,123.67,13.7,1107.61
2026-04-27,Best Serum for Dry Skin,Broad Skincare,skincare,Broad match,Untiered - Broad,False,False,1200,60,71.94,7.3,517.09
2026-04-27,Brand Defense,Brand Core,pureglow skincare,Exact match,Tier 3 - Brand Defense,False,True,2201,119,129.39,14.4,1137.4
2026-04-27,Brand Defense,Brand Bundle,pureglow spf bundle,Exact match,Tier 3 - Brand Defense,False,True,1142,60,69.33,6.9,505.42
2026-04-27,Brand Defense,Brand Product,pureglow vitamin c serum,Exact match,Tier 3 - Brand Defense,False,True,2128,93,118.53,11.1,805.21
2026-04-27,SPF Moisturizer Bundle,Daily SPF,buy spf moisturizer online,Exact match,Tier 1 - High Intent,True,True,4020,197,235.78,22.0,1781.33
2026-04-27,SPF Moisturizer Bundle,Broad Moisturizer,moisturizer,Broad match,Untiered - Broad,False,False,1290,58,71.17,6.1,585.96
2026-04-27,SPF Moisturizer Bundle,SPF Bundle,spf moisturizer bundle,Exact match,Tier 1 - High Intent,True,True,5197,276,335.01,29.5,2704.29
2026-04-27,SPF Moisturizer Bundle,Vegan SPF,vegan spf moisturizer,Phrase match,Tier 2 - Mid Intent,True,True,2323,128,132.4,14.2,1087.64
2026-04-27,Skincare Routine Quiz,Routine Quiz,best skincare routine for dry skin,Phrase match,Tier 2 - Mid Intent,True,True,3789,169,201.91,22.0,1485.71
2026-04-27,Skincare Routine Quiz,Plant Based,plant based moisturizer,Phrase match,Tier 2 - Mid Intent,True,True,2713,139,143.57,17.6,1120.12
2026-04-28,Best Serum for Dry Skin,Vitamin C Serum,best vitamin c serum for dry skin,Exact match,Tier 1 - High Intent,True,True,6513,366,410.26,43.5,3002.89
2026-04-28,Best Serum for Dry Skin,Hydrating Serum,buy hydrating face serum online,Exact match,Tier 1 - High Intent,True,True,6193,325,295.52,32.8,2555.69
2026-04-28,Best Serum for Dry Skin,Natural Serum,natural skincare routine,Phrase match,Tier 2 - Mid Intent,True,False,2126,113,137.06,13.1,956.6
2026-04-28,Best Serum for Dry Skin,Broad Skincare,skincare,Broad match,Untiered - Broad,False,False,1242,59,62.46,6.1,495.57
2026-04-28,Brand Defense,Brand Core,pureglow skincare,Exact match,Tier 3 - Brand Defense,False,True,2162,119,117.69,14.7,1130.33
2026-04-28,Brand Defense,Brand Bundle,pureglow spf bundle,Exact match,Tier 3 - Brand Defense,False,True,1113,58,59.11,7.4,560.18
2026-04-28,Brand Defense,Brand Product,pureglow vitamin c serum,Exact match,Tier 3 - Brand Defense,False,True,1756,106,113.04,12.3,795.59
2026-04-28,SPF Moisturizer Bundle,Daily SPF,buy spf moisturizer online,Exact match,Tier 1 - High Intent,True,True,4051,220,199.97,23.3,1641.1
2026-04-28,SPF Moisturizer Bundle,Broad Moisturizer,moisturizer,Broad match,Untiered - Broad,False,False,1246,59,63.14,6.2,482.36
2026-04-28,SPF Moisturizer Bundle,SPF Bundle,spf moisturizer bundle,Exact match,Tier 1 - High Intent,True,True,5177,297,274.09,31.5,2313.65
2026-04-28,SPF Moisturizer Bundle,Vegan SPF,vegan spf moisturizer,Phrase match,Tier 2 - Mid Intent,True,True,2413,126,124.63,13.7,952.29
2026-04-28,Skincare Routine Quiz,Routine Quiz,best skincare routine for dry skin,Phrase match,Tier 2 - Mid Intent,True,True,3721,183,202.64,19.1,1461.59
2026-04-28,Skincare Routine Quiz,Plant Based,plant based moisturizer,Phrase match,Tier 2 - Mid Intent,True,True,2721,152,143.84,17.3,1309.0
2026-04-29,Best Serum for Dry Skin,Vitamin C Serum,best vitamin c serum for dry skin,Exact match,Tier 1 - High Intent,True,True,6179,385,395.17,38.1,2877.4
2026-04-29,Best Serum for Dry Skin,Hydrating Serum,buy hydrating face serum online,Exact match,Tier 1 - High Intent,True,True,6248,294,325.27,32.5,2696.66
2026-04-29,Best Serum for Dry Skin,Natural Serum,natural skincare routine,Phrase match,Tier 2 - Mid Intent,True,False,2340,113,126.24,11.9,1091.81
2026-04-29,Best Serum for Dry Skin,Broad Skincare,skincare,Broad match,Untiered - Broad,False,False,1252,55,60.77,6.8,494.49
2026-04-29,Brand Defense,Brand Core,pureglow skincare,Exact match,Tier 3 - Brand Defense,False,True,2090,113,130.6,11.8,927.22
2026-04-29,Brand Defense,Brand Bundle,pureglow spf bundle,Exact match,Tier 3 - Brand Defense,False,True,1213,62,65.84,6.6,506.31
2026-04-29,Brand Defense,Brand Product,pureglow vitamin c serum,Exact match,Tier 3 - Brand Defense,False,True,1754,102,105.08,10.1,874.8
2026-04-29,SPF Moisturizer Bundle,Daily SPF,buy spf moisturizer online,Exact match,Tier 1 - High Intent,True,True,3870,203,209.44,21.1,1629.78
2026-04-29,SPF Moisturizer Bundle,Broad Moisturizer,moisturizer,Broad match,Untiered - Broad,False,False,1243,63,62.58,6.5,529.69
2026-04-29,SPF Moisturizer Bundle,SPF Bundle,spf moisturizer bundle,Exact match,Tier 1 - High Intent,True,True,5289,300,283.88,28.3,2544.99
2026-04-29,SPF Moisturizer Bundle,Vegan SPF,vegan spf moisturizer,Phrase match,Tier 2 - Mid Intent,True,True,2093,125,127.21,14.3,971.06
2026-04-29,Skincare Routine Quiz,Routine Quiz,best skincare routine for dry skin,Phrase match,Tier 2 - Mid Intent,True,True,3370,169,192.18,17.9,1462.2
2026-04-29,Skincare Routine Quiz,Plant Based,plant based moisturizer,Phrase match,Tier 2 - Mid Intent,True,True,2898,131,147.67,13.4,1104.44
2026-04-30,Best Serum for Dry Skin,Vitamin C Serum,best vitamin c serum for dry skin,Exact match,Tier 1 - High Intent,True,True,7368,346,355.48,35.9,2983.89
2026-04-30,Best Serum for Dry Skin,Hydrating Serum,buy hydrating face serum online,Exact match,Tier 1 - High Intent,True,True,5840,313,318.16,31.2,2704.29
2026-04-30,Best Serum for Dry Skin,Natural Serum,natural skincare routine,Phrase match,Tier 2 - Mid Intent,True,False,2197,123,134.86,11.9,943.01
2026-04-30,Best Serum for Dry Skin,Broad Skincare,skincare,Broad match,Untiered - Broad,False,False,1176,59,59.34,6.5,524.13
2026-04-30,Brand Defense,Brand Core,pureglow skincare,Exact match,Tier 3 - Brand Defense,False,True,2371,124,122.45,14.3,982.3
2026-04-30,Brand Defense,Brand Bundle,pureglow spf bundle,Exact match,Tier 3 - Brand Defense,False,True,1197,61,60.11,6.9,517.58
2026-04-30,Brand Defense,Brand Product,pureglow vitamin c serum,Exact match,Tier 3 - Brand Defense,False,True,2038,96,107.55,10.1,889.65
2026-04-30,SPF Moisturizer Bundle,Daily SPF,buy spf moisturizer online,Exact match,Tier 1 - High Intent,True,True,4328,202,221.43,22.9,1876.13
2026-04-30,SPF Moisturizer Bundle,Broad Moisturizer,moisturizer,Broad match,Untiered - Broad,False,False,1127,58,65.33,6.9,534.26
2026-04-30,SPF Moisturizer Bundle,SPF Bundle,spf moisturizer bundle,Exact match,Tier 1 - High Intent,True,True,5500,285,290.51,35.1,2477.55
2026-04-30,SPF Moisturizer Bundle,Vegan SPF,vegan spf moisturizer,Phrase match,Tier 2 - Mid Intent,True,True,2393,112,131.51,14.1,1032.04
2026-04-30,Skincare Routine Quiz,Routine Quiz,best skincare routine for dry skin,Phrase match,Tier 2 - Mid Intent,True,True,3697,173,181.39,18.7,1558.8
2026-04-30,Skincare Routine Quiz,Plant Based,plant based moisturizer,Phrase match,Tier 2 - Mid Intent,True,True,2838,133,150.93,16.6,1251.32
