Cart ID,Associated Contact ID,Cart Created Date,Cart Value,Recovered,Recovery Date
900001,202557,2025-12-01,95.82,No,
900002,238707,2025-12-01,99.78,No,
900003,204483,2025-12-01,69.60,No,
900004,221736,2025-12-01,130.27,No,
900005,243586,2025-12-01,104.63,No,
900006,241211,2025-12-01,59.98,No,
900007,206404,2025-12-01,96.08,No,
900008,236278,2025-12-01,118.83,No,
900009,234274,2025-12-01,82.93,Yes,2025-12-03
900010,241369,2025-12-01,115.04,No,
900011,234193,2025-12-01,96.87,No,
900012,203200,2025-12-01,82.39,No,
900013,242713,2025-12-01,90.91,Yes,2025-12-04
900014,243024,2025-12-01,65.41,Yes,2025-12-04
900015,213433,2025-12-01,85.44,No,
900016,246239,2025-12-01,92.61,Yes,2025-12-02
900017,222498,2025-12-01,82.34,No,
900018,237424,2025-12-01,95.81,No,
900019,226052,2025-12-01,90.81,No,
900020,207127,2025-12-01,70.80,No,
900021,230884,2025-12-01,61.50,Yes,2025-12-04
900022,201918,2025-12-01,101.33,Yes,2025-12-03
900023,211887,2025-12-01,43.44,No,
900024,243829,2025-12-01,64.56,No,
900025,245666,2025-12-01,62.26,No,
900026,227920,2025-12-01,69.04,No,
900027,218113,2025-12-01,73.47,No,
900028,229086,2025-12-01,48.15,No,
900029,218469,2025-12-01,122.86,No,
900030,247328,2025-12-01,89.76,No,
900031,236262,2025-12-01,108.08,No,
900032,214330,2025-12-01,75.33,No,
900033,247921,2025-12-01,71.36,No,
900034,221859,2025-12-01,54.62,No,
900035,204400,2025-12-01,103.50,Yes,2025-12-01
900036,232984,2025-12-01,57.80,Yes,2025-12-01
900037,207038,2025-12-01,100.75,Yes,2025-12-01
900038,224568,2025-12-01,93.68,No,
900039,239950,2025-12-01,84.35,No,
900040,233715,2025-12-01,92.14,No,
900041,247393,2025-12-01,102.48,Yes,2025-12-03
900042,246928,2025-12-01,81.27,No,
900043,227245,2025-12-01,77.98,No,
900044,222235,2025-12-01,64.73,No,
900045,216947,2025-12-01,97.43,No,
900046,231479,2025-12-01,76.75,No,
900047,215635,2025-12-01,84.95,Yes,2025-12-02
900048,215452,2025-12-01,86.59,No,
900049,247850,2025-12-01,20.00,No,
900050,230920,2025-12-01,56.13,Yes,2025-12-04
900051,225521,2025-12-01,92.08,No,
900052,201200,2025-12-01,90.49,No,
900053,243893,2025-12-01,79.41,No,
900054,217020,2025-12-01,88.84,No,
900055,237108,2025-12-01,72.86,No,
900056,243670,2025-12-01,31.43,No,
900057,220692,2025-12-01,75.54,No,
900058,207351,2025-12-01,63.42,Yes,2025-12-03
900059,212171,2025-12-01,70.08,No,
900060,215349,2025-12-01,103.60,No,
900061,218062,2025-12-01,82.09,No,
900062,220148,2025-12-01,114.69,Yes,2025-12-03
900063,234139,2025-12-01,58.37,No,
900064,243601,2025-12-01,106.02,No,
900065,234437,2025-12-01,51.00,No,
900066,205632,2025-12-01,65.17,No,
900067,239303,2025-12-01,91.50,No,
900068,243042,2025-12-01,64.48,No,
900069,238934,2025-12-01,89.00,Yes,2025-12-03
900070,232140,2025-12-01,100.76,Yes,2025-12-04
900071,226203,2025-12-01,52.18,Yes,2025-12-04
900072,209742,2025-12-01,83.89,No,
900073,208029,2025-12-01,66.25,No,
900074,219582,2025-12-01,122.78,Yes,2025-12-01
900075,206745,2025-12-01,96.96,No,
900076,237387,2025-12-01,88.08,No,
900077,213467,2025-12-01,73.97,No,
900078,212671,2025-12-01,60.53,No,
900079,234381,2025-12-01,86.85,No,
900080,245734,2025-12-01,89.29,No,
900081,204060,2025-12-01,85.55,No,
900082,237437,2025-12-01,80.16,No,
900083,207057,2025-12-01,58.70,No,
900084,231048,2025-12-01,62.31,No,
900085,229040,2025-12-01,69.46,No,
900086,216425,2025-12-01,99.12,No,
900087,208699,2025-12-01,89.13,No,
900088,241615,2025-12-01,98.34,No,
900089,233047,2025-12-01,60.48,No,
900090,242975,2025-12-01,105.32,No,
900091,216422,2025-12-01,82.07,No,
900092,208073,2025-12-01,102.15,Yes,2025-12-03
900093,213260,2025-12-01,73.31,Yes,2025-12-03
900094,242861,2025-12-01,90.65,No,
900095,245617,2025-12-01,69.14,No,
900096,244001,2025-12-01,99.89,No,
900097,244072,2025-12-01,76.69,No,
900098,238519,2025-12-01,59.67,No,
900099,200908,2025-12-01,99.03,No,
900100,232513,2025-12-01,48.08,No,
900101,236950,2025-12-01,33.94,No,
900102,227402,2025-12-01,95.11,No,
900103,218884,2025-12-01,78.49,No,
900104,223354,2025-12-01,80.82,Yes,2025-12-04
900105,228533,2025-12-01,32.91,Yes,2025-12-01
900106,208157,2025-12-01,64.18,No,
900107,201788,2025-12-01,67.71,Yes,2025-12-03
900108,247164,2025-12-01,59.71,No,
900109,215054,2025-12-01,83.21,No,
900110,201589,2025-12-01,29.64,No,
900111,235245,2025-12-01,73.13,No,
900112,241900,2025-12-02,66.55,Yes,2025-12-03
900113,235373,2025-12-02,75.10,No,
900114,220234,2025-12-02,74.65,No,
900115,216212,2025-12-02,45.00,No,
900116,211508,2025-12-02,41.12,Yes,2025-12-05
900117,207911,2025-12-02,92.81,No,
900118,210497,2025-12-02,130.92,No,
900119,225433,2025-12-02,95.99,No,
900120,246564,2025-12-02,69.11,No,
900121,203536,2025-12-02,78.01,No,
900122,209885,2025-12-02,48.63,No,
900123,247213,2025-12-02,68.26,No,
900124,242372,2025-12-02,118.19,No,
900125,223385,2025-12-02,130.44,Yes,2025-12-05
900126,201026,2025-12-02,77.84,No,
900127,210889,2025-12-02,104.32,Yes,2025-12-05
900128,225582,2025-12-02,91.04,No,
900129,214543,2025-12-02,81.33,No,
900130,202198,2025-12-02,114.33,No,
900131,243060,2025-12-02,96.19,No,
900132,234731,2025-12-02,54.94,No,
900133,241097,2025-12-02,90.38,No,
900134,203984,2025-12-02,89.22,No,
900135,243385,2025-12-02,106.51,No,
900136,246987,2025-12-02,82.18,No,
900137,232497,2025-12-02,111.41,No,
900138,243846,2025-12-02,61.60,Yes,2025-12-05
900139,225546,2025-12-02,65.76,Yes,2025-12-02
900140,234674,2025-12-02,114.72,Yes,2025-12-05
900141,209763,2025-12-02,43.88,Yes,2025-12-02
900142,229874,2025-12-02,81.10,No,
900143,221567,2025-12-02,61.57,Yes,2025-12-02
900144,221815,2025-12-02,87.64,Yes,2025-12-05
900145,222534,2025-12-02,99.60,No,
900146,247162,2025-12-02,91.58,No,
900147,222641,2025-12-02,91.21,No,
900148,215081,2025-12-02,104.87,No,
900149,230461,2025-12-02,59.85,No,
900150,217499,2025-12-02,97.45,No,
900151,237643,2025-12-02,93.62,Yes,2025-12-03
900152,236337,2025-12-02,57.85,No,
900153,200216,2025-12-02,79.53,No,
900154,211160,2025-12-02,93.72,Yes,2025-12-03
900155,247106,2025-12-02,93.71,No,
900156,246733,2025-12-02,56.92,No,
900157,220915,2025-12-02,34.62,No,
900158,228569,2025-12-02,81.48,Yes,2025-12-05
900159,210038,2025-12-02,43.47,Yes,2025-12-03
900160,205796,2025-12-02,20.00,No,
900161,224766,2025-12-02,70.87,No,
900162,244625,2025-12-02,53.83,No,
900163,218641,2025-12-02,76.23,No,
900164,205915,2025-12-02,101.46,No,
900165,209601,2025-12-02,105.58,No,
900166,244341,2025-12-02,49.67,Yes,2025-12-04
900167,241047,2025-12-02,90.79,No,
900168,226268,2025-12-02,103.55,Yes,2025-12-03
900169,207338,2025-12-02,70.29,No,
900170,217429,2025-12-02,95.64,No,
900171,212691,2025-12-02,121.34,No,
900172,243123,2025-12-02,119.08,No,
900173,218744,2025-12-02,123.10,No,
900174,207526,2025-12-02,74.91,No,
900175,228348,2025-12-02,104.52,Yes,2025-12-04
900176,230450,2025-12-02,66.63,No,
900177,202907,2025-12-02,110.17,No,
900178,205186,2025-12-02,106.14,Yes,2025-12-02
900179,210303,2025-12-02,83.48,No,
900180,216785,2025-12-02,91.91,No,
900181,225656,2025-12-02,60.72,No,
900182,214031,2025-12-02,96.16,Yes,2025-12-02
900183,213987,2025-12-02,79.32,No,
900184,241077,2025-12-02,132.50,No,
900185,208880,2025-12-02,58.78,No,
900186,212109,2025-12-02,59.71,No,
900187,233070,2025-12-02,60.95,No,
900188,230683,2025-12-02,59.50,No,
900189,241381,2025-12-02,106.67,No,
900190,227012,2025-12-02,57.09,No,
900191,214449,2025-12-02,121.56,No,
900192,213362,2025-12-02,40.00,Yes,2025-12-05
900193,230993,2025-12-02,55.43,No,
900194,205948,2025-12-02,62.05,No,
900195,207781,2025-12-02,76.15,Yes,2025-12-04
900196,212723,2025-12-02,85.41,No,
900197,219811,2025-12-02,74.88,No,
900198,204397,2025-12-02,84.70,No,
900199,216896,2025-12-02,64.71,No,
900200,230017,2025-12-02,131.44,No,
900201,207715,2025-12-02,85.14,No,
900202,210760,2025-12-02,56.29,No,
900203,225730,2025-12-02,79.08,No,
900204,239897,2025-12-02,90.96,Yes,2025-12-03
900205,234670,2025-12-02,86.38,No,
900206,227376,2025-12-02,99.79,No,
900207,223812,2025-12-02,118.21,No,
900208,238416,2025-12-02,84.36,No,
900209,206529,2025-12-02,62.31,No,
900210,244991,2025-12-02,50.39,No,
900211,236855,2025-12-02,81.82,No,
900212,227799,2025-12-02,41.05,Yes,2025-12-02
900213,235944,2025-12-02,65.82,No,
900214,244053,2025-12-02,83.09,No,
900215,242135,2025-12-02,56.62,No,
900216,243110,2025-12-02,116.54,No,
900217,227534,2025-12-02,74.31,No,
900218,227427,2025-12-02,89.19,No,
900219,245057,2025-12-02,68.24,No,
900220,213580,2025-12-02,41.20,No,
900221,237339,2025-12-02,54.69,No,
900222,210932,2025-12-02,33.30,No,
900223,213843,2025-12-02,54.00,Yes,2025-12-02
900224,218157,2025-12-02,94.81,No,
900225,229663,2025-12-02,58.10,Yes,2025-12-04
900226,202187,2025-12-02,73.21,No,
900227,225769,2025-12-02,48.37,No,
900228,239696,2025-12-02,63.03,Yes,2025-12-02
900229,211702,2025-12-02,125.38,No,
900230,236458,2025-12-02,97.46,Yes,2025-12-02
900231,200619,2025-12-02,90.17,No,
900232,206278,2025-12-02,90.47,No,
900233,223163,2025-12-03,61.87,Yes,2025-12-03
900234,241956,2025-12-03,45.72,Yes,2025-12-04
900235,217005,2025-12-03,103.24,No,
900236,235579,2025-12-03,97.42,No,
900237,246733,2025-12-03,99.36,No,
900238,220144,2025-12-03,51.11,No,
900239,225302,2025-12-03,35.49,No,
900240,223806,2025-12-03,80.17,No,
900241,247637,2025-12-03,99.87,No,
900242,238047,2025-12-03,121.33,Yes,2025-12-06
900243,245260,2025-12-03,34.02,Yes,2025-12-04
900244,238925,2025-12-03,87.78,No,
900245,208324,2025-12-03,84.05,No,
900246,210298,2025-12-03,88.48,No,
900247,227474,2025-12-03,74.51,Yes,2025-12-03
900248,248126,2025-12-03,49.28,No,
900249,231141,2025-12-03,120.68,No,
900250,213677,2025-12-03,135.91,No,
900251,214305,2025-12-03,92.75,No,
900252,243510,2025-12-03,103.13,No,
900253,204630,2025-12-03,107.37,No,
900254,238944,2025-12-03,71.09,No,
900255,237479,2025-12-03,86.46,Yes,2025-12-06
900256,247100,2025-12-03,35.23,No,
900257,228153,2025-12-03,93.16,Yes,2025-12-03
900258,240691,2025-12-03,103.89,Yes,2025-12-03
900259,204336,2025-12-03,85.32,No,
900260,229947,2025-12-03,78.52,No,
900261,217455,2025-12-03,105.54,Yes,2025-12-04
900262,241901,2025-12-03,68.39,Yes,2025-12-05
900263,231894,2025-12-03,74.07,No,
900264,202402,2025-12-03,63.62,Yes,2025-12-03
900265,207160,2025-12-03,101.12,No,
900266,209672,2025-12-03,89.18,No,
900267,204623,2025-12-03,55.55,No,
900268,212170,2025-12-03,71.53,No,
900269,229680,2025-12-03,64.24,No,
900270,207963,2025-12-03,70.21,No,
900271,221983,2025-12-03,119.46,Yes,2025-12-04
900272,226562,2025-12-03,47.16,No,
900273,218167,2025-12-03,110.48,No,
900274,208586,2025-12-03,69.45,No,
900275,221495,2025-12-03,31.41,No,
900276,217563,2025-12-03,148.28,No,
900277,201165,2025-12-03,66.97,No,
900278,203122,2025-12-03,119.64,Yes,2025-12-03
900279,207961,2025-12-03,93.50,Yes,2025-12-05
900280,202436,2025-12-03,60.44,No,
900281,242413,2025-12-03,116.01,No,
900282,225901,2025-12-03,66.81,No,
900283,202217,2025-12-03,69.17,Yes,2025-12-04
900284,230948,2025-12-03,87.97,No,
900285,209824,2025-12-03,63.18,No,
900286,241605,2025-12-03,97.98,Yes,2025-12-03
900287,247204,2025-12-03,137.21,No,
900288,228745,2025-12-03,67.63,No,
900289,236446,2025-12-03,104.67,No,
900290,211537,2025-12-03,127.80,No,
900291,230822,2025-12-03,112.87,No,
900292,247995,2025-12-03,101.67,No,
900293,207022,2025-12-03,80.95,No,
900294,242138,2025-12-03,96.37,Yes,2025-12-06
900295,240905,2025-12-03,115.79,No,
900296,246297,2025-12-03,89.97,No,
900297,244557,2025-12-03,43.99,No,
900298,231390,2025-12-03,44.12,No,
900299,215214,2025-12-03,137.71,No,
900300,221843,2025-12-03,68.23,Yes,2025-12-06
900301,208881,2025-12-03,86.45,No,
900302,200888,2025-12-03,119.45,No,
900303,234195,2025-12-03,33.31,No,
900304,218254,2025-12-03,88.83,No,
900305,203985,2025-12-03,101.59,No,
900306,214685,2025-12-03,88.46,No,
900307,234344,2025-12-03,81.44,No,
900308,214433,2025-12-03,80.60,No,
900309,205162,2025-12-03,65.02,No,
900310,246365,2025-12-03,95.15,No,
900311,220698,2025-12-03,87.69,No,
900312,226540,2025-12-03,70.49,No,
900313,225180,2025-12-03,20.00,No,
900314,245712,2025-12-03,127.22,No,
900315,208040,2025-12-03,93.93,No,
900316,214890,2025-12-03,77.72,No,
900317,211933,2025-12-03,76.00,Yes,2025-12-03
900318,209786,2025-12-03,87.82,No,
900319,219079,2025-12-03,20.00,No,
900320,228490,2025-12-03,51.91,Yes,2025-12-06
900321,204039,2025-12-03,112.70,No,
900322,231206,2025-12-03,54.26,No,
900323,215275,2025-12-03,81.46,No,
900324,240440,2025-12-03,65.27,No,
900325,228672,2025-12-03,79.45,No,
900326,239300,2025-12-03,64.05,No,
900327,230727,2025-12-03,108.82,No,
900328,240320,2025-12-03,24.07,No,
900329,242439,2025-12-03,113.23,No,
900330,225717,2025-12-03,69.54,Yes,2025-12-04
900331,248244,2025-12-03,71.41,No,
900332,226007,2025-12-03,74.17,No,
900333,222873,2025-12-03,84.93,No,
900334,241105,2025-12-03,89.73,No,
900335,223186,2025-12-03,89.92,No,
900336,204473,2025-12-03,47.94,No,
900337,232706,2025-12-03,97.77,Yes,2025-12-06
900338,241902,2025-12-03,89.82,Yes,2025-12-03
900339,212196,2025-12-03,89.78,No,
900340,232718,2025-12-03,118.83,No,
900341,207067,2025-12-03,70.75,Yes,2025-12-06
900342,217749,2025-12-04,64.82,No,
900343,233386,2025-12-04,49.26,No,
900344,234263,2025-12-04,99.34,Yes,2025-12-07
900345,225824,2025-12-04,95.23,No,
900346,201644,2025-12-04,102.22,Yes,2025-12-04
900347,243162,2025-12-04,98.27,Yes,2025-12-06
900348,216472,2025-12-04,76.16,No,
900349,241027,2025-12-04,115.03,No,
900350,221861,2025-12-04,82.14,No,
900351,235252,2025-12-04,101.91,No,
900352,218805,2025-12-04,96.32,Yes,2025-12-04
900353,218751,2025-12-04,59.46,No,
900354,200374,2025-12-04,66.89,No,
900355,240860,2025-12-04,71.68,Yes,2025-12-06
900356,224612,2025-12-04,62.76,No,
900357,229854,2025-12-04,86.41,No,
900358,233158,2025-12-04,62.49,No,
900359,228162,2025-12-04,30.88,No,
900360,215081,2025-12-04,113.42,Yes,2025-12-07
900361,234809,2025-12-04,66.19,No,
900362,241336,2025-12-04,102.18,No,
900363,200346,2025-12-04,85.47,No,
900364,220255,2025-12-04,106.82,No,
900365,201338,2025-12-04,87.53,Yes,2025-12-07
900366,224302,2025-12-04,70.03,Yes,2025-12-07
900367,227111,2025-12-04,70.93,No,
900368,215807,2025-12-04,118.26,No,
900369,231452,2025-12-04,123.75,No,
900370,243220,2025-12-04,95.22,Yes,2025-12-06
900371,226797,2025-12-04,84.77,Yes,2025-12-05
900372,211895,2025-12-04,55.58,No,
900373,241950,2025-12-04,102.50,No,
900374,203531,2025-12-04,48.18,No,
900375,224523,2025-12-04,64.85,No,
900376,217544,2025-12-04,84.40,No,
900377,215213,2025-12-04,87.95,No,
900378,209357,2025-12-04,98.31,No,
900379,230677,2025-12-04,112.31,No,
900380,220220,2025-12-04,71.97,Yes,2025-12-07
900381,213839,2025-12-04,88.60,Yes,2025-12-06
900382,210359,2025-12-04,49.57,No,
900383,207857,2025-12-04,57.33,Yes,2025-12-05
900384,221902,2025-12-04,116.41,No,
900385,227100,2025-12-04,88.55,No,
900386,229494,2025-12-04,28.01,No,
900387,222867,2025-12-04,76.25,No,
900388,202976,2025-12-04,126.76,No,
900389,213302,2025-12-04,107.74,No,
900390,226736,2025-12-04,79.29,Yes,2025-12-06
900391,230890,2025-12-04,113.72,No,
900392,247760,2025-12-04,67.11,No,
900393,207453,2025-12-04,146.40,Yes,2025-12-06
900394,238096,2025-12-04,119.20,No,
900395,216514,2025-12-04,49.08,Yes,2025-12-04
900396,241163,2025-12-04,48.47,No,
900397,237657,2025-12-04,61.44,No,
900398,237512,2025-12-04,114.83,No,
900399,243803,2025-12-04,53.47,No,
900400,226131,2025-12-04,59.76,Yes,2025-12-07
900401,233333,2025-12-04,99.24,No,
900402,241752,2025-12-04,67.26,Yes,2025-12-04
900403,227991,2025-12-04,34.89,Yes,2025-12-06
900404,200960,2025-12-04,55.55,No,
900405,218797,2025-12-04,79.51,No,
900406,228543,2025-12-04,111.83,No,
900407,208129,2025-12-04,82.29,No,
900408,241778,2025-12-04,111.56,No,
900409,204216,2025-12-04,58.02,No,
900410,207281,2025-12-04,77.64,No,
900411,241193,2025-12-04,64.10,No,
900412,222549,2025-12-04,46.06,No,
900413,203899,2025-12-04,121.27,Yes,2025-12-06
900414,239481,2025-12-04,113.38,No,
900415,220155,2025-12-04,97.22,No,
900416,245041,2025-12-04,30.48,No,
900417,222542,2025-12-04,131.07,No,
900418,204076,2025-12-04,101.65,No,
900419,223795,2025-12-04,96.73,No,
900420,200688,2025-12-04,117.38,No,
900421,200769,2025-12-04,70.62,Yes,2025-12-07
900422,221301,2025-12-04,77.48,No,
900423,238022,2025-12-04,82.52,No,
900424,241657,2025-12-04,65.30,No,
900425,221695,2025-12-04,44.91,No,
900426,246597,2025-12-04,63.39,No,
900427,216001,2025-12-04,61.10,No,
900428,247306,2025-12-04,67.83,No,
900429,240671,2025-12-04,102.68,No,
900430,201021,2025-12-04,88.34,Yes,2025-12-07
900431,203714,2025-12-04,50.67,No,
900432,218917,2025-12-04,127.65,No,
900433,207659,2025-12-04,78.77,Yes,2025-12-04
900434,215076,2025-12-04,101.64,No,
900435,219279,2025-12-04,54.96,No,
900436,246254,2025-12-04,61.76,Yes,2025-12-07
900437,215355,2025-12-04,20.21,No,
900438,207738,2025-12-04,64.73,No,
900439,241184,2025-12-04,91.87,No,
900440,240212,2025-12-04,72.65,No,
900441,238413,2025-12-04,85.79,Yes,2025-12-04
900442,226996,2025-12-04,97.79,No,
900443,222711,2025-12-04,84.32,No,
900444,228888,2025-12-04,66.58,No,
900445,248359,2025-12-04,35.02,No,
900446,210801,2025-12-04,109.05,No,
900447,231519,2025-12-04,89.65,Yes,2025-12-05
900448,232728,2025-12-04,64.80,No,
900449,235516,2025-12-04,67.94,No,
900450,241206,2025-12-04,71.55,No,
900451,231806,2025-12-04,88.55,No,
900452,200552,2025-12-04,108.41,No,
900453,237114,2025-12-04,91.01,No,
900454,248102,2025-12-04,69.76,No,
900455,234894,2025-12-04,56.29,Yes,2025-12-04
900456,239716,2025-12-04,69.41,Yes,2025-12-04
900457,244634,2025-12-04,94.57,No,
900458,233151,2025-12-04,97.22,Yes,2025-12-05
900459,229764,2025-12-04,76.48,No,
900460,234854,2025-12-04,67.46,No,
900461,224633,2025-12-04,67.11,Yes,2025-12-05
900462,201971,2025-12-04,51.62,No,
900463,240786,2025-12-04,116.67,Yes,2025-12-06
900464,209174,2025-12-04,88.47,Yes,2025-12-05
900465,212559,2025-12-04,93.78,No,
900466,234449,2025-12-04,76.40,No,
900467,234912,2025-12-05,52.27,No,
900468,204066,2025-12-05,56.65,No,
900469,219416,2025-12-05,87.54,No,
900470,231574,2025-12-05,66.02,No,
900471,233901,2025-12-05,64.40,No,
900472,240479,2025-12-05,37.88,No,
900473,219279,2025-12-05,93.84,Yes,2025-12-06
900474,245556,2025-12-05,60.67,No,
900475,218404,2025-12-05,60.02,No,
900476,243057,2025-12-05,45.10,No,
900477,232501,2025-12-05,97.59,Yes,2025-12-07
900478,231961,2025-12-05,45.64,No,
900479,224617,2025-12-05,87.01,Yes,2025-12-06
900480,234362,2025-12-05,125.66,No,
900481,245039,2025-12-05,36.34,No,
900482,242508,2025-12-05,96.80,No,
900483,219048,2025-12-05,29.45,No,
900484,216665,2025-12-05,53.81,No,
900485,207341,2025-12-05,114.89,No,
900486,227006,2025-12-05,65.99,No,
900487,222129,2025-12-05,105.25,No,
900488,242104,2025-12-05,56.13,No,
900489,200111,2025-12-05,125.90,No,
900490,221108,2025-12-05,43.39,No,
900491,240844,2025-12-05,93.35,No,
900492,206729,2025-12-05,81.82,No,
900493,248471,2025-12-05,73.00,Yes,2025-12-07
900494,245401,2025-12-05,87.58,No,
900495,230944,2025-12-05,103.16,Yes,2025-12-08
900496,220228,2025-12-05,80.12,Yes,2025-12-08
900497,215748,2025-12-05,72.63,No,
900498,242815,2025-12-05,77.39,No,
900499,238980,2025-12-05,54.89,No,
900500,225511,2025-12-05,48.53,No,
900501,201997,2025-12-05,95.96,No,
900502,224839,2025-12-05,53.17,Yes,2025-12-05
900503,226901,2025-12-05,77.02,No,
900504,211558,2025-12-05,48.56,No,
900505,206178,2025-12-05,94.82,No,
900506,207170,2025-12-05,62.10,No,
900507,200740,2025-12-05,64.96,No,
900508,226235,2025-12-05,76.95,No,
900509,200448,2025-12-05,110.14,No,
900510,216630,2025-12-05,80.44,No,
900511,240277,2025-12-05,37.24,Yes,2025-12-07
900512,205135,2025-12-05,72.03,No,
900513,233281,2025-12-05,110.46,No,
900514,232901,2025-12-05,69.98,No,
900515,211072,2025-12-05,86.89,No,
900516,232811,2025-12-05,79.45,No,
900517,215630,2025-12-05,75.67,No,
900518,244138,2025-12-05,105.62,Yes,2025-12-08
900519,202851,2025-12-05,91.09,No,
900520,222471,2025-12-05,63.14,No,
900521,213071,2025-12-05,98.84,No,
900522,217710,2025-12-05,125.87,No,
900523,244376,2025-12-05,81.50,Yes,2025-12-07
900524,223724,2025-12-05,61.97,No,
900525,210487,2025-12-05,33.12,No,
900526,204956,2025-12-05,85.53,No,
900527,232623,2025-12-05,75.09,No,
900528,204019,2025-12-05,97.43,No,
900529,226483,2025-12-05,101.47,Yes,2025-12-06
900530,205180,2025-12-05,57.50,No,
900531,211180,2025-12-05,42.20,Yes,2025-12-05
900532,203761,2025-12-05,78.09,No,
900533,203279,2025-12-05,25.71,Yes,2025-12-05
900534,231286,2025-12-05,105.04,No,
900535,244747,2025-12-05,53.24,Yes,2025-12-05
900536,216355,2025-12-05,59.93,No,
900537,234469,2025-12-05,94.26,No,
900538,241555,2025-12-05,47.31,Yes,2025-12-07
900539,217900,2025-12-05,119.67,No,
900540,217836,2025-12-05,85.76,No,
900541,229630,2025-12-05,70.73,No,
900542,224539,2025-12-05,68.50,No,
900543,238960,2025-12-05,81.60,No,
900544,215878,2025-12-05,123.50,No,
900545,241540,2025-12-05,81.42,Yes,2025-12-05
900546,200338,2025-12-05,98.21,No,
900547,224474,2025-12-05,97.72,No,
900548,201043,2025-12-05,82.82,No,
900549,242565,2025-12-05,80.86,Yes,2025-12-06
900550,212610,2025-12-05,96.92,No,
900551,232805,2025-12-05,99.13,Yes,2025-12-07
900552,213036,2025-12-05,73.24,No,
900553,234001,2025-12-05,86.93,Yes,2025-12-07
900554,227723,2025-12-05,67.70,No,
900555,206306,2025-12-05,141.35,No,
900556,236985,2025-12-05,76.02,No,
900557,226690,2025-12-05,104.45,No,
900558,213957,2025-12-05,128.24,No,
900559,245548,2025-12-05,30.49,No,
900560,242005,2025-12-05,122.16,No,
900561,246633,2025-12-05,65.78,Yes,2025-12-06
900562,217583,2025-12-05,77.37,No,
900563,225216,2025-12-05,93.77,Yes,2025-12-06
900564,231381,2025-12-05,95.63,No,
900565,247297,2025-12-05,39.02,No,
900566,227803,2025-12-05,79.68,No,
900567,210794,2025-12-05,91.90,No,
900568,244270,2025-12-05,72.22,No,
900569,232853,2025-12-05,102.38,No,
900570,221621,2025-12-05,102.81,No,
900571,211527,2025-12-05,100.68,No,
900572,225846,2025-12-05,60.89,No,
900573,205298,2025-12-05,100.71,No,
900574,241945,2025-12-05,100.16,No,
900575,236359,2025-12-05,58.84,No,
900576,209296,2025-12-05,59.74,Yes,2025-12-07
900577,230231,2025-12-05,99.01,Yes,2025-12-05
900578,226130,2025-12-05,93.21,Yes,2025-12-05
900579,203315,2025-12-05,90.27,No,
900580,213404,2025-12-05,110.20,Yes,2025-12-06
900581,230427,2025-12-05,111.36,No,
900582,211711,2025-12-05,90.25,No,
900583,201945,2025-12-05,69.18,No,
900584,205175,2025-12-05,84.52,Yes,2025-12-06
900585,204356,2025-12-05,122.31,No,
900586,228516,2025-12-05,76.12,No,
900587,222050,2025-12-05,46.95,Yes,2025-12-05
900588,214421,2025-12-06,88.53,No,
900589,219934,2025-12-06,74.16,Yes,2025-12-06
900590,201487,2025-12-06,99.62,Yes,2025-12-06
900591,228234,2025-12-06,94.20,Yes,2025-12-06
900592,208019,2025-12-06,107.18,Yes,2025-12-07
900593,202686,2025-12-06,71.45,Yes,2025-12-07
900594,228407,2025-12-06,83.40,No,
900595,231321,2025-12-06,41.41,No,
900596,211129,2025-12-06,55.57,No,
900597,228555,2025-12-06,65.38,No,
900598,241247,2025-12-06,59.05,Yes,2025-12-07
900599,239282,2025-12-06,36.74,No,
900600,212434,2025-12-06,59.84,No,
900601,201248,2025-12-06,114.35,No,
900602,232246,2025-12-06,42.04,No,
900603,235870,2025-12-06,89.96,No,
900604,223561,2025-12-06,80.66,No,
900605,224701,2025-12-06,78.17,No,
900606,235888,2025-12-06,60.36,No,
900607,246456,2025-12-06,128.61,No,
900608,220896,2025-12-06,88.83,No,
900609,200344,2025-12-06,88.53,No,
900610,220939,2025-12-06,24.26,No,
900611,238049,2025-12-06,58.45,Yes,2025-12-06
900612,223511,2025-12-06,85.84,No,
900613,248043,2025-12-06,72.89,No,
900614,225082,2025-12-06,84.02,Yes,2025-12-08
900615,215976,2025-12-06,44.86,No,
900616,205212,2025-12-06,84.96,No,
900617,211111,2025-12-06,90.68,Yes,2025-12-09
900618,228252,2025-12-06,69.29,No,
900619,233222,2025-12-06,86.33,No,
900620,228887,2025-12-06,67.87,No,
900621,227601,2025-12-06,80.13,No,
900622,202213,2025-12-06,80.86,Yes,2025-12-09
900623,223758,2025-12-06,71.53,No,
900624,228513,2025-12-06,26.43,No,
900625,206426,2025-12-06,81.15,Yes,2025-12-08
900626,237467,2025-12-06,102.81,No,
900627,223563,2025-12-06,106.43,No,
900628,247278,2025-12-06,78.57,No,
900629,243598,2025-12-06,74.79,No,
900630,211655,2025-12-06,66.66,No,
900631,214936,2025-12-06,39.12,No,
900632,246465,2025-12-06,89.90,No,
900633,202137,2025-12-06,68.70,No,
900634,206822,2025-12-06,115.53,No,
900635,246282,2025-12-06,69.79,No,
900636,205947,2025-12-06,49.95,Yes,2025-12-07
900637,219490,2025-12-06,93.28,No,
900638,232081,2025-12-06,85.93,No,
900639,223417,2025-12-06,138.84,Yes,2025-12-08
900640,235951,2025-12-06,103.20,No,
900641,207563,2025-12-06,97.90,No,
900642,217342,2025-12-06,81.36,No,
900643,204326,2025-12-06,102.05,No,
900644,242338,2025-12-06,61.56,No,
900645,241348,2025-12-06,132.93,No,
900646,221720,2025-12-06,54.01,No,
900647,232211,2025-12-06,78.54,No,
900648,216707,2025-12-06,92.71,No,
900649,212260,2025-12-06,72.56,No,
900650,207970,2025-12-06,89.89,Yes,2025-12-09
900651,236077,2025-12-06,84.34,No,
900652,243240,2025-12-06,68.76,No,
900653,213660,2025-12-06,103.28,No,
900654,231984,2025-12-06,89.56,No,
900655,202072,2025-12-06,43.47,No,
900656,232550,2025-12-06,86.87,No,
900657,218484,2025-12-06,60.60,Yes,2025-12-09
900658,214815,2025-12-06,72.90,Yes,2025-12-09
900659,238792,2025-12-06,76.87,No,
900660,210895,2025-12-06,68.66,No,
900661,217701,2025-12-06,74.03,No,
900662,210817,2025-12-06,120.71,No,
900663,229677,2025-12-06,94.34,No,
900664,207560,2025-12-06,77.16,No,
900665,204856,2025-12-06,86.53,Yes,2025-12-07
900666,203682,2025-12-06,88.90,No,
900667,228479,2025-12-06,90.23,No,
900668,227659,2025-12-06,91.32,Yes,2025-12-06
900669,204549,2025-12-06,103.89,No,
900670,213018,2025-12-06,21.50,No,
900671,232368,2025-12-06,22.83,No,
900672,235233,2025-12-06,52.17,No,
900673,246049,2025-12-06,52.78,No,
900674,207656,2025-12-06,67.86,No,
900675,236971,2025-12-06,58.97,Yes,2025-12-06
900676,203668,2025-12-06,86.17,Yes,2025-12-06
900677,225119,2025-12-06,38.00,No,
900678,201620,2025-12-06,76.01,No,
900679,216388,2025-12-06,102.03,No,
900680,234939,2025-12-06,34.67,Yes,2025-12-08
900681,238360,2025-12-06,115.09,No,
900682,223614,2025-12-06,57.01,No,
900683,228498,2025-12-06,79.26,No,
900684,209105,2025-12-06,101.06,Yes,2025-12-09
900685,240522,2025-12-06,90.98,No,
900686,228474,2025-12-06,73.73,No,
900687,248452,2025-12-06,97.80,No,
900688,231018,2025-12-06,56.26,No,
900689,233501,2025-12-06,79.14,No,
900690,215376,2025-12-06,83.24,No,
900691,217946,2025-12-06,52.15,No,
900692,242042,2025-12-06,80.94,No,
900693,213654,2025-12-06,88.24,No,
900694,211895,2025-12-06,48.89,No,
900695,229458,2025-12-06,87.90,No,
900696,236874,2025-12-06,109.80,No,
900697,247027,2025-12-06,64.05,No,
900698,248045,2025-12-06,126.03,No,
900699,242765,2025-12-06,63.59,No,
900700,232109,2025-12-06,73.32,No,
900701,213847,2025-12-06,61.01,No,
900702,246482,2025-12-06,99.22,No,
900703,236517,2025-12-06,113.83,Yes,2025-12-06
900704,216576,2025-12-06,104.36,No,
900705,202068,2025-12-06,63.81,Yes,2025-12-06
900706,225964,2025-12-06,82.98,Yes,2025-12-07
900707,200341,2025-12-06,73.48,No,
900708,215868,2025-12-06,52.42,Yes,2025-12-09
900709,203695,2025-12-06,51.36,No,
900710,234887,2025-12-06,84.00,Yes,2025-12-07
900711,221374,2025-12-06,80.56,No,
900712,247487,2025-12-06,92.41,No,
900713,205316,2025-12-06,80.48,No,
900714,216728,2025-12-06,64.97,No,
900715,215786,2025-12-06,57.09,Yes,2025-12-06
900716,219246,2025-12-06,60.51,No,
900717,240594,2025-12-06,54.03,No,
900718,247767,2025-12-06,30.86,No,
900719,219379,2025-12-06,74.78,No,
900720,218652,2025-12-06,45.35,No,
900721,234699,2025-12-06,85.79,No,
900722,203772,2025-12-06,125.71,No,
900723,202917,2025-12-07,78.11,No,
900724,211630,2025-12-07,102.92,No,
900725,233812,2025-12-07,82.61,No,
900726,246468,2025-12-07,120.72,No,
900727,210516,2025-12-07,83.57,No,
900728,208457,2025-12-07,60.28,No,
900729,224389,2025-12-07,107.90,No,
900730,206491,2025-12-07,85.13,No,
900731,219781,2025-12-07,43.49,No,
900732,219595,2025-12-07,80.25,No,
900733,237718,2025-12-07,86.48,No,
900734,228248,2025-12-07,106.19,No,
900735,210596,2025-12-07,55.65,No,
900736,222918,2025-12-07,70.20,No,
900737,240394,2025-12-07,46.49,No,
900738,238516,2025-12-07,71.89,No,
900739,235187,2025-12-07,83.57,Yes,2025-12-10
900740,243575,2025-12-07,120.41,No,
900741,234446,2025-12-07,81.02,Yes,2025-12-07
900742,200192,2025-12-07,121.02,No,
900743,236081,2025-12-07,83.55,No,
900744,231767,2025-12-07,48.80,No,
900745,222334,2025-12-07,38.98,No,
900746,229903,2025-12-07,72.03,No,
900747,224107,2025-12-07,51.38,No,
900748,218882,2025-12-07,101.02,No,
900749,219312,2025-12-07,111.72,Yes,2025-12-07
900750,210145,2025-12-07,68.07,Yes,2025-12-09
900751,214436,2025-12-07,40.98,No,
900752,241017,2025-12-07,69.19,Yes,2025-12-07
900753,246418,2025-12-07,106.08,Yes,2025-12-10
900754,211607,2025-12-07,44.46,Yes,2025-12-08
900755,232506,2025-12-07,68.13,No,
900756,225769,2025-12-07,90.68,No,
900757,220394,2025-12-07,61.42,Yes,2025-12-08
900758,210005,2025-12-07,85.14,Yes,2025-12-10
900759,238382,2025-12-07,90.26,No,
900760,204512,2025-12-07,67.62,No,
900761,246263,2025-12-07,77.27,No,
900762,238964,2025-12-07,118.63,Yes,2025-12-09
900763,236808,2025-12-07,75.49,No,
900764,204890,2025-12-07,53.26,No,
900765,204121,2025-12-07,76.94,Yes,2025-12-07
900766,223683,2025-12-07,75.11,No,
900767,214837,2025-12-07,109.36,Yes,2025-12-08
900768,244761,2025-12-07,54.90,No,
900769,239224,2025-12-07,129.46,Yes,2025-12-07
900770,209255,2025-12-07,82.69,No,
900771,246247,2025-12-07,71.46,No,
900772,216699,2025-12-07,74.93,No,
900773,234332,2025-12-07,34.17,No,
900774,246103,2025-12-07,85.72,No,
900775,201495,2025-12-07,108.50,No,
900776,244689,2025-12-07,36.86,Yes,2025-12-07
900777,208661,2025-12-07,108.15,Yes,2025-12-07
900778,203016,2025-12-07,93.43,No,
900779,246222,2025-12-07,100.18,No,
900780,233184,2025-12-07,104.75,No,
900781,221320,2025-12-07,108.72,No,
900782,228114,2025-12-07,90.47,No,
900783,242218,2025-12-07,81.27,No,
900784,233351,2025-12-07,112.41,Yes,2025-12-07
900785,238547,2025-12-07,48.24,No,
900786,231223,2025-12-07,67.42,Yes,2025-12-10
900787,203598,2025-12-07,67.80,No,
900788,207787,2025-12-07,90.73,No,
900789,233976,2025-12-07,70.55,No,
900790,219364,2025-12-07,59.05,No,
900791,213195,2025-12-07,84.21,No,
900792,229354,2025-12-07,59.06,No,
900793,215470,2025-12-07,68.53,Yes,2025-12-10
900794,229216,2025-12-07,44.61,No,
900795,226424,2025-12-07,75.08,No,
900796,212191,2025-12-07,60.64,Yes,2025-12-07
900797,209123,2025-12-07,108.51,No,
900798,226389,2025-12-07,43.31,No,
900799,246354,2025-12-07,76.82,No,
900800,229800,2025-12-07,75.60,No,
900801,242321,2025-12-07,101.54,No,
900802,239169,2025-12-07,57.21,No,
900803,223655,2025-12-07,81.25,No,
900804,201807,2025-12-07,90.63,No,
900805,243352,2025-12-07,133.77,No,
900806,200077,2025-12-07,26.80,No,
900807,205482,2025-12-07,96.52,No,
900808,227271,2025-12-07,67.80,No,
900809,219445,2025-12-07,113.29,No,
900810,229836,2025-12-07,64.90,No,
900811,215865,2025-12-07,87.11,No,
900812,238197,2025-12-07,106.14,No,
900813,247836,2025-12-07,54.73,No,
900814,213852,2025-12-07,112.80,No,
900815,231699,2025-12-07,94.12,No,
900816,247198,2025-12-07,82.96,No,
900817,217991,2025-12-07,124.47,No,
900818,216161,2025-12-07,52.46,Yes,2025-12-10
900819,239691,2025-12-07,71.52,No,
900820,235604,2025-12-07,59.75,Yes,2025-12-08
900821,213742,2025-12-07,27.66,No,
900822,205134,2025-12-07,65.43,No,
900823,234198,2025-12-07,74.26,No,
900824,221023,2025-12-07,61.58,No,
900825,224946,2025-12-07,103.73,No,
900826,246634,2025-12-07,65.41,No,
900827,202261,2025-12-07,83.18,No,
900828,245644,2025-12-07,64.15,No,
900829,234776,2025-12-07,114.62,No,
900830,240074,2025-12-07,109.10,No,
900831,246687,2025-12-07,45.62,No,
900832,217150,2025-12-07,94.98,Yes,2025-12-10
900833,247031,2025-12-07,85.25,Yes,2025-12-07
900834,224154,2025-12-07,68.28,No,
900835,201181,2025-12-07,95.82,No,
900836,224891,2025-12-07,70.21,No,
900837,205407,2025-12-08,96.39,No,
900838,234344,2025-12-08,68.90,No,
900839,225992,2025-12-08,64.56,Yes,2025-12-09
900840,216533,2025-12-08,64.90,No,
900841,210719,2025-12-08,74.90,No,
900842,226801,2025-12-08,86.72,No,
900843,211974,2025-12-08,94.49,No,
900844,231292,2025-12-08,54.71,No,
900845,240595,2025-12-08,58.51,No,
900846,227424,2025-12-08,93.23,Yes,2025-12-11
900847,219810,2025-12-08,99.68,Yes,2025-12-11
900848,235724,2025-12-08,58.80,No,
900849,233389,2025-12-08,95.40,Yes,2025-12-09
900850,243442,2025-12-08,35.33,No,
900851,210627,2025-12-08,99.75,No,
900852,233862,2025-12-08,94.80,No,
900853,234167,2025-12-08,67.50,No,
900854,214499,2025-12-08,69.58,No,
900855,220021,2025-12-08,55.92,No,
900856,239783,2025-12-08,59.92,No,
900857,202125,2025-12-08,74.91,No,
900858,237577,2025-12-08,70.26,No,
900859,235005,2025-12-08,45.14,No,
900860,202174,2025-12-08,93.94,Yes,2025-12-11
900861,244418,2025-12-08,126.84,No,
900862,223447,2025-12-08,106.74,Yes,2025-12-11
900863,219178,2025-12-08,100.40,No,
900864,234879,2025-12-08,100.49,No,
900865,208063,2025-12-08,98.24,No,
900866,238182,2025-12-08,118.76,No,
900867,204809,2025-12-08,20.00,No,
900868,212005,2025-12-08,20.00,Yes,2025-12-09
900869,236671,2025-12-08,115.37,No,
900870,241036,2025-12-08,96.08,Yes,2025-12-08
900871,233407,2025-12-08,59.94,No,
900872,213911,2025-12-08,104.09,Yes,2025-12-10
900873,227973,2025-12-08,68.32,No,
900874,213581,2025-12-08,40.89,No,
900875,241939,2025-12-08,104.11,No,
900876,232130,2025-12-08,97.97,No,
900877,228031,2025-12-08,66.87,No,
900878,229427,2025-12-08,80.11,Yes,2025-12-11
900879,228258,2025-12-08,114.78,Yes,2025-12-08
900880,227611,2025-12-08,101.74,No,
900881,209454,2025-12-08,62.89,No,
900882,229746,2025-12-08,59.13,Yes,2025-12-11
900883,237665,2025-12-08,30.95,No,
900884,201794,2025-12-08,91.83,No,
900885,203933,2025-12-08,74.15,No,
900886,239445,2025-12-08,61.13,No,
900887,202923,2025-12-08,69.72,No,
900888,243524,2025-12-08,102.15,No,
900889,239435,2025-12-08,71.29,No,
900890,242654,2025-12-08,76.90,No,
900891,231840,2025-12-08,119.95,Yes,2025-12-08
900892,235901,2025-12-08,81.13,No,
900893,218822,2025-12-08,84.10,No,
900894,247705,2025-12-08,44.18,No,
900895,247746,2025-12-08,49.47,No,
900896,206709,2025-12-08,74.84,No,
900897,229397,2025-12-08,104.44,No,
900898,225497,2025-12-08,86.67,Yes,2025-12-09
900899,204190,2025-12-08,93.83,Yes,2025-12-11
900900,215079,2025-12-08,48.66,No,
900901,236399,2025-12-08,62.68,No,
900902,227856,2025-12-08,64.70,Yes,2025-12-09
900903,240167,2025-12-08,73.17,No,
900904,247861,2025-12-08,68.13,No,
900905,202565,2025-12-08,85.20,No,
900906,224359,2025-12-08,115.40,Yes,2025-12-10
900907,237722,2025-12-08,90.69,No,
900908,230592,2025-12-08,63.08,Yes,2025-12-10
900909,228355,2025-12-08,90.15,Yes,2025-12-11
900910,214076,2025-12-08,85.74,Yes,2025-12-11
900911,225863,2025-12-08,110.88,No,
900912,240101,2025-12-08,104.67,No,
900913,226982,2025-12-08,76.37,No,
900914,242024,2025-12-08,88.39,No,
900915,213677,2025-12-08,78.81,No,
900916,234421,2025-12-08,95.85,No,
900917,248243,2025-12-08,50.13,No,
900918,201966,2025-12-08,63.91,No,
900919,204327,2025-12-08,87.30,Yes,2025-12-08
900920,201293,2025-12-08,87.27,Yes,2025-12-10
900921,207972,2025-12-08,122.28,No,
900922,232313,2025-12-08,100.48,No,
900923,239414,2025-12-08,112.24,No,
900924,218561,2025-12-08,50.41,No,
900925,244692,2025-12-08,63.70,No,
900926,215455,2025-12-08,78.53,No,
900927,221598,2025-12-08,69.49,No,
900928,247603,2025-12-08,151.79,No,
900929,247394,2025-12-08,81.87,Yes,2025-12-09
900930,216389,2025-12-08,33.25,No,
900931,229151,2025-12-08,98.33,No,
900932,230477,2025-12-08,82.39,No,
900933,223911,2025-12-08,94.57,No,
900934,206201,2025-12-08,87.61,No,
900935,248433,2025-12-08,64.59,No,
900936,230797,2025-12-08,137.83,No,
900937,224572,2025-12-08,120.48,No,
900938,247238,2025-12-08,104.95,No,
900939,238427,2025-12-08,91.51,No,
900940,212796,2025-12-08,71.54,No,
900941,210686,2025-12-08,126.72,No,
900942,221179,2025-12-08,115.10,No,
900943,214632,2025-12-08,77.89,No,
900944,217214,2025-12-08,52.81,No,
900945,219931,2025-12-08,66.92,No,
900946,212178,2025-12-08,63.63,No,
900947,229486,2025-12-08,74.56,No,
900948,212730,2025-12-08,41.20,No,
900949,230671,2025-12-08,116.86,No,
900950,246746,2025-12-08,73.28,Yes,2025-12-11
900951,236288,2025-12-08,78.47,No,
900952,234646,2025-12-08,66.65,No,
900953,223550,2025-12-08,91.31,Yes,2025-12-09
900954,222058,2025-12-08,92.33,No,
900955,243620,2025-12-08,39.30,Yes,2025-12-11
900956,225216,2025-12-08,67.89,No,
900957,231836,2025-12-08,105.96,No,
900958,218048,2025-12-09,120.63,No,
900959,206191,2025-12-09,35.24,No,
900960,236412,2025-12-09,49.43,No,
900961,219806,2025-12-09,63.80,No,
900962,204549,2025-12-09,63.07,No,
900963,211422,2025-12-09,97.77,Yes,2025-12-12
900964,216910,2025-12-09,96.34,No,
900965,206057,2025-12-09,103.24,No,
900966,222854,2025-12-09,67.56,No,
900967,242186,2025-12-09,103.28,No,
900968,232252,2025-12-09,85.90,No,
900969,211407,2025-12-09,114.62,No,
900970,211580,2025-12-09,137.45,No,
900971,204964,2025-12-09,79.13,No,
900972,207092,2025-12-09,74.95,No,
900973,230655,2025-12-09,104.47,No,
900974,233269,2025-12-09,62.50,No,
900975,241389,2025-12-09,46.14,No,
900976,234007,2025-12-09,77.85,No,
900977,248416,2025-12-09,86.06,Yes,2025-12-09
900978,207635,2025-12-09,83.09,No,
900979,208385,2025-12-09,102.52,Yes,2025-12-12
900980,219746,2025-12-09,112.77,No,
900981,236766,2025-12-09,90.11,No,
900982,244724,2025-12-09,68.30,No,
900983,226178,2025-12-09,68.50,Yes,2025-12-11
900984,209381,2025-12-09,71.53,No,
900985,217187,2025-12-09,56.07,No,
900986,221469,2025-12-09,99.76,No,
900987,241590,2025-12-09,102.84,No,
900988,204693,2025-12-09,110.02,No,
900989,234565,2025-12-09,92.62,No,
900990,233030,2025-12-09,78.41,No,
900991,247668,2025-12-09,92.66,No,
900992,242865,2025-12-09,92.24,Yes,2025-12-09
900993,233615,2025-12-09,130.13,No,
900994,246971,2025-12-09,49.00,No,
900995,233572,2025-12-09,75.88,No,
900996,246696,2025-12-09,72.19,No,
900997,214249,2025-12-09,81.23,Yes,2025-12-11
900998,208704,2025-12-09,111.59,No,
900999,210393,2025-12-09,103.34,Yes,2025-12-09
901000,229566,2025-12-09,52.42,No,
901001,241617,2025-12-09,152.12,No,
901002,243176,2025-12-09,69.71,No,
901003,213766,2025-12-09,70.95,No,
901004,207556,2025-12-09,80.49,No,
901005,200258,2025-12-09,113.50,Yes,2025-12-11
901006,204295,2025-12-09,51.08,No,
901007,235723,2025-12-09,20.00,No,
901008,221185,2025-12-09,44.60,No,
901009,241987,2025-12-09,94.89,Yes,2025-12-12
901010,226654,2025-12-09,49.92,Yes,2025-12-10
901011,213496,2025-12-09,83.60,No,
901012,240263,2025-12-09,73.83,No,
901013,246622,2025-12-09,94.61,No,
901014,233250,2025-12-09,78.63,No,
901015,223621,2025-12-09,87.09,No,
901016,204123,2025-12-09,93.44,No,
901017,225982,2025-12-09,60.78,No,
901018,241623,2025-12-09,94.20,No,
901019,209171,2025-12-09,90.32,No,
901020,210005,2025-12-09,120.61,Yes,2025-12-12
901021,218442,2025-12-09,77.04,Yes,2025-12-09
901022,212671,2025-12-09,87.05,No,
901023,207062,2025-12-09,52.95,No,
901024,238859,2025-12-09,74.15,Yes,2025-12-11
901025,233451,2025-12-09,43.24,No,
901026,218149,2025-12-09,90.17,No,
901027,201522,2025-12-09,36.01,Yes,2025-12-09
901028,217433,2025-12-09,86.48,No,
901029,224749,2025-12-09,108.14,No,
901030,232186,2025-12-09,38.45,No,
901031,213879,2025-12-09,100.22,No,
901032,236069,2025-12-09,71.25,No,
901033,207563,2025-12-09,57.81,No,
901034,233307,2025-12-09,59.79,No,
901035,210416,2025-12-09,72.94,No,
901036,201715,2025-12-09,105.12,No,
901037,214496,2025-12-09,38.21,Yes,2025-12-12
901038,216826,2025-12-09,104.56,No,
901039,236508,2025-12-09,42.74,No,
901040,243756,2025-12-09,87.60,No,
901041,216674,2025-12-09,101.47,No,
901042,204449,2025-12-09,127.52,No,
901043,246825,2025-12-09,83.66,Yes,2025-12-09
901044,213958,2025-12-09,97.48,No,
901045,203781,2025-12-09,104.81,Yes,2025-12-10
901046,238289,2025-12-09,119.09,Yes,2025-12-10
901047,246028,2025-12-09,66.53,Yes,2025-12-10
901048,241891,2025-12-09,93.59,Yes,2025-12-09
901049,223775,2025-12-09,112.91,Yes,2025-12-10
901050,241954,2025-12-09,55.66,No,
901051,242511,2025-12-09,103.76,Yes,2025-12-10
901052,223370,2025-12-09,82.84,No,
901053,223377,2025-12-09,98.69,No,
901054,241005,2025-12-09,62.50,Yes,2025-12-10
901055,203167,2025-12-09,41.96,Yes,2025-12-10
901056,224090,2025-12-09,75.85,No,
901057,244251,2025-12-09,94.28,Yes,2025-12-12
901058,227151,2025-12-09,69.41,No,
901059,233506,2025-12-09,62.71,No,
901060,206110,2025-12-09,109.88,No,
901061,230944,2025-12-09,105.78,No,
901062,233079,2025-12-09,98.90,No,
901063,216223,2025-12-09,71.03,No,
901064,221757,2025-12-09,109.89,No,
901065,219943,2025-12-09,27.91,No,
901066,248260,2025-12-09,71.86,Yes,2025-12-11
901067,226810,2025-12-09,58.48,No,
901068,241271,2025-12-09,52.00,Yes,2025-12-10
901069,234445,2025-12-09,97.71,No,
901070,232768,2025-12-09,94.06,No,
901071,245173,2025-12-09,92.74,No,
901072,220221,2025-12-09,146.20,No,
901073,205190,2025-12-09,108.37,No,
901074,233843,2025-12-09,50.40,No,
901075,207259,2025-12-09,76.74,No,
901076,217564,2025-12-09,65.10,Yes,2025-12-11
901077,230868,2025-12-09,20.00,No,
901078,203829,2025-12-10,97.15,Yes,2025-12-10
901079,234119,2025-12-10,48.65,No,
901080,228374,2025-12-10,77.63,Yes,2025-12-13
901081,203132,2025-12-10,90.43,No,
901082,211401,2025-12-10,76.65,No,
901083,226114,2025-12-10,52.65,Yes,2025-12-13
901084,238227,2025-12-10,133.04,No,
901085,209788,2025-12-10,86.42,No,
901086,205634,2025-12-10,78.13,Yes,2025-12-10
901087,229587,2025-12-10,68.44,No,
901088,218594,2025-12-10,67.53,No,
901089,244015,2025-12-10,70.47,No,
901090,207306,2025-12-10,80.49,No,
901091,201875,2025-12-10,71.55,No,
901092,248402,2025-12-10,66.32,No,
901093,208579,2025-12-10,59.32,No,
901094,233214,2025-12-10,84.77,No,
901095,227037,2025-12-10,63.79,No,
901096,227740,2025-12-10,71.13,No,
901097,239129,2025-12-10,127.11,No,
901098,228651,2025-12-10,50.41,No,
901099,233413,2025-12-10,61.84,No,
901100,223927,2025-12-10,61.07,Yes,2025-12-12
901101,219317,2025-12-10,82.72,No,
901102,217883,2025-12-10,64.93,No,
901103,221072,2025-12-10,85.90,No,
901104,222649,2025-12-10,80.46,No,
901105,204282,2025-12-10,115.35,Yes,2025-12-10
901106,218859,2025-12-10,94.77,Yes,2025-12-11
901107,234883,2025-12-10,37.47,No,
901108,236756,2025-12-10,81.37,No,
901109,219445,2025-12-10,75.53,Yes,2025-12-10
901110,223074,2025-12-10,79.01,No,
901111,225080,2025-12-10,102.51,No,
901112,224276,2025-12-10,64.78,No,
901113,219933,2025-12-10,84.48,No,
901114,244182,2025-12-10,43.47,No,
901115,203080,2025-12-10,38.33,No,
901116,214661,2025-12-10,107.67,No,
901117,212788,2025-12-10,79.69,No,
901118,234699,2025-12-10,51.15,No,
901119,229091,2025-12-10,33.73,Yes,2025-12-12
901120,239848,2025-12-10,92.99,No,
901121,209464,2025-12-10,117.55,No,
901122,230264,2025-12-10,32.58,No,
901123,215595,2025-12-10,63.00,No,
901124,225248,2025-12-10,114.75,No,
901125,245184,2025-12-10,72.78,No,
901126,245483,2025-12-10,93.34,Yes,2025-12-11
901127,231541,2025-12-10,84.08,Yes,2025-12-13
901128,222589,2025-12-10,74.53,No,
901129,227533,2025-12-10,64.85,Yes,2025-12-13
901130,227541,2025-12-10,107.19,No,
901131,219850,2025-12-10,114.13,No,
901132,234334,2025-12-10,115.74,No,
901133,204889,2025-12-10,110.17,Yes,2025-12-11
901134,240284,2025-12-10,95.84,No,
901135,235999,2025-12-10,71.04,No,
901136,236229,2025-12-10,69.36,No,
901137,243045,2025-12-10,87.34,No,
901138,228099,2025-12-10,89.98,No,
901139,240468,2025-12-10,47.20,Yes,2025-12-12
901140,211937,2025-12-10,85.81,Yes,2025-12-12
901141,201985,2025-12-10,36.33,No,
901142,212379,2025-12-10,111.53,No,
901143,222578,2025-12-10,75.25,No,
901144,218311,2025-12-10,111.48,No,
901145,225271,2025-12-10,100.62,No,
901146,203356,2025-12-10,79.90,No,
901147,245849,2025-12-10,84.91,No,
901148,224917,2025-12-10,67.29,No,
901149,227515,2025-12-10,110.22,Yes,2025-12-12
901150,218623,2025-12-10,23.35,No,
901151,245484,2025-12-10,50.76,No,
901152,232663,2025-12-10,99.58,No,
901153,229194,2025-12-10,80.83,No,
901154,220352,2025-12-10,74.56,No,
901155,237207,2025-12-10,96.61,No,
901156,235970,2025-12-10,79.22,No,
901157,206208,2025-12-10,70.72,Yes,2025-12-11
901158,241384,2025-12-10,76.21,No,
901159,240161,2025-12-10,96.09,Yes,2025-12-11
901160,221556,2025-12-10,108.92,No,
901161,246373,2025-12-10,61.73,No,
901162,232011,2025-12-10,89.21,Yes,2025-12-12
901163,219844,2025-12-10,76.70,Yes,2025-12-10
901164,238645,2025-12-10,67.36,No,
901165,223452,2025-12-10,84.15,No,
901166,210476,2025-12-10,112.67,No,
901167,234290,2025-12-10,50.69,No,
901168,210345,2025-12-10,55.98,No,
901169,220679,2025-12-10,82.72,No,
901170,228385,2025-12-10,78.91,Yes,2025-12-13
901171,220473,2025-12-10,99.86,No,
901172,221150,2025-12-10,82.74,No,
901173,231012,2025-12-10,67.88,No,
901174,217862,2025-12-10,85.29,No,
901175,205992,2025-12-10,103.42,No,
901176,218445,2025-12-10,144.70,No,
901177,222318,2025-12-10,61.56,Yes,2025-12-13
901178,210048,2025-12-10,63.02,No,
901179,201069,2025-12-10,105.24,Yes,2025-12-10
901180,242237,2025-12-10,79.25,No,
901181,243315,2025-12-10,116.63,No,
901182,221858,2025-12-10,91.80,No,
901183,222228,2025-12-10,73.94,No,
901184,237662,2025-12-10,69.84,No,
901185,232144,2025-12-10,116.37,No,
901186,210084,2025-12-10,77.56,No,
901187,216044,2025-12-10,154.97,No,
901188,223240,2025-12-10,69.88,No,
901189,204513,2025-12-10,48.55,No,
901190,229674,2025-12-10,84.91,No,
901191,233420,2025-12-10,98.89,No,
901192,203076,2025-12-10,104.17,No,
901193,224133,2025-12-10,54.83,No,
901194,212967,2025-12-10,117.14,Yes,2025-12-12
901195,243795,2025-12-10,76.96,No,
901196,214493,2025-12-10,133.16,No,
901197,229506,2025-12-10,68.09,Yes,2025-12-13
901198,242545,2025-12-10,61.50,No,
901199,233455,2025-12-11,89.24,No,
901200,231308,2025-12-11,108.44,No,
901201,213830,2025-12-11,72.26,No,
901202,241111,2025-12-11,74.60,No,
901203,210968,2025-12-11,110.05,No,
901204,205696,2025-12-11,96.18,Yes,2025-12-12
901205,225905,2025-12-11,47.51,Yes,2025-12-14
901206,231722,2025-12-11,68.28,No,
901207,226444,2025-12-11,68.85,No,
901208,200187,2025-12-11,113.54,No,
901209,229452,2025-12-11,100.72,No,
901210,242572,2025-12-11,84.71,Yes,2025-12-11
901211,212909,2025-12-11,54.02,No,
901212,221761,2025-12-11,73.53,No,
901213,208558,2025-12-11,106.01,Yes,2025-12-14
901214,220310,2025-12-11,88.31,No,
901215,229781,2025-12-11,110.68,No,
901216,213303,2025-12-11,86.10,No,
901217,201737,2025-12-11,60.93,No,
901218,204660,2025-12-11,93.68,Yes,2025-12-13
901219,245390,2025-12-11,64.76,No,
901220,234860,2025-12-11,95.61,Yes,2025-12-13
901221,209809,2025-12-11,112.60,Yes,2025-12-11
901222,218095,2025-12-11,38.42,No,
901223,206594,2025-12-11,43.84,No,
901224,215806,2025-12-11,138.82,No,
901225,246397,2025-12-11,98.35,No,
901226,206069,2025-12-11,89.35,Yes,2025-12-14
901227,229306,2025-12-11,80.79,No,
901228,224005,2025-12-11,132.24,No,
901229,244891,2025-12-11,141.36,No,
901230,240274,2025-12-11,59.12,No,
901231,226452,2025-12-11,68.35,No,
901232,213757,2025-12-11,91.60,Yes,2025-12-12
901233,227882,2025-12-11,77.35,No,
901234,202782,2025-12-11,106.06,No,
901235,207942,2025-12-11,127.24,No,
901236,203686,2025-12-11,57.35,No,
901237,217634,2025-12-11,142.78,Yes,2025-12-14
901238,223891,2025-12-11,117.62,Yes,2025-12-12
901239,220404,2025-12-11,39.13,Yes,2025-12-12
901240,240835,2025-12-11,66.65,No,
901241,205038,2025-12-11,63.89,No,
901242,245910,2025-12-11,80.40,No,
901243,227615,2025-12-11,113.49,Yes,2025-12-11
901244,232772,2025-12-11,30.34,No,
901245,210415,2025-12-11,43.59,No,
901246,215952,2025-12-11,61.68,Yes,2025-12-14
901247,209423,2025-12-11,126.52,No,
901248,202312,2025-12-11,89.16,No,
901249,238480,2025-12-11,43.38,No,
901250,210115,2025-12-11,41.68,No,
901251,233723,2025-12-11,59.33,Yes,2025-12-12
901252,200832,2025-12-11,63.35,No,
901253,234227,2025-12-11,98.40,No,
901254,247778,2025-12-11,83.90,No,
901255,232462,2025-12-11,71.94,No,
901256,233034,2025-12-11,41.84,No,
901257,207764,2025-12-11,70.90,Yes,2025-12-12
901258,223619,2025-12-11,53.10,No,
901259,245016,2025-12-11,85.77,No,
901260,227822,2025-12-11,90.31,No,
901261,235749,2025-12-11,134.64,Yes,2025-12-13
901262,224795,2025-12-11,86.25,No,
901263,234597,2025-12-11,55.83,No,
901264,211778,2025-12-11,69.14,No,
901265,206275,2025-12-11,94.95,No,
901266,240552,2025-12-11,92.15,No,
901267,228096,2025-12-11,100.48,No,
901268,208688,2025-12-11,42.19,No,
901269,222057,2025-12-11,54.90,Yes,2025-12-11
901270,243568,2025-12-11,62.51,No,
901271,235688,2025-12-11,32.57,No,
901272,231062,2025-12-11,92.34,No,
901273,200244,2025-12-11,84.69,No,
901274,202336,2025-12-11,66.14,Yes,2025-12-12
901275,240840,2025-12-11,37.07,Yes,2025-12-13
901276,223349,2025-12-11,81.81,Yes,2025-12-12
901277,248432,2025-12-11,83.13,No,
901278,203128,2025-12-11,73.54,Yes,2025-12-14
901279,216140,2025-12-11,97.42,No,
901280,243796,2025-12-11,120.41,No,
901281,209947,2025-12-11,73.35,No,
901282,210204,2025-12-11,97.73,No,
901283,211554,2025-12-11,118.22,No,
901284,203402,2025-12-11,73.10,No,
901285,210971,2025-12-11,128.18,No,
901286,208032,2025-12-11,73.26,Yes,2025-12-14
901287,210180,2025-12-11,43.96,No,
901288,222030,2025-12-11,107.82,No,
901289,233683,2025-12-11,45.86,No,
901290,218073,2025-12-11,91.01,Yes,2025-12-14
901291,216995,2025-12-11,60.41,No,
901292,220460,2025-12-11,107.02,No,
901293,245038,2025-12-11,107.94,No,
901294,237679,2025-12-11,75.20,Yes,2025-12-11
901295,222524,2025-12-11,58.81,No,
901296,222142,2025-12-11,114.66,No,
901297,205682,2025-12-11,50.08,No,
901298,245552,2025-12-11,76.32,Yes,2025-12-14
901299,236006,2025-12-11,99.77,No,
901300,224211,2025-12-11,80.19,No,
901301,245212,2025-12-11,69.18,No,
901302,208090,2025-12-11,131.40,No,
901303,210518,2025-12-11,84.04,No,
901304,207262,2025-12-11,39.23,No,
901305,238683,2025-12-11,150.29,No,
901306,203104,2025-12-11,83.65,Yes,2025-12-14
901307,213223,2025-12-11,64.85,No,
901308,248292,2025-12-11,41.04,Yes,2025-12-12
901309,231786,2025-12-11,97.54,No,
901310,220790,2025-12-11,92.53,Yes,2025-12-14
901311,203922,2025-12-11,48.61,No,
901312,213515,2025-12-11,66.51,Yes,2025-12-13
901313,233105,2025-12-11,85.42,No,
901314,201630,2025-12-11,91.31,Yes,2025-12-14
901315,209225,2025-12-11,25.44,No,
901316,238482,2025-12-11,70.89,Yes,2025-12-12
901317,204483,2025-12-11,84.23,No,
901318,231637,2025-12-11,82.28,No,
901319,228833,2025-12-11,40.58,No,
901320,207458,2025-12-11,42.15,Yes,2025-12-11
901321,226487,2025-12-12,98.23,No,
901322,206832,2025-12-12,130.77,No,
901323,202496,2025-12-12,111.15,No,
901324,205758,2025-12-12,74.17,Yes,2025-12-12
901325,230407,2025-12-12,96.38,Yes,2025-12-15
901326,207739,2025-12-12,52.37,No,
901327,237012,2025-12-12,63.89,No,
901328,216174,2025-12-12,98.75,No,
901329,248080,2025-12-12,60.56,No,
901330,222892,2025-12-12,105.64,No,
901331,219064,2025-12-12,78.52,No,
901332,226474,2025-12-12,61.05,Yes,2025-12-12
901333,243270,2025-12-12,109.31,Yes,2025-12-14
901334,204282,2025-12-12,69.49,No,
901335,227469,2025-12-12,57.99,No,
901336,203021,2025-12-12,90.56,No,
901337,221658,2025-12-12,101.50,No,
901338,232742,2025-12-12,95.61,No,
901339,208872,2025-12-12,78.58,No,
901340,227644,2025-12-12,79.13,No,
901341,210051,2025-12-12,79.28,Yes,2025-12-14
901342,205962,2025-12-12,70.15,No,
901343,200251,2025-12-12,60.39,Yes,2025-12-13
901344,232387,2025-12-12,67.48,No,
901345,210732,2025-12-12,108.62,No,
901346,225901,2025-12-12,59.64,No,
901347,225411,2025-12-12,99.61,No,
901348,245716,2025-12-12,120.55,No,
901349,216741,2025-12-12,58.06,No,
901350,247261,2025-12-12,89.04,No,
901351,228385,2025-12-12,62.05,Yes,2025-12-13
901352,209476,2025-12-12,153.38,No,
901353,205988,2025-12-12,51.67,No,
901354,227425,2025-12-12,124.61,No,
901355,227104,2025-12-12,70.11,No,
901356,225299,2025-12-12,95.10,No,
901357,201576,2025-12-12,70.27,No,
901358,212660,2025-12-12,72.30,No,
901359,223791,2025-12-12,82.07,No,
901360,242610,2025-12-12,55.00,No,
901361,226417,2025-12-12,71.08,No,
901362,243129,2025-12-12,73.86,Yes,2025-12-14
901363,217027,2025-12-12,81.61,No,
901364,245606,2025-12-12,89.76,No,
901365,246267,2025-12-12,72.16,No,
901366,234290,2025-12-12,80.09,No,
901367,205358,2025-12-12,67.39,No,
901368,213521,2025-12-12,75.23,No,
901369,248439,2025-12-12,90.70,Yes,2025-12-12
901370,235907,2025-12-12,44.78,No,
901371,247179,2025-12-12,34.32,No,
901372,219317,2025-12-12,113.37,Yes,2025-12-15
901373,231834,2025-12-12,108.02,No,
901374,234459,2025-12-12,69.31,No,
901375,219022,2025-12-12,62.06,No,
901376,221395,2025-12-12,101.67,No,
901377,222150,2025-12-12,49.02,No,
901378,207388,2025-12-12,83.07,No,
901379,228204,2025-12-12,94.41,No,
901380,205586,2025-12-12,56.17,Yes,2025-12-14
901381,220425,2025-12-12,55.31,No,
901382,243661,2025-12-12,129.91,No,
901383,206215,2025-12-12,69.35,No,
901384,223655,2025-12-12,84.26,No,
901385,216572,2025-12-12,62.54,No,
901386,232537,2025-12-12,70.92,No,
901387,220509,2025-12-12,83.03,Yes,2025-12-15
901388,235113,2025-12-12,57.76,No,
901389,229900,2025-12-12,77.51,No,
901390,202218,2025-12-12,66.31,No,
901391,211941,2025-12-12,129.41,Yes,2025-12-13
901392,202763,2025-12-12,124.03,No,
901393,213107,2025-12-12,89.80,No,
901394,203299,2025-12-12,64.18,No,
901395,211914,2025-12-12,51.47,No,
901396,236323,2025-12-12,91.09,No,
901397,229145,2025-12-12,85.29,No,
901398,205520,2025-12-12,48.13,No,
901399,230306,2025-12-12,51.81,Yes,2025-12-13
901400,214108,2025-12-12,32.71,No,
901401,221843,2025-12-12,69.05,No,
901402,200695,2025-12-12,53.10,No,
901403,244544,2025-12-12,107.30,Yes,2025-12-14
901404,215363,2025-12-12,70.95,No,
901405,246220,2025-12-12,46.80,No,
901406,245953,2025-12-12,82.09,No,
901407,221861,2025-12-12,77.39,No,
901408,237679,2025-12-12,75.86,Yes,2025-12-13
901409,210211,2025-12-12,27.83,No,
901410,207679,2025-12-12,68.29,No,
901411,219557,2025-12-12,57.19,No,
901412,222139,2025-12-12,85.95,No,
901413,209953,2025-12-12,61.00,No,
901414,208459,2025-12-12,106.39,No,
901415,247189,2025-12-12,97.59,Yes,2025-12-14
901416,240435,2025-12-12,70.47,Yes,2025-12-14
901417,230365,2025-12-12,92.97,No,
901418,213003,2025-12-12,105.74,No,
901419,243550,2025-12-12,73.05,Yes,2025-12-15
901420,233115,2025-12-12,76.24,No,
901421,241543,2025-12-12,45.08,No,
901422,217236,2025-12-12,80.40,Yes,2025-12-12
901423,221879,2025-12-12,96.58,No,
901424,210309,2025-12-12,46.29,No,
901425,231506,2025-12-12,108.63,No,
901426,235969,2025-12-12,87.11,No,
901427,220456,2025-12-12,81.84,No,
901428,241873,2025-12-12,81.58,No,
901429,235476,2025-12-12,78.61,No,
901430,225610,2025-12-12,71.10,No,
901431,230423,2025-12-12,98.55,No,
901432,246538,2025-12-12,48.77,Yes,2025-12-14
901433,242977,2025-12-12,66.84,No,
901434,233765,2025-12-12,88.99,No,
901435,218779,2025-12-12,40.77,No,
901436,236614,2025-12-12,78.84,Yes,2025-12-13
901437,224312,2025-12-12,77.27,No,
901438,237084,2025-12-12,43.32,No,
901439,206378,2025-12-12,70.54,No,
901440,229605,2025-12-12,100.69,Yes,2025-12-13
901441,233668,2025-12-12,81.77,No,
901442,239247,2025-12-12,71.94,No,
901443,244684,2025-12-12,110.80,No,
901444,224655,2025-12-12,54.12,Yes,2025-12-14
901445,246985,2025-12-12,70.91,No,
901446,220589,2025-12-12,65.06,No,
901447,238579,2025-12-12,41.87,No,
901448,218209,2025-12-12,76.59,No,
901449,202496,2025-12-12,80.62,No,
901450,219177,2025-12-12,76.65,No,
901451,210129,2025-12-12,87.68,No,
901452,240710,2025-12-13,91.92,Yes,2025-12-14
901453,235312,2025-12-13,80.22,No,
901454,225350,2025-12-13,88.78,No,
901455,231712,2025-12-13,84.73,No,
901456,225790,2025-12-13,113.64,Yes,2025-12-14
901457,225181,2025-12-13,91.31,No,
901458,207158,2025-12-13,96.70,No,
901459,230970,2025-12-13,75.74,No,
901460,219827,2025-12-13,60.27,No,
901461,240070,2025-12-13,64.79,No,
901462,212824,2025-12-13,115.75,No,
901463,245830,2025-12-13,91.53,No,
901464,228251,2025-12-13,95.87,No,
901465,231614,2025-12-13,76.49,Yes,2025-12-14
901466,229575,2025-12-13,88.24,No,
901467,232465,2025-12-13,50.65,Yes,2025-12-13
901468,202245,2025-12-13,55.29,No,
901469,243467,2025-12-13,75.45,No,
901470,203667,2025-12-13,78.84,No,
901471,220030,2025-12-13,67.66,No,
901472,237120,2025-12-13,57.56,No,
901473,224524,2025-12-13,72.96,No,
901474,231602,2025-12-13,116.44,No,
901475,240500,2025-12-13,76.98,No,
901476,240028,2025-12-13,62.81,No,
901477,217711,2025-12-13,60.31,No,
901478,215331,2025-12-13,86.28,Yes,2025-12-13
901479,238940,2025-12-13,51.39,Yes,2025-12-15
901480,234194,2025-12-13,104.98,Yes,2025-12-15
901481,209271,2025-12-13,98.12,No,
901482,227819,2025-12-13,64.70,No,
901483,226690,2025-12-13,47.09,No,
901484,245534,2025-12-13,92.09,Yes,2025-12-15
901485,215092,2025-12-13,112.74,No,
901486,247057,2025-12-13,105.63,No,
901487,203645,2025-12-13,53.95,No,
901488,246569,2025-12-13,97.80,No,
901489,243876,2025-12-13,125.11,No,
901490,224017,2025-12-13,67.04,No,
901491,208312,2025-12-13,107.73,No,
901492,209756,2025-12-13,20.00,No,
901493,210632,2025-12-13,54.97,No,
901494,221659,2025-12-13,137.50,Yes,2025-12-16
901495,237775,2025-12-13,55.68,No,
901496,222184,2025-12-13,50.34,No,
901497,203355,2025-12-13,109.47,No,
901498,208662,2025-12-13,105.51,Yes,2025-12-13
901499,243244,2025-12-13,129.84,No,
901500,243178,2025-12-13,78.70,No,
901501,227967,2025-12-13,112.87,No,
901502,212996,2025-12-13,82.20,No,
901503,246396,2025-12-13,89.45,No,
901504,237022,2025-12-13,78.91,Yes,2025-12-14
901505,227494,2025-12-13,90.59,No,
901506,222753,2025-12-13,63.97,No,
901507,245661,2025-12-13,99.78,No,
901508,229792,2025-12-13,94.29,No,
901509,237859,2025-12-13,91.88,Yes,2025-12-15
901510,230373,2025-12-13,119.24,No,
901511,227087,2025-12-13,69.20,No,
901512,207529,2025-12-13,111.55,Yes,2025-12-16
901513,239069,2025-12-13,58.35,No,
901514,217577,2025-12-13,100.83,No,
901515,203880,2025-12-13,96.71,No,
901516,233702,2025-12-13,115.79,No,
901517,208296,2025-12-13,146.80,No,
901518,214214,2025-12-13,110.59,No,
901519,233648,2025-12-13,79.40,No,
901520,202093,2025-12-13,92.65,Yes,2025-12-16
901521,202853,2025-12-13,76.62,No,
901522,219064,2025-12-13,145.88,Yes,2025-12-16
901523,203841,2025-12-13,39.60,No,
901524,231874,2025-12-13,89.20,No,
901525,206727,2025-12-13,67.05,No,
901526,215533,2025-12-13,107.75,No,
901527,242700,2025-12-13,121.60,No,
901528,206787,2025-12-13,58.37,Yes,2025-12-15
901529,215543,2025-12-13,59.98,No,
901530,216116,2025-12-13,96.97,Yes,2025-12-15
901531,208044,2025-12-13,79.51,No,
901532,212550,2025-12-13,71.44,No,
901533,222992,2025-12-13,124.29,Yes,2025-12-16
901534,225399,2025-12-13,59.88,No,
901535,227277,2025-12-13,78.08,Yes,2025-12-15
901536,247231,2025-12-13,77.71,No,
901537,229967,2025-12-13,59.18,No,
901538,224471,2025-12-13,130.75,No,
901539,213846,2025-12-13,64.78,No,
901540,203481,2025-12-13,89.90,No,
901541,238419,2025-12-13,105.20,No,
901542,235466,2025-12-13,90.25,No,
901543,236532,2025-12-13,71.81,No,
901544,229053,2025-12-13,106.43,No,
901545,202515,2025-12-13,126.12,No,
901546,215214,2025-12-13,87.96,Yes,2025-12-13
901547,230424,2025-12-13,64.34,Yes,2025-12-13
901548,235203,2025-12-13,61.02,Yes,2025-12-16
901549,216516,2025-12-13,76.53,No,
901550,228549,2025-12-13,98.02,No,
901551,212143,2025-12-13,63.32,No,
901552,229575,2025-12-13,69.29,No,
901553,224109,2025-12-13,84.25,Yes,2025-12-15
901554,235856,2025-12-13,35.44,No,
901555,233063,2025-12-13,141.93,No,
901556,224403,2025-12-13,132.67,No,
901557,226286,2025-12-13,103.68,No,
901558,214517,2025-12-13,118.87,Yes,2025-12-14
901559,235030,2025-12-13,72.06,No,
901560,201020,2025-12-13,47.35,Yes,2025-12-13
901561,235409,2025-12-13,57.04,No,
901562,241755,2025-12-13,139.02,No,
901563,241111,2025-12-13,95.51,No,
901564,202886,2025-12-13,93.35,No,
901565,225578,2025-12-13,86.63,Yes,2025-12-16
901566,241003,2025-12-13,67.48,Yes,2025-12-14
901567,241138,2025-12-13,79.72,Yes,2025-12-16
901568,204563,2025-12-13,27.09,Yes,2025-12-13
901569,229818,2025-12-13,100.49,Yes,2025-12-15
901570,230636,2025-12-13,79.33,No,
901571,221038,2025-12-13,82.25,No,
901572,205186,2025-12-13,95.53,No,
901573,200331,2025-12-13,86.44,No,
901574,235395,2025-12-13,64.62,No,
901575,229877,2025-12-13,76.32,No,
901576,231213,2025-12-13,91.46,No,
901577,231003,2025-12-13,87.80,No,
901578,203709,2025-12-13,141.56,Yes,2025-12-16
901579,222156,2025-12-13,126.42,No,
901580,232512,2025-12-13,58.77,No,
901581,236098,2025-12-13,87.49,No,
901582,203484,2025-12-13,88.88,No,
901583,209370,2025-12-13,96.35,No,
901584,247139,2025-12-13,75.60,No,
901585,223860,2025-12-13,54.16,No,
901586,232934,2025-12-13,34.28,Yes,2025-12-13
901587,231445,2025-12-13,97.09,No,
901588,206739,2025-12-13,84.96,No,
901589,222677,2025-12-13,114.39,No,
901590,203412,2025-12-13,74.26,Yes,2025-12-13
901591,238344,2025-12-13,106.94,No,
901592,201158,2025-12-13,72.13,Yes,2025-12-14
901593,246585,2025-12-14,85.02,No,
901594,237949,2025-12-14,79.18,Yes,2025-12-16
901595,237587,2025-12-14,80.90,No,
901596,247568,2025-12-14,82.45,No,
901597,223987,2025-12-14,65.30,No,
901598,209973,2025-12-14,108.25,No,
901599,231446,2025-12-14,50.70,Yes,2025-12-14
901600,206754,2025-12-14,34.29,No,
901601,200493,2025-12-14,123.80,No,
901602,229370,2025-12-14,86.04,No,
901603,227212,2025-12-14,80.77,No,
901604,243099,2025-12-14,49.27,No,
901605,205205,2025-12-14,117.01,No,
901606,233998,2025-12-14,51.96,Yes,2025-12-17
901607,205104,2025-12-14,71.66,No,
901608,246276,2025-12-14,51.04,No,
901609,219823,2025-12-14,117.38,No,
901610,205699,2025-12-14,85.44,Yes,2025-12-15
901611,203556,2025-12-14,51.49,No,
901612,211288,2025-12-14,36.11,No,
901613,209635,2025-12-14,79.11,Yes,2025-12-16
901614,231956,2025-12-14,55.86,No,
901615,227432,2025-12-14,58.08,No,
901616,228140,2025-12-14,50.41,Yes,2025-12-14
901617,220764,2025-12-14,68.50,No,
901618,207995,2025-12-14,45.62,No,
901619,225120,2025-12-14,69.17,Yes,2025-12-14
901620,205838,2025-12-14,56.03,No,
901621,215584,2025-12-14,113.71,No,
901622,241644,2025-12-14,49.63,Yes,2025-12-17
901623,238316,2025-12-14,62.11,No,
901624,211432,2025-12-14,66.98,No,
901625,204628,2025-12-14,58.03,Yes,2025-12-15
901626,204826,2025-12-14,75.89,No,
901627,246567,2025-12-14,70.85,Yes,2025-12-15
901628,240845,2025-12-14,54.99,No,
901629,208184,2025-12-14,98.46,No,
901630,218217,2025-12-14,104.92,No,
901631,236026,2025-12-14,79.10,No,
901632,211810,2025-12-14,77.79,No,
901633,203260,2025-12-14,28.59,No,
901634,201548,2025-12-14,96.89,No,
901635,216400,2025-12-14,82.46,No,
901636,217672,2025-12-14,76.10,No,
901637,203257,2025-12-14,50.30,No,
901638,243526,2025-12-14,46.93,No,
901639,209842,2025-12-14,63.63,No,
901640,234574,2025-12-14,54.20,No,
901641,226819,2025-12-14,50.20,No,
901642,211329,2025-12-14,106.55,No,
901643,218570,2025-12-14,59.12,No,
901644,202100,2025-12-14,115.09,No,
901645,244070,2025-12-14,96.52,Yes,2025-12-17
901646,212334,2025-12-14,96.78,No,
901647,218385,2025-12-14,107.22,No,
901648,233348,2025-12-14,96.36,No,
901649,235323,2025-12-14,92.01,No,
901650,211495,2025-12-14,99.01,Yes,2025-12-17
901651,237641,2025-12-14,86.93,No,
901652,241044,2025-12-14,124.51,No,
901653,237829,2025-12-14,76.49,Yes,2025-12-14
901654,239917,2025-12-14,84.17,No,
901655,215177,2025-12-14,95.11,No,
901656,243499,2025-12-14,101.33,No,
901657,221863,2025-12-14,85.85,No,
901658,245593,2025-12-14,92.27,No,
901659,205984,2025-12-14,101.20,Yes,2025-12-17
901660,237325,2025-12-14,41.06,Yes,2025-12-15
901661,247403,2025-12-14,62.63,No,
901662,224773,2025-12-14,78.03,No,
901663,236369,2025-12-14,125.49,No,
901664,224568,2025-12-14,35.02,No,
901665,202716,2025-12-14,123.36,No,
901666,210649,2025-12-14,123.21,Yes,2025-12-15
901667,240436,2025-12-14,64.11,Yes,2025-12-14
901668,211105,2025-12-14,71.56,No,
901669,234548,2025-12-14,85.67,No,
901670,240881,2025-12-14,78.25,Yes,2025-12-15
901671,226671,2025-12-14,33.84,No,
901672,247244,2025-12-14,56.12,No,
901673,208222,2025-12-14,92.41,No,
901674,218830,2025-12-14,21.57,No,
901675,239675,2025-12-14,65.58,No,
901676,247133,2025-12-14,79.79,No,
901677,211530,2025-12-14,114.45,No,
901678,237802,2025-12-14,65.95,Yes,2025-12-14
901679,203521,2025-12-14,68.20,Yes,2025-12-17
901680,209583,2025-12-14,85.49,No,
901681,205804,2025-12-14,98.16,No,
901682,235818,2025-12-14,36.87,Yes,2025-12-16
901683,227928,2025-12-14,82.47,No,
901684,244404,2025-12-14,107.91,Yes,2025-12-16
901685,200761,2025-12-14,92.95,No,
901686,212350,2025-12-14,90.62,Yes,2025-12-16
901687,247794,2025-12-14,73.07,No,
901688,231188,2025-12-14,67.27,No,
901689,243476,2025-12-14,35.99,No,
901690,231078,2025-12-14,45.95,No,
901691,216935,2025-12-14,83.03,Yes,2025-12-16
901692,210534,2025-12-14,74.70,No,
901693,228480,2025-12-14,63.18,No,
901694,241166,2025-12-14,56.17,No,
901695,224295,2025-12-14,87.31,No,
901696,242048,2025-12-14,29.48,No,
901697,200004,2025-12-14,79.13,Yes,2025-12-17
901698,202587,2025-12-14,62.75,No,
901699,243995,2025-12-14,53.57,Yes,2025-12-15
901700,220535,2025-12-14,84.83,No,
901701,235066,2025-12-14,83.23,No,
901702,214841,2025-12-14,59.03,No,
901703,234370,2025-12-14,48.43,Yes,2025-12-15
901704,247911,2025-12-14,89.28,Yes,2025-12-16
901705,200790,2025-12-14,79.56,Yes,2025-12-14
901706,241480,2025-12-14,92.90,No,
901707,218505,2025-12-14,110.03,No,
901708,243366,2025-12-14,83.60,No,
901709,235582,2025-12-14,79.04,No,
901710,212354,2025-12-14,90.39,Yes,2025-12-17
901711,207828,2025-12-14,71.71,Yes,2025-12-16
901712,203884,2025-12-14,88.23,Yes,2025-12-17
901713,203038,2025-12-14,97.39,No,
901714,204667,2025-12-14,72.74,No,
901715,200479,2025-12-14,62.78,Yes,2025-12-17
901716,210771,2025-12-14,97.62,No,
901717,232033,2025-12-14,46.81,No,
901718,236195,2025-12-14,77.64,Yes,2025-12-15
901719,217905,2025-12-14,40.76,No,
901720,211458,2025-12-14,87.38,No,
901721,228696,2025-12-14,94.73,Yes,2025-12-17
901722,205644,2025-12-14,91.44,No,
901723,201180,2025-12-14,90.07,Yes,2025-12-15
901724,209955,2025-12-14,80.26,Yes,2025-12-17
901725,213952,2025-12-14,68.28,No,
901726,215121,2025-12-15,120.35,No,
901727,208039,2025-12-15,115.01,Yes,2025-12-15
901728,237419,2025-12-15,97.80,No,
901729,243348,2025-12-15,93.56,No,
901730,231831,2025-12-15,130.31,Yes,2025-12-16
901731,226174,2025-12-15,135.15,No,
901732,237587,2025-12-15,70.17,No,
901733,225656,2025-12-15,108.22,No,
901734,203274,2025-12-15,105.89,No,
901735,211311,2025-12-15,131.71,No,
901736,202286,2025-12-15,99.17,Yes,2025-12-18
901737,209160,2025-12-15,88.74,Yes,2025-12-18
901738,211186,2025-12-15,66.98,No,
901739,212773,2025-12-15,127.84,No,
901740,245992,2025-12-15,99.44,Yes,2025-12-17
901741,232287,2025-12-15,62.70,Yes,2025-12-17
901742,215361,2025-12-15,98.20,Yes,2025-12-18
901743,211535,2025-12-15,140.51,No,
901744,240585,2025-12-15,23.46,No,
901745,235498,2025-12-15,51.26,No,
901746,247042,2025-12-15,104.81,No,
901747,201795,2025-12-15,53.58,Yes,2025-12-15
901748,220825,2025-12-15,102.97,Yes,2025-12-15
901749,209791,2025-12-15,141.76,No,
901750,245291,2025-12-15,102.36,No,
901751,237534,2025-12-15,81.63,No,
901752,222368,2025-12-15,27.09,No,
901753,201566,2025-12-15,89.82,No,
901754,236039,2025-12-15,118.03,No,
901755,217029,2025-12-15,70.10,No,
901756,200005,2025-12-15,81.85,No,
901757,248445,2025-12-15,60.73,No,
901758,211898,2025-12-15,101.50,Yes,2025-12-16
901759,230691,2025-12-15,47.81,No,
901760,214979,2025-12-15,94.33,No,
901761,224896,2025-12-15,105.61,No,
901762,246830,2025-12-15,88.69,No,
901763,206064,2025-12-15,35.39,No,
901764,239817,2025-12-15,100.02,No,
901765,221676,2025-12-15,84.90,No,
901766,220475,2025-12-15,74.49,Yes,2025-12-16
901767,232131,2025-12-15,110.38,No,
901768,240548,2025-12-15,87.50,Yes,2025-12-15
901769,247286,2025-12-15,42.41,No,
901770,230949,2025-12-15,62.57,No,
901771,201840,2025-12-15,65.42,Yes,2025-12-18
901772,211960,2025-12-15,97.98,No,
901773,243822,2025-12-15,20.00,Yes,2025-12-16
901774,213260,2025-12-15,50.23,No,
901775,203769,2025-12-15,24.50,Yes,2025-12-15
901776,201927,2025-12-15,104.03,Yes,2025-12-18
901777,207118,2025-12-15,97.09,No,
901778,247767,2025-12-15,59.81,Yes,2025-12-16
901779,225001,2025-12-15,60.53,No,
901780,232794,2025-12-15,80.69,Yes,2025-12-16
901781,201079,2025-12-15,107.70,No,
901782,244681,2025-12-15,59.01,No,
901783,241395,2025-12-15,81.00,No,
901784,201821,2025-12-15,75.14,No,
901785,238260,2025-12-15,109.34,No,
901786,229807,2025-12-15,67.05,No,
901787,236328,2025-12-15,48.94,Yes,2025-12-15
901788,229229,2025-12-15,77.65,No,
901789,237598,2025-12-15,62.33,No,
901790,230018,2025-12-15,96.42,No,
901791,220558,2025-12-15,88.62,No,
901792,200350,2025-12-15,82.84,Yes,2025-12-18
901793,231088,2025-12-15,62.57,No,
901794,207974,2025-12-15,124.18,No,
901795,238246,2025-12-15,95.69,No,
901796,241647,2025-12-15,113.87,Yes,2025-12-18
901797,226492,2025-12-15,65.76,No,
901798,201811,2025-12-15,74.71,No,
901799,202595,2025-12-15,79.44,No,
901800,224728,2025-12-15,66.22,No,
901801,218285,2025-12-15,71.45,No,
901802,243024,2025-12-15,97.60,No,
901803,213000,2025-12-15,72.54,No,
901804,240000,2025-12-15,75.64,Yes,2025-12-17
901805,238991,2025-12-15,83.63,Yes,2025-12-16
901806,212728,2025-12-15,101.60,No,
901807,240986,2025-12-15,100.92,No,
901808,236663,2025-12-15,105.00,No,
901809,226030,2025-12-15,62.28,No,
901810,230163,2025-12-15,81.02,No,
901811,208567,2025-12-15,119.04,No,
901812,229066,2025-12-15,130.76,No,
901813,242998,2025-12-15,62.30,Yes,2025-12-18
901814,211938,2025-12-15,78.27,No,
901815,240969,2025-12-15,89.02,No,
901816,233759,2025-12-15,116.88,Yes,2025-12-16
901817,244384,2025-12-15,121.70,Yes,2025-12-17
901818,218450,2025-12-15,99.47,No,
901819,247152,2025-12-15,57.69,No,
901820,234095,2025-12-15,115.65,No,
901821,244755,2025-12-15,53.36,No,
901822,224381,2025-12-15,60.54,No,
901823,220178,2025-12-15,106.18,No,
901824,244663,2025-12-15,59.30,Yes,2025-12-18
901825,222533,2025-12-15,68.22,No,
901826,228102,2025-12-15,83.40,No,
901827,239014,2025-12-15,120.68,No,
901828,226628,2025-12-15,108.23,No,
901829,229253,2025-12-15,127.66,No,
901830,215590,2025-12-15,95.85,No,
901831,221044,2025-12-15,111.16,No,
901832,240650,2025-12-15,96.80,No,
901833,218730,2025-12-15,95.81,No,
901834,220658,2025-12-15,62.15,Yes,2025-12-17
901835,231971,2025-12-15,87.19,Yes,2025-12-16
901836,209756,2025-12-15,128.79,No,
901837,233224,2025-12-15,100.71,Yes,2025-12-16
901838,207719,2025-12-15,105.33,No,
901839,245834,2025-12-15,92.76,No,
901840,228242,2025-12-15,124.45,Yes,2025-12-18
901841,248158,2025-12-15,113.99,No,
901842,242501,2025-12-15,105.06,No,
901843,207585,2025-12-15,107.72,Yes,2025-12-16
901844,213288,2025-12-15,62.06,No,
901845,244940,2025-12-15,100.89,Yes,2025-12-16
901846,234333,2025-12-15,67.91,Yes,2025-12-18
901847,245955,2025-12-15,78.06,Yes,2025-12-16
901848,241513,2025-12-15,117.17,No,
901849,228626,2025-12-15,85.18,No,
901850,236419,2025-12-15,80.29,No,
901851,215232,2025-12-15,78.77,No,
901852,247626,2025-12-15,91.33,No,
901853,238520,2025-12-15,71.00,No,
901854,232117,2025-12-15,50.72,No,
901855,203497,2025-12-16,81.22,No,
901856,241058,2025-12-16,80.39,No,
901857,207712,2025-12-16,73.39,No,
901858,240289,2025-12-16,105.56,No,
901859,222877,2025-12-16,67.14,No,
901860,228880,2025-12-16,85.85,No,
901861,248079,2025-12-16,93.22,No,
901862,246035,2025-12-16,100.83,No,
901863,223228,2025-12-16,36.75,No,
901864,222895,2025-12-16,69.31,No,
901865,238091,2025-12-16,75.92,No,
901866,228080,2025-12-16,84.05,No,
901867,239317,2025-12-16,60.71,No,
901868,234589,2025-12-16,71.08,Yes,2025-12-19
901869,224572,2025-12-16,59.81,Yes,2025-12-17
901870,220121,2025-12-16,49.04,Yes,2025-12-18
901871,232806,2025-12-16,69.87,No,
901872,213233,2025-12-16,88.49,No,
901873,217484,2025-12-16,100.68,Yes,2025-12-17
901874,237282,2025-12-16,103.20,No,
901875,244895,2025-12-16,83.14,No,
901876,215284,2025-12-16,86.41,No,
901877,227705,2025-12-16,119.97,No,
901878,214483,2025-12-16,132.06,No,
901879,214520,2025-12-16,58.17,Yes,2025-12-16
901880,206254,2025-12-16,61.69,No,
901881,225308,2025-12-16,65.06,No,
901882,241334,2025-12-16,85.25,No,
901883,234823,2025-12-16,40.27,No,
901884,206720,2025-12-16,80.32,No,
901885,245655,2025-12-16,85.75,No,
901886,232162,2025-12-16,88.69,No,
901887,202287,2025-12-16,57.27,No,
901888,241135,2025-12-16,50.86,No,
901889,228986,2025-12-16,38.88,No,
901890,222821,2025-12-16,113.83,No,
901891,213774,2025-12-16,94.18,No,
901892,212319,2025-12-16,91.85,No,
901893,226399,2025-12-16,89.02,No,
901894,232968,2025-12-16,83.18,No,
901895,205623,2025-12-16,109.71,No,
901896,216023,2025-12-16,69.77,Yes,2025-12-16
901897,211455,2025-12-16,74.14,No,
901898,226446,2025-12-16,153.04,No,
901899,244131,2025-12-16,102.56,No,
901900,206497,2025-12-16,78.34,No,
901901,225978,2025-12-16,73.38,No,
901902,239208,2025-12-16,72.94,No,
901903,247976,2025-12-16,78.76,No,
901904,234667,2025-12-16,69.33,No,
901905,206550,2025-12-16,111.04,No,
901906,231612,2025-12-16,90.95,No,
901907,228396,2025-12-16,93.69,No,
901908,235546,2025-12-16,88.31,No,
901909,217267,2025-12-16,82.72,No,
901910,215155,2025-12-16,100.91,No,
901911,212656,2025-12-16,25.32,No,
901912,225914,2025-12-16,96.48,No,
901913,239290,2025-12-16,64.20,No,
901914,241028,2025-12-16,72.53,No,
901915,242391,2025-12-16,69.73,No,
901916,231702,2025-12-16,33.66,No,
901917,232165,2025-12-16,65.27,No,
901918,228040,2025-12-16,51.41,No,
901919,221107,2025-12-16,85.00,No,
901920,231767,2025-12-16,61.36,Yes,2025-12-16
901921,220164,2025-12-16,103.48,Yes,2025-12-16
901922,212260,2025-12-16,107.66,Yes,2025-12-17
901923,212785,2025-12-16,67.25,No,
901924,240884,2025-12-16,71.63,No,
901925,221594,2025-12-16,104.61,Yes,2025-12-17
901926,233019,2025-12-16,71.49,Yes,2025-12-16
901927,243071,2025-12-16,77.12,No,
901928,215785,2025-12-16,66.78,No,
901929,213806,2025-12-16,109.96,Yes,2025-12-19
901930,229510,2025-12-16,73.45,No,
901931,247072,2025-12-16,40.98,Yes,2025-12-16
901932,233755,2025-12-16,89.90,No,
901933,200713,2025-12-16,74.62,No,
901934,218966,2025-12-16,100.94,No,
901935,201545,2025-12-16,95.37,No,
901936,237546,2025-12-16,126.98,No,
901937,221605,2025-12-16,81.51,No,
901938,218029,2025-12-16,63.51,No,
901939,231412,2025-12-16,80.62,No,
901940,232906,2025-12-16,77.48,No,
901941,224891,2025-12-16,67.37,No,
901942,240090,2025-12-16,116.03,No,
901943,200802,2025-12-16,124.38,No,
901944,201607,2025-12-16,79.37,Yes,2025-12-18
901945,218764,2025-12-16,80.00,No,
901946,207633,2025-12-16,125.34,No,
901947,231292,2025-12-16,53.35,Yes,2025-12-18
901948,212630,2025-12-16,73.97,No,
901949,231557,2025-12-16,67.89,Yes,2025-12-19
901950,221763,2025-12-16,95.61,No,
901951,245726,2025-12-16,91.27,No,
901952,219829,2025-12-16,110.64,No,
901953,227137,2025-12-16,69.98,No,
901954,238205,2025-12-16,59.62,No,
901955,224706,2025-12-16,75.86,No,
901956,213947,2025-12-16,51.94,No,
901957,231982,2025-12-16,79.27,No,
901958,227036,2025-12-16,108.50,No,
901959,214075,2025-12-16,76.59,No,
901960,207212,2025-12-16,86.18,No,
901961,246184,2025-12-16,94.18,No,
901962,216857,2025-12-16,74.69,No,
901963,209629,2025-12-16,108.09,No,
901964,212373,2025-12-16,73.18,No,
901965,221467,2025-12-16,84.78,No,
901966,209895,2025-12-16,58.69,No,
901967,213293,2025-12-16,81.32,No,
901968,209546,2025-12-16,63.32,No,
901969,211149,2025-12-16,55.16,No,
901970,243273,2025-12-16,115.09,Yes,2025-12-16
901971,218913,2025-12-16,63.53,No,
901972,241292,2025-12-16,37.27,Yes,2025-12-17
901973,207990,2025-12-16,56.94,No,
901974,230670,2025-12-16,67.62,No,
901975,229266,2025-12-16,88.73,Yes,2025-12-16
901976,241309,2025-12-16,70.10,No,
901977,205316,2025-12-16,61.33,Yes,2025-12-17
901978,224022,2025-12-17,53.04,No,
901979,201742,2025-12-17,81.15,No,
901980,206593,2025-12-17,117.84,No,
901981,229950,2025-12-17,90.15,Yes,2025-12-20
901982,247749,2025-12-17,126.70,No,
901983,226629,2025-12-17,96.88,No,
901984,233579,2025-12-17,101.36,No,
901985,236637,2025-12-17,76.17,No,
901986,208396,2025-12-17,82.06,Yes,2025-12-20
901987,231160,2025-12-17,63.75,Yes,2025-12-20
901988,232297,2025-12-17,65.31,Yes,2025-12-19
901989,207522,2025-12-17,93.41,No,
901990,203079,2025-12-17,75.84,No,
901991,247953,2025-12-17,114.33,Yes,2025-12-19
901992,224048,2025-12-17,52.67,No,
901993,202243,2025-12-17,93.15,No,
901994,213384,2025-12-17,52.10,No,
901995,238346,2025-12-17,89.40,No,
901996,214433,2025-12-17,48.68,No,
901997,215195,2025-12-17,79.24,No,
901998,245869,2025-12-17,66.25,No,
901999,218453,2025-12-17,101.96,Yes,2025-12-20
902000,234897,2025-12-17,82.43,Yes,2025-12-19
902001,218855,2025-12-17,93.42,No,
902002,246705,2025-12-17,76.03,No,
902003,223408,2025-12-17,55.61,Yes,2025-12-17
902004,228012,2025-12-17,102.40,No,
902005,217288,2025-12-17,69.40,No,
902006,233919,2025-12-17,81.48,No,
902007,223415,2025-12-17,89.68,No,
902008,239778,2025-12-17,37.67,No,
902009,237324,2025-12-17,76.71,No,
902010,209333,2025-12-17,90.71,No,
902011,219544,2025-12-17,76.69,No,
902012,213577,2025-12-17,69.87,No,
902013,235861,2025-12-17,66.18,No,
902014,209420,2025-12-17,70.94,Yes,2025-12-18
902015,232157,2025-12-17,97.03,Yes,2025-12-19
902016,220090,2025-12-17,72.53,Yes,2025-12-20
902017,220890,2025-12-17,82.53,No,
902018,205755,2025-12-17,70.51,Yes,2025-12-17
902019,212293,2025-12-17,88.16,No,
902020,223032,2025-12-17,49.10,No,
902021,234149,2025-12-17,71.46,Yes,2025-12-19
902022,207810,2025-12-17,108.47,No,
902023,225701,2025-12-17,102.14,No,
902024,203103,2025-12-17,66.95,No,
902025,212548,2025-12-17,75.90,Yes,2025-12-18
902026,207834,2025-12-17,106.78,No,
902027,200365,2025-12-17,62.69,No,
902028,244340,2025-12-17,69.66,No,
902029,225019,2025-12-17,77.52,No,
902030,207102,2025-12-17,94.66,No,
902031,208653,2025-12-17,65.67,No,
902032,229676,2025-12-17,82.52,Yes,2025-12-19
902033,243124,2025-12-17,129.17,No,
902034,231354,2025-12-17,84.33,No,
902035,228330,2025-12-17,104.21,No,
902036,242961,2025-12-17,95.95,No,
902037,205767,2025-12-17,69.22,No,
902038,240395,2025-12-17,62.89,No,
902039,211822,2025-12-17,77.09,No,
902040,200419,2025-12-17,109.51,No,
902041,207106,2025-12-17,102.52,No,
902042,228909,2025-12-17,126.96,No,
902043,201738,2025-12-17,106.52,No,
902044,214248,2025-12-17,96.19,Yes,2025-12-18
902045,239585,2025-12-17,86.80,No,
902046,223798,2025-12-17,69.77,No,
902047,228577,2025-12-17,110.11,No,
902048,231276,2025-12-17,118.74,No,
902049,208265,2025-12-17,88.01,Yes,2025-12-20
902050,206464,2025-12-17,105.85,No,
902051,213227,2025-12-17,79.07,No,
902052,211035,2025-12-17,78.69,No,
902053,232139,2025-12-17,125.78,No,
902054,205521,2025-12-17,85.53,No,
902055,238849,2025-12-17,126.69,No,
902056,204731,2025-12-17,64.35,No,
902057,212512,2025-12-17,82.58,No,
902058,205046,2025-12-17,77.01,No,
902059,211352,2025-12-17,69.27,No,
902060,200527,2025-12-17,96.20,No,
902061,235471,2025-12-17,80.64,No,
902062,206311,2025-12-17,89.63,No,
902063,246548,2025-12-17,102.37,No,
902064,213003,2025-12-17,54.30,No,
902065,214170,2025-12-17,99.56,No,
902066,210085,2025-12-17,100.17,No,
902067,210068,2025-12-17,70.51,No,
902068,245559,2025-12-17,45.01,No,
902069,220829,2025-12-17,72.50,No,
902070,224038,2025-12-17,35.43,Yes,2025-12-20
902071,235645,2025-12-17,116.53,No,
902072,236010,2025-12-17,81.49,Yes,2025-12-20
902073,237527,2025-12-17,57.22,No,
902074,240303,2025-12-17,105.40,No,
902075,218949,2025-12-17,71.50,No,
902076,223741,2025-12-17,88.23,No,
902077,200506,2025-12-17,94.33,No,
902078,236436,2025-12-17,102.27,No,
902079,209280,2025-12-17,60.20,No,
902080,225638,2025-12-17,81.58,Yes,2025-12-20
902081,246435,2025-12-17,73.02,No,
902082,211347,2025-12-17,59.04,No,
902083,226688,2025-12-17,94.15,Yes,2025-12-17
902084,231036,2025-12-17,77.64,Yes,2025-12-19
902085,221191,2025-12-17,79.94,No,
902086,226091,2025-12-17,107.27,No,
902087,218581,2025-12-17,76.08,No,
902088,219410,2025-12-17,55.33,No,
902089,204711,2025-12-17,60.50,Yes,2025-12-19
902090,218691,2025-12-17,106.77,No,
902091,247863,2025-12-17,67.63,No,
902092,208349,2025-12-17,81.13,Yes,2025-12-17
902093,243799,2025-12-17,63.30,No,
902094,227035,2025-12-17,97.16,No,
902095,246140,2025-12-17,55.24,No,
902096,241585,2025-12-17,137.61,No,
902097,223465,2025-12-17,93.71,No,
902098,212890,2025-12-17,114.82,No,
902099,227083,2025-12-17,107.78,Yes,2025-12-20
902100,203152,2025-12-17,92.14,No,
902101,233174,2025-12-17,84.04,No,
902102,233946,2025-12-17,99.79,No,
902103,242755,2025-12-18,63.67,No,
902104,230570,2025-12-18,63.14,No,
902105,226394,2025-12-18,58.77,No,
902106,206418,2025-12-18,115.55,Yes,2025-12-19
902107,204276,2025-12-18,57.90,No,
902108,236962,2025-12-18,53.41,Yes,2025-12-19
902109,237049,2025-12-18,90.52,No,
902110,209244,2025-12-18,113.04,Yes,2025-12-21
902111,241861,2025-12-18,87.49,No,
902112,226719,2025-12-18,109.68,No,
902113,202730,2025-12-18,68.72,No,
902114,209086,2025-12-18,72.45,No,
902115,241020,2025-12-18,88.88,Yes,2025-12-20
902116,206705,2025-12-18,61.32,Yes,2025-12-19
902117,223973,2025-12-18,72.12,No,
902118,235159,2025-12-18,107.42,No,
902119,239961,2025-12-18,78.74,No,
902120,233425,2025-12-18,80.91,No,
902121,233884,2025-12-18,79.15,No,
902122,220773,2025-12-18,97.13,Yes,2025-12-21
902123,216274,2025-12-18,90.01,Yes,2025-12-21
902124,247224,2025-12-18,67.04,No,
902125,244197,2025-12-18,64.71,Yes,2025-12-20
902126,241708,2025-12-18,90.43,Yes,2025-12-20
902127,243617,2025-12-18,40.91,Yes,2025-12-20
902128,238423,2025-12-18,47.07,No,
902129,227446,2025-12-18,41.24,No,
902130,212517,2025-12-18,103.89,Yes,2025-12-21
902131,202663,2025-12-18,66.51,No,
902132,202692,2025-12-18,79.23,No,
902133,206683,2025-12-18,54.27,Yes,2025-12-20
902134,206631,2025-12-18,84.88,No,
902135,242515,2025-12-18,102.93,No,
902136,244120,2025-12-18,80.06,No,
902137,232098,2025-12-18,128.76,Yes,2025-12-18
902138,217242,2025-12-18,67.52,No,
902139,205763,2025-12-18,84.32,No,
902140,209673,2025-12-18,76.00,No,
902141,223872,2025-12-18,75.93,Yes,2025-12-21
902142,208592,2025-12-18,100.68,Yes,2025-12-19
902143,231222,2025-12-18,97.07,No,
902144,235771,2025-12-18,71.65,No,
902145,203580,2025-12-18,97.20,No,
902146,214305,2025-12-18,58.19,Yes,2025-12-18
902147,216086,2025-12-18,44.28,No,
902148,220304,2025-12-18,97.23,Yes,2025-12-21
902149,237397,2025-12-18,49.81,No,
902150,245685,2025-12-18,141.73,No,
902151,244070,2025-12-18,64.35,Yes,2025-12-18
902152,225893,2025-12-18,67.02,No,
902153,229320,2025-12-18,67.76,Yes,2025-12-18
902154,244764,2025-12-18,36.82,No,
902155,246809,2025-12-18,117.48,No,
902156,241214,2025-12-18,102.15,No,
902157,228638,2025-12-18,53.59,No,
902158,204129,2025-12-18,102.15,No,
902159,246435,2025-12-18,96.89,No,
902160,246090,2025-12-18,99.86,No,
902161,235978,2025-12-18,42.12,No,
902162,225560,2025-12-18,97.86,No,
902163,247224,2025-12-18,102.93,No,
902164,214643,2025-12-18,68.61,No,
902165,238582,2025-12-18,95.50,No,
902166,214788,2025-12-18,52.91,No,
902167,225481,2025-12-18,52.75,No,
902168,234410,2025-12-18,20.00,No,
902169,225068,2025-12-18,52.24,No,
902170,226576,2025-12-18,106.77,No,
902171,238561,2025-12-18,108.16,No,
902172,243474,2025-12-18,87.99,No,
902173,242312,2025-12-18,112.46,Yes,2025-12-19
902174,219167,2025-12-18,61.89,No,
902175,217297,2025-12-18,68.81,No,
902176,214938,2025-12-18,56.49,No,
902177,207009,2025-12-18,56.02,No,
902178,207625,2025-12-18,129.81,No,
902179,212519,2025-12-18,77.70,No,
902180,210740,2025-12-18,74.63,Yes,2025-12-18
902181,221951,2025-12-18,90.34,No,
902182,203473,2025-12-18,126.28,Yes,2025-12-21
902183,242701,2025-12-18,67.20,No,
902184,232607,2025-12-18,80.01,No,
902185,231140,2025-12-18,88.36,No,
902186,210545,2025-12-18,84.73,No,
902187,245443,2025-12-18,136.41,No,
902188,212485,2025-12-18,72.94,No,
902189,232920,2025-12-18,43.13,Yes,2025-12-19
902190,214904,2025-12-18,80.72,No,
902191,248441,2025-12-18,56.06,Yes,2025-12-19
902192,215570,2025-12-18,57.75,No,
902193,203529,2025-12-18,79.71,No,
902194,213410,2025-12-18,39.59,No,
902195,208114,2025-12-18,65.60,No,
902196,233019,2025-12-18,83.64,Yes,2025-12-20
902197,200758,2025-12-18,75.53,No,
902198,209288,2025-12-18,56.88,No,
902199,227311,2025-12-18,97.48,Yes,2025-12-18
902200,233746,2025-12-18,75.55,No,
902201,219758,2025-12-18,57.61,Yes,2025-12-20
902202,201297,2025-12-18,67.76,Yes,2025-12-20
902203,218762,2025-12-18,64.59,No,
902204,201674,2025-12-18,106.48,No,
902205,224901,2025-12-18,100.45,No,
902206,245405,2025-12-18,59.99,No,
902207,235095,2025-12-18,43.11,No,
902208,221405,2025-12-18,112.37,No,
902209,223317,2025-12-18,77.78,No,
902210,246576,2025-12-18,67.64,No,
902211,207380,2025-12-18,42.09,No,
902212,247372,2025-12-18,74.85,No,
902213,240606,2025-12-18,34.28,No,
902214,240960,2025-12-18,56.09,No,
902215,232164,2025-12-18,63.62,No,
902216,215166,2025-12-18,68.52,No,
902217,248149,2025-12-18,115.00,No,
902218,231993,2025-12-18,106.33,No,
902219,202116,2025-12-18,83.92,No,
902220,244018,2025-12-18,63.11,No,
902221,207697,2025-12-18,69.06,No,
902222,215178,2025-12-18,87.16,Yes,2025-12-19
902223,209073,2025-12-18,26.71,No,
902224,214445,2025-12-18,74.95,No,
902225,239388,2025-12-18,78.26,No,
902226,225579,2025-12-19,111.90,No,
902227,236218,2025-12-19,65.12,No,
902228,235136,2025-12-19,66.90,No,
902229,215777,2025-12-19,80.72,No,
902230,243038,2025-12-19,56.18,No,
902231,219768,2025-12-19,54.11,Yes,2025-12-22
902232,247348,2025-12-19,57.43,No,
902233,224650,2025-12-19,90.73,No,
902234,210063,2025-12-19,101.87,Yes,2025-12-21
902235,208579,2025-12-19,91.89,No,
902236,247288,2025-12-19,107.16,Yes,2025-12-22
902237,231489,2025-12-19,65.73,Yes,2025-12-22
902238,244689,2025-12-19,131.14,No,
902239,213601,2025-12-19,37.33,No,
902240,243647,2025-12-19,86.77,Yes,2025-12-21
902241,214664,2025-12-19,68.87,No,
902242,242339,2025-12-19,118.23,No,
902243,245469,2025-12-19,113.82,No,
902244,242305,2025-12-19,73.03,No,
902245,222543,2025-12-19,41.55,No,
902246,211008,2025-12-19,50.73,No,
902247,206434,2025-12-19,70.19,No,
902248,238342,2025-12-19,72.94,No,
902249,242077,2025-12-19,81.19,Yes,2025-12-22
902250,221271,2025-12-19,77.23,No,
902251,212109,2025-12-19,50.03,No,
902252,222543,2025-12-19,100.43,No,
902253,246341,2025-12-19,45.27,Yes,2025-12-19
902254,202702,2025-12-19,74.80,No,
902255,210138,2025-12-19,73.08,No,
902256,238811,2025-12-19,92.35,No,
902257,224291,2025-12-19,63.00,No,
902258,202659,2025-12-19,80.05,No,
902259,246250,2025-12-19,74.30,No,
902260,225220,2025-12-19,56.18,No,
902261,221834,2025-12-19,81.53,Yes,2025-12-19
902262,247727,2025-12-19,101.42,No,
902263,211158,2025-12-19,90.15,Yes,2025-12-21
902264,229558,2025-12-19,42.20,No,
902265,203850,2025-12-19,107.80,No,
902266,200961,2025-12-19,95.53,No,
902267,211588,2025-12-19,53.61,Yes,2025-12-22
902268,213200,2025-12-19,77.98,No,
902269,216474,2025-12-19,95.30,No,
902270,236537,2025-12-19,103.35,No,
902271,220146,2025-12-19,82.43,No,
902272,209286,2025-12-19,96.92,No,
902273,225655,2025-12-19,115.04,No,
902274,228494,2025-12-19,75.61,Yes,2025-12-19
902275,225614,2025-12-19,54.18,No,
902276,204697,2025-12-19,63.38,No,
902277,214223,2025-12-19,114.58,No,
902278,238742,2025-12-19,102.74,No,
902279,213233,2025-12-19,79.97,No,
902280,217080,2025-12-19,82.36,No,
902281,231182,2025-12-19,89.18,No,
902282,217358,2025-12-19,87.85,No,
902283,209208,2025-12-19,36.75,No,
902284,209781,2025-12-19,133.18,No,
902285,239738,2025-12-19,49.43,No,
902286,218283,2025-12-19,114.44,Yes,2025-12-19
902287,213702,2025-12-19,105.96,No,
902288,230247,2025-12-19,54.74,Yes,2025-12-21
902289,220658,2025-12-19,51.86,No,
902290,211049,2025-12-19,97.00,No,
902291,221266,2025-12-19,99.60,No,
902292,224612,2025-12-19,71.25,No,
902293,203893,2025-12-19,35.62,No,
902294,219296,2025-12-19,77.21,No,
902295,244661,2025-12-19,68.66,No,
902296,240809,2025-12-19,115.93,No,
902297,237565,2025-12-19,54.72,No,
902298,217407,2025-12-19,96.79,No,
902299,216850,2025-12-19,47.50,No,
902300,236289,2025-12-19,45.39,No,
902301,247752,2025-12-19,59.12,Yes,2025-12-19
902302,247567,2025-12-19,80.12,No,
902303,232674,2025-12-19,88.61,No,
902304,242028,2025-12-19,56.65,No,
902305,207598,2025-12-19,54.82,No,
902306,230841,2025-12-19,59.54,No,
902307,201806,2025-12-19,53.89,Yes,2025-12-22
902308,239302,2025-12-19,115.00,No,
902309,218429,2025-12-19,54.50,Yes,2025-12-20
902310,223982,2025-12-19,90.76,No,
902311,215450,2025-12-19,94.81,No,
902312,221858,2025-12-19,52.34,No,
902313,224651,2025-12-19,36.13,No,
902314,246310,2025-12-19,77.01,No,
902315,227729,2025-12-19,50.74,No,
902316,216609,2025-12-19,68.59,No,
902317,219130,2025-12-19,59.77,No,
902318,215288,2025-12-19,77.83,Yes,2025-12-19
902319,216224,2025-12-19,86.43,No,
902320,217317,2025-12-19,105.20,No,
902321,227116,2025-12-19,106.93,No,
902322,225429,2025-12-19,95.78,No,
902323,206723,2025-12-19,29.59,No,
902324,200435,2025-12-19,62.34,No,
902325,212659,2025-12-19,99.25,No,
902326,216537,2025-12-19,64.98,No,
902327,234431,2025-12-19,68.05,No,
902328,222807,2025-12-19,120.24,No,
902329,244105,2025-12-19,67.91,No,
902330,245139,2025-12-19,23.03,No,
902331,227096,2025-12-19,104.30,No,
902332,224781,2025-12-19,140.87,No,
902333,247227,2025-12-19,100.18,No,
902334,228023,2025-12-19,60.55,No,
902335,236745,2025-12-19,64.78,No,
902336,210128,2025-12-19,68.08,No,
902337,242930,2025-12-19,88.14,No,
902338,219406,2025-12-19,62.98,No,
902339,217249,2025-12-19,22.04,No,
902340,241891,2025-12-19,96.67,No,
902341,235661,2025-12-19,74.54,No,
902342,234611,2025-12-19,73.14,No,
902343,242728,2025-12-19,113.67,Yes,2025-12-20
902344,216033,2025-12-19,112.63,No,
902345,212064,2025-12-19,52.93,No,
902346,204350,2025-12-19,58.94,No,
902347,243609,2025-12-19,78.25,No,
902348,202830,2025-12-20,69.14,Yes,2025-12-23
902349,238480,2025-12-20,88.32,Yes,2025-12-21
902350,211723,2025-12-20,90.30,No,
902351,206895,2025-12-20,66.09,Yes,2025-12-22
902352,215370,2025-12-20,98.83,No,
902353,237551,2025-12-20,95.77,No,
902354,226825,2025-12-20,77.42,No,
902355,207688,2025-12-20,72.34,No,
902356,219473,2025-12-20,59.69,Yes,2025-12-23
902357,213237,2025-12-20,64.03,No,
902358,209320,2025-12-20,43.29,No,
902359,210331,2025-12-20,72.17,No,
902360,244524,2025-12-20,104.95,Yes,2025-12-23
902361,226680,2025-12-20,112.89,No,
902362,225621,2025-12-20,95.18,No,
902363,234829,2025-12-20,46.28,No,
902364,221659,2025-12-20,101.35,No,
902365,239313,2025-12-20,52.60,No,
902366,208705,2025-12-20,37.20,No,
902367,242968,2025-12-20,79.56,Yes,2025-12-22
902368,214420,2025-12-20,25.45,No,
902369,207370,2025-12-20,54.18,No,
902370,204478,2025-12-20,53.91,No,
902371,212885,2025-12-20,127.81,No,
902372,223579,2025-12-20,122.99,Yes,2025-12-23
902373,242263,2025-12-20,99.67,No,
902374,201129,2025-12-20,48.91,Yes,2025-12-20
902375,228127,2025-12-20,106.54,No,
902376,241410,2025-12-20,87.28,No,
902377,236132,2025-12-20,95.58,No,
902378,245057,2025-12-20,104.75,No,
902379,241333,2025-12-20,120.40,No,
902380,236389,2025-12-20,26.46,Yes,2025-12-22
902381,215732,2025-12-20,86.79,Yes,2025-12-23
902382,212633,2025-12-20,57.51,Yes,2025-12-21
902383,229591,2025-12-20,42.56,No,
902384,208753,2025-12-20,113.00,No,
902385,218393,2025-12-20,83.46,No,
902386,222138,2025-12-20,27.71,No,
902387,215660,2025-12-20,83.86,No,
902388,225109,2025-12-20,77.23,No,
902389,222290,2025-12-20,110.89,Yes,2025-12-22
902390,200251,2025-12-20,81.49,No,
902391,239434,2025-12-20,65.78,No,
902392,227108,2025-12-20,40.40,No,
902393,203681,2025-12-20,96.01,No,
902394,230011,2025-12-20,75.84,No,
902395,202149,2025-12-20,66.83,No,
902396,239901,2025-12-20,86.25,No,
902397,232009,2025-12-20,64.65,Yes,2025-12-21
902398,216153,2025-12-20,49.97,No,
902399,232116,2025-12-20,130.05,No,
902400,215587,2025-12-20,34.02,No,
902401,225579,2025-12-20,89.27,No,
902402,226409,2025-12-20,78.86,No,
902403,234513,2025-12-20,87.94,No,
902404,206672,2025-12-20,107.88,No,
902405,235959,2025-12-20,63.03,Yes,2025-12-20
902406,219615,2025-12-20,47.14,No,
902407,211253,2025-12-20,99.42,No,
902408,240072,2025-12-20,101.94,No,
902409,226577,2025-12-20,96.81,No,
902410,243380,2025-12-20,85.05,No,
902411,230789,2025-12-20,99.26,No,
902412,220532,2025-12-20,102.45,Yes,2025-12-23
902413,243496,2025-12-20,89.00,No,
902414,227481,2025-12-20,87.27,Yes,2025-12-22
902415,231615,2025-12-20,120.71,Yes,2025-12-20
902416,241119,2025-12-20,40.07,No,
902417,235255,2025-12-20,51.33,No,
902418,219073,2025-12-20,61.64,No,
902419,206959,2025-12-20,85.90,No,
902420,224826,2025-12-20,56.53,No,
902421,229440,2025-12-20,102.89,Yes,2025-12-23
902422,227622,2025-12-20,60.24,No,
902423,212215,2025-12-20,67.80,No,
902424,228104,2025-12-20,114.05,No,
902425,220380,2025-12-20,58.03,No,
902426,228657,2025-12-20,85.49,No,
902427,240430,2025-12-20,99.83,Yes,2025-12-23
902428,217458,2025-12-20,98.99,Yes,2025-12-21
902429,219337,2025-12-20,111.72,No,
902430,223967,2025-12-20,128.46,No,
902431,242103,2025-12-20,83.06,No,
902432,242159,2025-12-20,122.48,No,
902433,229681,2025-12-20,127.98,No,
902434,245921,2025-12-20,73.97,No,
902435,217728,2025-12-20,73.95,No,
902436,242760,2025-12-20,71.37,No,
902437,207525,2025-12-20,144.85,No,
902438,246349,2025-12-20,108.67,Yes,2025-12-21
902439,240697,2025-12-20,70.84,No,
902440,231989,2025-12-20,86.16,No,
902441,215613,2025-12-20,70.16,No,
902442,229864,2025-12-20,31.41,Yes,2025-12-20
902443,202954,2025-12-20,74.75,No,
902444,200831,2025-12-20,41.98,No,
902445,207760,2025-12-20,104.74,No,
902446,223869,2025-12-20,130.06,No,
902447,206069,2025-12-20,110.49,Yes,2025-12-22
902448,245839,2025-12-20,40.85,No,
902449,229453,2025-12-20,121.26,No,
902450,246282,2025-12-20,72.65,No,
902451,238796,2025-12-20,102.20,Yes,2025-12-22
902452,227977,2025-12-20,80.71,Yes,2025-12-20
902453,206970,2025-12-20,75.65,No,
902454,203105,2025-12-20,99.88,No,
902455,243320,2025-12-20,76.24,No,
902456,243437,2025-12-20,33.65,No,
902457,243756,2025-12-20,101.18,No,
902458,222532,2025-12-20,96.51,No,
902459,242824,2025-12-20,25.71,No,
902460,204851,2025-12-20,49.53,Yes,2025-12-20
902461,217232,2025-12-20,125.76,No,
902462,214340,2025-12-20,73.98,No,
902463,206512,2025-12-20,79.63,No,
902464,240416,2025-12-20,67.20,No,
902465,247128,2025-12-20,104.34,No,
902466,228132,2025-12-20,65.16,No,
902467,200808,2025-12-20,115.47,No,
902468,224643,2025-12-21,92.85,No,
902469,224523,2025-12-21,84.26,No,
902470,205849,2025-12-21,81.20,No,
902471,216040,2025-12-21,78.33,Yes,2025-12-21
902472,203613,2025-12-21,87.22,No,
902473,213011,2025-12-21,101.57,Yes,2025-12-23
902474,214698,2025-12-21,84.46,No,
902475,235289,2025-12-21,107.92,No,
902476,224451,2025-12-21,86.04,No,
902477,239257,2025-12-21,108.74,No,
902478,220369,2025-12-21,111.54,No,
902479,244779,2025-12-21,129.08,No,
902480,203372,2025-12-21,81.81,No,
902481,203322,2025-12-21,58.99,No,
902482,207962,2025-12-21,122.62,Yes,2025-12-23
902483,210164,2025-12-21,97.46,Yes,2025-12-23
902484,203462,2025-12-21,83.77,No,
902485,231960,2025-12-21,56.76,No,
902486,235277,2025-12-21,89.97,No,
902487,216350,2025-12-21,60.39,Yes,2025-12-24
902488,235924,2025-12-21,59.01,No,
902489,241910,2025-12-21,78.70,No,
902490,210520,2025-12-21,73.27,No,
902491,208102,2025-12-21,52.66,No,
902492,210813,2025-12-21,93.63,No,
902493,216258,2025-12-21,112.25,No,
902494,239307,2025-12-21,89.43,Yes,2025-12-23
902495,239711,2025-12-21,132.20,Yes,2025-12-23
902496,235428,2025-12-21,80.83,No,
902497,228829,2025-12-21,93.00,Yes,2025-12-23
902498,210245,2025-12-21,90.13,Yes,2025-12-21
902499,229310,2025-12-21,81.04,Yes,2025-12-24
902500,223186,2025-12-21,118.58,No,
902501,202805,2025-12-21,84.60,No,
902502,207262,2025-12-21,112.79,No,
902503,238805,2025-12-21,101.87,No,
902504,200875,2025-12-21,94.67,No,
902505,228763,2025-12-21,134.96,No,
902506,226371,2025-12-21,73.81,No,
902507,219355,2025-12-21,70.15,No,
902508,234168,2025-12-21,64.00,No,
902509,231482,2025-12-21,118.97,No,
902510,200888,2025-12-21,72.89,No,
902511,206528,2025-12-21,63.88,No,
902512,209152,2025-12-21,80.29,No,
902513,202887,2025-12-21,101.35,No,
902514,215189,2025-12-21,88.08,No,
902515,222622,2025-12-21,78.99,No,
902516,211433,2025-12-21,104.75,No,
902517,231584,2025-12-21,50.73,No,
902518,233254,2025-12-21,57.24,No,
902519,201647,2025-12-21,41.05,No,
902520,239077,2025-12-21,59.43,No,
902521,244238,2025-12-21,76.38,No,
902522,237020,2025-12-21,92.56,No,
902523,229434,2025-12-21,56.05,No,
902524,242589,2025-12-21,63.37,No,
902525,245034,2025-12-21,116.06,No,
902526,232434,2025-12-21,67.37,Yes,2025-12-22
902527,244033,2025-12-21,90.78,No,
902528,213208,2025-12-21,91.32,No,
902529,234340,2025-12-21,87.03,No,
902530,239709,2025-12-21,113.83,Yes,2025-12-22
902531,228467,2025-12-21,119.39,No,
902532,200649,2025-12-21,77.06,No,
902533,235978,2025-12-21,95.41,No,
902534,240761,2025-12-21,91.63,No,
902535,241708,2025-12-21,37.30,No,
902536,236155,2025-12-21,80.19,No,
902537,243830,2025-12-21,54.91,No,
902538,201017,2025-12-21,70.82,No,
902539,233492,2025-12-21,59.57,Yes,2025-12-22
902540,206463,2025-12-21,55.91,No,
902541,201258,2025-12-21,102.96,No,
902542,248471,2025-12-21,56.34,No,
902543,234729,2025-12-21,63.22,No,
902544,224391,2025-12-21,67.85,Yes,2025-12-22
902545,236851,2025-12-21,89.38,No,
902546,207678,2025-12-21,83.15,No,
902547,244269,2025-12-21,41.38,No,
902548,235615,2025-12-21,96.77,Yes,2025-12-21
902549,243497,2025-12-21,62.05,No,
902550,220728,2025-12-21,79.27,No,
902551,230056,2025-12-21,122.21,Yes,2025-12-24
902552,216924,2025-12-21,114.90,No,
902553,214308,2025-12-21,63.10,No,
902554,200361,2025-12-21,104.99,No,
902555,214473,2025-12-21,95.43,No,
902556,221344,2025-12-21,42.78,No,
902557,248451,2025-12-21,75.99,No,
902558,213838,2025-12-21,90.81,No,
902559,203319,2025-12-21,89.97,No,
902560,202921,2025-12-21,70.55,No,
902561,224424,2025-12-21,69.66,Yes,2025-12-21
902562,201823,2025-12-21,111.72,Yes,2025-12-23
902563,245530,2025-12-21,66.15,Yes,2025-12-24
902564,200776,2025-12-21,63.32,No,
902565,218085,2025-12-21,65.37,No,
902566,211061,2025-12-21,89.92,No,
902567,233372,2025-12-21,101.55,No,
902568,246837,2025-12-21,35.48,No,
902569,221020,2025-12-21,108.04,No,
902570,245761,2025-12-21,62.95,No,
902571,247319,2025-12-21,68.00,Yes,2025-12-22
902572,227919,2025-12-21,49.42,Yes,2025-12-21
902573,243356,2025-12-21,87.82,No,
902574,230135,2025-12-21,108.78,Yes,2025-12-23
902575,241842,2025-12-21,79.44,Yes,2025-12-21
902576,202771,2025-12-21,95.49,Yes,2025-12-24
902577,222698,2025-12-21,106.76,No,
902578,201580,2025-12-21,74.16,No,
902579,228587,2025-12-21,159.72,No,
902580,226905,2025-12-21,129.27,No,
902581,200114,2025-12-21,67.58,No,
902582,246301,2025-12-21,74.71,No,
902583,216332,2025-12-21,86.91,Yes,2025-12-21
902584,211840,2025-12-21,121.92,No,
902585,220972,2025-12-22,90.84,No,
902586,247168,2025-12-22,86.80,Yes,2025-12-25
902587,247701,2025-12-22,75.76,No,
902588,223996,2025-12-22,87.19,No,
902589,239510,2025-12-22,68.69,No,
902590,224358,2025-12-22,60.31,No,
902591,237867,2025-12-22,98.19,Yes,2025-12-23
902592,235198,2025-12-22,35.21,No,
902593,224651,2025-12-22,67.88,No,
902594,244706,2025-12-22,89.77,No,
902595,222685,2025-12-22,86.94,No,
902596,218226,2025-12-22,62.42,No,
902597,221011,2025-12-22,21.34,No,
902598,241612,2025-12-22,74.12,No,
902599,243964,2025-12-22,35.32,No,
902600,205085,2025-12-22,53.57,No,
902601,202046,2025-12-22,65.17,Yes,2025-12-25
902602,220332,2025-12-22,95.03,No,
902603,200632,2025-12-22,121.21,No,
902604,206471,2025-12-22,69.46,No,
902605,223458,2025-12-22,104.37,No,
902606,230473,2025-12-22,114.86,Yes,2025-12-23
902607,206314,2025-12-22,102.28,No,
902608,206491,2025-12-22,121.36,No,
902609,232893,2025-12-22,56.94,Yes,2025-12-22
902610,244845,2025-12-22,71.98,No,
902611,209179,2025-12-22,89.38,No,
902612,204664,2025-12-22,59.82,No,
902613,215173,2025-12-22,58.59,No,
902614,239063,2025-12-22,109.12,No,
902615,232899,2025-12-22,72.37,No,
902616,240615,2025-12-22,87.70,No,
902617,241880,2025-12-22,50.20,No,
902618,227760,2025-12-22,77.72,No,
902619,214134,2025-12-22,93.56,No,
902620,204042,2025-12-22,27.85,No,
902621,222868,2025-12-22,84.55,No,
902622,236855,2025-12-22,46.33,No,
902623,235033,2025-12-22,88.67,No,
902624,233634,2025-12-22,85.41,No,
902625,246042,2025-12-22,94.98,Yes,2025-12-25
902626,201453,2025-12-22,70.14,No,
902627,247758,2025-12-22,81.16,No,
902628,228645,2025-12-22,76.55,Yes,2025-12-22
902629,243978,2025-12-22,41.18,No,
902630,242339,2025-12-22,105.06,No,
902631,205281,2025-12-22,100.67,No,
902632,220688,2025-12-22,86.76,No,
902633,224862,2025-12-22,74.06,No,
902634,227885,2025-12-22,100.50,No,
902635,210245,2025-12-22,67.36,No,
902636,215951,2025-12-22,39.78,No,
902637,231225,2025-12-22,58.30,No,
902638,200106,2025-12-22,75.50,No,
902639,211498,2025-12-22,88.06,No,
902640,216364,2025-12-22,51.55,No,
902641,230976,2025-12-22,80.36,No,
902642,221056,2025-12-22,103.76,Yes,2025-12-23
902643,205525,2025-12-22,82.26,Yes,2025-12-22
902644,235928,2025-12-22,106.11,No,
902645,225718,2025-12-22,96.37,No,
902646,207390,2025-12-22,94.44,Yes,2025-12-22
902647,200626,2025-12-22,63.34,No,
902648,205713,2025-12-22,66.33,No,
902649,219527,2025-12-22,93.02,No,
902650,243493,2025-12-22,55.72,Yes,2025-12-23
902651,225842,2025-12-22,86.89,No,
902652,230289,2025-12-22,47.68,No,
902653,235261,2025-12-22,43.90,No,
902654,246674,2025-12-22,115.94,No,
902655,238050,2025-12-22,54.51,No,
902656,236253,2025-12-22,63.12,No,
902657,224826,2025-12-22,107.17,No,
902658,228366,2025-12-22,86.65,Yes,2025-12-23
902659,210925,2025-12-22,83.61,No,
902660,214356,2025-12-22,107.29,Yes,2025-12-23
902661,218390,2025-12-22,90.04,No,
902662,204259,2025-12-22,71.93,No,
902663,245525,2025-12-22,53.36,No,
902664,242691,2025-12-22,100.16,No,
902665,204281,2025-12-22,126.40,No,
902666,205902,2025-12-22,45.95,Yes,2025-12-25
902667,208717,2025-12-22,96.85,No,
902668,205817,2025-12-22,93.35,No,
902669,236216,2025-12-22,98.63,No,
902670,229697,2025-12-22,104.28,No,
902671,237396,2025-12-22,89.34,Yes,2025-12-22
902672,230192,2025-12-22,93.98,No,
902673,237863,2025-12-22,31.49,No,
902674,227993,2025-12-22,87.53,No,
902675,236853,2025-12-22,91.57,No,
902676,203620,2025-12-22,112.31,No,
902677,241106,2025-12-22,89.32,Yes,2025-12-25
902678,242450,2025-12-22,39.19,No,
902679,210648,2025-12-22,99.14,No,
902680,237605,2025-12-22,59.61,No,
902681,233090,2025-12-22,99.72,No,
902682,226339,2025-12-22,32.15,No,
902683,235463,2025-12-22,92.55,No,
902684,232215,2025-12-22,61.86,No,
902685,216361,2025-12-22,94.92,No,
902686,214269,2025-12-22,109.06,No,
902687,200808,2025-12-22,81.54,No,
902688,202524,2025-12-22,94.85,No,
902689,204747,2025-12-22,74.66,No,
902690,212015,2025-12-22,67.96,No,
902691,217790,2025-12-22,74.71,No,
902692,200742,2025-12-22,72.85,No,
902693,224650,2025-12-22,97.60,Yes,2025-12-25
902694,207006,2025-12-22,89.29,Yes,2025-12-22
902695,208830,2025-12-22,71.60,No,
902696,242225,2025-12-22,91.97,No,
902697,243104,2025-12-22,39.34,No,
902698,217764,2025-12-22,85.49,No,
902699,204255,2025-12-22,80.55,No,
902700,208874,2025-12-22,87.78,No,
902701,247784,2025-12-22,70.45,No,
902702,200892,2025-12-22,34.99,Yes,2025-12-24
902703,202958,2025-12-22,36.19,No,
902704,236336,2025-12-22,50.71,No,
902705,233934,2025-12-22,96.74,No,
902706,205241,2025-12-22,71.86,No,
902707,227503,2025-12-22,75.52,No,
902708,239953,2025-12-22,37.70,Yes,2025-12-22
902709,227263,2025-12-22,65.71,Yes,2025-12-24
902710,225561,2025-12-22,103.69,No,
902711,232351,2025-12-22,127.11,No,
902712,246320,2025-12-22,71.48,No,
902713,245599,2025-12-22,62.37,No,
902714,237675,2025-12-22,55.80,No,
902715,201850,2025-12-23,20.00,No,
902716,205087,2025-12-23,106.12,No,
902717,203998,2025-12-23,60.89,Yes,2025-12-24
902718,239952,2025-12-23,90.24,No,
902719,204599,2025-12-23,117.65,No,
902720,232691,2025-12-23,70.77,Yes,2025-12-23
902721,236201,2025-12-23,75.21,No,
902722,212107,2025-12-23,92.92,Yes,2025-12-26
902723,221923,2025-12-23,69.85,No,
902724,227131,2025-12-23,90.23,No,
902725,213578,2025-12-23,31.48,No,
902726,224126,2025-12-23,103.34,No,
902727,230541,2025-12-23,101.56,No,
902728,203749,2025-12-23,117.05,No,
902729,248356,2025-12-23,75.26,No,
902730,213379,2025-12-23,67.35,No,
902731,229728,2025-12-23,72.04,No,
902732,215782,2025-12-23,74.14,No,
902733,230986,2025-12-23,146.85,No,
902734,225335,2025-12-23,98.01,No,
902735,237475,2025-12-23,64.64,No,
902736,217602,2025-12-23,121.32,Yes,2025-12-24
902737,211536,2025-12-23,104.67,Yes,2025-12-24
902738,242548,2025-12-23,104.27,Yes,2025-12-23
902739,231165,2025-12-23,65.34,Yes,2025-12-26
902740,216794,2025-12-23,72.19,No,
902741,233434,2025-12-23,105.34,No,
902742,248043,2025-12-23,106.81,No,
902743,210867,2025-12-23,94.18,No,
902744,202079,2025-12-23,91.05,No,
902745,213511,2025-12-23,46.43,Yes,2025-12-26
902746,207856,2025-12-23,103.40,No,
902747,233792,2025-12-23,101.46,No,
902748,225906,2025-12-23,96.38,No,
902749,220295,2025-12-23,80.11,No,
902750,215164,2025-12-23,39.80,No,
902751,238190,2025-12-23,104.52,No,
902752,221583,2025-12-23,80.08,No,
902753,224058,2025-12-23,67.98,No,
902754,234323,2025-12-23,82.30,Yes,2025-12-25
902755,234330,2025-12-23,75.09,Yes,2025-12-25
902756,208211,2025-12-23,87.73,No,
902757,246639,2025-12-23,89.11,No,
902758,241204,2025-12-23,98.79,No,
902759,214194,2025-12-23,64.79,Yes,2025-12-25
902760,214106,2025-12-23,92.11,No,
902761,234140,2025-12-23,103.46,No,
902762,235470,2025-12-23,101.34,No,
902763,246004,2025-12-23,104.52,No,
902764,213234,2025-12-23,57.13,No,
902765,242122,2025-12-23,57.85,No,
902766,204282,2025-12-23,79.80,No,
902767,213511,2025-12-23,77.33,No,
902768,222712,2025-12-23,78.56,No,
902769,248143,2025-12-23,81.24,Yes,2025-12-26
902770,212620,2025-12-23,73.13,Yes,2025-12-25
902771,231218,2025-12-23,55.29,No,
902772,244831,2025-12-23,52.29,No,
902773,212415,2025-12-23,89.75,No,
902774,244561,2025-12-23,45.21,No,
902775,244102,2025-12-23,82.38,No,
902776,202627,2025-12-23,109.08,No,
902777,215007,2025-12-23,86.84,No,
902778,241286,2025-12-23,85.86,No,
902779,218840,2025-12-23,74.14,No,
902780,229989,2025-12-23,110.91,No,
902781,205962,2025-12-23,50.64,Yes,2025-12-24
902782,225292,2025-12-23,87.27,No,
902783,227838,2025-12-23,116.19,No,
902784,230343,2025-12-23,59.01,Yes,2025-12-25
902785,232548,2025-12-23,86.78,No,
902786,205799,2025-12-23,88.59,No,
902787,217586,2025-12-23,26.40,No,
902788,202832,2025-12-23,85.54,No,
902789,240102,2025-12-23,76.49,No,
902790,240696,2025-12-23,76.17,No,
902791,230022,2025-12-23,23.66,No,
902792,210913,2025-12-23,58.22,No,
902793,210637,2025-12-23,103.25,No,
902794,231027,2025-12-23,88.61,No,
902795,216892,2025-12-23,85.88,No,
902796,203058,2025-12-23,101.40,Yes,2025-12-23
902797,245132,2025-12-23,75.79,No,
902798,205760,2025-12-23,47.22,No,
902799,221854,2025-12-23,130.93,Yes,2025-12-23
902800,223897,2025-12-23,77.42,No,
902801,245934,2025-12-23,101.59,No,
902802,247495,2025-12-23,67.42,No,
902803,241147,2025-12-23,81.91,No,
902804,232955,2025-12-23,99.18,No,
902805,230349,2025-12-23,92.14,No,
902806,230710,2025-12-23,88.80,No,
902807,227044,2025-12-23,129.03,No,
902808,209577,2025-12-23,92.18,No,
902809,225757,2025-12-23,67.33,No,
902810,209217,2025-12-23,116.22,Yes,2025-12-24
902811,244510,2025-12-23,58.56,No,
902812,217077,2025-12-23,98.52,No,
902813,220328,2025-12-23,102.40,No,
902814,240815,2025-12-23,84.69,Yes,2025-12-25
902815,231488,2025-12-23,84.75,No,
902816,207662,2025-12-23,60.68,Yes,2025-12-23
902817,210886,2025-12-23,85.57,No,
902818,220287,2025-12-23,91.52,No,
902819,227175,2025-12-23,99.44,No,
902820,221917,2025-12-23,65.67,No,
902821,207401,2025-12-23,99.52,No,
902822,229202,2025-12-23,77.40,No,
902823,230210,2025-12-23,57.40,No,
902824,228552,2025-12-23,64.47,No,
902825,220794,2025-12-23,99.03,Yes,2025-12-25
902826,208226,2025-12-23,89.84,No,
902827,212030,2025-12-23,69.17,Yes,2025-12-25
902828,215883,2025-12-23,63.47,No,
902829,221481,2025-12-23,112.56,Yes,2025-12-23
902830,210843,2025-12-23,76.57,Yes,2025-12-23
902831,240993,2025-12-23,68.81,No,
902832,208095,2025-12-23,80.87,No,
902833,236287,2025-12-23,71.20,No,
902834,243225,2025-12-23,113.59,No,
902835,204964,2025-12-23,55.52,No,
902836,206710,2025-12-23,58.73,Yes,2025-12-25
902837,242976,2025-12-23,72.09,No,
902838,203070,2025-12-23,20.00,No,
902839,225125,2025-12-23,71.81,No,
902840,203611,2025-12-23,93.35,No,
902841,214376,2025-12-23,90.61,No,
902842,224092,2025-12-23,95.22,No,
902843,236332,2025-12-23,63.63,No,
902844,224052,2025-12-23,106.67,No,
902845,221524,2025-12-23,66.69,Yes,2025-12-26
902846,244670,2025-12-24,102.18,No,
902847,239259,2025-12-24,78.68,No,
902848,242087,2025-12-24,59.46,Yes,2025-12-24
902849,208520,2025-12-24,95.07,No,
902850,209231,2025-12-24,75.42,No,
902851,200684,2025-12-24,57.14,No,
902852,202769,2025-12-24,75.85,No,
902853,245481,2025-12-24,95.02,Yes,2025-12-26
902854,222982,2025-12-24,86.00,Yes,2025-12-24
902855,203477,2025-12-24,104.19,No,
902856,220087,2025-12-24,66.26,No,
902857,219035,2025-12-24,78.40,No,
902858,214084,2025-12-24,94.38,No,
902859,204468,2025-12-24,66.43,No,
902860,242730,2025-12-24,68.13,No,
902861,215940,2025-12-24,73.41,No,
902862,238513,2025-12-24,109.68,Yes,2025-12-27
902863,242381,2025-12-24,90.53,No,
902864,229878,2025-12-24,92.16,Yes,2025-12-27
902865,212007,2025-12-24,117.23,No,
902866,221892,2025-12-24,74.67,No,
902867,223627,2025-12-24,59.79,Yes,2025-12-27
902868,218246,2025-12-24,80.32,No,
902869,209622,2025-12-24,84.95,No,
902870,219693,2025-12-24,93.34,No,
902871,237149,2025-12-24,98.47,No,
902872,247265,2025-12-24,73.06,Yes,2025-12-26
902873,216637,2025-12-24,79.42,No,
902874,242216,2025-12-24,80.51,No,
902875,244764,2025-12-24,87.81,Yes,2025-12-27
902876,211717,2025-12-24,94.45,No,
902877,206465,2025-12-24,60.53,No,
902878,223182,2025-12-24,73.69,No,
902879,239988,2025-12-24,66.99,No,
902880,222868,2025-12-24,68.58,Yes,2025-12-24
902881,231690,2025-12-24,47.69,No,
902882,205657,2025-12-24,65.16,No,
902883,215980,2025-12-24,97.33,No,
902884,214053,2025-12-24,104.93,No,
902885,236509,2025-12-24,138.47,Yes,2025-12-24
902886,242250,2025-12-24,84.24,No,
902887,225945,2025-12-24,87.05,No,
902888,240292,2025-12-24,46.48,No,
902889,215624,2025-12-24,89.74,No,
902890,224136,2025-12-24,121.93,Yes,2025-12-24
902891,214669,2025-12-24,115.93,No,
902892,206487,2025-12-24,85.55,No,
902893,227684,2025-12-24,98.42,No,
902894,202799,2025-12-24,49.37,No,
902895,237727,2025-12-24,96.86,No,
902896,215546,2025-12-24,104.16,Yes,2025-12-27
902897,236004,2025-12-24,92.14,No,
902898,235153,2025-12-24,109.78,No,
902899,208649,2025-12-24,94.01,No,
902900,235167,2025-12-24,73.13,No,
902901,231034,2025-12-24,84.75,No,
902902,202577,2025-12-24,73.25,No,
902903,209174,2025-12-24,80.53,No,
902904,215329,2025-12-24,87.36,Yes,2025-12-25
902905,221126,2025-12-24,97.28,No,
902906,218449,2025-12-24,28.88,No,
902907,242250,2025-12-24,59.87,No,
902908,215536,2025-12-24,85.36,Yes,2025-12-26
902909,244417,2025-12-24,50.54,No,
902910,219227,2025-12-24,46.67,Yes,2025-12-24
902911,206028,2025-12-24,51.41,No,
902912,247619,2025-12-24,63.57,No,
902913,239085,2025-12-24,76.33,No,
902914,211723,2025-12-24,73.39,No,
902915,234273,2025-12-24,82.12,No,
902916,221028,2025-12-24,91.48,No,
902917,222657,2025-12-24,73.82,Yes,2025-12-25
902918,219752,2025-12-24,87.26,No,
902919,216409,2025-12-24,98.18,No,
902920,214931,2025-12-24,84.87,No,
902921,222382,2025-12-24,65.59,No,
902922,244746,2025-12-24,61.65,No,
902923,237003,2025-12-24,93.66,No,
902924,229735,2025-12-24,103.72,No,
902925,216177,2025-12-24,146.94,Yes,2025-12-24
902926,212968,2025-12-24,71.98,No,
902927,235734,2025-12-24,102.03,No,
902928,221751,2025-12-24,72.48,No,
902929,218313,2025-12-24,113.25,No,
902930,202490,2025-12-24,63.96,No,
902931,209471,2025-12-24,80.51,No,
902932,224887,2025-12-24,66.09,No,
902933,234251,2025-12-24,95.13,No,
902934,239100,2025-12-24,78.52,No,
902935,214088,2025-12-24,81.14,No,
902936,216845,2025-12-24,111.42,Yes,2025-12-25
902937,200605,2025-12-24,65.04,Yes,2025-12-25
902938,206278,2025-12-24,74.07,No,
902939,212675,2025-12-24,92.90,No,
902940,206381,2025-12-24,117.57,Yes,2025-12-26
902941,236080,2025-12-24,102.56,No,
902942,230308,2025-12-24,93.75,No,
902943,215699,2025-12-24,91.39,Yes,2025-12-25
902944,212903,2025-12-24,41.19,No,
902945,225034,2025-12-24,68.22,No,
902946,224187,2025-12-24,66.07,No,
902947,247020,2025-12-24,107.43,No,
902948,217348,2025-12-24,71.53,No,
902949,238831,2025-12-24,84.13,No,
902950,202170,2025-12-24,62.70,No,
902951,230774,2025-12-24,108.14,No,
902952,222488,2025-12-24,67.92,No,
902953,229210,2025-12-24,20.84,Yes,2025-12-24
902954,210530,2025-12-24,74.73,Yes,2025-12-26
902955,214317,2025-12-24,124.19,No,
902956,241167,2025-12-24,83.83,Yes,2025-12-26
902957,224809,2025-12-24,110.48,No,
902958,203020,2025-12-24,45.72,No,
902959,236840,2025-12-24,85.71,No,
902960,202721,2025-12-24,76.61,No,
902961,205899,2025-12-24,66.62,No,
902962,221458,2025-12-25,105.51,No,
902963,214709,2025-12-25,92.36,No,
902964,203411,2025-12-25,94.28,No,
902965,221344,2025-12-25,96.40,No,
902966,203786,2025-12-25,66.72,No,
902967,204156,2025-12-25,65.69,Yes,2025-12-28
902968,225626,2025-12-25,86.01,No,
902969,230699,2025-12-25,78.85,No,
902970,236620,2025-12-25,123.16,No,
902971,215720,2025-12-25,92.67,No,
902972,202936,2025-12-25,138.32,No,
902973,246195,2025-12-25,104.29,No,
902974,242783,2025-12-25,81.11,No,
902975,205663,2025-12-25,47.75,No,
902976,207750,2025-12-25,71.61,No,
902977,242596,2025-12-25,51.25,Yes,2025-12-27
902978,217885,2025-12-25,80.18,No,
902979,206149,2025-12-25,85.43,No,
902980,226995,2025-12-25,59.11,No,
902981,218636,2025-12-25,74.98,No,
902982,247125,2025-12-25,95.02,No,
902983,227620,2025-12-25,43.32,Yes,2025-12-25
902984,218828,2025-12-25,70.90,No,
902985,222417,2025-12-25,77.93,No,
902986,210772,2025-12-25,77.12,Yes,2025-12-26
902987,218549,2025-12-25,100.06,No,
902988,238053,2025-12-25,97.94,No,
902989,231192,2025-12-25,77.15,No,
902990,229339,2025-12-25,110.68,Yes,2025-12-28
902991,231982,2025-12-25,78.92,No,
902992,207334,2025-12-25,85.94,No,
902993,212132,2025-12-25,97.40,No,
902994,247565,2025-12-25,95.19,No,
902995,206206,2025-12-25,68.21,No,
902996,247991,2025-12-25,88.00,No,
902997,234397,2025-12-25,120.30,No,
902998,235226,2025-12-25,63.54,Yes,2025-12-28
902999,222925,2025-12-25,60.37,Yes,2025-12-26
903000,221279,2025-12-25,63.38,Yes,2025-12-27
903001,247731,2025-12-25,71.51,No,
903002,223605,2025-12-25,66.65,No,
903003,239521,2025-12-25,56.47,No,
903004,214996,2025-12-25,101.25,No,
903005,211917,2025-12-25,104.55,No,
903006,231961,2025-12-25,68.76,No,
903007,213739,2025-12-25,120.03,No,
903008,207644,2025-12-25,68.55,No,
903009,204942,2025-12-25,82.79,No,
903010,205967,2025-12-25,109.52,No,
903011,212903,2025-12-25,99.55,No,
903012,211982,2025-12-25,106.96,No,
903013,201609,2025-12-25,74.21,No,
903014,208762,2025-12-25,66.76,Yes,2025-12-27
903015,232294,2025-12-25,90.16,Yes,2025-12-27
903016,226111,2025-12-25,96.35,No,
903017,247716,2025-12-25,62.24,No,
903018,241393,2025-12-25,39.07,No,
903019,229457,2025-12-25,62.82,No,
903020,225294,2025-12-25,101.39,No,
903021,241841,2025-12-25,55.00,No,
903022,215878,2025-12-25,113.14,Yes,2025-12-27
903023,239388,2025-12-25,87.61,Yes,2025-12-26
903024,227861,2025-12-25,110.30,No,
903025,201426,2025-12-25,89.09,No,
903026,217263,2025-12-25,56.46,No,
903027,220262,2025-12-25,95.95,No,
903028,213214,2025-12-25,79.85,No,
903029,238524,2025-12-25,79.98,No,
903030,216211,2025-12-25,77.62,Yes,2025-12-28
903031,241540,2025-12-25,58.34,No,
903032,243312,2025-12-25,45.32,Yes,2025-12-28
903033,245180,2025-12-25,97.11,No,
903034,205157,2025-12-25,88.27,No,
903035,230137,2025-12-25,94.18,No,
903036,214245,2025-12-25,67.88,No,
903037,213920,2025-12-25,83.39,No,
903038,206606,2025-12-25,50.97,No,
903039,205104,2025-12-25,125.50,No,
903040,235975,2025-12-25,97.34,No,
903041,213127,2025-12-25,98.18,No,
903042,200401,2025-12-25,108.98,No,
903043,239678,2025-12-25,61.10,No,
903044,222600,2025-12-25,93.93,No,
903045,235986,2025-12-25,112.31,No,
903046,226379,2025-12-25,85.45,No,
903047,223071,2025-12-25,102.47,No,
903048,235826,2025-12-25,37.52,No,
903049,233333,2025-12-25,63.16,No,
903050,206463,2025-12-25,74.59,No,
903051,210363,2025-12-25,87.11,No,
903052,230097,2025-12-25,85.48,No,
903053,241383,2025-12-25,61.98,Yes,2025-12-26
903054,236890,2025-12-25,60.80,Yes,2025-12-26
903055,211645,2025-12-25,89.42,Yes,2025-12-27
903056,213007,2025-12-25,154.43,No,
903057,231397,2025-12-25,90.91,No,
903058,232765,2025-12-25,77.89,No,
903059,208755,2025-12-25,51.69,No,
903060,204048,2025-12-25,50.06,No,
903061,240672,2025-12-25,48.78,No,
903062,218988,2025-12-25,70.51,No,
903063,238619,2025-12-25,71.04,No,
903064,220007,2025-12-25,54.04,No,
903065,211548,2025-12-25,65.19,No,
903066,241269,2025-12-25,52.30,No,
903067,247944,2025-12-25,81.73,No,
903068,220823,2025-12-25,71.49,No,
903069,205848,2025-12-25,76.99,Yes,2025-12-28
903070,238334,2025-12-25,117.10,No,
903071,214458,2025-12-25,54.22,No,
903072,212217,2025-12-25,96.21,Yes,2025-12-25
903073,218502,2025-12-25,88.60,No,
903074,216699,2025-12-25,96.19,Yes,2025-12-28
903075,214239,2025-12-25,56.57,No,
903076,225530,2025-12-25,93.11,Yes,2025-12-28
903077,221264,2025-12-25,95.14,Yes,2025-12-28
903078,215434,2025-12-25,146.52,No,
903079,212508,2025-12-25,41.98,Yes,2025-12-25
903080,244842,2025-12-25,119.77,No,
903081,205862,2025-12-25,93.88,No,
903082,222530,2025-12-25,63.06,No,
903083,244509,2025-12-25,95.01,No,
903084,228520,2025-12-25,110.21,No,
903085,239888,2025-12-26,108.04,No,
903086,244746,2025-12-26,74.31,No,
903087,201440,2025-12-26,126.18,No,
903088,203435,2025-12-26,73.64,No,
903089,220139,2025-12-26,95.18,No,
903090,219785,2025-12-26,71.81,Yes,2025-12-29
903091,223328,2025-12-26,94.99,No,
903092,226251,2025-12-26,49.77,No,
903093,215219,2025-12-26,92.10,No,
903094,201486,2025-12-26,89.92,No,
903095,235051,2025-12-26,55.87,No,
903096,202490,2025-12-26,51.27,No,
903097,216258,2025-12-26,58.74,No,
903098,217149,2025-12-26,62.44,Yes,2025-12-27
903099,241225,2025-12-26,85.82,No,
903100,223753,2025-12-26,64.64,No,
903101,231567,2025-12-26,41.70,No,
903102,232567,2025-12-26,48.55,No,
903103,221031,2025-12-26,96.27,No,
903104,243152,2025-12-26,55.30,No,
903105,207155,2025-12-26,63.78,Yes,2025-12-28
903106,230554,2025-12-26,97.73,No,
903107,236558,2025-12-26,91.53,No,
903108,209506,2025-12-26,97.51,No,
903109,213010,2025-12-26,49.47,No,
903110,210477,2025-12-26,87.00,No,
903111,216823,2025-12-26,111.94,Yes,2025-12-29
903112,220646,2025-12-26,79.36,No,
903113,241446,2025-12-26,83.41,No,
903114,210460,2025-12-26,95.59,No,
903115,240617,2025-12-26,80.27,No,
903116,243595,2025-12-26,32.41,No,
903117,200832,2025-12-26,89.73,No,
903118,232786,2025-12-26,79.64,No,
903119,223156,2025-12-26,105.92,No,
903120,235006,2025-12-26,99.56,No,
903121,202852,2025-12-26,111.58,No,
903122,225900,2025-12-26,82.28,No,
903123,207489,2025-12-26,71.82,No,
903124,205060,2025-12-26,78.68,No,
903125,235969,2025-12-26,112.57,No,
903126,229690,2025-12-26,71.23,No,
903127,245181,2025-12-26,89.05,No,
903128,234463,2025-12-26,81.87,Yes,2025-12-27
903129,213831,2025-12-26,29.72,No,
903130,202864,2025-12-26,85.46,No,
903131,221861,2025-12-26,49.39,No,
903132,208707,2025-12-26,87.07,No,
903133,230539,2025-12-26,100.67,No,
903134,247482,2025-12-26,45.79,No,
903135,216725,2025-12-26,95.45,Yes,2025-12-29
903136,228861,2025-12-26,87.31,No,
903137,226798,2025-12-26,51.86,No,
903138,224647,2025-12-26,58.23,No,
903139,217346,2025-12-26,78.59,No,
903140,228795,2025-12-26,93.01,No,
903141,226139,2025-12-26,87.70,No,
903142,209992,2025-12-26,74.73,No,
903143,228844,2025-12-26,84.79,No,
903144,247137,2025-12-26,92.56,Yes,2025-12-29
903145,240480,2025-12-26,52.49,No,
903146,236774,2025-12-26,111.02,Yes,2025-12-26
903147,214879,2025-12-26,48.96,No,
903148,230165,2025-12-26,97.61,No,
903149,207866,2025-12-26,65.60,Yes,2025-12-27
903150,206217,2025-12-26,83.54,No,
903151,217018,2025-12-26,105.07,No,
903152,233634,2025-12-26,97.42,No,
903153,215044,2025-12-26,123.64,No,
903154,241245,2025-12-26,71.80,No,
903155,223845,2025-12-26,26.41,No,
903156,206737,2025-12-26,29.88,No,
903157,200839,2025-12-26,92.36,No,
903158,219733,2025-12-26,88.88,No,
903159,240612,2025-12-26,67.60,No,
903160,213903,2025-12-26,85.61,No,
903161,228140,2025-12-26,51.16,No,
903162,245957,2025-12-26,68.38,No,
903163,217923,2025-12-26,61.16,No,
903164,217211,2025-12-26,59.41,No,
903165,221262,2025-12-26,107.81,Yes,2025-12-26
903166,209397,2025-12-26,119.56,No,
903167,242758,2025-12-26,93.33,No,
903168,235500,2025-12-26,102.69,Yes,2025-12-28
903169,218136,2025-12-26,89.36,No,
903170,248385,2025-12-26,71.25,No,
903171,205181,2025-12-26,89.70,No,
903172,232005,2025-12-26,34.22,No,
903173,214109,2025-12-26,79.88,No,
903174,208077,2025-12-26,55.68,Yes,2025-12-26
903175,224039,2025-12-26,71.38,No,
903176,235049,2025-12-26,62.33,No,
903177,243775,2025-12-26,141.72,No,
903178,236086,2025-12-26,141.14,No,
903179,220603,2025-12-26,88.54,Yes,2025-12-27
903180,233392,2025-12-26,93.35,No,
903181,220041,2025-12-26,60.85,No,
903182,205040,2025-12-26,71.99,No,
903183,242242,2025-12-26,83.92,No,
903184,231669,2025-12-26,75.07,No,
903185,238571,2025-12-26,92.41,No,
903186,241485,2025-12-26,79.34,No,
903187,233571,2025-12-26,74.08,No,
903188,238270,2025-12-26,20.00,No,
903189,222617,2025-12-26,60.69,No,
903190,214843,2025-12-26,58.57,No,
903191,221952,2025-12-26,89.76,No,
903192,211651,2025-12-26,112.09,No,
903193,201184,2025-12-26,86.31,Yes,2025-12-27
903194,217663,2025-12-26,101.69,No,
903195,212126,2025-12-26,112.02,No,
903196,220774,2025-12-26,122.29,No,
903197,227642,2025-12-26,24.32,Yes,2025-12-27
903198,202924,2025-12-26,72.13,No,
903199,212137,2025-12-26,120.20,Yes,2025-12-29
903200,224297,2025-12-26,57.39,No,
903201,233049,2025-12-26,77.55,No,
903202,230032,2025-12-26,68.97,No,
903203,223676,2025-12-26,64.34,Yes,2025-12-28
903204,232797,2025-12-26,90.07,No,
903205,238956,2025-12-26,37.98,Yes,2025-12-26
903206,201992,2025-12-26,98.91,No,
903207,203864,2025-12-26,95.01,No,
903208,200876,2025-12-27,116.47,Yes,2025-12-29
903209,210249,2025-12-27,95.99,No,
903210,233958,2025-12-27,90.26,No,
903211,244201,2025-12-27,64.35,Yes,2025-12-28
903212,225079,2025-12-27,86.71,No,
903213,245470,2025-12-27,95.86,No,
903214,234688,2025-12-27,52.65,No,
903215,237816,2025-12-27,97.04,Yes,2025-12-29
903216,239852,2025-12-27,46.84,No,
903217,239233,2025-12-27,76.86,No,
903218,206015,2025-12-27,92.84,No,
903219,237257,2025-12-27,116.09,No,
903220,231740,2025-12-27,66.81,No,
903221,212664,2025-12-27,76.15,No,
903222,221368,2025-12-27,115.21,Yes,2025-12-28
903223,212475,2025-12-27,76.06,No,
903224,212808,2025-12-27,110.28,No,
903225,229433,2025-12-27,70.45,No,
903226,218259,2025-12-27,76.63,No,
903227,204025,2025-12-27,110.08,No,
903228,237950,2025-12-27,96.31,Yes,2025-12-27
903229,226310,2025-12-27,80.15,No,
903230,215847,2025-12-27,87.08,Yes,2025-12-27
903231,247547,2025-12-27,77.79,No,
903232,202459,2025-12-27,51.06,No,
903233,246657,2025-12-27,130.81,Yes,2025-12-29
903234,231651,2025-12-27,92.66,Yes,2025-12-30
903235,211919,2025-12-27,80.68,No,
903236,213260,2025-12-27,77.05,Yes,2025-12-29
903237,218801,2025-12-27,90.84,No,
903238,205817,2025-12-27,105.10,No,
903239,219400,2025-12-27,128.36,Yes,2025-12-29
903240,219752,2025-12-27,76.92,Yes,2025-12-27
903241,239448,2025-12-27,99.93,No,
903242,207816,2025-12-27,20.00,No,
903243,247264,2025-12-27,76.27,No,
903244,243851,2025-12-27,56.57,No,
903245,233938,2025-12-27,85.95,Yes,2025-12-28
903246,239928,2025-12-27,90.13,No,
903247,236654,2025-12-27,61.31,No,
903248,242968,2025-12-27,95.68,No,
903249,201311,2025-12-27,52.48,No,
903250,231532,2025-12-27,85.24,No,
903251,228517,2025-12-27,22.29,No,
903252,202330,2025-12-27,78.57,Yes,2025-12-29
903253,241422,2025-12-27,97.17,Yes,2025-12-28
903254,213517,2025-12-27,70.79,No,
903255,203262,2025-12-27,61.04,No,
903256,207977,2025-12-27,56.12,No,
903257,223913,2025-12-27,85.99,No,
903258,202746,2025-12-27,95.49,No,
903259,239494,2025-12-27,79.83,No,
903260,244198,2025-12-27,49.88,No,
903261,226392,2025-12-27,107.67,No,
903262,243427,2025-12-27,128.62,No,
903263,225061,2025-12-27,86.22,No,
903264,247501,2025-12-27,70.22,No,
903265,241171,2025-12-27,117.18,Yes,2025-12-27
903266,225559,2025-12-27,139.82,Yes,2025-12-29
903267,222130,2025-12-27,111.46,No,
903268,212677,2025-12-27,68.62,No,
903269,204041,2025-12-27,55.41,No,
903270,246724,2025-12-27,36.54,No,
903271,207757,2025-12-27,44.01,Yes,2025-12-30
903272,221843,2025-12-27,121.07,No,
903273,229089,2025-12-27,101.78,Yes,2025-12-29
903274,205406,2025-12-27,38.42,No,
903275,206188,2025-12-27,118.29,Yes,2025-12-27
903276,236509,2025-12-27,88.62,No,
903277,214767,2025-12-27,95.83,No,
903278,221046,2025-12-27,61.16,No,
903279,200958,2025-12-27,80.82,No,
903280,226905,2025-12-27,20.00,Yes,2025-12-28
903281,210004,2025-12-27,88.97,No,
903282,240757,2025-12-27,101.72,No,
903283,237129,2025-12-27,90.84,No,
903284,208433,2025-12-27,85.44,No,
903285,246417,2025-12-27,53.88,No,
903286,216295,2025-12-27,84.84,Yes,2025-12-28
903287,204328,2025-12-27,109.84,No,
903288,245275,2025-12-27,76.82,Yes,2025-12-29
903289,209924,2025-12-27,67.22,No,
903290,215666,2025-12-27,89.65,No,
903291,220912,2025-12-27,71.13,No,
903292,235592,2025-12-27,42.08,Yes,2025-12-30
903293,212218,2025-12-27,112.56,Yes,2025-12-28
903294,245282,2025-12-27,57.75,Yes,2025-12-29
903295,242511,2025-12-27,99.23,No,
903296,225966,2025-12-27,46.38,No,
903297,210838,2025-12-27,108.50,No,
903298,219339,2025-12-27,65.37,No,
903299,222165,2025-12-27,48.19,No,
903300,222495,2025-12-27,85.37,Yes,2025-12-29
903301,223215,2025-12-27,28.16,No,
903302,218577,2025-12-27,85.74,Yes,2025-12-27
903303,240958,2025-12-27,91.30,No,
903304,235693,2025-12-27,122.76,No,
903305,244131,2025-12-27,89.14,No,
903306,239764,2025-12-27,47.52,No,
903307,228484,2025-12-27,73.62,Yes,2025-12-30
903308,233532,2025-12-27,151.35,No,
903309,202684,2025-12-27,51.89,Yes,2025-12-28
903310,234326,2025-12-27,89.17,Yes,2025-12-28
903311,215709,2025-12-27,55.16,No,
903312,241745,2025-12-27,65.61,Yes,2025-12-27
903313,207641,2025-12-27,119.24,No,
903314,242656,2025-12-27,92.93,No,
903315,233499,2025-12-27,108.83,No,
903316,229171,2025-12-27,138.75,No,
903317,242805,2025-12-27,90.61,No,
903318,219414,2025-12-27,96.43,Yes,2025-12-28
903319,212406,2025-12-27,60.38,No,
903320,208667,2025-12-27,73.85,No,
903321,242921,2025-12-27,78.62,No,
903322,245031,2025-12-27,123.71,No,
903323,242854,2025-12-27,87.58,No,
903324,206059,2025-12-27,68.25,Yes,2025-12-29
903325,246643,2025-12-27,85.88,No,
903326,237321,2025-12-27,86.45,No,
903327,207624,2025-12-27,95.31,No,
903328,232077,2025-12-27,112.18,No,
903329,242471,2025-12-27,84.58,No,
903330,209543,2025-12-27,65.95,Yes,2025-12-30
903331,208433,2025-12-27,114.95,No,
903332,242536,2025-12-27,73.90,No,
903333,225937,2025-12-27,63.39,No,
903334,222595,2025-12-27,46.05,No,
903335,228612,2025-12-27,127.24,No,
903336,231828,2025-12-27,47.97,No,
903337,216415,2025-12-27,83.54,No,
903338,212180,2025-12-27,78.91,No,
903339,245515,2025-12-27,98.83,No,
903340,237113,2025-12-27,91.11,No,
903341,229909,2025-12-27,31.61,No,
903342,207794,2025-12-27,57.72,Yes,2025-12-29
903343,234328,2025-12-27,94.37,Yes,2025-12-28
903344,219014,2025-12-27,115.81,No,
903345,214639,2025-12-27,99.37,No,
903346,224660,2025-12-27,113.74,No,
903347,221287,2025-12-27,119.24,No,
903348,215131,2025-12-27,122.11,No,
903349,230894,2025-12-27,59.42,No,
903350,214617,2025-12-27,133.30,No,
903351,225032,2025-12-27,94.00,No,
903352,245490,2025-12-27,82.73,No,
903353,200548,2025-12-27,57.80,No,
903354,236269,2025-12-28,77.82,No,
903355,236404,2025-12-28,92.38,Yes,2025-12-28
903356,224175,2025-12-28,71.04,No,
903357,224176,2025-12-28,131.34,Yes,2025-12-31
903358,201530,2025-12-28,74.89,No,
903359,215088,2025-12-28,51.24,No,
903360,245537,2025-12-28,80.11,No,
903361,210479,2025-12-28,99.33,No,
903362,200627,2025-12-28,78.42,No,
903363,217954,2025-12-28,84.58,Yes,2025-12-31
903364,216015,2025-12-28,109.57,No,
903365,226804,2025-12-28,81.10,No,
903366,228002,2025-12-28,81.82,No,
903367,245915,2025-12-28,73.69,No,
903368,201933,2025-12-28,112.80,No,
903369,245959,2025-12-28,60.17,Yes,2025-12-29
903370,203284,2025-12-28,107.42,No,
903371,221474,2025-12-28,69.73,Yes,2025-12-31
903372,207776,2025-12-28,46.67,No,
903373,216369,2025-12-28,101.77,No,
903374,209560,2025-12-28,55.78,No,
903375,216864,2025-12-28,84.48,No,
903376,205739,2025-12-28,20.00,Yes,2025-12-29
903377,223475,2025-12-28,140.24,No,
903378,235271,2025-12-28,84.43,No,
903379,247272,2025-12-28,92.14,Yes,2025-12-31
903380,234971,2025-12-28,75.48,No,
903381,207299,2025-12-28,169.55,No,
903382,243584,2025-12-28,32.65,Yes,2025-12-28
903383,219497,2025-12-28,72.01,No,
903384,243113,2025-12-28,54.23,Yes,2025-12-31
903385,247965,2025-12-28,104.94,Yes,2025-12-28
903386,213028,2025-12-28,93.87,No,
903387,224584,2025-12-28,113.77,No,
903388,220939,2025-12-28,110.63,No,
903389,236791,2025-12-28,81.64,No,
903390,215617,2025-12-28,62.62,No,
903391,220693,2025-12-28,40.27,Yes,2025-12-31
903392,237705,2025-12-28,112.06,No,
903393,215934,2025-12-28,68.88,Yes,2025-12-29
903394,212600,2025-12-28,83.95,No,
903395,210595,2025-12-28,81.70,No,
903396,200179,2025-12-28,80.61,No,
903397,207748,2025-12-28,115.32,No,
903398,246469,2025-12-28,40.47,No,
903399,227787,2025-12-28,100.84,Yes,2025-12-31
903400,205433,2025-12-28,99.38,No,
903401,237900,2025-12-28,46.61,No,
903402,232156,2025-12-28,72.37,No,
903403,229964,2025-12-28,98.22,No,
903404,203613,2025-12-28,44.30,No,
903405,200897,2025-12-28,129.12,Yes,2025-12-30
903406,231878,2025-12-28,105.10,No,
903407,212208,2025-12-28,55.04,No,
903408,228267,2025-12-28,99.97,Yes,2025-12-29
903409,237095,2025-12-28,71.07,No,
903410,207264,2025-12-28,51.23,No,
903411,224277,2025-12-28,82.93,No,
903412,220474,2025-12-28,36.80,No,
903413,245267,2025-12-28,32.28,Yes,2025-12-30
903414,240593,2025-12-28,92.11,No,
903415,234815,2025-12-28,90.11,No,
903416,248056,2025-12-28,45.32,No,
903417,204032,2025-12-28,46.55,No,
903418,244702,2025-12-28,117.78,No,
903419,205439,2025-12-28,64.67,No,
903420,228256,2025-12-28,78.13,No,
903421,227898,2025-12-28,80.40,No,
903422,227922,2025-12-28,70.32,No,
903423,240131,2025-12-28,120.45,No,
903424,246564,2025-12-28,88.91,No,
903425,237083,2025-12-28,69.25,No,
903426,235704,2025-12-28,115.84,No,
903427,204122,2025-12-28,95.78,Yes,2025-12-28
903428,231677,2025-12-28,118.96,No,
903429,200855,2025-12-28,75.02,No,
903430,208539,2025-12-28,73.59,No,
903431,204194,2025-12-28,85.64,No,
903432,207984,2025-12-28,92.51,No,
903433,209266,2025-12-28,76.75,Yes,2025-12-29
903434,222618,2025-12-28,89.59,Yes,2025-12-28
903435,248285,2025-12-28,96.80,No,
903436,227397,2025-12-28,108.44,No,
903437,220627,2025-12-28,66.15,No,
903438,207233,2025-12-28,94.18,No,
903439,208946,2025-12-28,117.97,No,
903440,239224,2025-12-28,87.93,No,
903441,214798,2025-12-28,24.98,No,
903442,210222,2025-12-28,84.95,No,
903443,236189,2025-12-28,59.23,No,
903444,241020,2025-12-28,94.86,No,
903445,242790,2025-12-28,61.66,No,
903446,237984,2025-12-28,98.72,Yes,2025-12-28
903447,220917,2025-12-28,127.29,No,
903448,246135,2025-12-28,83.01,No,
903449,218994,2025-12-28,118.45,No,
903450,207016,2025-12-28,69.55,No,
903451,239742,2025-12-28,121.35,No,
903452,211925,2025-12-28,66.97,Yes,2025-12-31
903453,222793,2025-12-28,97.91,No,
903454,236809,2025-12-28,99.78,No,
903455,248397,2025-12-28,61.38,No,
903456,225824,2025-12-28,77.57,No,
903457,226025,2025-12-28,103.11,No,
903458,238108,2025-12-28,53.12,No,
903459,246763,2025-12-28,69.82,No,
903460,217593,2025-12-28,61.21,No,
903461,226083,2025-12-28,62.01,No,
903462,215724,2025-12-28,38.56,No,
903463,222557,2025-12-28,106.29,No,
903464,208565,2025-12-28,90.20,Yes,2025-12-29
903465,227734,2025-12-28,76.57,Yes,2025-12-29
903466,226413,2025-12-28,77.00,No,
903467,245463,2025-12-28,77.60,No,
903468,246196,2025-12-28,67.98,No,
903469,230900,2025-12-28,92.05,No,
903470,242435,2025-12-28,75.77,No,
903471,227796,2025-12-28,60.21,Yes,2025-12-30
903472,209228,2025-12-28,80.10,No,
903473,213142,2025-12-28,81.28,No,
903474,209518,2025-12-28,80.36,No,
903475,206741,2025-12-28,92.61,No,
903476,245850,2025-12-28,74.99,No,
903477,227680,2025-12-28,82.19,No,
903478,206197,2025-12-28,97.91,No,
903479,221667,2025-12-28,82.49,No,
903480,227246,2025-12-28,144.63,No,
903481,207588,2025-12-28,98.43,No,
903482,209313,2025-12-28,109.57,No,
903483,209353,2025-12-28,61.64,No,
903484,201611,2025-12-28,86.99,Yes,2025-12-30
903485,234532,2025-12-29,74.67,No,
903486,237138,2025-12-29,119.12,Yes,2026-01-01
903487,236825,2025-12-29,70.31,No,
903488,219849,2025-12-29,104.65,Yes,2025-12-31
903489,224940,2025-12-29,76.00,No,
903490,216768,2025-12-29,96.99,Yes,2025-12-31
903491,225447,2025-12-29,67.95,No,
903492,203492,2025-12-29,98.37,Yes,2025-12-29
903493,213006,2025-12-29,120.63,No,
903494,222654,2025-12-29,44.90,No,
903495,228043,2025-12-29,92.12,No,
903496,227070,2025-12-29,116.79,No,
903497,213148,2025-12-29,28.72,Yes,2025-12-29
903498,229972,2025-12-29,87.94,No,
903499,226828,2025-12-29,90.52,No,
903500,208144,2025-12-29,90.62,No,
903501,229294,2025-12-29,75.64,No,
903502,222460,2025-12-29,89.27,No,
903503,232816,2025-12-29,93.86,No,
903504,244638,2025-12-29,90.87,Yes,2025-12-30
903505,213312,2025-12-29,86.71,No,
903506,216089,2025-12-29,76.69,No,
903507,211198,2025-12-29,20.00,No,
903508,247995,2025-12-29,71.69,No,
903509,219016,2025-12-29,77.03,No,
903510,246988,2025-12-29,95.07,No,
903511,201770,2025-12-29,25.64,No,
903512,238808,2025-12-29,74.94,No,
903513,206967,2025-12-29,114.19,No,
903514,215306,2025-12-29,35.66,No,
903515,206935,2025-12-29,60.30,No,
903516,205958,2025-12-29,72.79,Yes,2025-12-29
903517,242248,2025-12-29,91.38,Yes,2025-12-29
903518,231065,2025-12-29,67.54,No,
903519,235012,2025-12-29,51.87,No,
903520,234170,2025-12-29,20.00,Yes,2025-12-31
903521,245067,2025-12-29,30.01,No,
903522,231755,2025-12-29,69.99,No,
903523,229913,2025-12-29,85.95,No,
903524,215293,2025-12-29,56.16,No,
903525,217839,2025-12-29,56.61,No,
903526,246715,2025-12-29,96.73,No,
903527,225490,2025-12-29,113.63,No,
903528,235791,2025-12-29,64.03,No,
903529,201181,2025-12-29,55.81,No,
903530,214576,2025-12-29,75.09,No,
903531,236243,2025-12-29,104.38,No,
903532,235750,2025-12-29,97.05,Yes,2025-12-30
903533,248249,2025-12-29,65.26,Yes,2025-12-31
903534,234785,2025-12-29,57.17,No,
903535,238179,2025-12-29,63.54,Yes,2025-12-30
903536,221888,2025-12-29,85.26,No,
903537,217495,2025-12-29,74.22,No,
903538,216406,2025-12-29,105.36,No,
903539,231894,2025-12-29,93.88,No,
903540,221907,2025-12-29,123.62,Yes,2025-12-31
903541,239178,2025-12-29,108.97,Yes,2025-12-30
903542,227955,2025-12-29,116.23,No,
903543,229160,2025-12-29,76.21,No,
903544,226441,2025-12-29,66.57,No,
903545,234783,2025-12-29,20.00,No,
903546,234922,2025-12-29,78.60,Yes,2025-12-31
903547,219455,2025-12-29,81.73,Yes,2025-12-29
903548,223096,2025-12-29,85.54,No,
903549,208162,2025-12-29,45.87,No,
903550,248329,2025-12-29,89.58,No,
903551,218435,2025-12-29,74.71,No,
903552,225083,2025-12-29,63.38,No,
903553,239220,2025-12-29,93.44,No,
903554,227104,2025-12-29,83.41,No,
903555,209442,2025-12-29,115.39,No,
903556,226570,2025-12-29,73.96,No,
903557,240443,2025-12-29,63.71,No,
903558,202623,2025-12-29,72.67,No,
903559,219480,2025-12-29,79.79,Yes,2025-12-31
903560,229371,2025-12-29,63.67,No,
903561,215276,2025-12-29,71.30,Yes,2026-01-01
903562,217418,2025-12-29,94.79,No,
903563,233190,2025-12-29,123.60,No,
903564,241078,2025-12-29,83.03,No,
903565,239464,2025-12-29,31.42,No,
903566,244738,2025-12-29,98.41,No,
903567,207654,2025-12-29,71.87,Yes,2026-01-01
903568,209408,2025-12-29,38.92,No,
903569,227057,2025-12-29,87.00,Yes,2025-12-31
903570,211600,2025-12-29,112.82,No,
903571,204414,2025-12-29,90.40,Yes,2025-12-30
903572,216026,2025-12-29,100.18,No,
903573,224251,2025-12-29,96.17,No,
903574,235539,2025-12-29,126.01,No,
903575,211363,2025-12-29,31.34,Yes,2025-12-30
903576,231632,2025-12-29,103.06,Yes,2025-12-30
903577,223671,2025-12-29,57.52,No,
903578,218079,2025-12-29,79.62,Yes,2026-01-01
903579,224191,2025-12-29,60.92,No,
903580,243768,2025-12-29,68.51,No,
903581,246179,2025-12-29,65.73,No,
903582,205610,2025-12-29,81.54,No,
903583,233944,2025-12-29,84.86,No,
903584,207900,2025-12-29,92.66,No,
903585,207075,2025-12-29,54.50,Yes,2025-12-31
903586,247697,2025-12-29,27.73,No,
903587,222469,2025-12-29,71.15,Yes,2026-01-01
903588,226080,2025-12-29,83.19,No,
903589,232528,2025-12-29,66.00,No,
903590,209557,2025-12-29,45.19,No,
903591,218963,2025-12-29,91.26,No,
903592,229001,2025-12-29,101.61,No,
903593,214874,2025-12-29,53.02,No,
903594,236372,2025-12-29,65.73,Yes,2025-12-29
903595,231836,2025-12-29,97.00,No,
903596,218675,2025-12-29,114.49,No,
903597,244895,2025-12-29,102.84,Yes,2025-12-29
903598,229745,2025-12-29,54.63,No,
903599,206258,2025-12-29,74.82,No,
903600,212286,2025-12-30,42.71,No,
903601,204515,2025-12-30,121.42,Yes,2025-12-31
903602,226530,2025-12-30,68.37,Yes,2026-01-02
903603,237419,2025-12-30,67.20,Yes,2026-01-02
903604,204479,2025-12-30,120.53,Yes,2026-01-02
903605,248203,2025-12-30,84.63,No,
903606,235556,2025-12-30,31.52,Yes,2026-01-02
903607,247621,2025-12-30,60.91,Yes,2026-01-01
903608,214764,2025-12-30,86.37,No,
903609,218903,2025-12-30,51.52,No,
903610,236659,2025-12-30,73.86,No,
903611,209674,2025-12-30,88.06,No,
903612,239992,2025-12-30,111.54,No,
903613,228262,2025-12-30,104.43,No,
903614,237597,2025-12-30,111.30,No,
903615,231977,2025-12-30,69.51,Yes,2025-12-31
903616,227585,2025-12-30,107.41,Yes,2026-01-02
903617,229862,2025-12-30,34.96,No,
903618,203952,2025-12-30,82.46,No,
903619,244122,2025-12-30,81.51,No,
903620,206722,2025-12-30,74.23,No,
903621,245315,2025-12-30,74.33,Yes,2026-01-02
903622,234112,2025-12-30,42.54,No,
903623,219799,2025-12-30,68.52,Yes,2026-01-02
903624,207166,2025-12-30,116.08,No,
903625,202782,2025-12-30,126.61,No,
903626,204336,2025-12-30,98.45,No,
903627,209168,2025-12-30,83.03,No,
903628,245313,2025-12-30,53.52,Yes,2025-12-30
903629,238795,2025-12-30,92.40,No,
903630,203823,2025-12-30,60.84,No,
903631,232978,2025-12-30,78.48,Yes,2025-12-30
903632,223415,2025-12-30,109.35,No,
903633,241746,2025-12-30,47.09,No,
903634,202566,2025-12-30,94.20,No,
903635,216429,2025-12-30,96.40,No,
903636,218659,2025-12-30,101.16,Yes,2026-01-02
903637,226110,2025-12-30,97.52,Yes,2026-01-01
903638,233595,2025-12-30,33.10,No,
903639,244985,2025-12-30,83.89,Yes,2025-12-31
903640,226203,2025-12-30,106.60,Yes,2025-12-31
903641,247123,2025-12-30,75.83,No,
903642,229143,2025-12-30,50.56,No,
903643,247362,2025-12-30,79.87,No,
903644,226694,2025-12-30,74.70,No,
903645,213459,2025-12-30,91.36,Yes,2026-01-02
903646,200434,2025-12-30,128.23,Yes,2026-01-01
903647,232649,2025-12-30,46.18,No,
903648,237334,2025-12-30,64.57,No,
903649,205732,2025-12-30,149.90,No,
903650,212250,2025-12-30,72.12,No,
903651,231998,2025-12-30,63.67,No,
903652,247012,2025-12-30,97.04,No,
903653,242297,2025-12-30,75.92,Yes,2025-12-31
903654,240006,2025-12-30,117.26,Yes,2026-01-01
903655,218830,2025-12-30,117.51,No,
903656,238541,2025-12-30,132.11,No,
903657,209301,2025-12-30,102.65,No,
903658,243954,2025-12-30,62.63,No,
903659,225106,2025-12-30,89.11,No,
903660,239814,2025-12-30,81.48,Yes,2026-01-02
903661,208106,2025-12-30,68.58,No,
903662,213061,2025-12-30,89.37,No,
903663,207619,2025-12-30,99.35,Yes,2026-01-02
903664,209999,2025-12-30,77.28,Yes,2025-12-31
903665,227496,2025-12-30,81.95,No,
903666,214860,2025-12-30,63.76,Yes,2026-01-01
903667,232625,2025-12-30,138.02,No,
903668,228559,2025-12-30,42.22,No,
903669,214859,2025-12-30,89.95,No,
903670,233668,2025-12-30,101.00,No,
903671,201455,2025-12-30,78.93,No,
903672,224920,2025-12-30,43.80,No,
903673,247279,2025-12-30,139.62,Yes,2025-12-31
903674,211650,2025-12-30,77.09,No,
903675,236222,2025-12-30,100.03,No,
903676,209764,2025-12-30,88.45,Yes,2025-12-31
903677,210113,2025-12-30,85.51,Yes,2025-12-31
903678,229691,2025-12-30,94.35,No,
903679,219073,2025-12-30,61.53,No,
903680,234244,2025-12-30,24.18,No,
903681,237274,2025-12-30,113.96,No,
903682,246967,2025-12-30,77.53,No,
903683,209615,2025-12-30,91.02,No,
903684,220056,2025-12-30,45.06,No,
903685,202442,2025-12-30,107.64,No,
903686,229356,2025-12-30,85.87,Yes,2026-01-01
903687,202176,2025-12-30,100.61,No,
903688,233270,2025-12-30,66.43,No,
903689,213948,2025-12-30,72.86,No,
903690,247352,2025-12-30,20.00,No,
903691,217746,2025-12-30,32.70,No,
903692,243094,2025-12-30,108.55,No,
903693,239989,2025-12-30,91.88,Yes,2025-12-31
903694,233008,2025-12-30,70.69,No,
903695,201628,2025-12-30,46.28,No,
903696,219957,2025-12-30,53.41,No,
903697,226695,2025-12-30,72.19,No,
903698,218056,2025-12-30,53.32,No,
903699,231614,2025-12-30,105.74,No,
903700,241617,2025-12-30,74.06,No,
903701,231428,2025-12-30,90.68,Yes,2025-12-31
903702,236852,2025-12-30,73.15,Yes,2025-12-30
903703,214684,2025-12-30,86.12,No,
903704,207001,2025-12-30,20.00,No,
903705,234051,2025-12-30,39.65,No,
903706,200266,2025-12-30,105.14,No,
903707,200518,2025-12-30,114.16,No,
903708,231028,2025-12-30,74.73,No,
903709,241107,2025-12-30,143.53,Yes,2025-12-31
903710,211333,2025-12-30,87.28,No,
903711,202341,2025-12-31,90.30,No,
903712,207150,2025-12-31,94.38,Yes,2026-01-02
903713,228975,2025-12-31,86.36,Yes,2026-01-02
903714,209692,2025-12-31,91.53,Yes,2026-01-03
903715,230298,2025-12-31,55.18,No,
903716,209244,2025-12-31,117.41,No,
903717,222807,2025-12-31,100.81,No,
903718,243728,2025-12-31,83.13,No,
903719,239493,2025-12-31,72.50,No,
903720,246958,2025-12-31,87.82,No,
903721,247760,2025-12-31,94.34,No,
903722,240083,2025-12-31,73.72,No,
903723,210707,2025-12-31,68.97,No,
903724,235418,2025-12-31,53.34,No,
903725,206016,2025-12-31,33.46,No,
903726,248469,2025-12-31,75.79,No,
903727,245679,2025-12-31,98.75,No,
903728,212416,2025-12-31,91.14,No,
903729,234791,2025-12-31,104.13,No,
903730,228351,2025-12-31,39.84,No,
903731,219550,2025-12-31,105.98,No,
903732,213179,2025-12-31,46.86,No,
903733,241561,2025-12-31,85.30,No,
903734,237567,2025-12-31,121.65,Yes,2026-01-01
903735,247224,2025-12-31,58.72,No,
903736,221519,2025-12-31,110.98,Yes,2026-01-01
903737,212931,2025-12-31,98.93,Yes,2025-12-31
903738,209397,2025-12-31,67.47,No,
903739,238696,2025-12-31,40.39,No,
903740,237763,2025-12-31,96.67,Yes,2026-01-02
903741,238594,2025-12-31,115.83,No,
903742,228412,2025-12-31,76.13,No,
903743,243803,2025-12-31,114.45,No,
903744,206597,2025-12-31,73.83,No,
903745,235250,2025-12-31,86.15,No,
903746,237323,2025-12-31,74.42,No,
903747,211520,2025-12-31,92.60,No,
903748,240829,2025-12-31,77.65,No,
903749,245237,2025-12-31,126.37,No,
903750,224759,2025-12-31,61.39,No,
903751,237741,2025-12-31,135.42,No,
903752,216301,2025-12-31,147.74,Yes,2025-12-31
903753,236220,2025-12-31,97.99,Yes,2025-12-31
903754,235222,2025-12-31,70.85,No,
903755,211684,2025-12-31,91.20,No,
903756,234507,2025-12-31,72.74,No,
903757,221198,2025-12-31,79.63,No,
903758,241770,2025-12-31,20.00,No,
903759,238078,2025-12-31,82.04,No,
903760,242577,2025-12-31,77.73,No,
903761,227957,2025-12-31,90.45,No,
903762,231960,2025-12-31,91.47,No,
903763,237048,2025-12-31,62.76,Yes,2025-12-31
903764,221390,2025-12-31,70.43,No,
903765,206282,2025-12-31,84.64,No,
903766,206391,2025-12-31,59.04,No,
903767,228622,2025-12-31,63.57,No,
903768,225654,2025-12-31,65.74,No,
903769,239364,2025-12-31,86.58,No,
903770,211097,2025-12-31,55.72,No,
903771,246788,2025-12-31,84.37,No,
903772,214449,2025-12-31,117.71,No,
903773,225427,2025-12-31,111.24,No,
903774,209418,2025-12-31,70.55,No,
903775,217346,2025-12-31,87.17,No,
903776,205914,2025-12-31,75.40,No,
903777,202933,2025-12-31,38.91,No,
903778,229109,2025-12-31,90.61,No,
903779,246514,2025-12-31,65.52,No,
903780,242145,2025-12-31,55.95,No,
903781,211792,2025-12-31,58.44,No,
903782,209328,2025-12-31,107.50,Yes,2026-01-02
903783,224370,2025-12-31,99.85,No,
903784,200179,2025-12-31,124.72,No,
903785,216008,2025-12-31,50.15,Yes,2026-01-01
903786,228844,2025-12-31,104.38,No,
903787,231353,2025-12-31,68.18,No,
903788,215538,2025-12-31,50.54,No,
903789,221899,2025-12-31,63.10,No,
903790,235238,2025-12-31,106.24,No,
903791,221381,2025-12-31,82.45,Yes,2026-01-03
903792,234212,2025-12-31,61.02,Yes,2025-12-31
903793,210121,2025-12-31,113.34,No,
903794,212220,2025-12-31,75.25,No,
903795,201535,2025-12-31,124.17,Yes,2026-01-01
903796,205745,2025-12-31,95.18,No,
903797,212005,2025-12-31,85.28,Yes,2026-01-01
903798,215638,2025-12-31,83.97,No,
903799,247406,2025-12-31,123.42,No,
903800,216861,2025-12-31,92.81,No,
903801,220089,2025-12-31,62.62,No,
903802,206106,2025-12-31,61.91,No,
903803,204127,2025-12-31,114.76,Yes,2025-12-31
903804,227214,2025-12-31,90.50,No,
903805,222278,2025-12-31,85.49,No,
903806,215380,2025-12-31,91.01,No,
903807,200228,2025-12-31,68.15,No,
903808,247742,2025-12-31,37.70,No,
903809,232994,2025-12-31,45.44,No,
903810,208814,2025-12-31,116.28,No,
903811,237615,2025-12-31,127.95,No,
903812,244232,2025-12-31,88.83,No,
903813,219046,2025-12-31,111.34,No,
903814,217772,2025-12-31,123.83,No,
903815,231335,2025-12-31,101.82,No,
903816,222108,2025-12-31,85.10,No,
903817,233697,2025-12-31,96.46,Yes,2026-01-03
903818,212193,2025-12-31,63.12,No,
903819,217334,2025-12-31,55.59,No,
903820,232763,2025-12-31,66.47,No,
903821,224190,2025-12-31,20.00,No,
903822,207822,2025-12-31,100.79,No,
903823,232299,2025-12-31,72.05,No,
903824,230594,2025-12-31,68.48,No,
903825,238936,2025-12-31,51.67,No,
903826,223823,2025-12-31,53.61,No,
903827,233449,2025-12-31,73.77,Yes,2026-01-01
903828,238754,2025-12-31,65.43,No,
903829,202882,2025-12-31,100.22,No,
903830,241613,2025-12-31,113.32,No,
903831,212915,2025-12-31,52.43,No,
903832,219220,2025-12-31,116.31,No,
903833,220571,2025-12-31,131.73,No,
903834,226553,2025-12-31,105.25,No,
903835,233758,2025-12-31,97.40,Yes,2026-01-02
903836,244327,2025-12-31,101.87,No,
903837,247567,2025-12-31,115.35,No,
903838,211181,2025-12-31,88.40,No,
903839,230169,2025-12-31,78.12,No,
903840,222914,2025-12-31,122.37,No,
903841,221113,2025-12-31,95.93,No,
903842,205772,2025-12-31,96.44,No,
903843,204350,2025-12-31,55.34,Yes,2026-01-03
903844,235004,2026-01-01,75.25,Yes,2026-01-01
903845,210420,2026-01-01,79.38,No,
903846,235996,2026-01-01,104.70,No,
903847,237561,2026-01-01,90.75,No,
903848,235861,2026-01-01,80.21,No,
903849,245093,2026-01-01,85.80,No,
903850,220499,2026-01-01,77.96,No,
903851,201412,2026-01-01,126.69,No,
903852,240332,2026-01-01,103.94,No,
903853,221996,2026-01-01,55.88,Yes,2026-01-01
903854,233487,2026-01-01,99.18,No,
903855,223113,2026-01-01,74.77,No,
903856,204695,2026-01-01,108.90,No,
903857,223108,2026-01-01,64.05,No,
903858,227280,2026-01-01,57.30,No,
903859,248129,2026-01-01,81.41,No,
903860,221840,2026-01-01,21.98,No,
903861,206273,2026-01-01,54.17,Yes,2026-01-04
903862,246813,2026-01-01,109.43,No,
903863,206895,2026-01-01,123.89,Yes,2026-01-01
903864,204670,2026-01-01,71.68,Yes,2026-01-02
903865,209674,2026-01-01,118.37,No,
903866,228950,2026-01-01,121.52,No,
903867,208763,2026-01-01,54.00,No,
903868,200835,2026-01-01,74.31,Yes,2026-01-04
903869,207155,2026-01-01,81.27,Yes,2026-01-01
903870,244607,2026-01-01,71.30,Yes,2026-01-04
903871,234600,2026-01-01,88.19,Yes,2026-01-01
903872,208003,2026-01-01,93.69,No,
903873,236973,2026-01-01,85.25,No,
903874,235421,2026-01-01,67.93,No,
903875,219213,2026-01-01,85.85,Yes,2026-01-03
903876,222587,2026-01-01,101.88,No,
903877,228261,2026-01-01,80.64,Yes,2026-01-03
903878,222546,2026-01-01,68.94,No,
903879,206314,2026-01-01,62.67,No,
903880,214120,2026-01-01,105.32,Yes,2026-01-04
903881,203994,2026-01-01,86.04,Yes,2026-01-02
903882,200848,2026-01-01,39.35,Yes,2026-01-04
903883,227608,2026-01-01,61.66,No,
903884,213732,2026-01-01,79.53,No,
903885,243163,2026-01-01,82.57,No,
903886,223514,2026-01-01,71.68,No,
903887,228576,2026-01-01,99.74,No,
903888,247763,2026-01-01,68.84,No,
903889,232390,2026-01-01,71.96,No,
903890,246629,2026-01-01,105.33,No,
903891,211559,2026-01-01,81.43,Yes,2026-01-04
903892,226574,2026-01-01,63.72,No,
903893,227705,2026-01-01,124.24,No,
903894,234075,2026-01-01,64.80,No,
903895,226567,2026-01-01,76.12,No,
903896,231152,2026-01-01,98.70,Yes,2026-01-01
903897,204002,2026-01-01,47.99,No,
903898,223180,2026-01-01,69.03,Yes,2026-01-02
903899,217744,2026-01-01,59.92,No,
903900,226254,2026-01-01,91.46,No,
903901,201220,2026-01-01,74.23,Yes,2026-01-04
903902,210617,2026-01-01,120.61,No,
903903,224686,2026-01-01,86.20,No,
903904,201926,2026-01-01,67.84,No,
903905,201141,2026-01-01,87.47,No,
903906,236034,2026-01-01,67.40,No,
903907,230552,2026-01-01,69.80,No,
903908,217062,2026-01-01,74.38,No,
903909,241003,2026-01-01,85.45,Yes,2026-01-04
903910,229318,2026-01-01,83.99,No,
903911,224205,2026-01-01,86.25,No,
903912,213418,2026-01-01,104.71,No,
903913,224020,2026-01-01,76.38,Yes,2026-01-01
903914,216628,2026-01-01,55.62,No,
903915,238694,2026-01-01,93.85,Yes,2026-01-03
903916,232866,2026-01-01,87.63,No,
903917,223888,2026-01-01,68.58,No,
903918,204689,2026-01-01,96.22,No,
903919,220296,2026-01-01,21.35,No,
903920,233741,2026-01-01,132.40,No,
903921,210038,2026-01-01,123.29,Yes,2026-01-02
903922,225268,2026-01-01,36.78,No,
903923,204540,2026-01-01,87.34,No,
903924,209385,2026-01-01,101.17,No,
903925,223976,2026-01-01,71.63,No,
903926,205011,2026-01-01,90.20,Yes,2026-01-03
903927,224062,2026-01-01,81.52,No,
903928,238474,2026-01-01,82.73,No,
903929,225192,2026-01-01,106.47,Yes,2026-01-03
903930,236073,2026-01-01,56.27,No,
903931,242281,2026-01-01,60.98,No,
903932,244743,2026-01-01,67.96,No,
903933,213919,2026-01-01,88.35,No,
903934,219531,2026-01-01,129.13,No,
903935,240514,2026-01-01,88.68,No,
903936,223255,2026-01-01,52.16,Yes,2026-01-04
903937,239091,2026-01-01,39.91,No,
903938,222557,2026-01-01,70.68,No,
903939,232354,2026-01-01,81.11,Yes,2026-01-04
903940,220025,2026-01-01,101.39,No,
903941,221630,2026-01-01,46.18,No,
903942,208390,2026-01-01,83.26,Yes,2026-01-03
903943,247111,2026-01-01,85.49,No,
903944,200219,2026-01-01,90.03,No,
903945,201890,2026-01-01,44.30,No,
903946,232212,2026-01-01,88.71,No,
903947,235362,2026-01-01,68.22,No,
903948,220754,2026-01-01,65.89,No,
903949,224402,2026-01-01,90.78,No,
903950,205420,2026-01-01,63.62,No,
903951,225354,2026-01-01,59.63,No,
903952,205596,2026-01-01,93.35,No,
903953,214396,2026-01-01,86.56,No,
903954,224825,2026-01-01,129.62,No,
903955,222014,2026-01-01,48.81,No,
903956,213153,2026-01-01,83.82,No,
903957,239058,2026-01-01,68.54,No,
903958,200786,2026-01-01,95.33,No,
903959,245186,2026-01-01,63.67,No,
903960,221698,2026-01-01,91.82,No,
903961,212401,2026-01-01,81.24,No,
903962,228619,2026-01-01,29.97,No,
903963,222781,2026-01-01,41.30,Yes,2026-01-02
903964,247699,2026-01-01,70.52,No,
903965,230349,2026-01-01,74.67,No,
903966,218299,2026-01-01,64.82,No,
903967,224694,2026-01-01,64.87,No,
903968,226823,2026-01-01,107.37,No,
903969,201367,2026-01-01,43.33,No,
903970,239903,2026-01-01,109.41,No,
903971,210536,2026-01-01,81.76,No,
903972,209658,2026-01-01,89.61,No,
903973,214362,2026-01-01,77.27,No,
903974,221961,2026-01-02,86.84,No,
903975,224597,2026-01-02,104.50,No,
903976,210997,2026-01-02,152.25,No,
903977,244349,2026-01-02,74.03,Yes,2026-01-03
903978,206204,2026-01-02,93.41,No,
903979,237516,2026-01-02,100.15,No,
903980,241981,2026-01-02,69.12,No,
903981,214457,2026-01-02,93.66,No,
903982,229983,2026-01-02,68.49,Yes,2026-01-02
903983,238052,2026-01-02,92.37,No,
903984,245274,2026-01-02,87.70,Yes,2026-01-02
903985,224463,2026-01-02,73.92,No,
903986,231277,2026-01-02,126.22,No,
903987,207382,2026-01-02,23.47,No,
903988,247953,2026-01-02,149.12,No,
903989,211805,2026-01-02,142.01,No,
903990,235415,2026-01-02,115.66,Yes,2026-01-05
903991,211808,2026-01-02,79.20,No,
903992,206763,2026-01-02,90.47,No,
903993,210379,2026-01-02,78.54,No,
903994,211130,2026-01-02,79.55,No,
903995,228309,2026-01-02,94.92,Yes,2026-01-04
903996,215654,2026-01-02,60.37,No,
903997,237857,2026-01-02,56.60,No,
903998,209704,2026-01-02,66.42,Yes,2026-01-05
903999,224108,2026-01-02,56.73,No,
904000,236750,2026-01-02,105.90,No,
904001,215354,2026-01-02,101.26,Yes,2026-01-05
904002,234348,2026-01-02,72.32,No,
904003,239199,2026-01-02,74.74,No,
904004,203980,2026-01-02,45.34,No,
904005,220084,2026-01-02,50.18,No,
904006,240934,2026-01-02,105.49,No,
904007,200935,2026-01-02,91.01,No,
904008,212946,2026-01-02,59.75,No,
904009,201138,2026-01-02,101.67,Yes,2026-01-05
904010,240213,2026-01-02,54.46,No,
904011,203813,2026-01-02,70.17,No,
904012,237007,2026-01-02,94.74,No,
904013,228917,2026-01-02,37.83,No,
904014,243072,2026-01-02,72.16,No,
904015,222618,2026-01-02,82.67,No,
904016,232345,2026-01-02,88.72,No,
904017,212607,2026-01-02,90.21,No,
904018,234946,2026-01-02,80.18,No,
904019,225881,2026-01-02,68.39,Yes,2026-01-03
904020,200425,2026-01-02,53.22,No,
904021,228475,2026-01-02,53.92,No,
904022,244794,2026-01-02,70.62,No,
904023,246941,2026-01-02,84.28,No,
904024,239102,2026-01-02,97.79,No,
904025,245228,2026-01-02,88.17,No,
904026,246749,2026-01-02,55.26,No,
904027,244251,2026-01-02,136.43,No,
904028,219144,2026-01-02,92.40,No,
904029,231552,2026-01-02,60.67,Yes,2026-01-03
904030,237332,2026-01-02,115.11,No,
904031,206406,2026-01-02,98.27,No,
904032,222065,2026-01-02,67.29,No,
904033,230339,2026-01-02,70.04,No,
904034,240237,2026-01-02,88.09,No,
904035,223644,2026-01-02,75.14,No,
904036,217289,2026-01-02,74.48,No,
904037,238562,2026-01-02,83.35,No,
904038,212283,2026-01-02,93.03,No,
904039,235448,2026-01-02,63.53,No,
904040,221774,2026-01-02,72.78,No,
904041,218095,2026-01-02,76.33,Yes,2026-01-03
904042,228516,2026-01-02,76.68,No,
904043,226752,2026-01-02,82.86,No,
904044,202244,2026-01-02,77.12,Yes,2026-01-04
904045,226751,2026-01-02,108.70,No,
904046,227238,2026-01-02,80.27,No,
904047,227668,2026-01-02,63.48,Yes,2026-01-04
904048,240083,2026-01-02,71.27,Yes,2026-01-03
904049,234162,2026-01-02,82.88,No,
904050,215960,2026-01-02,94.75,No,
904051,205545,2026-01-02,95.61,No,
904052,208851,2026-01-02,66.12,No,
904053,239037,2026-01-02,59.00,No,
904054,220889,2026-01-02,138.30,No,
904055,247885,2026-01-02,73.40,No,
904056,214800,2026-01-02,116.99,No,
904057,225914,2026-01-02,112.34,No,
904058,229978,2026-01-02,149.07,No,
904059,206333,2026-01-02,77.45,No,
904060,217278,2026-01-02,64.79,No,
904061,235882,2026-01-02,104.77,Yes,2026-01-05
904062,248006,2026-01-02,67.97,No,
904063,243893,2026-01-02,113.01,No,
904064,237609,2026-01-02,80.70,No,
904065,227623,2026-01-02,124.97,No,
904066,235145,2026-01-02,66.87,No,
904067,244510,2026-01-02,105.17,No,
904068,242717,2026-01-02,74.71,Yes,2026-01-04
904069,244499,2026-01-02,104.43,No,
904070,223056,2026-01-02,97.75,No,
904071,247148,2026-01-02,77.95,No,
904072,225447,2026-01-02,81.12,No,
904073,225767,2026-01-02,85.66,Yes,2026-01-02
904074,244181,2026-01-02,71.03,No,
904075,219611,2026-01-02,73.60,Yes,2026-01-05
904076,232156,2026-01-02,51.18,No,
904077,231315,2026-01-02,55.87,No,
904078,201555,2026-01-02,131.24,No,
904079,222126,2026-01-02,75.32,No,
904080,218937,2026-01-02,115.04,No,
904081,242204,2026-01-02,89.03,No,
904082,216621,2026-01-02,96.26,No,
904083,206146,2026-01-02,123.35,No,
904084,218301,2026-01-02,87.08,No,
904085,223067,2026-01-02,74.40,No,
904086,225724,2026-01-02,117.32,No,
904087,233954,2026-01-02,98.37,No,
904088,212304,2026-01-02,102.39,Yes,2026-01-05
904089,245548,2026-01-02,92.48,No,
904090,221860,2026-01-02,125.76,No,
904091,204149,2026-01-02,62.84,No,
904092,233047,2026-01-02,61.65,No,
904093,229173,2026-01-02,112.75,Yes,2026-01-05
904094,240189,2026-01-02,99.55,No,
904095,213910,2026-01-02,86.86,No,
904096,225362,2026-01-02,65.02,No,
904097,245805,2026-01-02,56.40,No,
904098,212587,2026-01-02,54.79,Yes,2026-01-04
904099,228828,2026-01-02,48.12,No,
904100,208343,2026-01-02,93.74,Yes,2026-01-03
904101,202070,2026-01-02,61.55,No,
904102,223982,2026-01-02,74.27,No,
904103,204109,2026-01-02,94.39,No,
904104,244081,2026-01-02,79.68,No,
904105,208771,2026-01-02,68.01,Yes,2026-01-05
904106,235742,2026-01-02,107.89,No,
904107,245297,2026-01-02,109.70,No,
904108,239547,2026-01-02,52.52,No,
904109,237803,2026-01-02,130.65,No,
904110,202129,2026-01-02,101.63,No,
904111,219186,2026-01-02,87.78,No,
904112,220657,2026-01-02,107.45,No,
904113,225161,2026-01-02,45.16,Yes,2026-01-04
904114,235994,2026-01-02,85.29,No,
904115,219896,2026-01-02,100.31,No,
904116,222025,2026-01-02,87.53,Yes,2026-01-05
904117,215201,2026-01-03,67.41,No,
904118,204021,2026-01-03,83.03,Yes,2026-01-04
904119,223180,2026-01-03,35.25,Yes,2026-01-06
904120,222371,2026-01-03,75.07,No,
904121,229733,2026-01-03,87.03,Yes,2026-01-05
904122,205806,2026-01-03,73.57,No,
904123,219994,2026-01-03,88.84,No,
904124,211330,2026-01-03,98.50,Yes,2026-01-05
904125,244243,2026-01-03,104.70,No,
904126,223117,2026-01-03,106.00,No,
904127,232988,2026-01-03,43.12,Yes,2026-01-06
904128,223882,2026-01-03,100.78,No,
904129,219406,2026-01-03,37.94,No,
904130,206247,2026-01-03,62.30,No,
904131,226250,2026-01-03,67.49,No,
904132,219239,2026-01-03,21.40,No,
904133,204926,2026-01-03,87.78,No,
904134,235651,2026-01-03,142.38,No,
904135,239496,2026-01-03,116.62,No,
904136,223711,2026-01-03,54.11,No,
904137,235389,2026-01-03,55.49,No,
904138,244064,2026-01-03,61.30,No,
904139,246444,2026-01-03,55.20,No,
904140,218551,2026-01-03,138.60,No,
904141,221784,2026-01-03,92.88,No,
904142,225761,2026-01-03,61.20,No,
904143,239932,2026-01-03,92.27,No,
904144,232603,2026-01-03,114.89,Yes,2026-01-03
904145,209568,2026-01-03,20.00,No,
904146,203720,2026-01-03,111.58,No,
904147,211488,2026-01-03,79.55,No,
904148,220770,2026-01-03,55.80,No,
904149,205621,2026-01-03,92.00,No,
904150,218294,2026-01-03,108.37,Yes,2026-01-03
904151,241437,2026-01-03,92.29,No,
904152,229652,2026-01-03,82.01,No,
904153,213401,2026-01-03,100.58,No,
904154,203445,2026-01-03,79.52,Yes,2026-01-05
904155,243379,2026-01-03,22.42,No,
904156,233717,2026-01-03,20.00,Yes,2026-01-04
904157,221530,2026-01-03,107.99,No,
904158,245917,2026-01-03,57.65,No,
904159,231976,2026-01-03,81.01,No,
904160,222515,2026-01-03,62.25,Yes,2026-01-03
904161,217617,2026-01-03,124.62,Yes,2026-01-05
904162,216089,2026-01-03,77.26,No,
904163,235487,2026-01-03,96.98,Yes,2026-01-06
904164,227854,2026-01-03,97.92,No,
904165,204464,2026-01-03,61.16,Yes,2026-01-04
904166,210743,2026-01-03,94.04,No,
904167,200272,2026-01-03,82.33,No,
904168,245557,2026-01-03,83.00,Yes,2026-01-06
904169,230554,2026-01-03,96.96,No,
904170,222476,2026-01-03,39.32,No,
904171,240853,2026-01-03,64.49,No,
904172,208707,2026-01-03,55.13,No,
904173,241512,2026-01-03,52.86,No,
904174,239595,2026-01-03,78.52,Yes,2026-01-05
904175,242046,2026-01-03,64.06,No,
904176,214174,2026-01-03,100.93,No,
904177,220586,2026-01-03,71.34,No,
904178,244137,2026-01-03,86.44,No,
904179,209988,2026-01-03,122.30,No,
904180,232927,2026-01-03,83.70,No,
904181,207581,2026-01-03,83.46,No,
904182,214460,2026-01-03,99.61,Yes,2026-01-04
904183,201288,2026-01-03,84.33,Yes,2026-01-04
904184,228832,2026-01-03,45.41,No,
904185,240875,2026-01-03,97.63,No,
904186,229197,2026-01-03,37.28,No,
904187,225994,2026-01-03,68.83,Yes,2026-01-03
904188,244077,2026-01-03,141.51,Yes,2026-01-06
904189,236975,2026-01-03,96.50,No,
904190,234864,2026-01-03,151.17,No,
904191,201735,2026-01-03,48.97,No,
904192,233914,2026-01-03,95.89,No,
904193,246530,2026-01-03,94.92,No,
904194,215865,2026-01-03,97.99,No,
904195,236690,2026-01-03,76.15,No,
904196,212046,2026-01-03,78.54,No,
904197,216142,2026-01-03,83.90,No,
904198,247596,2026-01-03,61.83,No,
904199,203629,2026-01-03,80.21,No,
904200,211226,2026-01-03,45.17,No,
904201,200398,2026-01-03,80.20,No,
904202,202179,2026-01-03,96.55,No,
904203,227426,2026-01-03,38.07,No,
904204,227397,2026-01-03,69.42,No,
904205,243139,2026-01-03,73.47,No,
904206,201558,2026-01-03,88.69,No,
904207,204389,2026-01-03,59.91,Yes,2026-01-04
904208,237642,2026-01-03,112.83,No,
904209,247743,2026-01-03,55.63,No,
904210,231228,2026-01-03,94.93,Yes,2026-01-05
904211,215106,2026-01-03,25.75,Yes,2026-01-06
904212,236826,2026-01-03,76.95,No,
904213,203782,2026-01-03,50.43,Yes,2026-01-04
904214,243009,2026-01-03,57.54,No,
904215,233102,2026-01-03,121.13,No,
904216,239922,2026-01-03,57.49,No,
904217,237393,2026-01-03,31.76,No,
904218,227474,2026-01-03,88.04,No,
904219,208489,2026-01-03,100.86,No,
904220,200585,2026-01-03,76.38,No,
904221,209448,2026-01-03,70.62,Yes,2026-01-04
904222,216183,2026-01-03,53.17,No,
904223,206487,2026-01-03,63.93,No,
904224,248040,2026-01-03,97.62,No,
904225,236140,2026-01-03,114.59,No,
904226,230824,2026-01-03,93.04,No,
904227,244974,2026-01-03,98.80,Yes,2026-01-05
904228,201846,2026-01-03,69.68,No,
904229,239876,2026-01-03,38.29,No,
904230,202543,2026-01-03,141.17,No,
904231,242942,2026-01-03,72.20,No,
904232,239790,2026-01-03,108.51,Yes,2026-01-04
904233,239269,2026-01-03,61.04,No,
904234,237842,2026-01-03,83.49,Yes,2026-01-04
904235,234578,2026-01-03,58.11,No,
904236,203011,2026-01-03,49.84,Yes,2026-01-03
904237,222611,2026-01-03,74.95,Yes,2026-01-03
904238,246889,2026-01-03,63.70,No,
904239,241661,2026-01-03,93.16,Yes,2026-01-03
904240,241410,2026-01-03,79.76,No,
904241,217945,2026-01-03,48.76,No,
904242,243029,2026-01-03,69.67,No,
904243,226451,2026-01-03,79.11,No,
904244,225654,2026-01-03,91.10,Yes,2026-01-04
904245,244497,2026-01-03,26.58,No,
904246,205640,2026-01-03,43.33,Yes,2026-01-03
904247,240300,2026-01-03,81.44,No,
904248,244337,2026-01-03,70.70,No,
904249,222959,2026-01-03,80.92,No,
904250,242360,2026-01-03,61.89,Yes,2026-01-06
904251,226111,2026-01-03,84.98,No,
904252,241420,2026-01-03,115.38,No,
904253,246581,2026-01-03,98.87,No,
904254,245018,2026-01-03,86.49,No,
904255,246971,2026-01-03,39.02,No,
904256,232917,2026-01-03,128.72,No,
904257,212020,2026-01-03,102.21,No,
904258,231708,2026-01-03,63.37,No,
904259,206855,2026-01-03,62.35,No,
904260,244887,2026-01-04,70.63,Yes,2026-01-07
904261,209799,2026-01-04,85.85,No,
904262,237991,2026-01-04,69.00,No,
904263,221799,2026-01-04,98.86,No,
904264,234865,2026-01-04,74.87,No,
904265,223040,2026-01-04,112.28,No,
904266,224221,2026-01-04,88.97,No,
904267,203557,2026-01-04,109.22,No,
904268,200691,2026-01-04,95.54,No,
904269,207232,2026-01-04,55.35,Yes,2026-01-04
904270,228689,2026-01-04,99.92,No,
904271,201014,2026-01-04,70.05,No,
904272,215598,2026-01-04,68.97,Yes,2026-01-07
904273,228454,2026-01-04,49.15,No,
904274,208670,2026-01-04,40.78,No,
904275,209645,2026-01-04,70.27,No,
904276,234023,2026-01-04,89.66,No,
904277,231930,2026-01-04,48.24,No,
904278,219463,2026-01-04,67.54,Yes,2026-01-04
904279,209662,2026-01-04,60.31,No,
904280,224877,2026-01-04,80.72,No,
904281,214241,2026-01-04,46.75,No,
904282,233635,2026-01-04,149.34,No,
904283,243505,2026-01-04,64.97,No,
904284,218923,2026-01-04,92.29,No,
904285,202451,2026-01-04,109.03,No,
904286,210096,2026-01-04,90.69,No,
904287,241737,2026-01-04,62.60,Yes,2026-01-05
904288,223783,2026-01-04,114.06,No,
904289,200990,2026-01-04,72.58,Yes,2026-01-06
904290,216027,2026-01-04,87.79,Yes,2026-01-04
904291,211942,2026-01-04,31.07,Yes,2026-01-07
904292,217972,2026-01-04,74.18,No,
904293,242409,2026-01-04,101.88,No,
904294,214637,2026-01-04,86.83,Yes,2026-01-06
904295,207592,2026-01-04,76.37,Yes,2026-01-05
904296,247769,2026-01-04,73.90,No,
904297,222334,2026-01-04,58.77,No,
904298,200069,2026-01-04,51.27,No,
904299,239458,2026-01-04,69.73,No,
904300,244348,2026-01-04,49.18,No,
904301,233207,2026-01-04,50.64,Yes,2026-01-04
904302,218456,2026-01-04,55.89,No,
904303,247058,2026-01-04,88.85,No,
904304,230234,2026-01-04,85.97,No,
904305,245104,2026-01-04,91.58,No,
904306,229909,2026-01-04,114.66,No,
904307,234704,2026-01-04,69.59,No,
904308,202551,2026-01-04,61.33,No,
904309,216040,2026-01-04,57.63,No,
904310,218525,2026-01-04,23.17,No,
904311,230875,2026-01-04,75.04,Yes,2026-01-07
904312,222219,2026-01-04,34.81,No,
904313,200862,2026-01-04,76.52,Yes,2026-01-04
904314,239704,2026-01-04,75.22,No,
904315,236294,2026-01-04,64.31,No,
904316,237576,2026-01-04,64.39,No,
904317,202531,2026-01-04,80.65,Yes,2026-01-07
904318,204875,2026-01-04,38.34,No,
904319,241379,2026-01-04,49.21,Yes,2026-01-05
904320,241209,2026-01-04,74.36,No,
904321,216789,2026-01-04,125.34,No,
904322,238551,2026-01-04,47.93,Yes,2026-01-07
904323,228342,2026-01-04,118.06,No,
904324,201491,2026-01-04,107.30,No,
904325,208042,2026-01-04,74.20,No,
904326,220156,2026-01-04,84.20,Yes,2026-01-05
904327,217345,2026-01-04,50.89,No,
904328,220736,2026-01-04,85.40,No,
904329,233923,2026-01-04,45.84,No,
904330,231304,2026-01-04,66.68,Yes,2026-01-06
904331,247731,2026-01-04,80.16,No,
904332,226642,2026-01-04,105.82,No,
904333,236870,2026-01-04,80.00,No,
904334,234984,2026-01-04,63.21,Yes,2026-01-06
904335,228446,2026-01-04,98.21,No,
904336,205546,2026-01-04,120.77,No,
904337,225967,2026-01-04,78.75,Yes,2026-01-05
904338,239776,2026-01-04,122.71,No,
904339,235542,2026-01-04,90.96,No,
904340,219411,2026-01-04,89.33,No,
904341,224322,2026-01-04,62.33,No,
904342,233898,2026-01-04,62.23,No,
904343,203028,2026-01-04,67.78,No,
904344,221743,2026-01-04,67.50,Yes,2026-01-07
904345,228630,2026-01-04,95.34,No,
904346,201388,2026-01-04,129.27,No,
904347,243731,2026-01-04,116.53,Yes,2026-01-04
904348,228725,2026-01-04,49.36,No,
904349,247312,2026-01-04,118.06,No,
904350,204703,2026-01-04,73.38,No,
904351,228122,2026-01-04,75.05,No,
904352,242254,2026-01-04,66.65,No,
904353,218954,2026-01-04,25.53,Yes,2026-01-04
904354,223779,2026-01-04,145.78,No,
904355,233799,2026-01-04,98.83,No,
904356,218675,2026-01-04,63.56,Yes,2026-01-05
904357,215825,2026-01-04,64.54,No,
904358,237845,2026-01-04,111.94,Yes,2026-01-06
904359,242181,2026-01-04,117.30,No,
904360,216399,2026-01-04,58.44,No,
904361,242500,2026-01-04,39.42,Yes,2026-01-06
904362,237804,2026-01-04,83.48,No,
904363,217991,2026-01-04,75.60,No,
904364,205134,2026-01-04,106.49,No,
904365,211989,2026-01-04,77.81,No,
904366,224963,2026-01-04,86.75,No,
904367,218100,2026-01-04,126.58,No,
904368,211427,2026-01-04,50.19,No,
904369,233025,2026-01-04,49.12,No,
904370,209010,2026-01-04,73.84,Yes,2026-01-04
904371,231240,2026-01-04,82.84,Yes,2026-01-04
904372,222030,2026-01-04,20.00,No,
904373,202287,2026-01-04,82.88,No,
904374,218559,2026-01-04,103.72,Yes,2026-01-06
904375,220848,2026-01-04,82.93,No,
904376,200302,2026-01-04,88.06,Yes,2026-01-04
904377,220356,2026-01-04,87.09,No,
904378,214443,2026-01-04,94.50,No,
904379,205879,2026-01-04,80.34,No,
904380,226608,2026-01-04,64.72,No,
904381,214016,2026-01-04,49.53,No,
904382,213593,2026-01-04,103.22,Yes,2026-01-06
904383,234327,2026-01-04,71.33,No,
904384,234429,2026-01-04,119.06,No,
904385,211287,2026-01-05,113.31,Yes,2026-01-05
904386,248473,2026-01-05,99.69,No,
904387,210640,2026-01-05,76.84,No,
904388,219120,2026-01-05,77.64,No,
904389,242626,2026-01-05,40.46,No,
904390,238640,2026-01-05,56.69,No,
904391,239306,2026-01-05,70.66,No,
904392,231489,2026-01-05,110.67,Yes,2026-01-05
904393,202730,2026-01-05,77.89,No,
904394,223839,2026-01-05,83.14,No,
904395,202483,2026-01-05,81.30,No,
904396,201103,2026-01-05,41.65,Yes,2026-01-06
904397,236683,2026-01-05,20.00,Yes,2026-01-06
904398,208255,2026-01-05,70.30,Yes,2026-01-06
904399,208203,2026-01-05,56.70,No,
904400,237363,2026-01-05,121.70,Yes,2026-01-07
904401,205575,2026-01-05,122.38,No,
904402,227595,2026-01-05,108.46,No,
904403,211213,2026-01-05,75.65,No,
904404,234009,2026-01-05,66.67,Yes,2026-01-05
904405,218219,2026-01-05,72.08,No,
904406,204259,2026-01-05,91.81,No,
904407,246652,2026-01-05,97.63,No,
904408,226833,2026-01-05,66.62,No,
904409,243721,2026-01-05,100.40,No,
904410,232671,2026-01-05,27.91,No,
904411,234516,2026-01-05,73.24,No,
904412,228370,2026-01-05,22.14,No,
904413,217183,2026-01-05,65.65,No,
904414,201459,2026-01-05,56.83,Yes,2026-01-05
904415,204498,2026-01-05,91.34,No,
904416,241761,2026-01-05,107.10,Yes,2026-01-08
904417,230394,2026-01-05,102.04,No,
904418,204497,2026-01-05,38.62,No,
904419,244241,2026-01-05,95.10,No,
904420,209127,2026-01-05,80.47,No,
904421,218400,2026-01-05,92.42,Yes,2026-01-06
904422,215958,2026-01-05,74.85,Yes,2026-01-05
904423,212015,2026-01-05,70.09,No,
904424,218246,2026-01-05,89.05,Yes,2026-01-05
904425,207914,2026-01-05,71.57,No,
904426,209671,2026-01-05,87.35,No,
904427,235290,2026-01-05,66.68,No,
904428,211030,2026-01-05,57.91,No,
904429,243433,2026-01-05,64.60,Yes,2026-01-08
904430,210143,2026-01-05,109.79,Yes,2026-01-06
904431,206372,2026-01-05,95.59,No,
904432,232533,2026-01-05,107.81,Yes,2026-01-05
904433,212045,2026-01-05,58.21,Yes,2026-01-07
904434,215262,2026-01-05,98.00,No,
904435,204613,2026-01-05,61.94,No,
904436,230436,2026-01-05,113.09,No,
904437,239279,2026-01-05,62.58,Yes,2026-01-07
904438,201580,2026-01-05,65.27,No,
904439,246133,2026-01-05,54.14,No,
904440,246285,2026-01-05,53.98,Yes,2026-01-08
904441,220998,2026-01-05,86.99,No,
904442,217500,2026-01-05,59.29,No,
904443,207825,2026-01-05,100.03,No,
904444,214919,2026-01-05,118.95,Yes,2026-01-06
904445,242370,2026-01-05,108.62,No,
904446,200300,2026-01-05,46.84,Yes,2026-01-05
904447,221196,2026-01-05,73.38,No,
904448,204441,2026-01-05,101.60,No,
904449,241478,2026-01-05,72.45,No,
904450,203217,2026-01-05,55.98,No,
904451,245555,2026-01-05,84.37,No,
904452,207146,2026-01-05,77.75,Yes,2026-01-07
904453,235365,2026-01-05,72.14,No,
904454,231696,2026-01-05,91.16,Yes,2026-01-06
904455,213184,2026-01-05,103.00,No,
904456,228322,2026-01-05,131.47,Yes,2026-01-08
904457,222574,2026-01-05,57.71,No,
904458,223244,2026-01-05,103.24,No,
904459,223810,2026-01-05,70.24,No,
904460,224429,2026-01-05,53.85,No,
904461,218785,2026-01-05,60.56,No,
904462,231886,2026-01-05,66.37,No,
904463,226336,2026-01-05,78.55,No,
904464,214393,2026-01-05,79.19,No,
904465,245706,2026-01-05,90.46,No,
904466,206153,2026-01-05,86.61,No,
904467,215378,2026-01-05,60.94,No,
904468,231561,2026-01-05,87.86,No,
904469,219523,2026-01-05,69.50,Yes,2026-01-07
904470,231208,2026-01-05,54.51,No,
904471,248386,2026-01-05,20.00,No,
904472,207234,2026-01-05,121.69,Yes,2026-01-05
904473,229474,2026-01-05,79.68,No,
904474,215737,2026-01-05,82.43,No,
904475,236719,2026-01-05,71.30,No,
904476,211251,2026-01-05,85.39,No,
904477,242401,2026-01-05,65.85,No,
904478,245794,2026-01-05,59.94,No,
904479,241810,2026-01-05,94.54,No,
904480,227491,2026-01-05,76.85,No,
904481,229211,2026-01-05,50.52,Yes,2026-01-07
904482,228249,2026-01-05,107.26,No,
904483,245398,2026-01-05,97.79,No,
904484,212232,2026-01-05,97.37,No,
904485,226714,2026-01-05,92.03,No,
904486,234273,2026-01-05,78.19,Yes,2026-01-07
904487,201133,2026-01-05,48.79,No,
904488,211310,2026-01-05,92.57,Yes,2026-01-08
904489,221909,2026-01-05,106.23,No,
904490,217656,2026-01-05,49.24,No,
904491,240291,2026-01-05,89.49,No,
904492,217567,2026-01-05,74.34,Yes,2026-01-05
904493,209628,2026-01-05,88.22,No,
904494,245455,2026-01-05,92.23,No,
904495,231800,2026-01-05,74.14,No,
904496,245808,2026-01-05,60.92,No,
904497,224508,2026-01-05,56.64,Yes,2026-01-06
904498,201740,2026-01-05,103.97,Yes,2026-01-06
904499,233869,2026-01-05,94.94,No,
904500,218136,2026-01-05,61.14,Yes,2026-01-05
904501,216302,2026-01-05,74.01,No,
904502,201142,2026-01-05,52.37,Yes,2026-01-05
904503,238828,2026-01-05,68.80,No,
904504,214694,2026-01-05,61.79,No,
904505,241208,2026-01-05,96.00,No,
904506,223743,2026-01-06,84.49,No,
904507,208454,2026-01-06,94.38,No,
904508,231763,2026-01-06,97.50,Yes,2026-01-09
904509,200451,2026-01-06,61.95,No,
904510,248122,2026-01-06,97.59,No,
904511,212141,2026-01-06,66.00,Yes,2026-01-07
904512,220082,2026-01-06,86.43,No,
904513,214748,2026-01-06,65.58,No,
904514,221605,2026-01-06,67.20,No,
904515,205716,2026-01-06,71.10,No,
904516,205682,2026-01-06,96.73,No,
904517,224998,2026-01-06,86.81,Yes,2026-01-06
904518,219682,2026-01-06,75.76,No,
904519,203176,2026-01-06,60.01,No,
904520,238750,2026-01-06,87.92,Yes,2026-01-07
904521,234578,2026-01-06,80.47,No,
904522,200968,2026-01-06,66.40,No,
904523,226855,2026-01-06,40.70,No,
904524,236545,2026-01-06,90.91,No,
904525,240396,2026-01-06,133.00,No,
904526,226866,2026-01-06,68.85,No,
904527,213398,2026-01-06,34.12,Yes,2026-01-08
904528,247355,2026-01-06,107.74,No,
904529,216350,2026-01-06,63.54,No,
904530,215093,2026-01-06,46.58,No,
904531,205901,2026-01-06,103.91,Yes,2026-01-07
904532,248053,2026-01-06,69.48,Yes,2026-01-09
904533,243920,2026-01-06,79.26,No,
904534,241672,2026-01-06,81.81,No,
904535,239112,2026-01-06,92.61,No,
904536,234465,2026-01-06,39.21,Yes,2026-01-07
904537,210278,2026-01-06,61.07,No,
904538,242715,2026-01-06,72.75,No,
904539,247409,2026-01-06,44.44,No,
904540,212363,2026-01-06,81.58,No,
904541,216708,2026-01-06,21.64,Yes,2026-01-07
904542,244841,2026-01-06,76.43,No,
904543,201553,2026-01-06,39.34,No,
904544,229261,2026-01-06,69.64,No,
904545,231982,2026-01-06,85.05,Yes,2026-01-07
904546,232015,2026-01-06,139.72,Yes,2026-01-06
904547,227786,2026-01-06,55.19,No,
904548,244002,2026-01-06,78.43,No,
904549,231184,2026-01-06,82.85,No,
904550,209313,2026-01-06,59.55,No,
904551,202625,2026-01-06,135.15,No,
904552,241638,2026-01-06,56.98,No,
904553,236008,2026-01-06,80.39,No,
904554,215421,2026-01-06,75.18,No,
904555,206982,2026-01-06,32.30,Yes,2026-01-07
904556,213649,2026-01-06,111.96,No,
904557,220285,2026-01-06,92.12,No,
904558,215273,2026-01-06,99.44,No,
904559,245085,2026-01-06,83.04,No,
904560,217503,2026-01-06,120.26,No,
904561,230340,2026-01-06,58.50,No,
904562,237585,2026-01-06,126.36,No,
904563,221824,2026-01-06,113.24,Yes,2026-01-08
904564,205181,2026-01-06,108.09,No,
904565,207818,2026-01-06,86.75,No,
904566,209114,2026-01-06,82.93,No,
904567,217217,2026-01-06,87.33,No,
904568,237900,2026-01-06,59.36,No,
904569,219766,2026-01-06,43.24,Yes,2026-01-07
904570,223664,2026-01-06,101.03,Yes,2026-01-06
904571,224672,2026-01-06,56.39,No,
904572,208095,2026-01-06,75.89,No,
904573,241236,2026-01-06,80.56,No,
904574,221036,2026-01-06,61.70,No,
904575,238942,2026-01-06,39.09,No,
904576,245235,2026-01-06,82.70,No,
904577,230775,2026-01-06,88.88,No,
904578,203884,2026-01-06,53.45,No,
904579,230551,2026-01-06,61.23,No,
904580,212136,2026-01-06,48.42,No,
904581,240857,2026-01-06,92.92,Yes,2026-01-09
904582,215108,2026-01-06,105.09,No,
904583,205896,2026-01-06,96.91,No,
904584,233070,2026-01-06,85.61,No,
904585,225741,2026-01-06,84.27,No,
904586,246900,2026-01-06,55.47,No,
904587,204500,2026-01-06,68.13,No,
904588,233932,2026-01-06,68.23,No,
904589,220817,2026-01-06,78.78,No,
904590,213965,2026-01-06,46.20,No,
904591,248196,2026-01-06,74.82,No,
904592,214956,2026-01-06,20.00,No,
904593,230608,2026-01-06,54.95,No,
904594,207054,2026-01-06,91.24,No,
904595,235368,2026-01-06,86.95,No,
904596,242570,2026-01-06,67.83,No,
904597,228695,2026-01-06,82.47,No,
904598,246072,2026-01-06,74.60,No,
904599,232220,2026-01-06,82.11,Yes,2026-01-08
904600,232230,2026-01-06,117.01,No,
904601,241429,2026-01-06,99.45,No,
904602,219376,2026-01-06,92.08,Yes,2026-01-09
904603,221810,2026-01-06,42.72,Yes,2026-01-06
904604,210447,2026-01-06,130.92,No,
904605,241996,2026-01-06,70.89,No,
904606,235946,2026-01-06,80.18,No,
904607,235948,2026-01-06,79.49,Yes,2026-01-08
904608,231949,2026-01-06,74.41,Yes,2026-01-06
904609,228752,2026-01-06,103.52,No,
904610,203808,2026-01-06,68.86,No,
904611,223238,2026-01-06,55.36,No,
904612,243718,2026-01-06,69.62,No,
904613,215834,2026-01-06,130.29,No,
904614,232637,2026-01-06,97.07,No,
904615,235338,2026-01-06,82.74,No,
904616,211525,2026-01-06,61.63,No,
904617,242903,2026-01-06,72.60,No,
904618,221462,2026-01-06,69.82,No,
904619,207460,2026-01-06,92.83,No,
904620,238167,2026-01-06,54.36,No,
904621,233450,2026-01-06,87.38,No,
904622,235006,2026-01-06,91.99,No,
904623,247996,2026-01-06,41.16,No,
904624,234882,2026-01-06,97.35,No,
904625,240046,2026-01-06,65.83,No,
904626,230527,2026-01-06,76.92,Yes,2026-01-06
904627,247824,2026-01-06,84.97,No,
904628,240468,2026-01-06,67.18,No,
904629,212977,2026-01-06,97.83,No,
904630,233950,2026-01-06,71.68,No,
904631,225137,2026-01-06,86.59,Yes,2026-01-09
904632,231215,2026-01-06,60.67,No,
904633,216126,2026-01-06,99.89,Yes,2026-01-09
904634,242515,2026-01-06,85.30,Yes,2026-01-08
904635,204236,2026-01-07,87.08,Yes,2026-01-09
904636,207634,2026-01-07,77.30,No,
904637,231518,2026-01-07,69.38,Yes,2026-01-07
904638,232111,2026-01-07,60.68,No,
904639,245763,2026-01-07,89.24,No,
904640,218889,2026-01-07,125.09,No,
904641,235198,2026-01-07,43.67,No,
904642,210532,2026-01-07,87.60,No,
904643,248056,2026-01-07,94.53,No,
904644,209965,2026-01-07,113.67,No,
904645,227272,2026-01-07,82.60,No,
904646,239204,2026-01-07,70.55,Yes,2026-01-08
904647,218170,2026-01-07,80.86,No,
904648,219082,2026-01-07,103.38,Yes,2026-01-09
904649,227633,2026-01-07,88.47,No,
904650,245099,2026-01-07,62.67,No,
904651,239567,2026-01-07,84.00,No,
904652,204110,2026-01-07,102.40,No,
904653,242718,2026-01-07,121.76,No,
904654,213895,2026-01-07,79.74,No,
904655,215474,2026-01-07,103.59,No,
904656,209260,2026-01-07,66.39,No,
904657,210149,2026-01-07,92.36,Yes,2026-01-10
904658,219535,2026-01-07,151.15,No,
904659,209728,2026-01-07,66.73,No,
904660,212551,2026-01-07,24.94,Yes,2026-01-09
904661,218441,2026-01-07,78.77,No,
904662,242299,2026-01-07,78.26,No,
904663,232323,2026-01-07,112.85,No,
904664,208283,2026-01-07,68.70,No,
904665,238909,2026-01-07,68.09,No,
904666,228754,2026-01-07,79.57,No,
904667,237522,2026-01-07,102.07,No,
904668,241870,2026-01-07,63.21,No,
904669,240540,2026-01-07,93.93,No,
904670,219624,2026-01-07,46.14,No,
904671,207275,2026-01-07,119.94,No,
904672,228358,2026-01-07,106.04,No,
904673,232364,2026-01-07,104.69,No,
904674,217598,2026-01-07,95.56,No,
904675,202487,2026-01-07,118.07,Yes,2026-01-07
904676,235726,2026-01-07,42.51,No,
904677,223694,2026-01-07,86.53,Yes,2026-01-09
904678,211327,2026-01-07,110.04,No,
904679,232767,2026-01-07,113.48,No,
904680,201312,2026-01-07,76.41,No,
904681,220554,2026-01-07,110.20,No,
904682,247638,2026-01-07,132.15,No,
904683,205820,2026-01-07,101.35,No,
904684,216872,2026-01-07,65.61,No,
904685,224041,2026-01-07,33.38,No,
904686,221426,2026-01-07,69.46,Yes,2026-01-10
904687,207880,2026-01-07,20.80,No,
904688,243460,2026-01-07,86.43,Yes,2026-01-08
904689,212510,2026-01-07,81.51,No,
904690,222675,2026-01-07,49.08,No,
904691,214904,2026-01-07,78.54,Yes,2026-01-08
904692,227183,2026-01-07,95.96,Yes,2026-01-09
904693,209936,2026-01-07,95.80,Yes,2026-01-07
904694,237652,2026-01-07,82.59,No,
904695,225104,2026-01-07,109.95,No,
904696,210952,2026-01-07,98.39,No,
904697,225005,2026-01-07,57.02,Yes,2026-01-07
904698,205061,2026-01-07,89.75,No,
904699,226169,2026-01-07,88.40,No,
904700,235285,2026-01-07,105.58,No,
904701,213429,2026-01-07,59.78,Yes,2026-01-07
904702,204629,2026-01-07,63.14,No,
904703,206541,2026-01-07,79.97,No,
904704,245303,2026-01-07,58.87,No,
904705,208239,2026-01-07,77.97,Yes,2026-01-08
904706,206850,2026-01-07,55.87,No,
904707,223632,2026-01-07,53.74,No,
904708,203163,2026-01-07,70.71,Yes,2026-01-09
904709,206346,2026-01-07,72.68,No,
904710,241321,2026-01-07,117.49,No,
904711,232611,2026-01-07,108.83,No,
904712,200891,2026-01-07,83.32,No,
904713,240482,2026-01-07,66.99,No,
904714,246361,2026-01-07,86.13,No,
904715,201608,2026-01-07,56.68,No,
904716,239088,2026-01-07,87.81,No,
904717,223245,2026-01-07,63.68,No,
904718,209959,2026-01-07,112.60,No,
904719,206694,2026-01-07,103.92,No,
904720,206405,2026-01-07,112.05,Yes,2026-01-07
904721,238556,2026-01-07,57.97,Yes,2026-01-10
904722,245857,2026-01-07,46.12,No,
904723,208675,2026-01-07,53.43,No,
904724,223460,2026-01-07,55.45,No,
904725,222844,2026-01-07,58.23,No,
904726,242116,2026-01-07,56.19,Yes,2026-01-07
904727,239171,2026-01-07,64.86,No,
904728,229194,2026-01-07,86.14,Yes,2026-01-07
904729,218045,2026-01-07,98.95,No,
904730,237994,2026-01-07,90.04,Yes,2026-01-07
904731,212318,2026-01-07,90.60,Yes,2026-01-09
904732,238218,2026-01-07,117.86,No,
904733,245538,2026-01-07,77.76,No,
904734,213785,2026-01-07,97.76,No,
904735,233733,2026-01-07,86.40,Yes,2026-01-08
904736,221419,2026-01-07,93.38,No,
904737,221662,2026-01-07,46.49,Yes,2026-01-08
904738,222607,2026-01-07,84.94,No,
904739,211003,2026-01-07,88.44,No,
904740,229389,2026-01-07,112.29,No,
904741,209052,2026-01-07,87.29,Yes,2026-01-10
904742,213791,2026-01-07,92.23,No,
904743,236711,2026-01-07,22.04,No,
904744,238841,2026-01-07,108.60,Yes,2026-01-07
904745,202479,2026-01-07,89.06,No,
904746,248084,2026-01-07,118.32,No,
904747,201707,2026-01-07,79.31,No,
904748,244491,2026-01-07,63.66,No,
904749,208613,2026-01-07,107.62,No,
904750,212553,2026-01-07,59.95,No,
904751,219174,2026-01-07,75.46,Yes,2026-01-10
904752,244739,2026-01-07,101.61,No,
904753,247695,2026-01-07,127.29,No,
904754,223446,2026-01-07,75.82,No,
904755,236951,2026-01-08,75.47,Yes,2026-01-08
904756,202834,2026-01-08,74.74,Yes,2026-01-08
904757,234153,2026-01-08,84.44,No,
904758,239407,2026-01-08,111.48,No,
904759,233577,2026-01-08,77.46,Yes,2026-01-08
904760,248397,2026-01-08,88.78,No,
904761,230581,2026-01-08,57.63,No,
904762,223566,2026-01-08,136.89,No,
904763,216637,2026-01-08,92.92,Yes,2026-01-10
904764,226157,2026-01-08,60.27,Yes,2026-01-10
904765,226929,2026-01-08,88.71,No,
904766,248100,2026-01-08,70.46,No,
904767,226248,2026-01-08,92.94,No,
904768,219732,2026-01-08,72.87,No,
904769,219425,2026-01-08,99.45,No,
904770,204207,2026-01-08,75.00,No,
904771,209041,2026-01-08,109.19,Yes,2026-01-09
904772,214376,2026-01-08,98.98,No,
904773,231077,2026-01-08,85.57,No,
904774,202555,2026-01-08,83.78,Yes,2026-01-11
904775,233695,2026-01-08,80.42,No,
904776,217514,2026-01-08,39.94,No,
904777,220631,2026-01-08,77.36,No,
904778,214223,2026-01-08,72.08,No,
904779,214137,2026-01-08,71.79,No,
904780,219556,2026-01-08,84.50,No,
904781,215880,2026-01-08,101.09,No,
904782,234679,2026-01-08,87.87,No,
904783,246266,2026-01-08,57.47,Yes,2026-01-08
904784,221806,2026-01-08,93.77,No,
904785,237139,2026-01-08,128.27,Yes,2026-01-08
904786,227748,2026-01-08,87.83,No,
904787,204246,2026-01-08,54.75,Yes,2026-01-09
904788,245534,2026-01-08,33.61,Yes,2026-01-08
904789,212164,2026-01-08,72.61,No,
904790,227800,2026-01-08,75.74,No,
904791,239479,2026-01-08,83.97,No,
904792,226349,2026-01-08,102.51,No,
904793,215337,2026-01-08,56.09,No,
904794,211788,2026-01-08,54.12,No,
904795,238986,2026-01-08,51.66,Yes,2026-01-09
904796,244703,2026-01-08,114.21,No,
904797,224672,2026-01-08,81.18,Yes,2026-01-11
904798,214092,2026-01-08,67.55,Yes,2026-01-11
904799,203158,2026-01-08,74.28,No,
904800,244170,2026-01-08,117.01,No,
904801,213552,2026-01-08,96.27,Yes,2026-01-09
904802,223096,2026-01-08,85.45,No,
904803,201949,2026-01-08,56.03,No,
904804,230339,2026-01-08,111.20,No,
904805,200641,2026-01-08,82.86,No,
904806,236543,2026-01-08,86.59,No,
904807,232797,2026-01-08,119.05,No,
904808,215056,2026-01-08,110.11,No,
904809,227899,2026-01-08,98.66,No,
904810,219980,2026-01-08,61.40,No,
904811,212763,2026-01-08,107.99,No,
904812,217496,2026-01-08,73.78,Yes,2026-01-10
904813,203684,2026-01-08,113.75,No,
904814,229789,2026-01-08,49.16,Yes,2026-01-08
904815,206736,2026-01-08,91.91,No,
904816,209027,2026-01-08,105.34,No,
904817,238298,2026-01-08,97.50,Yes,2026-01-11
904818,241184,2026-01-08,90.66,No,
904819,213460,2026-01-08,32.07,Yes,2026-01-11
904820,203176,2026-01-08,74.33,No,
904821,202482,2026-01-08,96.12,No,
904822,211841,2026-01-08,90.18,No,
904823,238724,2026-01-08,90.21,No,
904824,217778,2026-01-08,71.36,No,
904825,230902,2026-01-08,104.83,No,
904826,203410,2026-01-08,88.35,No,
904827,220900,2026-01-08,70.62,No,
904828,214679,2026-01-08,120.25,Yes,2026-01-08
904829,245773,2026-01-08,78.49,No,
904830,246297,2026-01-08,75.97,Yes,2026-01-08
904831,210639,2026-01-08,56.29,No,
904832,210186,2026-01-08,67.63,No,
904833,243798,2026-01-08,78.63,Yes,2026-01-11
904834,230883,2026-01-08,27.90,Yes,2026-01-09
904835,204094,2026-01-08,94.71,No,
904836,235636,2026-01-08,59.60,No,
904837,225469,2026-01-08,80.68,No,
904838,242317,2026-01-08,57.87,No,
904839,228939,2026-01-08,121.04,No,
904840,219513,2026-01-08,79.99,No,
904841,203159,2026-01-08,82.41,No,
904842,203093,2026-01-08,73.05,No,
904843,208118,2026-01-08,83.43,No,
904844,228259,2026-01-08,78.67,No,
904845,204195,2026-01-08,86.35,No,
904846,248036,2026-01-08,110.18,No,
904847,246856,2026-01-08,55.74,No,
904848,208798,2026-01-08,74.86,Yes,2026-01-10
904849,229777,2026-01-08,93.94,Yes,2026-01-08
904850,215293,2026-01-08,81.13,Yes,2026-01-11
904851,207084,2026-01-08,55.07,No,
904852,242227,2026-01-08,121.03,No,
904853,204599,2026-01-08,58.85,No,
904854,238760,2026-01-08,104.14,No,
904855,242096,2026-01-08,76.54,No,
904856,214056,2026-01-08,105.16,Yes,2026-01-08
904857,231419,2026-01-08,77.32,No,
904858,218072,2026-01-08,87.29,Yes,2026-01-09
904859,207137,2026-01-08,67.19,No,
904860,246067,2026-01-08,78.90,No,
904861,235551,2026-01-08,33.40,No,
904862,222459,2026-01-08,94.52,No,
904863,240306,2026-01-08,57.23,No,
904864,210936,2026-01-08,51.86,No,
904865,201364,2026-01-08,70.84,No,
904866,237957,2026-01-08,103.64,Yes,2026-01-11
904867,217149,2026-01-08,55.50,No,
904868,243078,2026-01-08,68.86,No,
904869,209289,2026-01-08,20.00,No,
904870,214238,2026-01-08,80.16,No,
904871,236354,2026-01-08,88.52,No,
904872,209164,2026-01-08,69.36,No,
904873,243923,2026-01-08,75.28,No,
904874,209156,2026-01-08,50.63,No,
904875,244878,2026-01-08,36.12,No,
904876,202597,2026-01-08,94.98,No,
904877,235536,2026-01-08,75.19,No,
904878,221338,2026-01-08,34.14,No,
904879,206438,2026-01-08,71.80,Yes,2026-01-09
904880,234010,2026-01-08,89.43,Yes,2026-01-10
904881,239591,2026-01-09,120.51,No,
904882,245260,2026-01-09,57.29,No,
904883,236800,2026-01-09,74.88,No,
904884,209084,2026-01-09,43.72,No,
904885,246378,2026-01-09,102.18,No,
904886,237379,2026-01-09,44.81,No,
904887,202980,2026-01-09,106.40,No,
904888,214130,2026-01-09,93.43,No,
904889,221405,2026-01-09,39.59,No,
904890,218962,2026-01-09,86.40,No,
904891,200271,2026-01-09,93.13,No,
904892,214575,2026-01-09,108.37,No,
904893,203459,2026-01-09,92.69,No,
904894,241638,2026-01-09,68.17,No,
904895,225888,2026-01-09,123.41,No,
904896,216819,2026-01-09,110.03,No,
904897,205073,2026-01-09,91.53,No,
904898,220805,2026-01-09,83.31,No,
904899,226832,2026-01-09,61.52,No,
904900,213204,2026-01-09,111.64,Yes,2026-01-09
904901,200505,2026-01-09,97.37,No,
904902,226032,2026-01-09,50.62,No,
904903,207878,2026-01-09,101.27,No,
904904,217678,2026-01-09,82.62,Yes,2026-01-09
904905,241983,2026-01-09,34.09,Yes,2026-01-09
904906,220738,2026-01-09,80.06,No,
904907,203720,2026-01-09,110.44,No,
904908,228483,2026-01-09,50.79,No,
904909,238128,2026-01-09,89.65,Yes,2026-01-10
904910,223658,2026-01-09,104.36,No,
904911,212295,2026-01-09,78.26,No,
904912,237058,2026-01-09,70.73,No,
904913,241407,2026-01-09,125.76,No,
904914,240720,2026-01-09,63.66,No,
904915,234061,2026-01-09,81.69,No,
904916,247459,2026-01-09,90.35,No,
904917,227243,2026-01-09,101.39,No,
904918,210665,2026-01-09,112.07,No,
904919,224735,2026-01-09,108.20,No,
904920,240551,2026-01-09,62.62,No,
904921,236718,2026-01-09,76.62,No,
904922,235082,2026-01-09,37.24,No,
904923,213817,2026-01-09,114.47,No,
904924,209653,2026-01-09,108.78,No,
904925,234278,2026-01-09,103.84,No,
904926,238305,2026-01-09,98.54,Yes,2026-01-09
904927,228203,2026-01-09,96.79,No,
904928,201840,2026-01-09,80.85,No,
904929,217259,2026-01-09,127.43,No,
904930,247770,2026-01-09,78.76,No,
904931,238866,2026-01-09,73.42,No,
904932,219405,2026-01-09,79.92,No,
904933,227505,2026-01-09,96.95,No,
904934,220004,2026-01-09,90.00,Yes,2026-01-10
904935,211301,2026-01-09,106.00,No,
904936,202215,2026-01-09,106.71,No,
904937,203000,2026-01-09,20.00,Yes,2026-01-09
904938,200835,2026-01-09,65.14,No,
904939,232896,2026-01-09,94.30,Yes,2026-01-10
904940,231699,2026-01-09,58.71,Yes,2026-01-10
904941,233204,2026-01-09,101.77,No,
904942,224621,2026-01-09,40.76,Yes,2026-01-10
904943,214316,2026-01-09,60.51,No,
904944,247774,2026-01-09,51.20,No,
904945,229646,2026-01-09,105.07,No,
904946,222905,2026-01-09,38.80,No,
904947,201008,2026-01-09,70.41,No,
904948,229649,2026-01-09,86.74,No,
904949,200449,2026-01-09,119.66,No,
904950,202786,2026-01-09,66.15,No,
904951,215918,2026-01-09,82.70,No,
904952,225493,2026-01-09,88.93,No,
904953,240727,2026-01-09,92.18,Yes,2026-01-12
904954,200590,2026-01-09,74.54,No,
904955,215260,2026-01-09,101.22,Yes,2026-01-11
904956,216058,2026-01-09,77.89,No,
904957,232740,2026-01-09,97.44,No,
904958,242379,2026-01-09,47.06,No,
904959,208594,2026-01-09,117.43,No,
904960,248254,2026-01-09,89.05,Yes,2026-01-09
904961,215180,2026-01-09,56.26,Yes,2026-01-11
904962,241116,2026-01-09,121.00,Yes,2026-01-09
904963,248145,2026-01-09,74.50,Yes,2026-01-10
904964,228254,2026-01-09,45.66,No,
904965,229858,2026-01-09,71.41,Yes,2026-01-09
904966,244468,2026-01-09,73.35,No,
904967,217728,2026-01-09,131.57,No,
904968,212329,2026-01-09,33.26,Yes,2026-01-11
904969,222323,2026-01-09,59.05,No,
904970,241496,2026-01-09,54.99,Yes,2026-01-09
904971,226197,2026-01-09,71.43,No,
904972,218612,2026-01-09,64.32,No,
904973,215002,2026-01-09,98.83,No,
904974,222791,2026-01-09,78.29,No,
904975,204916,2026-01-09,113.91,No,
904976,226171,2026-01-09,133.77,No,
904977,204547,2026-01-09,54.37,No,
904978,221454,2026-01-09,56.18,Yes,2026-01-11
904979,200550,2026-01-09,61.49,No,
904980,218821,2026-01-09,83.66,No,
904981,247066,2026-01-09,109.13,No,
904982,242078,2026-01-09,45.31,No,
904983,224269,2026-01-09,75.55,No,
904984,234350,2026-01-09,79.65,No,
904985,226824,2026-01-09,91.14,No,
904986,218048,2026-01-09,87.87,No,
904987,234770,2026-01-09,78.55,No,
904988,205461,2026-01-09,73.00,No,
904989,232073,2026-01-09,59.86,No,
904990,241699,2026-01-09,99.18,Yes,2026-01-11
904991,228830,2026-01-09,94.27,No,
904992,241274,2026-01-09,76.79,No,
904993,242474,2026-01-09,120.29,No,
904994,208100,2026-01-09,76.68,No,
904995,218837,2026-01-09,99.83,Yes,2026-01-10
904996,245284,2026-01-09,59.41,Yes,2026-01-12
904997,221073,2026-01-09,79.71,No,
904998,242423,2026-01-09,78.82,Yes,2026-01-10
904999,241774,2026-01-09,97.43,No,
905000,223915,2026-01-09,50.76,No,
905001,217915,2026-01-09,78.42,No,
905002,203350,2026-01-09,46.45,Yes,2026-01-10
905003,236904,2026-01-09,76.18,No,
905004,212643,2026-01-09,70.51,No,
905005,223194,2026-01-09,30.50,No,
905006,216885,2026-01-09,140.30,Yes,2026-01-09
905007,223392,2026-01-09,89.71,No,
905008,206779,2026-01-09,116.90,No,
905009,213975,2026-01-09,84.65,No,
905010,240146,2026-01-09,93.73,No,
905011,242960,2026-01-09,60.10,No,
905012,212129,2026-01-09,74.06,No,
905013,221201,2026-01-09,65.02,Yes,2026-01-11
905014,215333,2026-01-09,58.57,Yes,2026-01-09
905015,232711,2026-01-09,65.67,No,
905016,237909,2026-01-10,76.20,No,
905017,240608,2026-01-10,94.32,No,
905018,217125,2026-01-10,97.64,No,
905019,215808,2026-01-10,63.96,Yes,2026-01-12
905020,214673,2026-01-10,84.29,No,
905021,217875,2026-01-10,117.94,No,
905022,202398,2026-01-10,96.86,No,
905023,205586,2026-01-10,55.90,No,
905024,233863,2026-01-10,64.12,No,
905025,209779,2026-01-10,81.69,No,
905026,230974,2026-01-10,122.05,No,
905027,237850,2026-01-10,169.07,No,
905028,247037,2026-01-10,99.08,No,
905029,224956,2026-01-10,95.06,No,
905030,202262,2026-01-10,93.43,Yes,2026-01-11
905031,213377,2026-01-10,82.67,No,
905032,202089,2026-01-10,99.93,No,
905033,213178,2026-01-10,81.55,Yes,2026-01-10
905034,226919,2026-01-10,44.63,No,
905035,228582,2026-01-10,52.55,No,
905036,212840,2026-01-10,52.68,No,
905037,234438,2026-01-10,83.16,No,
905038,238136,2026-01-10,77.27,Yes,2026-01-11
905039,209959,2026-01-10,87.69,No,
905040,200266,2026-01-10,63.84,No,
905041,225299,2026-01-10,92.94,No,
905042,248154,2026-01-10,100.11,Yes,2026-01-13
905043,220815,2026-01-10,53.50,No,
905044,234980,2026-01-10,133.26,No,
905045,229539,2026-01-10,66.60,No,
905046,230802,2026-01-10,72.12,No,
905047,219390,2026-01-10,75.28,No,
905048,206199,2026-01-10,74.31,No,
905049,221248,2026-01-10,46.58,No,
905050,218364,2026-01-10,45.24,No,
905051,211124,2026-01-10,57.17,No,
905052,242117,2026-01-10,47.28,Yes,2026-01-12
905053,235281,2026-01-10,95.96,No,
905054,213141,2026-01-10,99.04,No,
905055,206475,2026-01-10,54.15,No,
905056,220655,2026-01-10,69.25,No,
905057,237099,2026-01-10,75.43,No,
905058,238279,2026-01-10,69.95,Yes,2026-01-13
905059,209103,2026-01-10,97.92,Yes,2026-01-12
905060,205509,2026-01-10,84.75,No,
905061,218990,2026-01-10,43.68,No,
905062,238618,2026-01-10,20.00,Yes,2026-01-11
905063,227494,2026-01-10,65.67,Yes,2026-01-12
905064,215787,2026-01-10,77.14,No,
905065,204983,2026-01-10,82.61,No,
905066,209361,2026-01-10,59.11,No,
905067,244483,2026-01-10,100.97,No,
905068,240912,2026-01-10,60.17,No,
905069,218001,2026-01-10,92.65,No,
905070,242661,2026-01-10,78.86,No,
905071,222479,2026-01-10,115.28,No,
905072,211568,2026-01-10,98.11,No,
905073,242837,2026-01-10,68.31,No,
905074,202450,2026-01-10,49.12,No,
905075,228785,2026-01-10,22.49,No,
905076,202780,2026-01-10,51.97,No,
905077,215185,2026-01-10,99.73,No,
905078,201702,2026-01-10,67.63,No,
905079,236858,2026-01-10,35.08,No,
905080,248263,2026-01-10,79.95,No,
905081,231883,2026-01-10,35.25,Yes,2026-01-12
905082,210593,2026-01-10,99.69,No,
905083,200983,2026-01-10,86.51,No,
905084,204046,2026-01-10,52.35,No,
905085,236144,2026-01-10,42.24,No,
905086,218027,2026-01-10,88.71,No,
905087,242211,2026-01-10,60.15,No,
905088,228709,2026-01-10,83.16,No,
905089,219527,2026-01-10,109.41,No,
905090,228831,2026-01-10,93.25,Yes,2026-01-11
905091,219765,2026-01-10,108.72,No,
905092,245597,2026-01-10,53.82,Yes,2026-01-10
905093,243376,2026-01-10,139.18,No,
905094,204389,2026-01-10,110.92,Yes,2026-01-11
905095,238246,2026-01-10,91.65,No,
905096,204282,2026-01-10,75.96,No,
905097,233336,2026-01-10,91.06,No,
905098,224954,2026-01-10,98.05,No,
905099,234302,2026-01-10,104.14,No,
905100,245511,2026-01-10,118.44,Yes,2026-01-10
905101,246752,2026-01-10,20.00,No,
905102,240319,2026-01-10,66.18,Yes,2026-01-11
905103,216554,2026-01-10,59.61,No,
905104,232278,2026-01-10,66.01,No,
905105,240170,2026-01-10,89.79,Yes,2026-01-12
905106,212053,2026-01-10,83.43,No,
905107,204118,2026-01-10,109.09,No,
905108,210909,2026-01-10,47.93,No,
905109,235631,2026-01-10,101.21,No,
905110,247972,2026-01-10,20.00,No,
905111,216169,2026-01-10,89.50,No,
905112,206631,2026-01-10,74.34,No,
905113,244149,2026-01-10,71.29,No,
905114,200777,2026-01-10,74.41,No,
905115,205966,2026-01-10,110.74,Yes,2026-01-13
905116,237465,2026-01-10,90.71,No,
905117,221622,2026-01-10,87.60,No,
905118,205697,2026-01-10,89.35,No,
905119,222089,2026-01-10,90.29,No,
905120,248200,2026-01-10,97.02,No,
905121,235758,2026-01-10,59.78,No,
905122,212114,2026-01-10,101.95,No,
905123,245523,2026-01-10,20.00,No,
905124,212971,2026-01-10,80.03,No,
905125,245235,2026-01-10,104.24,No,
905126,224522,2026-01-10,82.81,No,
905127,229743,2026-01-10,84.33,No,
905128,233999,2026-01-10,106.71,No,
905129,238219,2026-01-10,117.08,No,
905130,223724,2026-01-10,96.27,No,
905131,215121,2026-01-10,72.67,No,
905132,221672,2026-01-10,62.42,No,
905133,246499,2026-01-10,52.83,No,
905134,239635,2026-01-10,86.94,No,
905135,203169,2026-01-10,66.79,Yes,2026-01-11
905136,232193,2026-01-10,70.39,Yes,2026-01-12
905137,225733,2026-01-10,126.00,No,
905138,230930,2026-01-10,36.08,No,
905139,226733,2026-01-10,124.51,No,
905140,213201,2026-01-10,45.12,No,
905141,201604,2026-01-10,89.13,No,
905142,213590,2026-01-10,70.41,No,
905143,215780,2026-01-10,82.79,No,
905144,229133,2026-01-10,70.28,No,
905145,246441,2026-01-10,92.17,No,
905146,233776,2026-01-10,48.42,Yes,2026-01-13
905147,237939,2026-01-10,114.10,No,
905148,228125,2026-01-10,86.62,No,
905149,200096,2026-01-10,69.38,No,
905150,238204,2026-01-10,119.36,No,
905151,240673,2026-01-10,55.64,Yes,2026-01-10
905152,241871,2026-01-11,62.67,No,
905153,236114,2026-01-11,88.72,No,
905154,209776,2026-01-11,153.51,No,
905155,209976,2026-01-11,58.42,No,
905156,243470,2026-01-11,113.90,No,
905157,237991,2026-01-11,95.39,No,
905158,245219,2026-01-11,115.84,No,
905159,200112,2026-01-11,93.41,No,
905160,228660,2026-01-11,91.05,No,
905161,222977,2026-01-11,92.16,No,
905162,246347,2026-01-11,69.62,No,
905163,241246,2026-01-11,89.66,No,
905164,234128,2026-01-11,112.22,No,
905165,207858,2026-01-11,153.95,Yes,2026-01-14
905166,220725,2026-01-11,108.20,No,
905167,240341,2026-01-11,98.90,No,
905168,229796,2026-01-11,95.42,No,
905169,201882,2026-01-11,62.65,No,
905170,223634,2026-01-11,31.09,No,
905171,246777,2026-01-11,87.33,No,
905172,234917,2026-01-11,112.08,Yes,2026-01-14
905173,225781,2026-01-11,86.18,No,
905174,243433,2026-01-11,86.11,No,
905175,248322,2026-01-11,49.13,No,
905176,205766,2026-01-11,100.49,Yes,2026-01-12
905177,216314,2026-01-11,79.13,No,
905178,207080,2026-01-11,90.17,No,
905179,222146,2026-01-11,93.04,No,
905180,212223,2026-01-11,74.05,No,
905181,203119,2026-01-11,100.67,Yes,2026-01-12
905182,228334,2026-01-11,103.74,No,
905183,220119,2026-01-11,71.30,No,
905184,246501,2026-01-11,71.88,No,
905185,239978,2026-01-11,59.43,No,
905186,227780,2026-01-11,61.12,No,
905187,208392,2026-01-11,82.08,No,
905188,216502,2026-01-11,62.93,No,
905189,216120,2026-01-11,94.92,Yes,2026-01-12
905190,248017,2026-01-11,80.45,No,
905191,211963,2026-01-11,117.46,No,
905192,241110,2026-01-11,116.61,Yes,2026-01-12
905193,224829,2026-01-11,88.52,Yes,2026-01-12
905194,229954,2026-01-11,95.12,No,
905195,223205,2026-01-11,125.65,Yes,2026-01-12
905196,205014,2026-01-11,100.62,No,
905197,222073,2026-01-11,127.45,No,
905198,214754,2026-01-11,72.04,No,
905199,214272,2026-01-11,105.42,No,
905200,237356,2026-01-11,38.14,No,
905201,234681,2026-01-11,35.92,Yes,2026-01-13
905202,242055,2026-01-11,20.36,No,
905203,226331,2026-01-11,90.32,No,
905204,238107,2026-01-11,65.00,Yes,2026-01-12
905205,224411,2026-01-11,98.57,No,
905206,227939,2026-01-11,65.62,Yes,2026-01-11
905207,209945,2026-01-11,47.14,Yes,2026-01-14
905208,245683,2026-01-11,96.00,No,
905209,246226,2026-01-11,58.22,No,
905210,211841,2026-01-11,88.14,No,
905211,214818,2026-01-11,78.72,No,
905212,247931,2026-01-11,84.82,No,
905213,240697,2026-01-11,96.26,No,
905214,213832,2026-01-11,49.78,No,
905215,225635,2026-01-11,132.51,No,
905216,220325,2026-01-11,99.19,No,
905217,202495,2026-01-11,76.60,No,
905218,203301,2026-01-11,55.25,No,
905219,219538,2026-01-11,91.95,No,
905220,226703,2026-01-11,67.79,No,
905221,213093,2026-01-11,83.77,No,
905222,202229,2026-01-11,91.74,No,
905223,207063,2026-01-11,113.99,No,
905224,221571,2026-01-11,49.37,No,
905225,247139,2026-01-11,80.99,No,
905226,225297,2026-01-11,78.25,No,
905227,221488,2026-01-11,77.54,No,
905228,228669,2026-01-11,81.98,No,
905229,208838,2026-01-11,97.23,No,
905230,229553,2026-01-11,57.81,No,
905231,221211,2026-01-11,132.93,No,
905232,230301,2026-01-11,95.87,No,
905233,200097,2026-01-11,111.38,No,
905234,218170,2026-01-11,52.12,Yes,2026-01-14
905235,218354,2026-01-11,37.87,No,
905236,240039,2026-01-11,82.24,No,
905237,224053,2026-01-11,76.62,No,
905238,218672,2026-01-11,90.16,No,
905239,209497,2026-01-11,98.08,Yes,2026-01-14
905240,201859,2026-01-11,84.44,No,
905241,247249,2026-01-11,72.36,No,
905242,227372,2026-01-11,104.72,No,
905243,248133,2026-01-11,94.37,No,
905244,204461,2026-01-11,65.14,No,
905245,217875,2026-01-11,73.16,No,
905246,226487,2026-01-11,93.16,Yes,2026-01-12
905247,218558,2026-01-11,71.01,No,
905248,230382,2026-01-11,77.79,Yes,2026-01-11
905249,231340,2026-01-11,76.82,Yes,2026-01-12
905250,228505,2026-01-11,64.56,No,
905251,205271,2026-01-11,73.27,No,
905252,225046,2026-01-11,125.95,Yes,2026-01-14
905253,231092,2026-01-11,96.29,No,
905254,236292,2026-01-11,100.80,No,
905255,245021,2026-01-11,76.36,Yes,2026-01-12
905256,227804,2026-01-11,52.79,No,
905257,211009,2026-01-11,62.97,No,
905258,242262,2026-01-11,80.91,No,
905259,238136,2026-01-11,106.55,Yes,2026-01-12
905260,227623,2026-01-11,61.53,No,
905261,203560,2026-01-11,46.24,No,
905262,215835,2026-01-11,83.61,No,
905263,205156,2026-01-11,50.92,No,
905264,238974,2026-01-11,56.99,No,
905265,235888,2026-01-11,91.94,Yes,2026-01-12
905266,220690,2026-01-11,55.20,No,
905267,229004,2026-01-11,87.18,No,
905268,210263,2026-01-11,63.65,No,
905269,240623,2026-01-11,122.04,No,
905270,206158,2026-01-11,46.03,No,
905271,220372,2026-01-11,78.29,Yes,2026-01-11
905272,230669,2026-01-11,85.88,No,
905273,200287,2026-01-11,68.13,No,
905274,223794,2026-01-11,73.76,No,
905275,218310,2026-01-11,55.33,Yes,2026-01-11
905276,247845,2026-01-11,57.76,Yes,2026-01-13
905277,227974,2026-01-11,96.77,No,
905278,201547,2026-01-11,84.03,No,
905279,242919,2026-01-11,106.32,Yes,2026-01-11
905280,217693,2026-01-11,67.62,No,
905281,248270,2026-01-11,72.71,No,
905282,232868,2026-01-11,27.61,Yes,2026-01-11
905283,210494,2026-01-12,110.06,No,
905284,217413,2026-01-12,78.48,No,
905285,202479,2026-01-12,130.07,No,
905286,216195,2026-01-12,61.28,No,
905287,205409,2026-01-12,87.85,No,
905288,237852,2026-01-12,28.34,No,
905289,243570,2026-01-12,110.75,Yes,2026-01-15
905290,247928,2026-01-12,92.40,Yes,2026-01-15
905291,228085,2026-01-12,110.53,Yes,2026-01-13
905292,213144,2026-01-12,139.10,No,
905293,210545,2026-01-12,64.94,No,
905294,234663,2026-01-12,53.61,No,
905295,227170,2026-01-12,55.14,Yes,2026-01-13
905296,236663,2026-01-12,58.19,Yes,2026-01-14
905297,228617,2026-01-12,91.54,No,
905298,246686,2026-01-12,83.88,No,
905299,236550,2026-01-12,96.84,Yes,2026-01-12
905300,200498,2026-01-12,40.45,No,
905301,247922,2026-01-12,118.96,Yes,2026-01-15
905302,220241,2026-01-12,55.36,Yes,2026-01-13
905303,204581,2026-01-12,102.69,Yes,2026-01-12
905304,243585,2026-01-12,105.55,Yes,2026-01-15
905305,217431,2026-01-12,104.04,No,
905306,238352,2026-01-12,122.18,No,
905307,238026,2026-01-12,93.63,No,
905308,231978,2026-01-12,87.13,Yes,2026-01-14
905309,239025,2026-01-12,96.26,Yes,2026-01-12
905310,203972,2026-01-12,41.81,No,
905311,208315,2026-01-12,82.89,Yes,2026-01-15
905312,216672,2026-01-12,80.65,No,
905313,208898,2026-01-12,50.75,Yes,2026-01-12
905314,214835,2026-01-12,100.27,Yes,2026-01-13
905315,228186,2026-01-12,80.19,No,
905316,240108,2026-01-12,65.20,No,
905317,213985,2026-01-12,100.96,Yes,2026-01-14
905318,211565,2026-01-12,123.22,No,
905319,211373,2026-01-12,75.04,Yes,2026-01-15
905320,225797,2026-01-12,96.08,No,
905321,245230,2026-01-12,96.84,No,
905322,209542,2026-01-12,67.62,No,
905323,226958,2026-01-12,34.10,No,
905324,242529,2026-01-12,72.75,Yes,2026-01-12
905325,219955,2026-01-12,70.50,No,
905326,219436,2026-01-12,125.38,No,
905327,247550,2026-01-12,75.06,No,
905328,205341,2026-01-12,93.15,Yes,2026-01-12
905329,242665,2026-01-12,90.10,Yes,2026-01-14
905330,212511,2026-01-12,64.59,Yes,2026-01-12
905331,245182,2026-01-12,37.19,No,
905332,224551,2026-01-12,94.12,Yes,2026-01-13
905333,221094,2026-01-12,92.91,Yes,2026-01-13
905334,238846,2026-01-12,66.55,No,
905335,231329,2026-01-12,48.99,Yes,2026-01-12
905336,211543,2026-01-12,61.16,No,
905337,247506,2026-01-12,87.28,No,
905338,245234,2026-01-12,85.29,No,
905339,202981,2026-01-12,46.05,Yes,2026-01-13
905340,223557,2026-01-12,70.92,No,
905341,218032,2026-01-12,66.63,No,
905342,229919,2026-01-12,112.87,Yes,2026-01-12
905343,217869,2026-01-12,65.23,No,
905344,234272,2026-01-12,144.70,Yes,2026-01-15
905345,242773,2026-01-12,106.76,No,
905346,202070,2026-01-12,81.38,No,
905347,207901,2026-01-12,111.77,No,
905348,244151,2026-01-12,112.14,No,
905349,245662,2026-01-12,100.17,No,
905350,215449,2026-01-12,70.84,No,
905351,223443,2026-01-12,93.49,No,
905352,200179,2026-01-12,69.70,Yes,2026-01-12
905353,233073,2026-01-12,92.53,No,
905354,211368,2026-01-12,120.61,No,
905355,207947,2026-01-12,116.47,Yes,2026-01-15
905356,243516,2026-01-12,128.46,No,
905357,217651,2026-01-12,60.54,No,
905358,244484,2026-01-12,105.13,No,
905359,245885,2026-01-12,55.11,Yes,2026-01-15
905360,224787,2026-01-12,64.48,No,
905361,203910,2026-01-12,78.89,No,
905362,207578,2026-01-12,97.20,Yes,2026-01-13
905363,245061,2026-01-12,76.12,No,
905364,236883,2026-01-12,72.07,Yes,2026-01-14
905365,202123,2026-01-12,96.70,No,
905366,209112,2026-01-12,56.71,No,
905367,206607,2026-01-12,48.95,No,
905368,231654,2026-01-12,91.55,No,
905369,216362,2026-01-12,82.63,No,
905370,228102,2026-01-12,120.42,Yes,2026-01-14
905371,240343,2026-01-12,103.90,Yes,2026-01-12
905372,243670,2026-01-12,124.25,Yes,2026-01-15
905373,213554,2026-01-12,91.95,Yes,2026-01-13
905374,209606,2026-01-12,97.28,No,
905375,216762,2026-01-12,100.74,No,
905376,202756,2026-01-12,44.15,No,
905377,209657,2026-01-12,113.36,No,
905378,225021,2026-01-12,51.45,No,
905379,228004,2026-01-12,96.31,No,
905380,239534,2026-01-12,94.21,Yes,2026-01-13
905381,212561,2026-01-12,79.38,Yes,2026-01-13
905382,214686,2026-01-12,113.17,No,
905383,235625,2026-01-12,62.26,No,
905384,232906,2026-01-12,105.87,No,
905385,230067,2026-01-12,73.14,No,
905386,233205,2026-01-12,109.17,No,
905387,230810,2026-01-12,77.46,No,
905388,202078,2026-01-12,113.39,No,
905389,220191,2026-01-12,92.73,Yes,2026-01-12
905390,225083,2026-01-12,94.84,No,
905391,234072,2026-01-12,63.14,No,
905392,228881,2026-01-12,101.37,Yes,2026-01-14
905393,236479,2026-01-12,75.07,No,
905394,226338,2026-01-12,60.46,No,
905395,228625,2026-01-12,54.92,No,
905396,213692,2026-01-12,70.46,No,
905397,224516,2026-01-12,99.84,No,
905398,244857,2026-01-13,143.27,No,
905399,221081,2026-01-13,43.31,No,
905400,242842,2026-01-13,98.36,Yes,2026-01-15
905401,215569,2026-01-13,102.37,No,
905402,200101,2026-01-13,100.80,No,
905403,216459,2026-01-13,65.21,No,
905404,213277,2026-01-13,63.46,No,
905405,202107,2026-01-13,115.48,Yes,2026-01-16
905406,234738,2026-01-13,69.83,No,
905407,232589,2026-01-13,81.71,Yes,2026-01-13
905408,205388,2026-01-13,83.51,Yes,2026-01-16
905409,203887,2026-01-13,61.83,Yes,2026-01-14
905410,215496,2026-01-13,97.56,No,
905411,245240,2026-01-13,108.64,No,
905412,244593,2026-01-13,100.89,No,
905413,202378,2026-01-13,78.74,Yes,2026-01-16
905414,243679,2026-01-13,84.56,No,
905415,244981,2026-01-13,100.96,No,
905416,239862,2026-01-13,67.61,No,
905417,242530,2026-01-13,88.66,No,
905418,242356,2026-01-13,97.57,No,
905419,236341,2026-01-13,66.91,No,
905420,240701,2026-01-13,81.05,No,
905421,243358,2026-01-13,90.42,Yes,2026-01-13
905422,203718,2026-01-13,71.05,Yes,2026-01-13
905423,235309,2026-01-13,92.46,No,
905424,219717,2026-01-13,83.94,Yes,2026-01-13
905425,206586,2026-01-13,79.74,Yes,2026-01-15
905426,201988,2026-01-13,93.34,No,
905427,246863,2026-01-13,60.53,No,
905428,232533,2026-01-13,78.46,Yes,2026-01-13
905429,228966,2026-01-13,62.08,No,
905430,238904,2026-01-13,51.94,No,
905431,219354,2026-01-13,62.43,No,
905432,201400,2026-01-13,139.45,No,
905433,229288,2026-01-13,30.45,Yes,2026-01-16
905434,216826,2026-01-13,70.57,No,
905435,206053,2026-01-13,80.16,No,
905436,210974,2026-01-13,95.97,No,
905437,205506,2026-01-13,88.50,No,
905438,227605,2026-01-13,96.83,No,
905439,225309,2026-01-13,76.47,No,
905440,223437,2026-01-13,91.17,No,
905441,242599,2026-01-13,79.45,No,
905442,215592,2026-01-13,64.60,No,
905443,207094,2026-01-13,106.21,No,
905444,209326,2026-01-13,40.74,No,
905445,203655,2026-01-13,85.73,Yes,2026-01-13
905446,240847,2026-01-13,103.97,No,
905447,205582,2026-01-13,57.87,No,
905448,247958,2026-01-13,110.59,No,
905449,242780,2026-01-13,102.08,No,
905450,229480,2026-01-13,86.35,No,
905451,202349,2026-01-13,63.16,No,
905452,212684,2026-01-13,105.37,No,
905453,215945,2026-01-13,93.22,No,
905454,215284,2026-01-13,98.67,Yes,2026-01-13
905455,245030,2026-01-13,70.06,No,
905456,233761,2026-01-13,103.12,Yes,2026-01-15
905457,240617,2026-01-13,62.13,No,
905458,215982,2026-01-13,63.37,Yes,2026-01-16
905459,230868,2026-01-13,122.08,No,
905460,225095,2026-01-13,90.82,No,
905461,219694,2026-01-13,98.92,Yes,2026-01-15
905462,221790,2026-01-13,107.80,No,
905463,248282,2026-01-13,66.14,No,
905464,246033,2026-01-13,76.87,No,
905465,245402,2026-01-13,98.14,No,
905466,218354,2026-01-13,121.63,No,
905467,210617,2026-01-13,98.94,No,
905468,243877,2026-01-13,100.18,No,
905469,230422,2026-01-13,78.87,No,
905470,200088,2026-01-13,129.75,No,
905471,242277,2026-01-13,74.91,Yes,2026-01-13
905472,227352,2026-01-13,132.85,No,
905473,209044,2026-01-13,49.72,No,
905474,203943,2026-01-13,58.27,No,
905475,244859,2026-01-13,94.42,Yes,2026-01-14
905476,230682,2026-01-13,20.00,No,
905477,244773,2026-01-13,92.79,No,
905478,231949,2026-01-13,92.61,No,
905479,226752,2026-01-13,102.05,No,
905480,234857,2026-01-13,56.86,No,
905481,239424,2026-01-13,33.32,No,
905482,201588,2026-01-13,76.75,Yes,2026-01-14
905483,241920,2026-01-13,72.37,No,
905484,227531,2026-01-13,21.79,Yes,2026-01-16
905485,242963,2026-01-13,56.51,No,
905486,245542,2026-01-13,71.74,No,
905487,205429,2026-01-13,83.40,No,
905488,207443,2026-01-13,66.11,No,
905489,233621,2026-01-13,77.12,No,
905490,241754,2026-01-13,86.83,Yes,2026-01-13
905491,202528,2026-01-13,100.99,No,
905492,231393,2026-01-13,80.12,Yes,2026-01-15
905493,223131,2026-01-13,41.77,Yes,2026-01-15
905494,237746,2026-01-13,41.83,Yes,2026-01-13
905495,237566,2026-01-13,36.83,No,
905496,238850,2026-01-13,61.24,No,
905497,246025,2026-01-13,77.12,No,
905498,244823,2026-01-13,62.26,No,
905499,207800,2026-01-13,79.35,No,
905500,206467,2026-01-13,112.41,No,
905501,202592,2026-01-13,79.45,No,
905502,207836,2026-01-13,88.74,No,
905503,224857,2026-01-13,80.70,No,
905504,223561,2026-01-13,103.35,No,
905505,213981,2026-01-13,81.25,No,
905506,239296,2026-01-13,89.97,No,
905507,222143,2026-01-13,113.63,No,
905508,219804,2026-01-13,116.95,No,
905509,237492,2026-01-13,66.02,Yes,2026-01-14
905510,210645,2026-01-13,82.22,Yes,2026-01-13
905511,243688,2026-01-13,62.26,Yes,2026-01-15
905512,219849,2026-01-13,98.21,No,
905513,238497,2026-01-13,96.59,No,
905514,201335,2026-01-13,91.72,No,
905515,204974,2026-01-13,104.70,No,
905516,242762,2026-01-13,105.18,Yes,2026-01-15
905517,225643,2026-01-13,90.40,No,
905518,217482,2026-01-13,42.49,No,
905519,229594,2026-01-13,68.04,No,
905520,238090,2026-01-13,69.53,No,
905521,203115,2026-01-13,85.66,Yes,2026-01-15
905522,217572,2026-01-13,52.11,Yes,2026-01-14
905523,219936,2026-01-13,96.09,No,
905524,217241,2026-01-13,80.44,Yes,2026-01-16
905525,241322,2026-01-13,85.86,No,
905526,231970,2026-01-13,83.43,No,
905527,218463,2026-01-13,124.80,No,
905528,208980,2026-01-13,50.43,No,
905529,227217,2026-01-13,104.79,No,
905530,228347,2026-01-13,93.60,Yes,2026-01-15
905531,219340,2026-01-13,78.82,No,
905532,241812,2026-01-14,69.36,No,
905533,209505,2026-01-14,72.74,Yes,2026-01-16
905534,209045,2026-01-14,85.07,No,
905535,207608,2026-01-14,81.74,Yes,2026-01-17
905536,219720,2026-01-14,106.65,Yes,2026-01-16
905537,245715,2026-01-14,140.25,No,
905538,223295,2026-01-14,95.10,No,
905539,247603,2026-01-14,70.84,No,
905540,218587,2026-01-14,135.95,No,
905541,210876,2026-01-14,53.45,No,
905542,208708,2026-01-14,67.79,No,
905543,212904,2026-01-14,98.91,No,
905544,248290,2026-01-14,31.79,No,
905545,222736,2026-01-14,78.50,No,
905546,211229,2026-01-14,107.82,No,
905547,231029,2026-01-14,101.47,No,
905548,231142,2026-01-14,59.94,No,
905549,202946,2026-01-14,78.27,Yes,2026-01-15
905550,227901,2026-01-14,99.07,No,
905551,238044,2026-01-14,131.80,No,
905552,219531,2026-01-14,106.51,No,
905553,245840,2026-01-14,61.51,No,
905554,203657,2026-01-14,104.43,No,
905555,212310,2026-01-14,101.90,No,
905556,205067,2026-01-14,82.52,No,
905557,241319,2026-01-14,90.64,No,
905558,201371,2026-01-14,93.17,Yes,2026-01-14
905559,216368,2026-01-14,90.51,No,
905560,232116,2026-01-14,102.43,No,
905561,234354,2026-01-14,45.42,No,
905562,219558,2026-01-14,75.11,No,
905563,244421,2026-01-14,104.30,No,
905564,228728,2026-01-14,36.18,No,
905565,220519,2026-01-14,107.82,No,
905566,200954,2026-01-14,43.46,No,
905567,222917,2026-01-14,98.66,Yes,2026-01-16
905568,208993,2026-01-14,66.61,Yes,2026-01-14
905569,229418,2026-01-14,94.96,No,
905570,224942,2026-01-14,115.32,Yes,2026-01-14
905571,247010,2026-01-14,87.64,No,
905572,248373,2026-01-14,64.57,Yes,2026-01-14
905573,248245,2026-01-14,75.62,No,
905574,227727,2026-01-14,101.27,No,
905575,215898,2026-01-14,98.50,No,
905576,238219,2026-01-14,78.20,Yes,2026-01-17
905577,240505,2026-01-14,147.57,No,
905578,245324,2026-01-14,109.40,No,
905579,218736,2026-01-14,81.65,No,
905580,217296,2026-01-14,34.04,Yes,2026-01-15
905581,236486,2026-01-14,119.21,No,
905582,232592,2026-01-14,61.87,No,
905583,210928,2026-01-14,68.88,No,
905584,226121,2026-01-14,79.60,No,
905585,211004,2026-01-14,61.07,No,
905586,211218,2026-01-14,51.35,Yes,2026-01-16
905587,214588,2026-01-14,112.00,No,
905588,239133,2026-01-14,51.43,No,
905589,237573,2026-01-14,110.82,No,
905590,225969,2026-01-14,136.29,No,
905591,227055,2026-01-14,89.75,No,
905592,200120,2026-01-14,76.79,No,
905593,248248,2026-01-14,67.75,No,
905594,203121,2026-01-14,125.73,No,
905595,209234,2026-01-14,85.67,Yes,2026-01-17
905596,209560,2026-01-14,37.69,Yes,2026-01-15
905597,225754,2026-01-14,101.49,No,
905598,239285,2026-01-14,125.54,Yes,2026-01-17
905599,246118,2026-01-14,127.41,No,
905600,232448,2026-01-14,109.15,No,
905601,238585,2026-01-14,88.61,No,
905602,205633,2026-01-14,97.90,No,
905603,226461,2026-01-14,104.11,No,
905604,239153,2026-01-14,58.28,No,
905605,204399,2026-01-14,83.48,No,
905606,230634,2026-01-14,82.85,No,
905607,224124,2026-01-14,123.21,Yes,2026-01-15
905608,243088,2026-01-14,73.88,Yes,2026-01-16
905609,200334,2026-01-14,72.25,Yes,2026-01-17
905610,209406,2026-01-14,68.57,No,
905611,246734,2026-01-14,76.54,No,
905612,208735,2026-01-14,76.55,No,
905613,217637,2026-01-14,66.49,No,
905614,229757,2026-01-14,44.60,Yes,2026-01-17
905615,238166,2026-01-14,72.31,No,
905616,203459,2026-01-14,137.01,No,
905617,215065,2026-01-14,59.10,No,
905618,221189,2026-01-14,98.25,No,
905619,234140,2026-01-14,115.89,No,
905620,226230,2026-01-14,91.61,Yes,2026-01-17
905621,233810,2026-01-14,84.92,No,
905622,204309,2026-01-14,86.38,No,
905623,215363,2026-01-14,71.63,Yes,2026-01-17
905624,206858,2026-01-14,85.29,No,
905625,234308,2026-01-14,69.46,No,
905626,230981,2026-01-14,100.75,No,
905627,245232,2026-01-14,60.86,No,
905628,237241,2026-01-14,89.26,No,
905629,223026,2026-01-14,86.66,No,
905630,213645,2026-01-14,104.51,No,
905631,230648,2026-01-14,99.13,No,
905632,239702,2026-01-14,80.03,No,
905633,209773,2026-01-14,55.54,No,
905634,228342,2026-01-14,96.31,No,
905635,239223,2026-01-14,85.96,No,
905636,213341,2026-01-14,84.00,Yes,2026-01-14
905637,231905,2026-01-14,55.42,Yes,2026-01-15
905638,222736,2026-01-14,95.10,No,
905639,229116,2026-01-14,99.99,No,
905640,233105,2026-01-14,96.81,No,
905641,206571,2026-01-14,103.62,Yes,2026-01-15
905642,243848,2026-01-14,76.83,No,
905643,209018,2026-01-14,100.79,No,
905644,229705,2026-01-14,104.34,No,
905645,208296,2026-01-14,64.91,Yes,2026-01-16
905646,215645,2026-01-14,77.91,Yes,2026-01-16
905647,213127,2026-01-14,76.14,No,
905648,219090,2026-01-14,108.35,Yes,2026-01-15
905649,214555,2026-01-14,42.15,No,
905650,210163,2026-01-14,53.79,No,
905651,219390,2026-01-14,116.50,No,
905652,219925,2026-01-14,121.14,No,
905653,245243,2026-01-14,23.26,No,
905654,244925,2026-01-14,82.77,No,
905655,204297,2026-01-14,71.86,Yes,2026-01-14
905656,216138,2026-01-14,86.02,No,
905657,215576,2026-01-14,65.15,Yes,2026-01-14
905658,204393,2026-01-15,93.20,No,
905659,248039,2026-01-15,84.68,No,
905660,207437,2026-01-15,74.57,No,
905661,227713,2026-01-15,77.80,Yes,2026-01-15
905662,226554,2026-01-15,117.97,No,
905663,200507,2026-01-15,79.81,No,
905664,229060,2026-01-15,122.93,Yes,2026-01-15
905665,233215,2026-01-15,53.41,No,
905666,202051,2026-01-15,103.09,No,
905667,211492,2026-01-15,83.99,No,
905668,228541,2026-01-15,33.38,No,
905669,224364,2026-01-15,43.22,No,
905670,210209,2026-01-15,47.34,Yes,2026-01-18
905671,223319,2026-01-15,28.51,No,
905672,242363,2026-01-15,40.19,Yes,2026-01-17
905673,223721,2026-01-15,79.59,No,
905674,200886,2026-01-15,89.81,Yes,2026-01-17
905675,203433,2026-01-15,71.70,Yes,2026-01-17
905676,206081,2026-01-15,106.57,Yes,2026-01-18
905677,232371,2026-01-15,58.40,No,
905678,204356,2026-01-15,54.52,No,
905679,241353,2026-01-15,72.20,No,
905680,229009,2026-01-15,77.33,No,
905681,215004,2026-01-15,44.15,No,
905682,224658,2026-01-15,119.53,No,
905683,204586,2026-01-15,62.02,Yes,2026-01-15
905684,231545,2026-01-15,91.23,No,
905685,210708,2026-01-15,137.51,No,
905686,231354,2026-01-15,74.62,No,
905687,213326,2026-01-15,61.76,No,
905688,206434,2026-01-15,83.33,No,
905689,231618,2026-01-15,58.76,Yes,2026-01-16
905690,245333,2026-01-15,65.59,No,
905691,209410,2026-01-15,62.94,No,
905692,228994,2026-01-15,63.43,No,
905693,226535,2026-01-15,66.37,No,
905694,216729,2026-01-15,121.52,No,
905695,229570,2026-01-15,48.36,Yes,2026-01-18
905696,246380,2026-01-15,132.12,No,
905697,243076,2026-01-15,122.44,No,
905698,221075,2026-01-15,88.32,No,
905699,231817,2026-01-15,102.60,No,
905700,212488,2026-01-15,62.09,No,
905701,236003,2026-01-15,93.39,No,
905702,219479,2026-01-15,50.85,No,
905703,232882,2026-01-15,103.76,No,
905704,216874,2026-01-15,51.53,No,
905705,214425,2026-01-15,115.92,No,
905706,235376,2026-01-15,49.95,No,
905707,224623,2026-01-15,54.13,Yes,2026-01-15
905708,202190,2026-01-15,102.88,No,
905709,229404,2026-01-15,62.09,No,
905710,218328,2026-01-15,95.45,Yes,2026-01-16
905711,213312,2026-01-15,77.93,No,
905712,229940,2026-01-15,91.88,No,
905713,223885,2026-01-15,100.60,No,
905714,218478,2026-01-15,79.82,No,
905715,217493,2026-01-15,92.92,Yes,2026-01-18
905716,217501,2026-01-15,128.61,Yes,2026-01-17
905717,200890,2026-01-15,68.13,No,
905718,237436,2026-01-15,89.09,No,
905719,211937,2026-01-15,75.10,No,
905720,206169,2026-01-15,78.45,No,
905721,237622,2026-01-15,94.03,No,
905722,207228,2026-01-15,87.20,No,
905723,201016,2026-01-15,99.84,No,
905724,219040,2026-01-15,101.36,Yes,2026-01-17
905725,201211,2026-01-15,94.69,No,
905726,209051,2026-01-15,89.34,No,
905727,219071,2026-01-15,49.42,No,
905728,238384,2026-01-15,84.37,No,
905729,240308,2026-01-15,54.22,No,
905730,236511,2026-01-15,70.02,No,
905731,216876,2026-01-15,44.15,No,
905732,244379,2026-01-15,78.11,No,
905733,237940,2026-01-15,71.65,No,
905734,234158,2026-01-15,114.19,Yes,2026-01-16
905735,231744,2026-01-15,62.82,No,
905736,243644,2026-01-15,35.27,No,
905737,213477,2026-01-15,54.46,No,
905738,214393,2026-01-15,78.74,No,
905739,203608,2026-01-15,82.58,No,
905740,236986,2026-01-15,94.13,No,
905741,221633,2026-01-15,76.97,No,
905742,229190,2026-01-15,97.15,Yes,2026-01-17
905743,205867,2026-01-15,67.89,No,
905744,227874,2026-01-15,49.32,No,
905745,243066,2026-01-15,62.85,Yes,2026-01-16
905746,244559,2026-01-15,49.24,No,
905747,216235,2026-01-15,38.79,Yes,2026-01-17
905748,246499,2026-01-15,50.75,Yes,2026-01-16
905749,225454,2026-01-15,70.58,No,
905750,248294,2026-01-15,25.95,No,
905751,242306,2026-01-15,100.02,Yes,2026-01-17
905752,204299,2026-01-15,83.51,No,
905753,244716,2026-01-15,119.47,No,
905754,212102,2026-01-15,125.92,No,
905755,219131,2026-01-15,88.90,No,
905756,246278,2026-01-15,68.50,No,
905757,225309,2026-01-15,118.19,No,
905758,214642,2026-01-15,64.54,No,
905759,213349,2026-01-15,98.95,Yes,2026-01-17
905760,244020,2026-01-15,95.54,No,
905761,222686,2026-01-15,99.39,No,
905762,223754,2026-01-15,73.92,No,
905763,218557,2026-01-15,121.88,No,
905764,231171,2026-01-15,92.39,Yes,2026-01-15
905765,244035,2026-01-15,38.69,No,
905766,230074,2026-01-15,127.92,No,
905767,242456,2026-01-15,46.57,No,
905768,218065,2026-01-15,81.65,No,
905769,240921,2026-01-15,84.80,No,
905770,223788,2026-01-15,97.94,No,
905771,219273,2026-01-15,93.76,Yes,2026-01-17
905772,217999,2026-01-15,78.93,Yes,2026-01-18
905773,234963,2026-01-15,100.81,No,
905774,206265,2026-01-15,97.82,Yes,2026-01-16
905775,246835,2026-01-15,112.00,No,
905776,216102,2026-01-15,87.29,No,
905777,244147,2026-01-15,81.77,No,
905778,201262,2026-01-15,62.76,No,
905779,235745,2026-01-15,131.10,No,
905780,226505,2026-01-15,56.14,No,
905781,205560,2026-01-15,79.46,No,
905782,215671,2026-01-15,64.57,No,
905783,230060,2026-01-15,96.98,No,
905784,225169,2026-01-15,86.60,Yes,2026-01-15
905785,215009,2026-01-15,74.05,No,
905786,219345,2026-01-15,40.62,No,
905787,215809,2026-01-15,58.88,No,
905788,217574,2026-01-16,35.87,No,
905789,201377,2026-01-16,78.22,No,
905790,238278,2026-01-16,80.77,No,
905791,203081,2026-01-16,56.89,No,
905792,216500,2026-01-16,52.08,Yes,2026-01-18
905793,219116,2026-01-16,122.52,No,
905794,242852,2026-01-16,88.36,Yes,2026-01-19
905795,230097,2026-01-16,66.53,No,
905796,226609,2026-01-16,112.96,No,
905797,203821,2026-01-16,78.81,No,
905798,220716,2026-01-16,58.63,No,
905799,242889,2026-01-16,71.11,No,
905800,235572,2026-01-16,87.81,No,
905801,230982,2026-01-16,119.50,No,
905802,219265,2026-01-16,68.03,No,
905803,247428,2026-01-16,79.99,No,
905804,219173,2026-01-16,48.62,No,
905805,213115,2026-01-16,46.27,No,
905806,246894,2026-01-16,66.46,No,
905807,234715,2026-01-16,29.53,No,
905808,236261,2026-01-16,114.23,Yes,2026-01-18
905809,247250,2026-01-16,64.87,No,
905810,214774,2026-01-16,70.54,No,
905811,237219,2026-01-16,85.95,No,
905812,212559,2026-01-16,63.28,No,
905813,208020,2026-01-16,99.81,Yes,2026-01-19
905814,246366,2026-01-16,114.68,No,
905815,220582,2026-01-16,82.80,Yes,2026-01-17
905816,222881,2026-01-16,51.14,No,
905817,241631,2026-01-16,97.59,No,
905818,236889,2026-01-16,75.32,No,
905819,208730,2026-01-16,70.35,Yes,2026-01-16
905820,221116,2026-01-16,86.60,No,
905821,231678,2026-01-16,75.90,No,
905822,210390,2026-01-16,90.64,No,
905823,211473,2026-01-16,94.54,No,
905824,230629,2026-01-16,62.94,Yes,2026-01-16
905825,208422,2026-01-16,78.86,No,
905826,216575,2026-01-16,81.29,No,
905827,225094,2026-01-16,66.83,No,
905828,242517,2026-01-16,53.56,No,
905829,205957,2026-01-16,95.88,No,
905830,236923,2026-01-16,78.70,No,
905831,245852,2026-01-16,89.33,No,
905832,214069,2026-01-16,95.26,No,
905833,227359,2026-01-16,74.46,No,
905834,202058,2026-01-16,105.70,No,
905835,206068,2026-01-16,71.36,Yes,2026-01-18
905836,222640,2026-01-16,72.65,No,
905837,225699,2026-01-16,80.01,No,
905838,215080,2026-01-16,61.34,No,
905839,200742,2026-01-16,29.96,No,
905840,226847,2026-01-16,79.51,No,
905841,201722,2026-01-16,132.52,No,
905842,238552,2026-01-16,89.96,No,
905843,203481,2026-01-16,75.01,No,
905844,231158,2026-01-16,50.86,No,
905845,202541,2026-01-16,120.13,No,
905846,244781,2026-01-16,50.48,No,
905847,239806,2026-01-16,86.27,No,
905848,247780,2026-01-16,85.88,No,
905849,206378,2026-01-16,49.22,No,
905850,228709,2026-01-16,98.62,Yes,2026-01-17
905851,246851,2026-01-16,73.41,Yes,2026-01-18
905852,239176,2026-01-16,109.96,No,
905853,224913,2026-01-16,109.58,Yes,2026-01-16
905854,225499,2026-01-16,20.00,No,
905855,212313,2026-01-16,60.59,No,
905856,220841,2026-01-16,42.82,No,
905857,207317,2026-01-16,67.77,No,
905858,223558,2026-01-16,72.61,No,
905859,221347,2026-01-16,95.00,No,
905860,228792,2026-01-16,101.91,No,
905861,209703,2026-01-16,44.39,No,
905862,202050,2026-01-16,69.86,No,
905863,245593,2026-01-16,110.54,No,
905864,213699,2026-01-16,79.65,No,
905865,233085,2026-01-16,99.34,No,
905866,229003,2026-01-16,91.78,No,
905867,206201,2026-01-16,85.86,No,
905868,217760,2026-01-16,85.95,Yes,2026-01-19
905869,212299,2026-01-16,63.84,No,
905870,207623,2026-01-16,107.06,No,
905871,233983,2026-01-16,72.14,No,
905872,247030,2026-01-16,67.04,No,
905873,217182,2026-01-16,78.77,Yes,2026-01-16
905874,222604,2026-01-16,67.01,No,
905875,229602,2026-01-16,77.76,No,
905876,240605,2026-01-16,86.20,No,
905877,208315,2026-01-16,60.77,Yes,2026-01-19
905878,223139,2026-01-16,102.70,No,
905879,213275,2026-01-16,74.88,No,
905880,230723,2026-01-16,82.53,No,
905881,228393,2026-01-16,122.91,No,
905882,243472,2026-01-16,49.33,No,
905883,211920,2026-01-16,73.11,Yes,2026-01-18
905884,234858,2026-01-16,56.35,No,
905885,224019,2026-01-16,84.73,No,
905886,205638,2026-01-16,78.24,No,
905887,232795,2026-01-16,54.15,No,
905888,221130,2026-01-16,73.66,No,
905889,220604,2026-01-16,88.11,No,
905890,209949,2026-01-16,85.67,No,
905891,243849,2026-01-16,69.39,No,
905892,227034,2026-01-16,110.23,No,
905893,217482,2026-01-16,117.57,No,
905894,244911,2026-01-16,71.36,No,
905895,239662,2026-01-16,91.12,No,
905896,215346,2026-01-16,54.67,No,
905897,209133,2026-01-16,124.11,Yes,2026-01-17
905898,243224,2026-01-16,61.30,No,
905899,232704,2026-01-16,28.35,No,
905900,243977,2026-01-16,105.78,No,
905901,244920,2026-01-16,41.88,Yes,2026-01-16
905902,215091,2026-01-16,67.16,Yes,2026-01-19
905903,235204,2026-01-16,74.29,No,
905904,219873,2026-01-16,72.03,Yes,2026-01-19
905905,204597,2026-01-16,82.26,No,
905906,229931,2026-01-16,113.71,No,
905907,230745,2026-01-16,76.75,Yes,2026-01-17
905908,234999,2026-01-16,133.06,Yes,2026-01-19
905909,219727,2026-01-16,69.48,No,
905910,215600,2026-01-16,46.96,Yes,2026-01-19
905911,234773,2026-01-16,47.97,No,
905912,201242,2026-01-16,100.03,No,
905913,204695,2026-01-16,54.86,No,
905914,238695,2026-01-16,95.27,Yes,2026-01-17
905915,215442,2026-01-16,88.06,No,
905916,218605,2026-01-16,61.09,No,
905917,208194,2026-01-16,95.89,No,
905918,220785,2026-01-16,105.88,Yes,2026-01-19
905919,202608,2026-01-16,48.72,No,
905920,230419,2026-01-16,110.97,No,
905921,235987,2026-01-16,57.39,No,
905922,245530,2026-01-16,48.38,No,
905923,224869,2026-01-16,95.58,No,
905924,237532,2026-01-16,67.08,No,
905925,223798,2026-01-16,49.84,Yes,2026-01-19
905926,214154,2026-01-16,87.83,No,
905927,218778,2026-01-17,78.47,No,
905928,205159,2026-01-17,82.75,No,
905929,210373,2026-01-17,118.57,No,
905930,242595,2026-01-17,72.76,No,
905931,202572,2026-01-17,122.07,No,
905932,245201,2026-01-17,72.94,No,
905933,206600,2026-01-17,126.65,No,
905934,221714,2026-01-17,55.40,No,
905935,235356,2026-01-17,100.86,No,
905936,208888,2026-01-17,45.49,No,
905937,230956,2026-01-17,104.33,No,
905938,246335,2026-01-17,60.56,Yes,2026-01-18
905939,208017,2026-01-17,35.00,No,
905940,214583,2026-01-17,73.35,No,
905941,207218,2026-01-17,88.66,Yes,2026-01-18
905942,218746,2026-01-17,60.65,Yes,2026-01-19
905943,201909,2026-01-17,89.19,Yes,2026-01-19
905944,218830,2026-01-17,77.65,No,
905945,245491,2026-01-17,56.07,No,
905946,233575,2026-01-17,112.50,No,
905947,207086,2026-01-17,66.08,No,
905948,232797,2026-01-17,85.44,No,
905949,226511,2026-01-17,83.93,No,
905950,233451,2026-01-17,88.90,No,
905951,218790,2026-01-17,95.86,Yes,2026-01-17
905952,200272,2026-01-17,94.54,No,
905953,248416,2026-01-17,31.52,No,
905954,212392,2026-01-17,124.61,No,
905955,213963,2026-01-17,95.08,No,
905956,241267,2026-01-17,86.45,Yes,2026-01-17
905957,235113,2026-01-17,58.20,No,
905958,207560,2026-01-17,119.00,No,
905959,244697,2026-01-17,68.81,No,
905960,244357,2026-01-17,100.39,Yes,2026-01-20
905961,229523,2026-01-17,111.49,No,
905962,240524,2026-01-17,83.89,No,
905963,206032,2026-01-17,79.71,No,
905964,201753,2026-01-17,118.62,No,
905965,222560,2026-01-17,109.64,No,
905966,229924,2026-01-17,88.98,No,
905967,210485,2026-01-17,103.25,No,
905968,201713,2026-01-17,33.75,No,
905969,214856,2026-01-17,83.89,No,
905970,215117,2026-01-17,123.54,Yes,2026-01-19
905971,242079,2026-01-17,20.00,Yes,2026-01-19
905972,215837,2026-01-17,90.50,No,
905973,228083,2026-01-17,70.16,Yes,2026-01-19
905974,209166,2026-01-17,72.38,No,
905975,205676,2026-01-17,76.48,No,
905976,239707,2026-01-17,77.95,No,
905977,201721,2026-01-17,54.20,No,
905978,240992,2026-01-17,75.81,No,
905979,208916,2026-01-17,46.18,No,
905980,229890,2026-01-17,83.05,No,
905981,247129,2026-01-17,124.66,No,
905982,206184,2026-01-17,81.86,No,
905983,235416,2026-01-17,57.02,Yes,2026-01-20
905984,238233,2026-01-17,56.71,Yes,2026-01-19
905985,214298,2026-01-17,27.27,No,
905986,211492,2026-01-17,67.22,No,
905987,221435,2026-01-17,71.30,No,
905988,222640,2026-01-17,87.45,No,
905989,220783,2026-01-17,20.00,No,
905990,244122,2026-01-17,87.81,No,
905991,239497,2026-01-17,93.38,No,
905992,241419,2026-01-17,49.35,No,
905993,203342,2026-01-17,127.68,Yes,2026-01-17
905994,206747,2026-01-17,76.38,Yes,2026-01-20
905995,243601,2026-01-17,106.30,No,
905996,243311,2026-01-17,42.76,No,
905997,241265,2026-01-17,87.89,No,
905998,239639,2026-01-17,69.05,No,
905999,218620,2026-01-17,82.81,No,
906000,206268,2026-01-17,39.51,No,
906001,226621,2026-01-17,71.60,Yes,2026-01-19
906002,231039,2026-01-17,98.11,Yes,2026-01-18
906003,224795,2026-01-17,31.58,No,
906004,230549,2026-01-17,99.21,No,
906005,219839,2026-01-17,100.00,No,
906006,210920,2026-01-17,101.39,No,
906007,205564,2026-01-17,87.93,Yes,2026-01-19
906008,244035,2026-01-17,56.30,Yes,2026-01-17
906009,235742,2026-01-17,100.49,Yes,2026-01-19
906010,223957,2026-01-17,98.72,No,
906011,212618,2026-01-17,77.51,Yes,2026-01-17
906012,215312,2026-01-17,91.43,No,
906013,210932,2026-01-17,27.03,No,
906014,233511,2026-01-17,93.43,No,
906015,212185,2026-01-17,74.02,No,
906016,203474,2026-01-17,124.92,No,
906017,200326,2026-01-17,107.62,No,
906018,210197,2026-01-17,28.87,No,
906019,204918,2026-01-17,127.93,No,
906020,204690,2026-01-17,56.02,Yes,2026-01-18
906021,227987,2026-01-17,64.40,No,
906022,213679,2026-01-17,88.36,No,
906023,211224,2026-01-17,40.91,No,
906024,237920,2026-01-17,84.90,Yes,2026-01-17
906025,207937,2026-01-17,103.57,No,
906026,238822,2026-01-17,123.93,No,
906027,220116,2026-01-17,62.13,No,
906028,208264,2026-01-17,103.46,No,
906029,240933,2026-01-17,78.70,No,
906030,207367,2026-01-17,62.36,No,
906031,214751,2026-01-17,61.28,No,
906032,220525,2026-01-17,95.21,No,
906033,229257,2026-01-17,73.98,No,
906034,224993,2026-01-17,34.81,No,
906035,230427,2026-01-17,40.11,No,
906036,227841,2026-01-17,69.84,Yes,2026-01-18
906037,238772,2026-01-17,110.09,Yes,2026-01-19
906038,224226,2026-01-17,64.99,Yes,2026-01-19
906039,213550,2026-01-17,58.34,No,
906040,211124,2026-01-17,71.92,No,
906041,235025,2026-01-17,98.58,Yes,2026-01-18
906042,219822,2026-01-17,87.15,No,
906043,213474,2026-01-17,100.85,No,
906044,237747,2026-01-17,65.99,No,
906045,240433,2026-01-17,87.74,No,
906046,238821,2026-01-17,114.01,Yes,2026-01-17
906047,228839,2026-01-17,81.20,Yes,2026-01-18
906048,202235,2026-01-17,20.01,No,
906049,217462,2026-01-17,104.61,No,
906050,239365,2026-01-17,20.00,No,
906051,242415,2026-01-17,51.52,No,
906052,220352,2026-01-17,124.98,Yes,2026-01-20
906053,212814,2026-01-17,44.14,No,
906054,246522,2026-01-17,61.03,No,
906055,207669,2026-01-17,95.96,No,
906056,243079,2026-01-17,127.68,No,
906057,235917,2026-01-17,70.63,Yes,2026-01-19
906058,226659,2026-01-17,97.27,No,
906059,216615,2026-01-17,108.38,No,
906060,240022,2026-01-17,99.74,No,
906061,208096,2026-01-17,110.95,No,
906062,215968,2026-01-17,106.41,Yes,2026-01-17
906063,200175,2026-01-17,86.32,No,
906064,218562,2026-01-17,89.29,No,
906065,228640,2026-01-17,94.90,Yes,2026-01-20
906066,207928,2026-01-17,67.48,No,
906067,219673,2026-01-17,89.69,Yes,2026-01-19
906068,209981,2026-01-17,32.02,No,
906069,200202,2026-01-18,55.21,No,
906070,219445,2026-01-18,88.19,No,
906071,214266,2026-01-18,122.98,No,
906072,234339,2026-01-18,65.06,No,
906073,224406,2026-01-18,74.44,No,
906074,203231,2026-01-18,88.51,Yes,2026-01-21
906075,238886,2026-01-18,31.75,Yes,2026-01-18
906076,208682,2026-01-18,89.44,No,
906077,223556,2026-01-18,47.48,Yes,2026-01-21
906078,217543,2026-01-18,95.51,Yes,2026-01-20
906079,247093,2026-01-18,88.29,No,
906080,243579,2026-01-18,89.95,No,
906081,234401,2026-01-18,74.18,No,
906082,211425,2026-01-18,64.30,No,
906083,232292,2026-01-18,114.01,Yes,2026-01-18
906084,215262,2026-01-18,53.73,No,
906085,206567,2026-01-18,73.31,No,
906086,223386,2026-01-18,68.59,No,
906087,215151,2026-01-18,107.38,Yes,2026-01-21
906088,214906,2026-01-18,79.73,No,
906089,200606,2026-01-18,95.05,Yes,2026-01-20
906090,222871,2026-01-18,56.65,No,
906091,206151,2026-01-18,71.60,Yes,2026-01-20
906092,203524,2026-01-18,89.09,Yes,2026-01-19
906093,226320,2026-01-18,84.49,No,
906094,218111,2026-01-18,76.96,No,
906095,223634,2026-01-18,106.02,No,
906096,234427,2026-01-18,93.54,No,
906097,228463,2026-01-18,50.11,No,
906098,214389,2026-01-18,72.75,No,
906099,231845,2026-01-18,20.00,No,
906100,237691,2026-01-18,70.82,No,
906101,210469,2026-01-18,58.39,No,
906102,230187,2026-01-18,96.95,No,
906103,212891,2026-01-18,95.55,No,
906104,241982,2026-01-18,75.47,Yes,2026-01-21
906105,242815,2026-01-18,57.33,Yes,2026-01-21
906106,208829,2026-01-18,89.02,No,
906107,221100,2026-01-18,121.09,No,
906108,247209,2026-01-18,70.54,No,
906109,210924,2026-01-18,55.80,No,
906110,224382,2026-01-18,71.47,No,
906111,241088,2026-01-18,61.22,No,
906112,224677,2026-01-18,76.58,No,
906113,208629,2026-01-18,48.59,No,
906114,219752,2026-01-18,74.09,Yes,2026-01-20
906115,204142,2026-01-18,91.69,No,
906116,244754,2026-01-18,116.43,No,
906117,213984,2026-01-18,109.94,No,
906118,246875,2026-01-18,91.49,No,
906119,232190,2026-01-18,63.80,No,
906120,231899,2026-01-18,42.01,No,
906121,243829,2026-01-18,114.53,No,
906122,220524,2026-01-18,55.51,Yes,2026-01-19
906123,226455,2026-01-18,60.03,No,
906124,229009,2026-01-18,104.13,Yes,2026-01-20
906125,237545,2026-01-18,36.58,No,
906126,221759,2026-01-18,45.89,No,
906127,205058,2026-01-18,92.18,No,
906128,240391,2026-01-18,93.47,No,
906129,222215,2026-01-18,25.31,No,
906130,213327,2026-01-18,116.99,No,
906131,205141,2026-01-18,32.95,No,
906132,204502,2026-01-18,106.30,No,
906133,205037,2026-01-18,93.00,No,
906134,205668,2026-01-18,71.57,Yes,2026-01-21
906135,240021,2026-01-18,96.59,No,
906136,214926,2026-01-18,74.08,No,
906137,248321,2026-01-18,90.18,No,
906138,205920,2026-01-18,82.35,Yes,2026-01-21
906139,241634,2026-01-18,80.25,No,
906140,220108,2026-01-18,84.49,Yes,2026-01-21
906141,224767,2026-01-18,68.11,Yes,2026-01-20
906142,244979,2026-01-18,87.13,No,
906143,215569,2026-01-18,30.23,No,
906144,210758,2026-01-18,95.55,No,
906145,240518,2026-01-18,60.43,No,
906146,224410,2026-01-18,96.76,No,
906147,233317,2026-01-18,95.39,No,
906148,208859,2026-01-18,118.26,No,
906149,224376,2026-01-18,103.28,No,
906150,201048,2026-01-18,69.58,No,
906151,227733,2026-01-18,62.76,No,
906152,214008,2026-01-18,82.40,No,
906153,248230,2026-01-18,86.39,No,
906154,210892,2026-01-18,114.73,Yes,2026-01-21
906155,243224,2026-01-18,57.55,No,
906156,208502,2026-01-18,90.08,No,
906157,212174,2026-01-18,46.99,Yes,2026-01-21
906158,248420,2026-01-18,94.39,Yes,2026-01-18
906159,241323,2026-01-18,111.83,Yes,2026-01-20
906160,214943,2026-01-18,111.24,No,
906161,213278,2026-01-18,72.91,Yes,2026-01-18
906162,242245,2026-01-18,68.73,No,
906163,234816,2026-01-18,60.90,No,
906164,237668,2026-01-18,20.00,No,
906165,221986,2026-01-18,55.12,No,
906166,244937,2026-01-18,31.11,No,
906167,209664,2026-01-18,105.19,No,
906168,202760,2026-01-18,87.87,No,
906169,232740,2026-01-18,86.14,Yes,2026-01-21
906170,227966,2026-01-18,86.59,No,
906171,206692,2026-01-18,75.99,No,
906172,200605,2026-01-18,103.96,No,
906173,231581,2026-01-18,110.61,No,
906174,219410,2026-01-18,56.99,No,
906175,208980,2026-01-18,63.33,Yes,2026-01-21
906176,201337,2026-01-18,111.55,No,
906177,216129,2026-01-18,73.84,No,
906178,209583,2026-01-18,113.38,No,
906179,234072,2026-01-18,83.70,No,
906180,218418,2026-01-18,88.07,No,
906181,202793,2026-01-18,65.11,No,
906182,220269,2026-01-18,112.26,Yes,2026-01-21
906183,217533,2026-01-18,99.99,No,
906184,237333,2026-01-18,79.55,No,
906185,230997,2026-01-18,85.77,No,
906186,208948,2026-01-18,86.97,No,
906187,207353,2026-01-18,20.00,No,
906188,238873,2026-01-18,76.03,No,
906189,217260,2026-01-18,45.51,Yes,2026-01-20
906190,209381,2026-01-18,73.19,No,
906191,211065,2026-01-18,65.89,No,
906192,209004,2026-01-18,81.66,No,
906193,213002,2026-01-18,114.08,No,
906194,235298,2026-01-18,70.81,No,
906195,207188,2026-01-18,69.84,No,
906196,203857,2026-01-18,87.53,No,
906197,232387,2026-01-18,103.60,Yes,2026-01-20
906198,203459,2026-01-18,115.00,No,
906199,236985,2026-01-18,73.86,Yes,2026-01-19
906200,235813,2026-01-18,132.64,No,
906201,200897,2026-01-18,50.03,No,
906202,214687,2026-01-18,81.52,No,
906203,238583,2026-01-18,81.45,No,
906204,205038,2026-01-18,85.82,Yes,2026-01-18
906205,209772,2026-01-18,67.71,No,
906206,238918,2026-01-18,67.56,No,
906207,246553,2026-01-18,81.96,No,
906208,247295,2026-01-19,70.24,No,
906209,204325,2026-01-19,76.28,No,
906210,212515,2026-01-19,137.11,No,
906211,212114,2026-01-19,115.78,Yes,2026-01-19
906212,202381,2026-01-19,108.39,Yes,2026-01-19
906213,214235,2026-01-19,47.94,No,
906214,203120,2026-01-19,36.10,No,
906215,244105,2026-01-19,52.12,No,
906216,216084,2026-01-19,32.25,No,
906217,215951,2026-01-19,75.14,Yes,2026-01-19
906218,245082,2026-01-19,80.29,Yes,2026-01-21
906219,212179,2026-01-19,62.91,No,
906220,211276,2026-01-19,92.00,No,
906221,208610,2026-01-19,78.79,Yes,2026-01-19
906222,231105,2026-01-19,55.79,No,
906223,219204,2026-01-19,113.76,Yes,2026-01-21
906224,227721,2026-01-19,65.64,No,
906225,209061,2026-01-19,73.24,No,
906226,210629,2026-01-19,101.19,No,
906227,212301,2026-01-19,87.91,Yes,2026-01-22
906228,205081,2026-01-19,101.81,No,
906229,200335,2026-01-19,115.79,No,
906230,204927,2026-01-19,84.06,No,
906231,230157,2026-01-19,73.94,No,
906232,240401,2026-01-19,158.63,No,
906233,202634,2026-01-19,88.51,No,
906234,227876,2026-01-19,105.75,No,
906235,216351,2026-01-19,69.21,No,
906236,223813,2026-01-19,85.51,No,
906237,204241,2026-01-19,106.04,Yes,2026-01-19
906238,231909,2026-01-19,95.37,Yes,2026-01-19
906239,218833,2026-01-19,96.55,Yes,2026-01-20
906240,233244,2026-01-19,61.07,No,
906241,214943,2026-01-19,99.47,No,
906242,243766,2026-01-19,128.27,No,
906243,230661,2026-01-19,94.04,No,
906244,207673,2026-01-19,86.31,No,
906245,239872,2026-01-19,120.13,No,
906246,223986,2026-01-19,65.52,No,
906247,203388,2026-01-19,108.65,No,
906248,239545,2026-01-19,98.11,No,
906249,215398,2026-01-19,46.85,Yes,2026-01-19
906250,212349,2026-01-19,49.64,No,
906251,204409,2026-01-19,42.57,No,
906252,216049,2026-01-19,26.92,Yes,2026-01-22
906253,209124,2026-01-19,107.29,No,
906254,213479,2026-01-19,74.63,Yes,2026-01-22
906255,209968,2026-01-19,60.63,No,
906256,204119,2026-01-19,67.88,No,
906257,218644,2026-01-19,65.46,No,
906258,233526,2026-01-19,21.14,No,
906259,225096,2026-01-19,94.63,No,
906260,244335,2026-01-19,116.40,No,
906261,206995,2026-01-19,92.76,No,
906262,246077,2026-01-19,66.53,No,
906263,212604,2026-01-19,63.60,Yes,2026-01-19
906264,214942,2026-01-19,87.57,No,
906265,222632,2026-01-19,20.00,No,
906266,204773,2026-01-19,119.92,Yes,2026-01-20
906267,207401,2026-01-19,93.24,Yes,2026-01-20
906268,222450,2026-01-19,59.63,Yes,2026-01-19
906269,220744,2026-01-19,60.98,No,
906270,247792,2026-01-19,48.63,No,
906271,230447,2026-01-19,89.21,No,
906272,224258,2026-01-19,67.54,No,
906273,218925,2026-01-19,130.77,No,
906274,243120,2026-01-19,102.20,No,
906275,219255,2026-01-19,54.04,No,
906276,241156,2026-01-19,94.29,Yes,2026-01-19
906277,238662,2026-01-19,144.54,No,
906278,207303,2026-01-19,63.80,No,
906279,227641,2026-01-19,82.80,No,
906280,232689,2026-01-19,71.59,Yes,2026-01-20
906281,231075,2026-01-19,71.81,No,
906282,225712,2026-01-19,30.88,Yes,2026-01-22
906283,218036,2026-01-19,72.52,No,
906284,215069,2026-01-19,58.69,No,
906285,241549,2026-01-19,95.29,No,
906286,215295,2026-01-19,81.30,Yes,2026-01-21
906287,210102,2026-01-19,98.72,No,
906288,219988,2026-01-19,90.03,No,
906289,202959,2026-01-19,112.04,Yes,2026-01-22
906290,209544,2026-01-19,74.39,Yes,2026-01-19
906291,234214,2026-01-19,91.06,Yes,2026-01-19
906292,244649,2026-01-19,71.45,No,
906293,217118,2026-01-19,70.43,No,
906294,229354,2026-01-19,94.55,No,
906295,202712,2026-01-19,73.80,No,
906296,234906,2026-01-19,80.42,No,
906297,242595,2026-01-19,97.25,Yes,2026-01-22
906298,246845,2026-01-19,51.86,No,
906299,231730,2026-01-19,99.81,No,
906300,203682,2026-01-19,58.49,No,
906301,238701,2026-01-19,104.57,No,
906302,221422,2026-01-19,49.23,Yes,2026-01-21
906303,246169,2026-01-19,93.22,No,
906304,228205,2026-01-19,79.13,No,
906305,215324,2026-01-19,47.83,No,
906306,218753,2026-01-19,65.01,Yes,2026-01-21
906307,230425,2026-01-19,88.10,No,
906308,228915,2026-01-19,87.55,No,
906309,244685,2026-01-19,50.72,No,
906310,215702,2026-01-19,66.25,No,
906311,246453,2026-01-19,78.66,No,
906312,244769,2026-01-19,74.00,No,
906313,229665,2026-01-19,50.46,No,
906314,244148,2026-01-19,95.96,Yes,2026-01-22
906315,238330,2026-01-19,89.38,No,
906316,202665,2026-01-19,73.15,No,
906317,244627,2026-01-19,97.59,Yes,2026-01-22
906318,211729,2026-01-19,69.13,No,
906319,248111,2026-01-19,68.05,No,
906320,233499,2026-01-19,36.45,Yes,2026-01-21
906321,209917,2026-01-19,78.63,No,
906322,213105,2026-01-19,61.43,Yes,2026-01-22
906323,228366,2026-01-19,47.12,No,
906324,220527,2026-01-19,132.25,Yes,2026-01-19
906325,230251,2026-01-19,118.82,Yes,2026-01-20
906326,224431,2026-01-19,70.92,No,
906327,207203,2026-01-19,98.24,No,
906328,218778,2026-01-20,84.33,No,
906329,237583,2026-01-20,83.91,No,
906330,204165,2026-01-20,49.40,No,
906331,206796,2026-01-20,54.30,No,
906332,237015,2026-01-20,88.65,No,
906333,234465,2026-01-20,119.63,No,
906334,234853,2026-01-20,77.13,No,
906335,235152,2026-01-20,99.90,No,
906336,229697,2026-01-20,66.88,No,
906337,208880,2026-01-20,86.46,No,
906338,201400,2026-01-20,57.43,No,
906339,244728,2026-01-20,29.59,No,
906340,211475,2026-01-20,76.91,No,
906341,237840,2026-01-20,66.75,No,
906342,222712,2026-01-20,65.71,No,
906343,236234,2026-01-20,115.15,Yes,2026-01-22
906344,236279,2026-01-20,94.85,No,
906345,200382,2026-01-20,70.53,No,
906346,214899,2026-01-20,84.95,No,
906347,226829,2026-01-20,87.77,No,
906348,201234,2026-01-20,36.37,No,
906349,243707,2026-01-20,89.99,No,
906350,200163,2026-01-20,82.98,Yes,2026-01-20
906351,204568,2026-01-20,32.90,Yes,2026-01-22
906352,229008,2026-01-20,62.69,No,
906353,226312,2026-01-20,86.12,No,
906354,223075,2026-01-20,78.88,Yes,2026-01-20
906355,202282,2026-01-20,133.25,No,
906356,225251,2026-01-20,85.80,No,
906357,238694,2026-01-20,71.68,No,
906358,202090,2026-01-20,89.09,No,
906359,226551,2026-01-20,88.41,No,
906360,210638,2026-01-20,117.48,No,
906361,244680,2026-01-20,120.57,No,
906362,239189,2026-01-20,82.72,No,
906363,224927,2026-01-20,68.31,No,
906364,207259,2026-01-20,50.67,Yes,2026-01-22
906365,234978,2026-01-20,84.84,No,
906366,222107,2026-01-20,97.54,No,
906367,235739,2026-01-20,82.01,Yes,2026-01-22
906368,224397,2026-01-20,86.15,No,
906369,237419,2026-01-20,48.90,Yes,2026-01-21
906370,239546,2026-01-20,52.92,No,
906371,204156,2026-01-20,26.17,No,
906372,230397,2026-01-20,57.41,No,
906373,240665,2026-01-20,85.16,No,
906374,210703,2026-01-20,61.87,Yes,2026-01-23
906375,246406,2026-01-20,103.27,No,
906376,204448,2026-01-20,95.49,Yes,2026-01-20
906377,233029,2026-01-20,97.88,No,
906378,213087,2026-01-20,97.38,No,
906379,235166,2026-01-20,72.71,No,
906380,202535,2026-01-20,94.46,No,
906381,222344,2026-01-20,82.70,No,
906382,233280,2026-01-20,47.16,No,
906383,244351,2026-01-20,65.47,No,
906384,216898,2026-01-20,61.42,Yes,2026-01-22
906385,204248,2026-01-20,51.88,No,
906386,205023,2026-01-20,27.38,No,
906387,237923,2026-01-20,74.37,No,
906388,202091,2026-01-20,88.83,No,
906389,237792,2026-01-20,68.15,Yes,2026-01-20
906390,230344,2026-01-20,49.84,No,
906391,205694,2026-01-20,87.27,No,
906392,222668,2026-01-20,94.08,No,
906393,248337,2026-01-20,91.53,No,
906394,201354,2026-01-20,64.91,Yes,2026-01-23
906395,223858,2026-01-20,45.28,No,
906396,229316,2026-01-20,114.84,Yes,2026-01-20
906397,219419,2026-01-20,121.26,No,
906398,237094,2026-01-20,72.61,No,
906399,218077,2026-01-20,49.85,No,
906400,209496,2026-01-20,81.15,No,
906401,234011,2026-01-20,100.85,No,
906402,201176,2026-01-20,108.84,No,
906403,235015,2026-01-20,118.95,No,
906404,226305,2026-01-20,95.25,No,
906405,220758,2026-01-20,89.41,Yes,2026-01-22
906406,244153,2026-01-20,86.15,Yes,2026-01-21
906407,231095,2026-01-20,130.21,No,
906408,246565,2026-01-20,79.41,No,
906409,204982,2026-01-20,70.10,No,
906410,239912,2026-01-20,45.92,Yes,2026-01-21
906411,239463,2026-01-20,65.78,Yes,2026-01-23
906412,203417,2026-01-20,85.02,No,
906413,203623,2026-01-20,35.53,No,
906414,205709,2026-01-20,93.94,No,
906415,214184,2026-01-20,48.76,No,
906416,209733,2026-01-20,81.14,No,
906417,216682,2026-01-20,50.81,No,
906418,223497,2026-01-20,75.41,No,
906419,234277,2026-01-20,61.19,No,
906420,240781,2026-01-20,92.72,No,
906421,217753,2026-01-20,72.47,Yes,2026-01-22
906422,202744,2026-01-20,87.06,No,
906423,205386,2026-01-20,102.96,Yes,2026-01-20
906424,204108,2026-01-20,124.94,Yes,2026-01-22
906425,242047,2026-01-20,60.12,No,
906426,238494,2026-01-20,69.87,No,
906427,238018,2026-01-20,46.12,Yes,2026-01-20
906428,245790,2026-01-20,82.65,No,
906429,244470,2026-01-20,107.61,No,
906430,219244,2026-01-20,72.62,No,
906431,235296,2026-01-20,75.30,No,
906432,207606,2026-01-20,110.69,No,
906433,203920,2026-01-20,62.83,No,
906434,219150,2026-01-20,108.56,No,
906435,226003,2026-01-20,59.40,No,
906436,213536,2026-01-20,83.82,No,
906437,244943,2026-01-20,120.54,No,
906438,247784,2026-01-20,94.39,No,
906439,209022,2026-01-20,42.96,No,
906440,246255,2026-01-20,46.04,Yes,2026-01-23
906441,212195,2026-01-20,86.23,Yes,2026-01-22
906442,214054,2026-01-20,77.61,Yes,2026-01-20
906443,227488,2026-01-20,20.00,No,
906444,241316,2026-01-20,98.93,No,
906445,229395,2026-01-20,114.34,No,
906446,220694,2026-01-20,75.28,No,
906447,229349,2026-01-20,72.40,No,
906448,200023,2026-01-20,75.73,No,
906449,219859,2026-01-20,48.21,No,
906450,234509,2026-01-20,99.13,Yes,2026-01-22
906451,237804,2026-01-20,61.40,Yes,2026-01-23
906452,229200,2026-01-20,45.75,Yes,2026-01-20
906453,218728,2026-01-20,112.39,No,
906454,228152,2026-01-21,68.20,Yes,2026-01-21
906455,224342,2026-01-21,86.95,No,
906456,244477,2026-01-21,126.98,No,
906457,213843,2026-01-21,81.88,No,
906458,217510,2026-01-21,47.79,No,
906459,221199,2026-01-21,61.29,No,
906460,208662,2026-01-21,25.82,No,
906461,230823,2026-01-21,115.82,No,
906462,221868,2026-01-21,88.71,Yes,2026-01-21
906463,237560,2026-01-21,149.08,No,
906464,245435,2026-01-21,85.14,No,
906465,211501,2026-01-21,53.24,No,
906466,210745,2026-01-21,90.49,No,
906467,243822,2026-01-21,69.02,No,
906468,216790,2026-01-21,51.39,No,
906469,247495,2026-01-21,66.41,Yes,2026-01-22
906470,203532,2026-01-21,101.49,No,
906471,239964,2026-01-21,89.85,No,
906472,239552,2026-01-21,76.50,No,
906473,240872,2026-01-21,76.80,No,
906474,240698,2026-01-21,74.75,No,
906475,218937,2026-01-21,75.98,No,
906476,217082,2026-01-21,99.44,Yes,2026-01-24
906477,233398,2026-01-21,76.42,No,
906478,240483,2026-01-21,65.79,Yes,2026-01-23
906479,224101,2026-01-21,37.12,Yes,2026-01-23
906480,223404,2026-01-21,59.84,No,
906481,243407,2026-01-21,64.07,No,
906482,215532,2026-01-21,91.39,Yes,2026-01-22
906483,243155,2026-01-21,76.95,No,
906484,206066,2026-01-21,65.96,No,
906485,225394,2026-01-21,93.18,No,
906486,225094,2026-01-21,56.24,No,
906487,239477,2026-01-21,49.41,No,
906488,200775,2026-01-21,117.10,No,
906489,200702,2026-01-21,53.98,Yes,2026-01-22
906490,218541,2026-01-21,73.87,No,
906491,246837,2026-01-21,87.63,No,
906492,202242,2026-01-21,56.73,No,
906493,203696,2026-01-21,97.17,No,
906494,202261,2026-01-21,115.14,No,
906495,204259,2026-01-21,118.53,No,
906496,213805,2026-01-21,90.08,Yes,2026-01-24
906497,238406,2026-01-21,48.17,Yes,2026-01-24
906498,230898,2026-01-21,59.83,No,
906499,229424,2026-01-21,49.22,Yes,2026-01-22
906500,209213,2026-01-21,41.58,No,
906501,200449,2026-01-21,67.91,No,
906502,217870,2026-01-21,81.48,No,
906503,221739,2026-01-21,86.55,Yes,2026-01-24
906504,234023,2026-01-21,72.02,No,
906505,203107,2026-01-21,92.09,No,
906506,203247,2026-01-21,82.31,No,
906507,247808,2026-01-21,53.25,No,
906508,242802,2026-01-21,41.19,No,
906509,214432,2026-01-21,46.51,No,
906510,242056,2026-01-21,87.08,No,
906511,240259,2026-01-21,65.36,No,
906512,240213,2026-01-21,113.97,Yes,2026-01-22
906513,208727,2026-01-21,148.20,Yes,2026-01-24
906514,231703,2026-01-21,42.10,Yes,2026-01-22
906515,235141,2026-01-21,106.42,No,
906516,237272,2026-01-21,67.07,No,
906517,214520,2026-01-21,72.54,No,
906518,219822,2026-01-21,64.75,No,
906519,210973,2026-01-21,76.34,No,
906520,217754,2026-01-21,76.22,No,
906521,201674,2026-01-21,34.29,No,
906522,237073,2026-01-21,87.90,No,
906523,243628,2026-01-21,80.23,No,
906524,205251,2026-01-21,130.54,No,
906525,217888,2026-01-21,68.15,No,
906526,246080,2026-01-21,71.43,No,
906527,225892,2026-01-21,84.66,No,
906528,244412,2026-01-21,56.38,No,
906529,214531,2026-01-21,91.49,No,
906530,225532,2026-01-21,102.84,No,
906531,229339,2026-01-21,129.16,Yes,2026-01-22
906532,224194,2026-01-21,97.51,Yes,2026-01-23
906533,242206,2026-01-21,101.38,Yes,2026-01-22
906534,210129,2026-01-21,59.27,No,
906535,230825,2026-01-21,35.97,No,
906536,246526,2026-01-21,56.03,No,
906537,202172,2026-01-21,60.22,No,
906538,216492,2026-01-21,95.44,No,
906539,246965,2026-01-21,57.06,No,
906540,201217,2026-01-21,106.62,No,
906541,238464,2026-01-21,102.65,No,
906542,201982,2026-01-21,124.56,No,
906543,242725,2026-01-21,92.68,No,
906544,227513,2026-01-21,88.30,No,
906545,232197,2026-01-21,32.37,Yes,2026-01-24
906546,223808,2026-01-21,74.61,Yes,2026-01-22
906547,208579,2026-01-21,62.46,No,
906548,231170,2026-01-21,111.99,Yes,2026-01-21
906549,233042,2026-01-21,75.30,No,
906550,217251,2026-01-21,94.98,No,
906551,241560,2026-01-21,80.42,No,
906552,224823,2026-01-21,63.87,Yes,2026-01-22
906553,203525,2026-01-21,83.57,No,
906554,241098,2026-01-21,56.47,No,
906555,238584,2026-01-21,68.54,No,
906556,218986,2026-01-21,64.74,Yes,2026-01-22
906557,233156,2026-01-21,78.62,No,
906558,244436,2026-01-21,55.14,Yes,2026-01-22
906559,214051,2026-01-21,99.41,No,
906560,241240,2026-01-21,79.09,Yes,2026-01-21
906561,239295,2026-01-21,121.19,No,
906562,228391,2026-01-21,61.31,No,
906563,236366,2026-01-21,87.25,Yes,2026-01-22
906564,247743,2026-01-21,90.85,No,
906565,210212,2026-01-21,123.33,No,
906566,212194,2026-01-21,88.04,Yes,2026-01-22
906567,247186,2026-01-21,40.95,No,
906568,200941,2026-01-21,72.15,Yes,2026-01-24
906569,242568,2026-01-21,24.55,Yes,2026-01-22
906570,223804,2026-01-22,64.84,Yes,2026-01-23
906571,216984,2026-01-22,118.09,No,
906572,243780,2026-01-22,74.46,No,
906573,245932,2026-01-22,110.22,No,
906574,224666,2026-01-22,73.88,Yes,2026-01-24
906575,231482,2026-01-22,98.15,No,
906576,214506,2026-01-22,113.14,No,
906577,204841,2026-01-22,132.65,No,
906578,215714,2026-01-22,112.43,No,
906579,232571,2026-01-22,76.52,No,
906580,233680,2026-01-22,106.42,No,
906581,246524,2026-01-22,83.17,No,
906582,234950,2026-01-22,69.54,No,
906583,203557,2026-01-22,90.73,No,
906584,242255,2026-01-22,83.43,No,
906585,235400,2026-01-22,63.40,No,
906586,228924,2026-01-22,89.54,No,
906587,217232,2026-01-22,94.91,No,
906588,204201,2026-01-22,71.67,No,
906589,210721,2026-01-22,104.17,No,
906590,228458,2026-01-22,62.91,No,
906591,228412,2026-01-22,49.38,Yes,2026-01-23
906592,246980,2026-01-22,117.55,No,
906593,205303,2026-01-22,64.84,No,
906594,242558,2026-01-22,104.88,No,
906595,216914,2026-01-22,78.68,No,
906596,218358,2026-01-22,55.41,No,
906597,208001,2026-01-22,33.68,No,
906598,216841,2026-01-22,90.69,No,
906599,240768,2026-01-22,124.79,No,
906600,223154,2026-01-22,69.39,No,
906601,244517,2026-01-22,95.30,No,
906602,206697,2026-01-22,100.59,No,
906603,213818,2026-01-22,75.52,No,
906604,219789,2026-01-22,89.37,No,
906605,210664,2026-01-22,69.21,No,
906606,206309,2026-01-22,75.72,No,
906607,205146,2026-01-22,35.96,Yes,2026-01-25
906608,221792,2026-01-22,108.65,No,
906609,200904,2026-01-22,70.07,No,
906610,219700,2026-01-22,47.53,No,
906611,220267,2026-01-22,62.12,No,
906612,233679,2026-01-22,100.28,Yes,2026-01-22
906613,225697,2026-01-22,110.48,No,
906614,215610,2026-01-22,63.66,No,
906615,238604,2026-01-22,55.61,No,
906616,221408,2026-01-22,53.08,No,
906617,215486,2026-01-22,48.17,No,
906618,229019,2026-01-22,78.29,No,
906619,214493,2026-01-22,108.93,No,
906620,211157,2026-01-22,77.09,No,
906621,226439,2026-01-22,106.27,No,
906622,221088,2026-01-22,40.21,No,
906623,246481,2026-01-22,98.51,No,
906624,221980,2026-01-22,97.01,No,
906625,206996,2026-01-22,85.81,No,
906626,242039,2026-01-22,119.48,No,
906627,217236,2026-01-22,85.77,No,
906628,242215,2026-01-22,54.35,Yes,2026-01-25
906629,231141,2026-01-22,90.35,Yes,2026-01-24
906630,219662,2026-01-22,46.93,Yes,2026-01-24
906631,236636,2026-01-22,36.04,No,
906632,247895,2026-01-22,51.86,No,
906633,206589,2026-01-22,60.24,Yes,2026-01-24
906634,206618,2026-01-22,69.38,No,
906635,233803,2026-01-22,72.20,Yes,2026-01-23
906636,211894,2026-01-22,103.61,No,
906637,227743,2026-01-22,66.02,No,
906638,212678,2026-01-22,98.67,No,
906639,227983,2026-01-22,96.79,No,
906640,223064,2026-01-22,81.62,No,
906641,228642,2026-01-22,56.81,No,
906642,202880,2026-01-22,98.43,No,
906643,201249,2026-01-22,52.16,No,
906644,234012,2026-01-22,92.92,No,
906645,228846,2026-01-22,100.76,No,
906646,242055,2026-01-22,116.95,No,
906647,234167,2026-01-22,62.76,No,
906648,243351,2026-01-22,73.69,No,
906649,212993,2026-01-22,38.51,Yes,2026-01-25
906650,213250,2026-01-22,119.18,No,
906651,219606,2026-01-22,62.64,Yes,2026-01-22
906652,215404,2026-01-22,44.85,No,
906653,204463,2026-01-22,77.99,No,
906654,238013,2026-01-22,71.97,No,
906655,211538,2026-01-22,49.61,No,
906656,244509,2026-01-22,125.93,No,
906657,206716,2026-01-22,125.97,No,
906658,240134,2026-01-22,91.43,Yes,2026-01-25
906659,218207,2026-01-22,40.62,No,
906660,218708,2026-01-22,58.66,Yes,2026-01-24
906661,227508,2026-01-22,69.94,No,
906662,200380,2026-01-22,97.99,No,
906663,213512,2026-01-22,95.73,No,
906664,205612,2026-01-22,105.70,Yes,2026-01-23
906665,213627,2026-01-22,69.61,No,
906666,219780,2026-01-22,52.55,No,
906667,234309,2026-01-22,63.00,No,
906668,227071,2026-01-22,54.33,No,
906669,230530,2026-01-22,69.51,No,
906670,237012,2026-01-22,52.21,No,
906671,244305,2026-01-22,155.15,No,
906672,234993,2026-01-22,118.17,No,
906673,205035,2026-01-22,101.99,No,
906674,231051,2026-01-22,58.25,No,
906675,213422,2026-01-22,41.56,No,
906676,220876,2026-01-22,36.50,No,
906677,229057,2026-01-22,93.79,No,
906678,216329,2026-01-22,73.05,No,
906679,211831,2026-01-22,98.97,No,
906680,203503,2026-01-22,69.47,No,
906681,248131,2026-01-22,93.79,No,
906682,247283,2026-01-22,108.24,No,
906683,217497,2026-01-22,113.15,No,
906684,225752,2026-01-22,84.14,Yes,2026-01-22
906685,235505,2026-01-22,87.93,No,
906686,225453,2026-01-22,100.15,No,
906687,234736,2026-01-22,64.78,No,
906688,246578,2026-01-22,79.45,No,
906689,235281,2026-01-22,86.72,Yes,2026-01-25
906690,224494,2026-01-22,113.11,No,
906691,212189,2026-01-22,122.81,No,
906692,223088,2026-01-22,74.66,No,
906693,204703,2026-01-23,111.40,No,
906694,223342,2026-01-23,99.65,No,
906695,227073,2026-01-23,101.59,Yes,2026-01-25
906696,244014,2026-01-23,87.57,No,
906697,225957,2026-01-23,115.31,No,
906698,222989,2026-01-23,103.38,Yes,2026-01-23
906699,208443,2026-01-23,108.92,No,
906700,220677,2026-01-23,76.39,No,
906701,214643,2026-01-23,108.57,No,
906702,202620,2026-01-23,58.75,No,
906703,237243,2026-01-23,81.88,No,
906704,222726,2026-01-23,90.86,Yes,2026-01-26
906705,236540,2026-01-23,70.55,No,
906706,235846,2026-01-23,107.54,No,
906707,219782,2026-01-23,85.58,No,
906708,216950,2026-01-23,76.63,Yes,2026-01-23
906709,237052,2026-01-23,69.48,No,
906710,238940,2026-01-23,66.63,No,
906711,247447,2026-01-23,101.47,No,
906712,230229,2026-01-23,69.17,No,
906713,229277,2026-01-23,104.66,No,
906714,218725,2026-01-23,94.58,No,
906715,205869,2026-01-23,120.88,No,
906716,237641,2026-01-23,99.05,Yes,2026-01-25
906717,209249,2026-01-23,103.24,Yes,2026-01-24
906718,226290,2026-01-23,94.48,No,
906719,206486,2026-01-23,60.53,No,
906720,227418,2026-01-23,81.91,No,
906721,219156,2026-01-23,56.97,No,
906722,220453,2026-01-23,71.77,Yes,2026-01-26
906723,215140,2026-01-23,34.85,No,
906724,229655,2026-01-23,101.44,No,
906725,215069,2026-01-23,92.01,No,
906726,204197,2026-01-23,99.44,No,
906727,227984,2026-01-23,79.10,No,
906728,236987,2026-01-23,109.84,No,
906729,206185,2026-01-23,80.58,No,
906730,212284,2026-01-23,99.14,No,
906731,226517,2026-01-23,41.38,Yes,2026-01-26
906732,212398,2026-01-23,94.92,No,
906733,239937,2026-01-23,78.67,No,
906734,212917,2026-01-23,77.82,No,
906735,242368,2026-01-23,73.34,No,
906736,210855,2026-01-23,70.53,No,
906737,224027,2026-01-23,82.40,Yes,2026-01-24
906738,226135,2026-01-23,83.86,No,
906739,241867,2026-01-23,80.15,No,
906740,208358,2026-01-23,65.78,No,
906741,240892,2026-01-23,38.11,No,
906742,200183,2026-01-23,105.99,Yes,2026-01-23
906743,212863,2026-01-23,81.31,Yes,2026-01-23
906744,237968,2026-01-23,105.19,No,
906745,219957,2026-01-23,95.53,No,
906746,246165,2026-01-23,66.00,Yes,2026-01-24
906747,222400,2026-01-23,88.92,No,
906748,212691,2026-01-23,137.62,No,
906749,214133,2026-01-23,101.62,No,
906750,211157,2026-01-23,119.37,No,
906751,243781,2026-01-23,77.21,No,
906752,220053,2026-01-23,59.66,No,
906753,231371,2026-01-23,81.30,No,
906754,214683,2026-01-23,128.63,No,
906755,230598,2026-01-23,72.36,No,
906756,225407,2026-01-23,55.87,No,
906757,234914,2026-01-23,73.28,No,
906758,215108,2026-01-23,78.93,No,
906759,209364,2026-01-23,96.46,Yes,2026-01-23
906760,204446,2026-01-23,122.48,No,
906761,226282,2026-01-23,66.40,No,
906762,228012,2026-01-23,55.45,No,
906763,224464,2026-01-23,67.01,No,
906764,218157,2026-01-23,109.59,No,
906765,231215,2026-01-23,101.90,Yes,2026-01-24
906766,239217,2026-01-23,141.51,No,
906767,240187,2026-01-23,110.79,Yes,2026-01-24
906768,226060,2026-01-23,34.62,Yes,2026-01-24
906769,220285,2026-01-23,64.65,No,
906770,227979,2026-01-23,90.08,No,
906771,228515,2026-01-23,53.89,No,
906772,211853,2026-01-23,78.59,No,
906773,217021,2026-01-23,66.14,No,
906774,224081,2026-01-23,88.17,No,
906775,226510,2026-01-23,74.68,No,
906776,214672,2026-01-23,95.39,No,
906777,228130,2026-01-23,65.50,No,
906778,201155,2026-01-23,86.94,No,
906779,237288,2026-01-23,59.34,No,
906780,205739,2026-01-23,82.31,Yes,2026-01-23
906781,208177,2026-01-23,54.89,No,
906782,222682,2026-01-23,69.99,No,
906783,234948,2026-01-23,62.93,No,
906784,232212,2026-01-23,59.93,No,
906785,202059,2026-01-23,44.39,No,
906786,241154,2026-01-23,100.15,Yes,2026-01-23
906787,202164,2026-01-23,60.05,Yes,2026-01-25
906788,204371,2026-01-23,68.83,Yes,2026-01-26
906789,243924,2026-01-23,54.99,No,
906790,242273,2026-01-23,119.69,No,
906791,222022,2026-01-23,108.73,No,
906792,231884,2026-01-23,124.34,No,
906793,206002,2026-01-23,75.97,No,
906794,207307,2026-01-23,114.43,No,
906795,217664,2026-01-23,84.58,No,
906796,208604,2026-01-23,71.66,No,
906797,226869,2026-01-23,115.56,No,
906798,202894,2026-01-23,132.98,No,
906799,238105,2026-01-23,55.76,No,
906800,204444,2026-01-23,77.41,No,
906801,240165,2026-01-23,61.09,No,
906802,236748,2026-01-23,74.73,No,
906803,212116,2026-01-23,53.16,No,
906804,204586,2026-01-23,96.56,No,
906805,248469,2026-01-23,66.09,No,
906806,225225,2026-01-23,114.18,No,
906807,201948,2026-01-23,62.45,No,
906808,208454,2026-01-23,128.03,No,
906809,201517,2026-01-23,89.93,No,
906810,237314,2026-01-23,68.59,No,
906811,225626,2026-01-23,61.87,No,
906812,207735,2026-01-23,84.27,Yes,2026-01-26
906813,206043,2026-01-23,112.05,No,
906814,234836,2026-01-23,132.17,No,
906815,227424,2026-01-23,77.94,No,
906816,244376,2026-01-23,100.34,No,
906817,207030,2026-01-23,73.25,Yes,2026-01-25
906818,225376,2026-01-23,71.93,No,
906819,247341,2026-01-23,97.65,No,
906820,247221,2026-01-23,84.99,No,
906821,239521,2026-01-23,127.61,Yes,2026-01-25
906822,210884,2026-01-23,51.10,No,
906823,243354,2026-01-23,70.99,No,
906824,232958,2026-01-23,82.17,Yes,2026-01-23
906825,213037,2026-01-23,64.66,No,
906826,231634,2026-01-23,33.46,No,
906827,224130,2026-01-23,95.68,No,
906828,201288,2026-01-23,108.79,No,
906829,211665,2026-01-23,71.77,No,
906830,200318,2026-01-23,53.92,No,
906831,239859,2026-01-24,81.39,No,
906832,229111,2026-01-24,81.88,No,
906833,206680,2026-01-24,100.32,No,
906834,225492,2026-01-24,74.50,No,
906835,215679,2026-01-24,117.26,No,
906836,219433,2026-01-24,64.25,No,
906837,227590,2026-01-24,28.25,No,
906838,245577,2026-01-24,105.45,Yes,2026-01-24
906839,207112,2026-01-24,87.72,No,
906840,229705,2026-01-24,104.14,No,
906841,225386,2026-01-24,83.76,No,
906842,240198,2026-01-24,96.11,No,
906843,244180,2026-01-24,77.31,Yes,2026-01-27
906844,231782,2026-01-24,101.89,Yes,2026-01-24
906845,247040,2026-01-24,100.41,Yes,2026-01-27
906846,247942,2026-01-24,103.19,No,
906847,207444,2026-01-24,82.91,Yes,2026-01-27
906848,203684,2026-01-24,76.83,No,
906849,210833,2026-01-24,87.43,No,
906850,240823,2026-01-24,96.88,No,
906851,234837,2026-01-24,79.68,No,
906852,210993,2026-01-24,68.98,No,
906853,245385,2026-01-24,48.73,No,
906854,219845,2026-01-24,109.10,No,
906855,217646,2026-01-24,111.02,No,
906856,241219,2026-01-24,56.11,No,
906857,243522,2026-01-24,78.95,No,
906858,214627,2026-01-24,128.37,Yes,2026-01-27
906859,219641,2026-01-24,92.51,No,
906860,235350,2026-01-24,88.53,Yes,2026-01-24
906861,238733,2026-01-24,34.58,No,
906862,206562,2026-01-24,74.37,Yes,2026-01-26
906863,213709,2026-01-24,46.20,Yes,2026-01-25
906864,206402,2026-01-24,117.44,No,
906865,243255,2026-01-24,101.08,No,
906866,203986,2026-01-24,70.40,No,
906867,234029,2026-01-24,121.36,No,
906868,229071,2026-01-24,111.66,No,
906869,232929,2026-01-24,56.83,No,
906870,201524,2026-01-24,101.52,No,
906871,212531,2026-01-24,27.33,No,
906872,243178,2026-01-24,69.71,Yes,2026-01-24
906873,243847,2026-01-24,118.55,No,
906874,200780,2026-01-24,57.93,No,
906875,215856,2026-01-24,99.15,No,
906876,234683,2026-01-24,71.61,No,
906877,221645,2026-01-24,124.59,Yes,2026-01-27
906878,211231,2026-01-24,102.35,No,
906879,211563,2026-01-24,57.35,No,
906880,200364,2026-01-24,107.99,No,
906881,206337,2026-01-24,53.88,Yes,2026-01-24
906882,202093,2026-01-24,153.81,No,
906883,229074,2026-01-24,104.96,No,
906884,244285,2026-01-24,86.38,Yes,2026-01-25
906885,217786,2026-01-24,69.91,No,
906886,221596,2026-01-24,119.71,No,
906887,210763,2026-01-24,94.44,No,
906888,220833,2026-01-24,85.38,Yes,2026-01-25
906889,233171,2026-01-24,105.46,No,
906890,224390,2026-01-24,98.49,Yes,2026-01-27
906891,224841,2026-01-24,66.01,Yes,2026-01-27
906892,243374,2026-01-24,69.18,No,
906893,218135,2026-01-24,46.75,No,
906894,241987,2026-01-24,74.37,No,
906895,229957,2026-01-24,28.67,No,
906896,224544,2026-01-24,65.21,No,
906897,229693,2026-01-24,72.82,Yes,2026-01-26
906898,200405,2026-01-24,95.25,Yes,2026-01-25
906899,247582,2026-01-24,84.58,No,
906900,213946,2026-01-24,94.40,Yes,2026-01-25
906901,238895,2026-01-24,79.51,No,
906902,215678,2026-01-24,122.00,No,
906903,223317,2026-01-24,82.97,No,
906904,245299,2026-01-24,90.50,Yes,2026-01-26
906905,235267,2026-01-24,88.54,No,
906906,239173,2026-01-24,80.49,No,
906907,208615,2026-01-24,89.79,No,
906908,232252,2026-01-24,87.87,No,
906909,207306,2026-01-24,71.77,No,
906910,229333,2026-01-24,59.89,Yes,2026-01-24
906911,218833,2026-01-24,73.93,Yes,2026-01-25
906912,228684,2026-01-24,57.49,Yes,2026-01-26
906913,236045,2026-01-24,67.56,Yes,2026-01-26
906914,235344,2026-01-24,39.77,Yes,2026-01-27
906915,232433,2026-01-24,100.69,No,
906916,226840,2026-01-24,96.04,No,
906917,228978,2026-01-24,75.39,No,
906918,239783,2026-01-24,83.04,No,
906919,213711,2026-01-24,106.33,No,
906920,202788,2026-01-24,82.54,No,
906921,226195,2026-01-24,108.09,No,
906922,213880,2026-01-24,109.82,No,
906923,209065,2026-01-24,35.18,No,
906924,246404,2026-01-24,80.71,No,
906925,243393,2026-01-24,108.86,No,
906926,245411,2026-01-24,80.25,No,
906927,235432,2026-01-24,91.42,No,
906928,201236,2026-01-24,127.43,No,
906929,216251,2026-01-24,102.76,Yes,2026-01-24
906930,230536,2026-01-24,82.33,Yes,2026-01-25
906931,211477,2026-01-24,102.75,Yes,2026-01-26
906932,232622,2026-01-24,72.55,No,
906933,221004,2026-01-24,85.89,No,
906934,213941,2026-01-24,49.20,No,
906935,208313,2026-01-24,110.12,No,
906936,212648,2026-01-24,60.01,No,
906937,243705,2026-01-24,51.90,No,
906938,248233,2026-01-24,72.79,No,
906939,209088,2026-01-24,74.69,No,
906940,209849,2026-01-24,81.62,No,
906941,240596,2026-01-24,48.90,Yes,2026-01-25
906942,231484,2026-01-24,47.51,No,
906943,247504,2026-01-24,57.66,Yes,2026-01-27
906944,224047,2026-01-24,75.40,No,
906945,203533,2026-01-24,60.40,No,
906946,239841,2026-01-24,121.89,No,
906947,205295,2026-01-24,44.83,No,
906948,213921,2026-01-24,83.66,No,
906949,241295,2026-01-24,83.74,No,
906950,234993,2026-01-24,88.79,No,
906951,233431,2026-01-24,50.98,Yes,2026-01-25
906952,247495,2026-01-24,54.31,No,
906953,233776,2026-01-24,80.47,No,
906954,227596,2026-01-24,138.32,No,
906955,226082,2026-01-24,95.04,No,
906956,208383,2026-01-24,82.89,Yes,2026-01-24
906957,216558,2026-01-24,113.51,No,
906958,240337,2026-01-24,70.28,No,
906959,200931,2026-01-24,81.07,No,
906960,246583,2026-01-24,74.70,No,
906961,244534,2026-01-24,102.21,No,
906962,219467,2026-01-24,49.11,No,
906963,213645,2026-01-24,63.52,No,
906964,203840,2026-01-24,73.95,No,
906965,240960,2026-01-24,52.06,No,
906966,224372,2026-01-25,78.19,No,
906967,206538,2026-01-25,76.91,No,
906968,236489,2026-01-25,54.43,Yes,2026-01-25
906969,246074,2026-01-25,113.27,No,
906970,238117,2026-01-25,104.80,No,
906971,219944,2026-01-25,88.19,Yes,2026-01-26
906972,244798,2026-01-25,87.83,No,
906973,226076,2026-01-25,37.12,No,
906974,245681,2026-01-25,61.56,No,
906975,245397,2026-01-25,71.88,No,
906976,234355,2026-01-25,81.88,No,
906977,235967,2026-01-25,65.72,No,
906978,222669,2026-01-25,45.59,No,
906979,206012,2026-01-25,59.61,Yes,2026-01-27
906980,239628,2026-01-25,89.44,No,
906981,228846,2026-01-25,20.00,No,
906982,212589,2026-01-25,82.84,No,
906983,245035,2026-01-25,57.47,No,
906984,235804,2026-01-25,118.94,No,
906985,222196,2026-01-25,101.03,No,
906986,248451,2026-01-25,92.05,Yes,2026-01-28
906987,228597,2026-01-25,103.12,No,
906988,238594,2026-01-25,108.09,No,
906989,211433,2026-01-25,118.26,No,
906990,202465,2026-01-25,86.65,No,
906991,237671,2026-01-25,86.19,No,
906992,201374,2026-01-25,105.80,No,
906993,218695,2026-01-25,48.77,No,
906994,200481,2026-01-25,85.90,No,
906995,205849,2026-01-25,79.20,No,
906996,202230,2026-01-25,108.15,No,
906997,248282,2026-01-25,47.49,No,
906998,216284,2026-01-25,83.68,No,
906999,226458,2026-01-25,128.49,No,
907000,242276,2026-01-25,122.95,No,
907001,220171,2026-01-25,60.72,No,
907002,216338,2026-01-25,110.66,No,
907003,231833,2026-01-25,76.65,No,
907004,216652,2026-01-25,94.88,Yes,2026-01-27
907005,233799,2026-01-25,78.68,No,
907006,240049,2026-01-25,88.45,Yes,2026-01-27
907007,205021,2026-01-25,87.87,No,
907008,215359,2026-01-25,129.24,No,
907009,237442,2026-01-25,100.49,No,
907010,239755,2026-01-25,89.48,No,
907011,200594,2026-01-25,77.27,Yes,2026-01-28
907012,240251,2026-01-25,116.15,No,
907013,208542,2026-01-25,48.88,No,
907014,212394,2026-01-25,94.49,No,
907015,239430,2026-01-25,46.31,No,
907016,238153,2026-01-25,128.90,No,
907017,226531,2026-01-25,77.49,No,
907018,242950,2026-01-25,68.55,No,
907019,227753,2026-01-25,45.40,No,
907020,211563,2026-01-25,126.12,No,
907021,212253,2026-01-25,108.38,No,
907022,203558,2026-01-25,49.37,Yes,2026-01-28
907023,248166,2026-01-25,94.11,No,
907024,218885,2026-01-25,50.56,No,
907025,221975,2026-01-25,112.19,Yes,2026-01-27
907026,223107,2026-01-25,73.50,No,
907027,228653,2026-01-25,83.07,No,
907028,231214,2026-01-25,55.84,No,
907029,224172,2026-01-25,118.98,No,
907030,208486,2026-01-25,82.66,No,
907031,218662,2026-01-25,96.39,No,
907032,232270,2026-01-25,104.49,No,
907033,246758,2026-01-25,78.39,Yes,2026-01-28
907034,238217,2026-01-25,92.10,No,
907035,245398,2026-01-25,86.91,Yes,2026-01-27
907036,200019,2026-01-25,103.83,No,
907037,228200,2026-01-25,81.23,Yes,2026-01-26
907038,226501,2026-01-25,94.97,No,
907039,244242,2026-01-25,25.72,No,
907040,233312,2026-01-25,49.63,No,
907041,237086,2026-01-25,75.79,No,
907042,204836,2026-01-25,85.91,Yes,2026-01-25
907043,240378,2026-01-25,72.30,No,
907044,238104,2026-01-25,80.39,No,
907045,210654,2026-01-25,58.65,No,
907046,222627,2026-01-25,90.37,Yes,2026-01-28
907047,223386,2026-01-25,70.07,No,
907048,219896,2026-01-25,110.77,No,
907049,237953,2026-01-25,107.39,No,
907050,241711,2026-01-25,95.29,No,
907051,201285,2026-01-25,48.60,No,
907052,222804,2026-01-25,51.57,No,
907053,216691,2026-01-25,46.46,No,
907054,206401,2026-01-25,98.70,No,
907055,246104,2026-01-25,80.58,No,
907056,226536,2026-01-25,84.25,Yes,2026-01-25
907057,232874,2026-01-25,94.36,No,
907058,226072,2026-01-25,50.17,No,
907059,231633,2026-01-25,61.39,No,
907060,204677,2026-01-25,60.24,No,
907061,221788,2026-01-25,130.50,No,
907062,231573,2026-01-25,95.69,No,
907063,211468,2026-01-25,85.38,No,
907064,247556,2026-01-25,115.47,No,
907065,206341,2026-01-25,61.06,Yes,2026-01-27
907066,227789,2026-01-25,75.77,No,
907067,217677,2026-01-25,62.31,No,
907068,240116,2026-01-25,89.29,No,
907069,246169,2026-01-25,90.96,No,
907070,219178,2026-01-25,103.75,No,
907071,210810,2026-01-25,65.01,No,
907072,234980,2026-01-25,102.70,No,
907073,216431,2026-01-25,105.85,No,
907074,231123,2026-01-25,60.88,No,
907075,212323,2026-01-25,77.69,No,
907076,224819,2026-01-25,73.11,No,
907077,220283,2026-01-25,124.12,No,
907078,200956,2026-01-25,77.44,No,
907079,236348,2026-01-25,85.82,No,
907080,208851,2026-01-25,76.80,No,
907081,231782,2026-01-25,109.55,No,
907082,232735,2026-01-25,98.07,No,
907083,223009,2026-01-25,75.66,No,
907084,202721,2026-01-25,90.29,Yes,2026-01-28
907085,208915,2026-01-25,57.24,No,
907086,223603,2026-01-25,94.41,No,
907087,230260,2026-01-25,71.45,No,
907088,219706,2026-01-25,124.73,No,
907089,231486,2026-01-25,102.92,No,
907090,235074,2026-01-25,69.03,No,
907091,208944,2026-01-25,86.47,No,
907092,245626,2026-01-25,89.49,No,
907093,228283,2026-01-25,86.24,No,
907094,234061,2026-01-25,107.64,No,
907095,228406,2026-01-25,106.84,No,
907096,246301,2026-01-25,91.34,No,
907097,239938,2026-01-25,84.90,Yes,2026-01-26
907098,214758,2026-01-25,97.85,No,
907099,218836,2026-01-25,105.36,Yes,2026-01-28
907100,241362,2026-01-25,112.98,No,
907101,223645,2026-01-25,61.94,No,
907102,215386,2026-01-25,109.77,No,
907103,217720,2026-01-25,39.97,Yes,2026-01-26
907104,228181,2026-01-25,94.21,No,
907105,219694,2026-01-25,99.95,No,
907106,236743,2026-01-25,86.29,Yes,2026-01-25
907107,232155,2026-01-25,102.67,No,
907108,239804,2026-01-25,72.14,No,
907109,213826,2026-01-25,20.00,No,
907110,213278,2026-01-25,69.35,No,
907111,240965,2026-01-25,88.09,No,
907112,217449,2026-01-25,66.43,No,
907113,243369,2026-01-26,74.27,Yes,2026-01-28
907114,219955,2026-01-26,74.05,No,
907115,237144,2026-01-26,98.78,Yes,2026-01-27
907116,217630,2026-01-26,61.71,No,
907117,232266,2026-01-26,94.78,No,
907118,244815,2026-01-26,62.73,No,
907119,229691,2026-01-26,58.57,No,
907120,227193,2026-01-26,86.11,No,
907121,222034,2026-01-26,48.02,No,
907122,210492,2026-01-26,55.08,No,
907123,236997,2026-01-26,112.12,No,
907124,228842,2026-01-26,93.29,Yes,2026-01-29
907125,221814,2026-01-26,71.03,No,
907126,218273,2026-01-26,46.15,No,
907127,207210,2026-01-26,87.18,No,
907128,214675,2026-01-26,78.11,No,
907129,206308,2026-01-26,75.09,Yes,2026-01-28
907130,229883,2026-01-26,101.86,No,
907131,211982,2026-01-26,74.69,No,
907132,221336,2026-01-26,72.62,No,
907133,200761,2026-01-26,102.28,No,
907134,206625,2026-01-26,79.21,No,
907135,208499,2026-01-26,149.87,Yes,2026-01-26
907136,233880,2026-01-26,91.18,No,
907137,221501,2026-01-26,63.67,No,
907138,218575,2026-01-26,69.88,No,
907139,211214,2026-01-26,76.09,No,
907140,226835,2026-01-26,68.24,No,
907141,225169,2026-01-26,64.18,No,
907142,243098,2026-01-26,42.79,Yes,2026-01-28
907143,204441,2026-01-26,35.05,Yes,2026-01-29
907144,212421,2026-01-26,47.21,No,
907145,235587,2026-01-26,100.02,No,
907146,236333,2026-01-26,61.34,No,
907147,233121,2026-01-26,77.28,No,
907148,244048,2026-01-26,96.16,No,
907149,233344,2026-01-26,113.38,No,
907150,201802,2026-01-26,76.48,No,
907151,230674,2026-01-26,60.98,No,
907152,244580,2026-01-26,99.31,No,
907153,205635,2026-01-26,76.15,No,
907154,223111,2026-01-26,69.32,Yes,2026-01-29
907155,224021,2026-01-26,57.00,No,
907156,243767,2026-01-26,145.46,No,
907157,213692,2026-01-26,79.10,No,
907158,210111,2026-01-26,86.99,No,
907159,245337,2026-01-26,78.22,No,
907160,224758,2026-01-26,78.98,No,
907161,241907,2026-01-26,71.01,No,
907162,200819,2026-01-26,92.09,No,
907163,221783,2026-01-26,122.28,No,
907164,227923,2026-01-26,93.92,Yes,2026-01-29
907165,219485,2026-01-26,69.77,No,
907166,234152,2026-01-26,64.25,Yes,2026-01-26
907167,237765,2026-01-26,60.22,No,
907168,201137,2026-01-26,77.45,No,
907169,216451,2026-01-26,42.83,Yes,2026-01-27
907170,219960,2026-01-26,38.76,Yes,2026-01-27
907171,215987,2026-01-26,95.93,No,
907172,241242,2026-01-26,82.22,Yes,2026-01-27
907173,206962,2026-01-26,144.48,No,
907174,218378,2026-01-26,70.13,No,
907175,213857,2026-01-26,75.65,Yes,2026-01-27
907176,221798,2026-01-26,117.64,No,
907177,243754,2026-01-26,92.15,Yes,2026-01-28
907178,200219,2026-01-26,92.11,No,
907179,202654,2026-01-26,86.71,No,
907180,232262,2026-01-26,139.15,No,
907181,213793,2026-01-26,65.87,No,
907182,241306,2026-01-26,132.37,No,
907183,200287,2026-01-26,136.18,No,
907184,239508,2026-01-26,56.37,No,
907185,210188,2026-01-26,72.09,No,
907186,247943,2026-01-26,74.02,No,
907187,218095,2026-01-26,90.45,No,
907188,200318,2026-01-26,83.47,No,
907189,236525,2026-01-26,84.30,No,
907190,209597,2026-01-26,110.53,No,
907191,241630,2026-01-26,83.82,No,
907192,235253,2026-01-26,99.64,Yes,2026-01-29
907193,212135,2026-01-26,70.26,No,
907194,205295,2026-01-26,20.00,Yes,2026-01-28
907195,247487,2026-01-26,47.59,Yes,2026-01-27
907196,207480,2026-01-26,80.78,Yes,2026-01-26
907197,225767,2026-01-26,79.14,No,
907198,225857,2026-01-26,102.42,No,
907199,215655,2026-01-26,82.35,No,
907200,224321,2026-01-26,65.50,No,
907201,216599,2026-01-26,56.53,Yes,2026-01-28
907202,205549,2026-01-26,112.87,No,
907203,234232,2026-01-26,128.93,No,
907204,223073,2026-01-26,71.97,No,
907205,228877,2026-01-26,64.73,No,
907206,229912,2026-01-26,91.79,Yes,2026-01-29
907207,221937,2026-01-26,65.41,Yes,2026-01-29
907208,246917,2026-01-26,78.24,No,
907209,234343,2026-01-26,44.05,No,
907210,241349,2026-01-26,77.27,No,
907211,232757,2026-01-26,63.05,No,
907212,216655,2026-01-26,37.54,No,
907213,237348,2026-01-26,107.23,No,
907214,231093,2026-01-26,77.69,No,
907215,213259,2026-01-26,91.54,Yes,2026-01-29
907216,227649,2026-01-26,74.03,No,
907217,238503,2026-01-26,97.99,Yes,2026-01-29
907218,236653,2026-01-26,65.90,No,
907219,245236,2026-01-26,55.23,No,
907220,226869,2026-01-26,102.80,No,
907221,246654,2026-01-26,87.03,No,
907222,209716,2026-01-26,76.78,No,
907223,242301,2026-01-26,56.56,No,
907224,226082,2026-01-26,37.58,No,
907225,235762,2026-01-26,86.73,No,
907226,200317,2026-01-26,120.57,Yes,2026-01-27
907227,213013,2026-01-26,46.12,Yes,2026-01-27
907228,211145,2026-01-26,94.11,No,
907229,215205,2026-01-26,120.54,No,
907230,231747,2026-01-26,85.61,No,
907231,246086,2026-01-26,80.55,No,
907232,229033,2026-01-26,93.50,No,
907233,215698,2026-01-26,94.39,No,
907234,237458,2026-01-26,46.24,No,
907235,240564,2026-01-26,94.85,No,
907236,225924,2026-01-26,94.83,No,
907237,215597,2026-01-26,75.11,No,
907238,217552,2026-01-26,72.33,No,
907239,218762,2026-01-26,49.80,Yes,2026-01-26
907240,225550,2026-01-26,82.85,No,
907241,228897,2026-01-26,66.65,No,
907242,236897,2026-01-26,91.42,No,
907243,232746,2026-01-26,125.09,No,
907244,205362,2026-01-26,75.12,No,
907245,222996,2026-01-26,101.51,No,
907246,200704,2026-01-26,52.14,No,
907247,242167,2026-01-26,83.41,No,
907248,242390,2026-01-26,132.86,No,
907249,208408,2026-01-26,73.45,No,
907250,200665,2026-01-26,94.34,No,
907251,220730,2026-01-26,116.25,No,
907252,241557,2026-01-26,95.32,No,
907253,237367,2026-01-26,59.63,No,
907254,244152,2026-01-26,85.62,No,
907255,237838,2026-01-27,80.15,No,
907256,242655,2026-01-27,91.57,No,
907257,238247,2026-01-27,82.53,No,
907258,225471,2026-01-27,71.54,No,
907259,223546,2026-01-27,110.78,Yes,2026-01-28
907260,237171,2026-01-27,46.73,No,
907261,242383,2026-01-27,65.91,No,
907262,206425,2026-01-27,94.41,No,
907263,231788,2026-01-27,96.76,No,
907264,201400,2026-01-27,94.27,No,
907265,242169,2026-01-27,52.82,Yes,2026-01-27
907266,230123,2026-01-27,70.99,No,
907267,231764,2026-01-27,45.10,Yes,2026-01-28
907268,205353,2026-01-27,37.53,No,
907269,228258,2026-01-27,69.40,No,
907270,207158,2026-01-27,103.75,No,
907271,245843,2026-01-27,88.09,No,
907272,209976,2026-01-27,38.68,Yes,2026-01-27
907273,201815,2026-01-27,95.96,Yes,2026-01-29
907274,210715,2026-01-27,122.42,No,
907275,238656,2026-01-27,77.49,Yes,2026-01-30
907276,216557,2026-01-27,61.72,No,
907277,228074,2026-01-27,141.69,Yes,2026-01-30
907278,245678,2026-01-27,66.76,No,
907279,210687,2026-01-27,148.63,No,
907280,200281,2026-01-27,101.64,No,
907281,215946,2026-01-27,79.75,Yes,2026-01-27
907282,240197,2026-01-27,71.42,No,
907283,214103,2026-01-27,101.48,Yes,2026-01-30
907284,203066,2026-01-27,92.84,No,
907285,237365,2026-01-27,127.16,No,
907286,214408,2026-01-27,100.55,No,
907287,229711,2026-01-27,107.76,No,
907288,233244,2026-01-27,86.24,No,
907289,212514,2026-01-27,88.46,No,
907290,235948,2026-01-27,88.84,Yes,2026-01-30
907291,217352,2026-01-27,62.87,No,
907292,248031,2026-01-27,37.71,Yes,2026-01-28
907293,207473,2026-01-27,66.18,No,
907294,227682,2026-01-27,67.55,No,
907295,248388,2026-01-27,83.98,No,
907296,212558,2026-01-27,99.35,No,
907297,244908,2026-01-27,80.42,No,
907298,221877,2026-01-27,95.66,No,
907299,212539,2026-01-27,40.68,No,
907300,232372,2026-01-27,42.96,No,
907301,216960,2026-01-27,94.34,No,
907302,246298,2026-01-27,94.83,Yes,2026-01-29
907303,237700,2026-01-27,57.49,No,
907304,241855,2026-01-27,43.62,No,
907305,212219,2026-01-27,72.24,No,
907306,224510,2026-01-27,88.56,No,
907307,218819,2026-01-27,106.63,Yes,2026-01-28
907308,231106,2026-01-27,57.15,Yes,2026-01-29
907309,213770,2026-01-27,79.40,Yes,2026-01-28
907310,233833,2026-01-27,85.36,No,
907311,247936,2026-01-27,79.27,No,
907312,220141,2026-01-27,90.16,Yes,2026-01-27
907313,207179,2026-01-27,87.72,Yes,2026-01-30
907314,237929,2026-01-27,76.67,Yes,2026-01-29
907315,244303,2026-01-27,98.99,No,
907316,203218,2026-01-27,89.37,No,
907317,231320,2026-01-27,67.45,No,
907318,225357,2026-01-27,112.39,No,
907319,236215,2026-01-27,89.57,No,
907320,203859,2026-01-27,104.35,No,
907321,207351,2026-01-27,75.13,Yes,2026-01-27
907322,216428,2026-01-27,41.89,Yes,2026-01-28
907323,217212,2026-01-27,76.17,Yes,2026-01-30
907324,239408,2026-01-27,97.93,No,
907325,202910,2026-01-27,120.08,No,
907326,246508,2026-01-27,116.34,No,
907327,212788,2026-01-27,119.94,Yes,2026-01-27
907328,204358,2026-01-27,74.61,Yes,2026-01-30
907329,221322,2026-01-27,110.97,No,
907330,216174,2026-01-27,99.71,No,
907331,228415,2026-01-27,78.98,Yes,2026-01-29
907332,226617,2026-01-27,45.21,No,
907333,207133,2026-01-27,102.16,Yes,2026-01-27
907334,208114,2026-01-27,80.40,No,
907335,201544,2026-01-27,44.07,No,
907336,218288,2026-01-27,94.29,No,
907337,235655,2026-01-27,84.22,No,
907338,203113,2026-01-27,97.11,No,
907339,247743,2026-01-27,144.03,No,
907340,221056,2026-01-27,54.71,No,
907341,246062,2026-01-27,86.75,No,
907342,243329,2026-01-27,87.76,No,
907343,229356,2026-01-27,79.30,No,
907344,211683,2026-01-27,107.19,No,
907345,243870,2026-01-27,80.15,No,
907346,236883,2026-01-27,78.02,Yes,2026-01-29
907347,230427,2026-01-27,102.79,No,
907348,243270,2026-01-27,82.75,No,
907349,241123,2026-01-27,72.54,No,
907350,222338,2026-01-27,104.42,No,
907351,210207,2026-01-27,99.44,No,
907352,216409,2026-01-27,95.61,No,
907353,217128,2026-01-27,56.03,No,
907354,214335,2026-01-27,106.86,No,
907355,236711,2026-01-27,61.11,No,
907356,226453,2026-01-27,80.27,No,
907357,227634,2026-01-27,77.23,No,
907358,213869,2026-01-27,62.76,Yes,2026-01-27
907359,239624,2026-01-27,76.69,No,
907360,234654,2026-01-27,78.96,No,
907361,223063,2026-01-27,75.51,No,
907362,201088,2026-01-27,104.06,No,
907363,226377,2026-01-27,102.89,Yes,2026-01-29
907364,219205,2026-01-27,56.80,No,
907365,223309,2026-01-27,90.15,Yes,2026-01-29
907366,203376,2026-01-27,72.24,Yes,2026-01-30
907367,227814,2026-01-27,101.27,Yes,2026-01-28
907368,235900,2026-01-27,74.42,No,
907369,240883,2026-01-27,95.16,No,
907370,200042,2026-01-27,29.49,No,
907371,205673,2026-01-27,80.38,No,
907372,236553,2026-01-27,66.58,No,
907373,244628,2026-01-27,115.47,No,
907374,238433,2026-01-27,39.04,No,
907375,235682,2026-01-27,118.10,No,
907376,231754,2026-01-27,106.77,No,
907377,241644,2026-01-27,122.46,No,
907378,230728,2026-01-27,53.91,No,
907379,202984,2026-01-27,66.82,No,
907380,242484,2026-01-27,109.89,No,
907381,223694,2026-01-27,56.20,Yes,2026-01-27
907382,216618,2026-01-28,75.27,No,
907383,210531,2026-01-28,93.43,Yes,2026-01-29
907384,241321,2026-01-28,101.59,No,
907385,226968,2026-01-28,86.49,No,
907386,207634,2026-01-28,107.21,No,
907387,230831,2026-01-28,97.40,No,
907388,213500,2026-01-28,71.10,Yes,2026-01-29
907389,236234,2026-01-28,86.94,No,
907390,207142,2026-01-28,35.96,No,
907391,202070,2026-01-28,73.81,No,
907392,247185,2026-01-28,107.88,Yes,2026-01-28
907393,239210,2026-01-28,20.00,No,
907394,205840,2026-01-28,141.54,No,
907395,234006,2026-01-28,113.22,Yes,2026-01-31
907396,240548,2026-01-28,83.54,No,
907397,222210,2026-01-28,62.47,No,
907398,235046,2026-01-28,81.79,No,
907399,231319,2026-01-28,98.69,No,
907400,238696,2026-01-28,50.52,No,
907401,237636,2026-01-28,78.88,Yes,2026-01-28
907402,211676,2026-01-28,71.12,No,
907403,215689,2026-01-28,86.63,No,
907404,243858,2026-01-28,62.58,No,
907405,233599,2026-01-28,65.61,No,
907406,215666,2026-01-28,72.79,No,
907407,236031,2026-01-28,105.52,Yes,2026-01-30
907408,202928,2026-01-28,78.36,No,
907409,246234,2026-01-28,89.52,Yes,2026-01-28
907410,212901,2026-01-28,75.33,No,
907411,214990,2026-01-28,138.32,No,
907412,204790,2026-01-28,106.38,No,
907413,233004,2026-01-28,23.57,No,
907414,239778,2026-01-28,95.89,No,
907415,248145,2026-01-28,94.14,No,
907416,219663,2026-01-28,54.94,No,
907417,243183,2026-01-28,81.43,Yes,2026-01-30
907418,218052,2026-01-28,72.97,No,
907419,233299,2026-01-28,132.03,No,
907420,243890,2026-01-28,72.61,No,
907421,238741,2026-01-28,79.74,No,
907422,239009,2026-01-28,82.79,No,
907423,212778,2026-01-28,105.66,No,
907424,239096,2026-01-28,92.09,Yes,2026-01-30
907425,223295,2026-01-28,86.11,No,
907426,237585,2026-01-28,41.65,No,
907427,210851,2026-01-28,67.28,No,
907428,245058,2026-01-28,93.25,No,
907429,237692,2026-01-28,78.94,No,
907430,236458,2026-01-28,83.80,No,
907431,220128,2026-01-28,95.39,Yes,2026-01-31
907432,220898,2026-01-28,53.07,No,
907433,201795,2026-01-28,39.76,No,
907434,212188,2026-01-28,76.45,No,
907435,211318,2026-01-28,85.22,No,
907436,211009,2026-01-28,108.65,No,
907437,247339,2026-01-28,88.52,Yes,2026-01-29
907438,215366,2026-01-28,104.35,No,
907439,209736,2026-01-28,89.04,No,
907440,232730,2026-01-28,74.84,No,
907441,229072,2026-01-28,83.15,No,
907442,219312,2026-01-28,55.32,No,
907443,207281,2026-01-28,97.78,No,
907444,242967,2026-01-28,73.98,No,
907445,204943,2026-01-28,121.12,No,
907446,243233,2026-01-28,87.88,No,
907447,232641,2026-01-28,39.39,Yes,2026-01-31
907448,227539,2026-01-28,122.32,No,
907449,228407,2026-01-28,120.42,No,
907450,246068,2026-01-28,104.90,No,
907451,223412,2026-01-28,20.00,No,
907452,218428,2026-01-28,121.26,No,
907453,220422,2026-01-28,38.45,No,
907454,212920,2026-01-28,48.15,No,
907455,204566,2026-01-28,91.96,No,
907456,204702,2026-01-28,129.84,No,
907457,202822,2026-01-28,52.24,No,
907458,240798,2026-01-28,66.25,No,
907459,221113,2026-01-28,60.21,No,
907460,207960,2026-01-28,92.93,No,
907461,217506,2026-01-28,129.84,No,
907462,221392,2026-01-28,58.56,No,
907463,200104,2026-01-28,126.76,No,
907464,220318,2026-01-28,61.20,No,
907465,242881,2026-01-28,86.87,No,
907466,235598,2026-01-28,121.37,No,
907467,244228,2026-01-28,77.02,No,
907468,219368,2026-01-28,20.00,No,
907469,242298,2026-01-28,70.38,No,
907470,241794,2026-01-28,74.97,No,
907471,241160,2026-01-28,101.69,No,
907472,218447,2026-01-28,77.51,No,
907473,225498,2026-01-28,114.75,No,
907474,227041,2026-01-28,69.92,No,
907475,211454,2026-01-28,126.20,Yes,2026-01-31
907476,234151,2026-01-28,125.00,Yes,2026-01-30
907477,213889,2026-01-28,94.17,No,
907478,243081,2026-01-28,92.02,No,
907479,224937,2026-01-28,92.62,No,
907480,225089,2026-01-28,31.87,No,
907481,243893,2026-01-28,47.32,No,
907482,204025,2026-01-28,90.09,Yes,2026-01-28
907483,213630,2026-01-28,96.91,Yes,2026-01-31
907484,209565,2026-01-28,20.00,Yes,2026-01-28
907485,212787,2026-01-28,57.10,Yes,2026-01-30
907486,221687,2026-01-28,58.01,No,
907487,202357,2026-01-28,82.42,Yes,2026-01-31
907488,229982,2026-01-28,60.87,No,
907489,214383,2026-01-28,57.61,No,
907490,231380,2026-01-28,88.39,No,
907491,230223,2026-01-28,124.88,No,
907492,211563,2026-01-28,61.23,No,
907493,219307,2026-01-28,70.11,No,
907494,222308,2026-01-28,126.10,No,
907495,228405,2026-01-28,134.34,No,
907496,226427,2026-01-28,79.13,No,
907497,223706,2026-01-28,79.12,No,
907498,226361,2026-01-28,48.67,Yes,2026-01-28
907499,236564,2026-01-28,67.14,No,
907500,221217,2026-01-28,61.78,Yes,2026-01-31
907501,207943,2026-01-28,89.87,Yes,2026-01-31
907502,219655,2026-01-28,80.91,No,
907503,201038,2026-01-28,53.44,No,
907504,204892,2026-01-28,96.93,Yes,2026-01-29
907505,200374,2026-01-28,74.60,No,
907506,219090,2026-01-28,54.17,No,
907507,218762,2026-01-28,52.93,No,
907508,201381,2026-01-28,72.93,Yes,2026-01-31
907509,232608,2026-01-28,139.97,No,
907510,230493,2026-01-28,90.31,No,
907511,216732,2026-01-28,104.27,No,
907512,244068,2026-01-28,73.94,Yes,2026-01-29
907513,242158,2026-01-29,74.93,Yes,2026-02-01
907514,204812,2026-01-29,75.14,No,
907515,225978,2026-01-29,71.59,No,
907516,246581,2026-01-29,68.79,Yes,2026-01-30
907517,218935,2026-01-29,56.42,No,
907518,231554,2026-01-29,86.10,No,
907519,222775,2026-01-29,84.11,No,
907520,233860,2026-01-29,107.77,No,
907521,204937,2026-01-29,112.52,No,
907522,241783,2026-01-29,58.96,No,
907523,209272,2026-01-29,85.84,Yes,2026-01-31
907524,239843,2026-01-29,37.91,No,
907525,212179,2026-01-29,66.00,No,
907526,233618,2026-01-29,75.08,No,
907527,218382,2026-01-29,85.29,No,
907528,215933,2026-01-29,82.63,No,
907529,229024,2026-01-29,92.91,No,
907530,243315,2026-01-29,84.28,No,
907531,227435,2026-01-29,64.34,No,
907532,211307,2026-01-29,99.98,No,
907533,227604,2026-01-29,66.14,No,
907534,226021,2026-01-29,105.70,Yes,2026-02-01
907535,206205,2026-01-29,87.00,No,
907536,207643,2026-01-29,77.45,No,
907537,200144,2026-01-29,110.51,No,
907538,247997,2026-01-29,80.18,No,
907539,244102,2026-01-29,93.96,No,
907540,237779,2026-01-29,91.74,Yes,2026-01-30
907541,213785,2026-01-29,74.21,No,
907542,221294,2026-01-29,87.74,No,
907543,223377,2026-01-29,114.72,No,
907544,243818,2026-01-29,80.82,No,
907545,241459,2026-01-29,64.82,No,
907546,203928,2026-01-29,113.53,No,
907547,247774,2026-01-29,68.22,No,
907548,245997,2026-01-29,104.32,No,
907549,247772,2026-01-29,51.54,No,
907550,215938,2026-01-29,97.58,Yes,2026-01-31
907551,238818,2026-01-29,113.00,No,
907552,233417,2026-01-29,66.63,Yes,2026-01-29
907553,206943,2026-01-29,112.78,No,
907554,240845,2026-01-29,123.85,No,
907555,222534,2026-01-29,104.26,No,
907556,221652,2026-01-29,88.99,No,
907557,228978,2026-01-29,46.18,No,
907558,204517,2026-01-29,60.11,No,
907559,240887,2026-01-29,75.23,No,
907560,231667,2026-01-29,111.08,Yes,2026-02-01
907561,237621,2026-01-29,81.80,No,
907562,227663,2026-01-29,44.90,Yes,2026-02-01
907563,240271,2026-01-29,90.42,No,
907564,222711,2026-01-29,68.91,No,
907565,208896,2026-01-29,59.95,No,
907566,209275,2026-01-29,81.58,No,
907567,236344,2026-01-29,134.04,Yes,2026-01-30
907568,219304,2026-01-29,74.07,No,
907569,229836,2026-01-29,76.96,No,
907570,213616,2026-01-29,65.25,No,
907571,225361,2026-01-29,74.18,Yes,2026-01-30
907572,218499,2026-01-29,54.54,No,
907573,214879,2026-01-29,63.14,No,
907574,229031,2026-01-29,74.22,Yes,2026-01-29
907575,218793,2026-01-29,97.06,Yes,2026-02-01
907576,242680,2026-01-29,41.08,Yes,2026-01-31
907577,229507,2026-01-29,68.87,No,
907578,236562,2026-01-29,78.48,No,
907579,219533,2026-01-29,96.81,No,
907580,219618,2026-01-29,78.40,No,
907581,213849,2026-01-29,119.40,No,
907582,240173,2026-01-29,86.92,No,
907583,243874,2026-01-29,66.48,No,
907584,219660,2026-01-29,69.87,Yes,2026-02-01
907585,221585,2026-01-29,125.32,No,
907586,210650,2026-01-29,96.95,No,
907587,219130,2026-01-29,99.71,No,
907588,215350,2026-01-29,78.65,Yes,2026-01-31
907589,236274,2026-01-29,87.42,No,
907590,244489,2026-01-29,48.56,Yes,2026-01-29
907591,245404,2026-01-29,67.73,No,
907592,224494,2026-01-29,66.18,No,
907593,214884,2026-01-29,111.16,No,
907594,215159,2026-01-29,89.91,Yes,2026-01-30
907595,207668,2026-01-29,91.68,Yes,2026-02-01
907596,202529,2026-01-29,53.69,Yes,2026-01-31
907597,235754,2026-01-29,72.57,No,
907598,208258,2026-01-29,86.81,No,
907599,203267,2026-01-29,58.74,No,
907600,233743,2026-01-29,59.54,No,
907601,232630,2026-01-29,77.79,No,
907602,234445,2026-01-29,66.88,No,
907603,236791,2026-01-29,82.61,No,
907604,238521,2026-01-29,98.05,No,
907605,221464,2026-01-29,98.05,No,
907606,229373,2026-01-29,98.30,No,
907607,239325,2026-01-29,88.20,No,
907608,240327,2026-01-29,54.67,Yes,2026-01-30
907609,211059,2026-01-29,70.90,No,
907610,209317,2026-01-29,43.64,No,
907611,236257,2026-01-29,66.36,No,
907612,233176,2026-01-29,123.08,No,
907613,220511,2026-01-29,122.51,No,
907614,202484,2026-01-29,86.36,No,
907615,234729,2026-01-29,82.07,Yes,2026-01-30
907616,204725,2026-01-29,104.45,Yes,2026-01-31
907617,215491,2026-01-29,22.36,No,
907618,246387,2026-01-29,63.50,No,
907619,239023,2026-01-29,107.93,No,
907620,239609,2026-01-29,101.50,No,
907621,216956,2026-01-29,48.92,Yes,2026-01-29
907622,225459,2026-01-29,115.28,No,
907623,242643,2026-01-29,75.28,Yes,2026-01-31
907624,224265,2026-01-29,71.49,Yes,2026-01-30
907625,207667,2026-01-29,49.66,No,
907626,204430,2026-01-29,85.84,No,
907627,208552,2026-01-29,92.23,No,
907628,248432,2026-01-29,73.67,No,
907629,201113,2026-01-29,99.33,No,
907630,236405,2026-01-29,102.69,No,
907631,205930,2026-01-29,120.18,Yes,2026-01-30
907632,231745,2026-01-29,20.00,No,
907633,225776,2026-01-29,89.05,No,
907634,247460,2026-01-29,78.73,No,
907635,237455,2026-01-29,71.37,No,
907636,230717,2026-01-29,66.40,Yes,2026-02-01
907637,209328,2026-01-29,101.48,No,
907638,243884,2026-01-29,95.61,No,
907639,219619,2026-01-30,94.15,No,
907640,244974,2026-01-30,105.94,No,
907641,220606,2026-01-30,66.74,No,
907642,233903,2026-01-30,139.31,No,
907643,237117,2026-01-30,70.74,No,
907644,212425,2026-01-30,93.30,No,
907645,219096,2026-01-30,79.95,Yes,2026-01-30
907646,206050,2026-01-30,84.38,No,
907647,224949,2026-01-30,47.51,Yes,2026-02-01
907648,207594,2026-01-30,103.42,No,
907649,239988,2026-01-30,88.90,No,
907650,206296,2026-01-30,42.72,Yes,2026-02-02
907651,240819,2026-01-30,42.78,No,
907652,203893,2026-01-30,79.52,No,
907653,210713,2026-01-30,81.42,Yes,2026-02-01
907654,205505,2026-01-30,64.82,No,
907655,215831,2026-01-30,95.35,No,
907656,239913,2026-01-30,81.98,No,
907657,229494,2026-01-30,104.00,No,
907658,234217,2026-01-30,100.46,No,
907659,226559,2026-01-30,63.11,No,
907660,211264,2026-01-30,79.11,No,
907661,218386,2026-01-30,87.48,No,
907662,242506,2026-01-30,122.79,No,
907663,242589,2026-01-30,80.28,No,
907664,235813,2026-01-30,100.04,No,
907665,231132,2026-01-30,78.67,No,
907666,218394,2026-01-30,115.02,Yes,2026-02-01
907667,223913,2026-01-30,89.69,No,
907668,204342,2026-01-30,87.81,No,
907669,204839,2026-01-30,81.51,No,
907670,224912,2026-01-30,87.56,No,
907671,239817,2026-01-30,53.53,No,
907672,206399,2026-01-30,94.84,No,
907673,222524,2026-01-30,101.41,Yes,2026-02-01
907674,222773,2026-01-30,50.65,No,
907675,226107,2026-01-30,90.79,Yes,2026-01-30
907676,230472,2026-01-30,20.00,Yes,2026-02-01
907677,241907,2026-01-30,106.98,No,
907678,220498,2026-01-30,63.41,No,
907679,237781,2026-01-30,72.95,No,
907680,236811,2026-01-30,126.54,No,
907681,213421,2026-01-30,103.24,No,
907682,225970,2026-01-30,108.03,No,
907683,217021,2026-01-30,54.02,No,
907684,234367,2026-01-30,110.32,No,
907685,221695,2026-01-30,88.14,No,
907686,239843,2026-01-30,106.66,No,
907687,202742,2026-01-30,111.70,No,
907688,235079,2026-01-30,117.02,No,
907689,233385,2026-01-30,88.69,No,
907690,209513,2026-01-30,75.46,No,
907691,247921,2026-01-30,101.12,No,
907692,214819,2026-01-30,93.55,No,
907693,233801,2026-01-30,121.67,No,
907694,201826,2026-01-30,77.74,No,
907695,216178,2026-01-30,35.70,No,
907696,230618,2026-01-30,92.59,Yes,2026-01-31
907697,242973,2026-01-30,42.06,No,
907698,210917,2026-01-30,97.78,No,
907699,202833,2026-01-30,62.13,Yes,2026-02-02
907700,231819,2026-01-30,75.30,No,
907701,227310,2026-01-30,99.24,No,
907702,245951,2026-01-30,98.45,No,
907703,247331,2026-01-30,95.91,No,
907704,212098,2026-01-30,86.43,No,
907705,213398,2026-01-30,98.59,Yes,2026-01-31
907706,238480,2026-01-30,86.41,Yes,2026-02-01
907707,220102,2026-01-30,113.15,No,
907708,221744,2026-01-30,65.19,No,
907709,218922,2026-01-30,86.16,No,
907710,215752,2026-01-30,140.89,No,
907711,210216,2026-01-30,132.92,No,
907712,213781,2026-01-30,108.96,No,
907713,202725,2026-01-30,105.71,No,
907714,205044,2026-01-30,106.98,No,
907715,227100,2026-01-30,83.89,No,
907716,212305,2026-01-30,68.48,No,
907717,236369,2026-01-30,130.51,No,
907718,245555,2026-01-30,102.34,No,
907719,216454,2026-01-30,82.56,No,
907720,244214,2026-01-30,88.41,No,
907721,202949,2026-01-30,109.52,No,
907722,226021,2026-01-30,36.28,No,
907723,234019,2026-01-30,73.83,Yes,2026-01-31
907724,203427,2026-01-30,78.87,No,
907725,208078,2026-01-30,114.04,No,
907726,208213,2026-01-30,89.24,No,
907727,204944,2026-01-30,52.74,No,
907728,218993,2026-01-30,62.88,No,
907729,200827,2026-01-30,79.92,No,
907730,236693,2026-01-30,111.43,No,
907731,222736,2026-01-30,54.88,No,
907732,209362,2026-01-30,49.30,Yes,2026-02-01
907733,230409,2026-01-30,101.17,No,
907734,247230,2026-01-30,109.74,No,
907735,234962,2026-01-30,106.00,No,
907736,224617,2026-01-30,75.87,No,
907737,212359,2026-01-30,51.50,No,
907738,208437,2026-01-30,104.63,No,
907739,234482,2026-01-30,104.64,No,
907740,204347,2026-01-30,71.08,No,
907741,244407,2026-01-30,35.07,No,
907742,221926,2026-01-30,88.56,No,
907743,234008,2026-01-30,45.85,Yes,2026-01-31
907744,235812,2026-01-30,84.19,No,
907745,248432,2026-01-30,67.21,No,
907746,225356,2026-01-30,61.97,No,
907747,212597,2026-01-30,81.64,No,
907748,210604,2026-01-30,52.84,No,
907749,241296,2026-01-30,75.76,No,
907750,221510,2026-01-30,70.47,No,
907751,244349,2026-01-30,66.29,No,
907752,237811,2026-01-30,62.28,No,
907753,207035,2026-01-30,97.37,No,
907754,214667,2026-01-30,38.30,No,
907755,220160,2026-01-30,137.77,No,
907756,225460,2026-01-30,75.40,No,
907757,243543,2026-01-30,45.42,No,
907758,226881,2026-01-30,65.72,No,
907759,222563,2026-01-30,172.72,Yes,2026-01-31
907760,244283,2026-01-30,81.61,No,
907761,248342,2026-01-30,49.07,No,
907762,236990,2026-01-30,89.88,No,
907763,203378,2026-01-30,72.47,No,
907764,218734,2026-01-30,87.61,No,
907765,201781,2026-01-30,20.00,No,
907766,205804,2026-01-30,96.71,No,
907767,241467,2026-01-30,72.30,No,
907768,222460,2026-01-30,84.35,No,
907769,243447,2026-01-30,80.78,No,
907770,205164,2026-01-30,97.19,No,
907771,204189,2026-01-30,35.13,No,
907772,243781,2026-01-30,54.58,Yes,2026-01-30
907773,211829,2026-01-30,81.20,Yes,2026-01-31
907774,210224,2026-01-30,74.88,No,
907775,212496,2026-01-30,62.02,No,
907776,226847,2026-01-30,115.29,No,
907777,220659,2026-01-30,88.79,No,
907778,246690,2026-01-30,73.07,No,
907779,217645,2026-01-30,85.46,Yes,2026-01-31
907780,201473,2026-01-30,133.58,No,
907781,203470,2026-01-30,73.88,No,
907782,217376,2026-01-30,108.91,No,
907783,207756,2026-01-31,71.55,No,
907784,231236,2026-01-31,57.70,Yes,2026-02-01
907785,222082,2026-01-31,100.62,Yes,2026-02-01
907786,235222,2026-01-31,48.47,No,
907787,212462,2026-01-31,90.57,No,
907788,244403,2026-01-31,75.12,No,
907789,229259,2026-01-31,70.66,No,
907790,220125,2026-01-31,116.07,No,
907791,215469,2026-01-31,45.74,No,
907792,218979,2026-01-31,71.32,No,
907793,237854,2026-01-31,84.63,No,
907794,209335,2026-01-31,35.54,No,
907795,216513,2026-01-31,114.50,Yes,2026-01-31
907796,229856,2026-01-31,58.82,No,
907797,206040,2026-01-31,60.85,No,
907798,204271,2026-01-31,111.18,Yes,2026-02-03
907799,200508,2026-01-31,70.38,Yes,2026-02-02
907800,238250,2026-01-31,60.87,No,
907801,208958,2026-01-31,90.32,No,
907802,213338,2026-01-31,41.12,No,
907803,230557,2026-01-31,92.53,No,
907804,213461,2026-01-31,88.20,No,
907805,224880,2026-01-31,98.91,No,
907806,241566,2026-01-31,119.97,No,
907807,219987,2026-01-31,48.46,No,
907808,210582,2026-01-31,100.69,No,
907809,248261,2026-01-31,103.97,No,
907810,242457,2026-01-31,25.10,Yes,2026-02-01
907811,201594,2026-01-31,49.04,No,
907812,243184,2026-01-31,104.22,Yes,2026-02-01
907813,209114,2026-01-31,93.34,Yes,2026-02-03
907814,242228,2026-01-31,46.02,No,
907815,247123,2026-01-31,95.59,Yes,2026-01-31
907816,234428,2026-01-31,112.40,No,
907817,248318,2026-01-31,117.80,Yes,2026-02-02
907818,220788,2026-01-31,78.68,No,
907819,204497,2026-01-31,72.10,No,
907820,239940,2026-01-31,54.94,No,
907821,228991,2026-01-31,75.76,No,
907822,234820,2026-01-31,64.66,No,
907823,225486,2026-01-31,61.17,No,
907824,211576,2026-01-31,106.39,No,
907825,213565,2026-01-31,60.12,No,
907826,216554,2026-01-31,127.59,No,
907827,229264,2026-01-31,104.51,No,
907828,226984,2026-01-31,93.26,Yes,2026-02-03
907829,200915,2026-01-31,85.15,No,
907830,224830,2026-01-31,65.63,No,
907831,209630,2026-01-31,98.47,No,
907832,233137,2026-01-31,31.77,Yes,2026-01-31
907833,205112,2026-01-31,117.77,Yes,2026-02-01
907834,232950,2026-01-31,104.73,No,
907835,227312,2026-01-31,77.88,No,
907836,215347,2026-01-31,68.92,No,
907837,216966,2026-01-31,32.81,No,
907838,209553,2026-01-31,49.46,No,
907839,216786,2026-01-31,76.65,No,
907840,213941,2026-01-31,81.77,No,
907841,243358,2026-01-31,65.70,Yes,2026-02-01
907842,235809,2026-01-31,62.88,Yes,2026-02-03
907843,202616,2026-01-31,109.24,Yes,2026-02-02
907844,225121,2026-01-31,74.01,Yes,2026-02-03
907845,238587,2026-01-31,52.81,No,
907846,227445,2026-01-31,73.16,No,
907847,211680,2026-01-31,102.20,No,
907848,246816,2026-01-31,67.22,No,
907849,220405,2026-01-31,86.08,No,
907850,228303,2026-01-31,49.85,No,
907851,214667,2026-01-31,118.76,No,
907852,223223,2026-01-31,85.37,No,
907853,246834,2026-01-31,82.94,Yes,2026-02-03
907854,224585,2026-01-31,70.97,Yes,2026-02-01
907855,245784,2026-01-31,77.05,No,
907856,202524,2026-01-31,129.72,Yes,2026-01-31
907857,206507,2026-01-31,43.41,No,
907858,205268,2026-01-31,92.01,No,
907859,213961,2026-01-31,69.93,No,
907860,223280,2026-01-31,99.02,No,
907861,221303,2026-01-31,52.80,No,
907862,231644,2026-01-31,93.77,No,
907863,204314,2026-01-31,85.29,No,
907864,228747,2026-01-31,126.73,Yes,2026-02-01
907865,238484,2026-01-31,63.41,Yes,2026-01-31
907866,236770,2026-01-31,91.48,Yes,2026-02-02
907867,245642,2026-01-31,82.99,No,
907868,227751,2026-01-31,127.96,No,
907869,202985,2026-01-31,88.21,No,
907870,220365,2026-01-31,96.77,No,
907871,211431,2026-01-31,101.73,No,
907872,204297,2026-01-31,82.70,No,
907873,211233,2026-01-31,130.08,Yes,2026-01-31
907874,246738,2026-01-31,61.34,Yes,2026-02-03
907875,238546,2026-01-31,65.48,No,
907876,232791,2026-01-31,69.33,Yes,2026-02-02
907877,229209,2026-01-31,82.67,No,
907878,234688,2026-01-31,120.12,No,
907879,226063,2026-01-31,85.31,Yes,2026-02-02
907880,219337,2026-01-31,43.85,No,
907881,214246,2026-01-31,100.58,Yes,2026-02-02
907882,214076,2026-01-31,74.02,Yes,2026-01-31
907883,210931,2026-01-31,67.73,No,
907884,201836,2026-01-31,58.59,Yes,2026-02-01
907885,234352,2026-01-31,123.73,No,
907886,240974,2026-01-31,81.51,No,
907887,200141,2026-01-31,89.64,No,
907888,219874,2026-01-31,92.60,No,
907889,247198,2026-01-31,58.85,No,
907890,227238,2026-01-31,91.32,No,
907891,206505,2026-01-31,67.90,No,
907892,239308,2026-01-31,58.40,No,
907893,226323,2026-01-31,79.32,No,
907894,229212,2026-01-31,123.79,No,
907895,221366,2026-01-31,138.55,Yes,2026-02-01
907896,201409,2026-01-31,78.07,No,
907897,246221,2026-01-31,75.77,No,
907898,205826,2026-01-31,83.43,No,
907899,245763,2026-01-31,61.85,Yes,2026-02-03
907900,230347,2026-01-31,75.64,No,
907901,204930,2026-01-31,74.53,No,
907902,205590,2026-01-31,73.36,No,
907903,234922,2026-01-31,85.75,Yes,2026-01-31
907904,201240,2026-01-31,107.23,Yes,2026-02-02
907905,221715,2026-01-31,72.35,No,
907906,206317,2026-01-31,21.52,Yes,2026-02-01
907907,204394,2026-01-31,77.84,No,
907908,243855,2026-01-31,48.91,No,
907909,242999,2026-01-31,70.89,No,
907910,217707,2026-01-31,94.81,No,
907911,232550,2026-01-31,98.26,No,
907912,234038,2026-01-31,75.15,No,
907913,246387,2026-01-31,87.33,No,
907914,222027,2026-01-31,118.69,No,
907915,222793,2026-01-31,57.03,Yes,2026-02-03
907916,233416,2026-01-31,72.75,No,
907917,217413,2026-02-01,40.44,No,
907918,226000,2026-02-01,84.63,No,
907919,211179,2026-02-01,69.65,No,
907920,205570,2026-02-01,96.83,Yes,2026-02-03
907921,234352,2026-02-01,75.50,Yes,2026-02-04
907922,224424,2026-02-01,88.90,Yes,2026-02-03
907923,218209,2026-02-01,116.74,No,
907924,205398,2026-02-01,73.40,No,
907925,224653,2026-02-01,36.31,No,
907926,215099,2026-02-01,88.80,No,
907927,247074,2026-02-01,70.89,No,
907928,214650,2026-02-01,61.89,No,
907929,218990,2026-02-01,74.40,Yes,2026-02-03
907930,210884,2026-02-01,50.66,No,
907931,222073,2026-02-01,94.67,No,
907932,217463,2026-02-01,108.87,No,
907933,232400,2026-02-01,82.93,Yes,2026-02-03
907934,222433,2026-02-01,136.24,No,
907935,247052,2026-02-01,98.53,No,
907936,236357,2026-02-01,43.88,No,
907937,207786,2026-02-01,65.23,Yes,2026-02-03
907938,223013,2026-02-01,89.57,No,
907939,220613,2026-02-01,95.79,No,
907940,236528,2026-02-01,84.13,No,
907941,225514,2026-02-01,105.68,No,
907942,214784,2026-02-01,92.80,No,
907943,247065,2026-02-01,36.16,No,
907944,207769,2026-02-01,64.60,No,
907945,219557,2026-02-01,67.81,No,
907946,229860,2026-02-01,62.80,No,
907947,214973,2026-02-01,81.21,Yes,2026-02-04
907948,231578,2026-02-01,75.01,No,
907949,212275,2026-02-01,101.93,No,
907950,202371,2026-02-01,64.69,No,
907951,227752,2026-02-01,104.23,Yes,2026-02-04
907952,204185,2026-02-01,20.00,No,
907953,205102,2026-02-01,85.49,No,
907954,226163,2026-02-01,68.84,Yes,2026-02-02
907955,244641,2026-02-01,91.49,No,
907956,244820,2026-02-01,94.30,No,
907957,237865,2026-02-01,89.75,No,
907958,236200,2026-02-01,70.30,No,
907959,222142,2026-02-01,89.85,No,
907960,206354,2026-02-01,139.54,No,
907961,246090,2026-02-01,70.93,Yes,2026-02-03
907962,230382,2026-02-01,67.16,No,
907963,243508,2026-02-01,53.39,No,
907964,224332,2026-02-01,46.65,No,
907965,225708,2026-02-01,98.08,Yes,2026-02-04
907966,239055,2026-02-01,74.77,No,
907967,202923,2026-02-01,20.00,No,
907968,214028,2026-02-01,42.05,No,
907969,240000,2026-02-01,61.38,No,
907970,240183,2026-02-01,85.36,No,
907971,224645,2026-02-01,83.75,No,
907972,208659,2026-02-01,53.26,No,
907973,206739,2026-02-01,61.32,No,
907974,218395,2026-02-01,70.44,Yes,2026-02-04
907975,203727,2026-02-01,56.92,No,
907976,200297,2026-02-01,103.82,No,
907977,211909,2026-02-01,69.42,No,
907978,201426,2026-02-01,54.25,Yes,2026-02-03
907979,248093,2026-02-01,70.75,No,
907980,201989,2026-02-01,20.00,No,
907981,212325,2026-02-01,79.45,No,
907982,240307,2026-02-01,77.35,No,
907983,226694,2026-02-01,86.68,No,
907984,202448,2026-02-01,64.89,No,
907985,220087,2026-02-01,77.60,No,
907986,239904,2026-02-01,38.44,No,
907987,231873,2026-02-01,87.88,No,
907988,206976,2026-02-01,74.23,No,
907989,246896,2026-02-01,73.48,No,
907990,203630,2026-02-01,76.90,No,
907991,208045,2026-02-01,93.39,No,
907992,245358,2026-02-01,92.44,No,
907993,218025,2026-02-01,59.73,Yes,2026-02-03
907994,224558,2026-02-01,114.64,No,
907995,225445,2026-02-01,96.74,No,
907996,234562,2026-02-01,57.41,No,
907997,231279,2026-02-01,65.64,No,
907998,217085,2026-02-01,86.43,No,
907999,234103,2026-02-01,100.70,No,
908000,234745,2026-02-01,73.06,No,
908001,214912,2026-02-01,96.89,Yes,2026-02-03
908002,231319,2026-02-01,108.43,No,
908003,228055,2026-02-01,128.26,No,
908004,204481,2026-02-01,43.46,No,
908005,217111,2026-02-01,74.61,Yes,2026-02-02
908006,225311,2026-02-01,75.50,No,
908007,241359,2026-02-01,53.64,No,
908008,242014,2026-02-01,72.49,Yes,2026-02-01
908009,220649,2026-02-01,74.91,Yes,2026-02-02
908010,216271,2026-02-01,82.94,No,
908011,237502,2026-02-01,129.71,Yes,2026-02-01
908012,218967,2026-02-01,71.48,No,
908013,218562,2026-02-01,158.39,Yes,2026-02-02
908014,246409,2026-02-01,45.03,No,
908015,240803,2026-02-01,164.78,No,
908016,219920,2026-02-01,88.84,No,
908017,229302,2026-02-01,84.16,No,
908018,202316,2026-02-01,39.42,No,
908019,201544,2026-02-01,64.16,No,
908020,247595,2026-02-01,109.23,No,
908021,239590,2026-02-01,103.19,No,
908022,228953,2026-02-01,69.72,No,
908023,226040,2026-02-01,60.95,No,
908024,221196,2026-02-01,80.76,No,
908025,232930,2026-02-01,89.29,No,
908026,248167,2026-02-01,27.58,No,
908027,244750,2026-02-01,64.02,No,
908028,244028,2026-02-01,34.21,Yes,2026-02-02
908029,247767,2026-02-01,98.75,No,
908030,206424,2026-02-01,91.03,No,
908031,240174,2026-02-01,82.95,No,
908032,215943,2026-02-01,104.06,No,
908033,209817,2026-02-01,43.41,No,
908034,202809,2026-02-01,83.07,No,
908035,218663,2026-02-01,67.22,No,
908036,242464,2026-02-01,90.17,No,
908037,239118,2026-02-01,62.96,No,
908038,245854,2026-02-01,116.27,Yes,2026-02-01
908039,231906,2026-02-01,93.32,No,
908040,222892,2026-02-01,59.00,No,
908041,208189,2026-02-01,101.22,No,
908042,240369,2026-02-01,78.54,No,
908043,204247,2026-02-01,76.24,No,
908044,229942,2026-02-01,60.41,No,
908045,243853,2026-02-02,114.62,No,
908046,233244,2026-02-02,126.67,No,
908047,238098,2026-02-02,42.25,No,
908048,237046,2026-02-02,62.92,No,
908049,240429,2026-02-02,95.54,Yes,2026-02-03
908050,247599,2026-02-02,29.83,No,
908051,216474,2026-02-02,43.23,No,
908052,212982,2026-02-02,93.47,Yes,2026-02-03
908053,221274,2026-02-02,122.22,No,
908054,239433,2026-02-02,107.25,No,
908055,239996,2026-02-02,66.65,No,
908056,234494,2026-02-02,79.20,Yes,2026-02-04
908057,248328,2026-02-02,133.21,No,
908058,218088,2026-02-02,86.43,No,
908059,210912,2026-02-02,86.95,No,
908060,234108,2026-02-02,106.86,No,
908061,201705,2026-02-02,52.93,Yes,2026-02-04
908062,235399,2026-02-02,92.25,No,
908063,240974,2026-02-02,100.41,No,
908064,237252,2026-02-02,98.78,No,
908065,242002,2026-02-02,68.77,No,
908066,201874,2026-02-02,131.15,Yes,2026-02-04
908067,215930,2026-02-02,53.62,No,
908068,235897,2026-02-02,81.19,No,
908069,239862,2026-02-02,63.71,No,
908070,200635,2026-02-02,116.14,No,
908071,214851,2026-02-02,75.42,Yes,2026-02-03
908072,240706,2026-02-02,110.47,No,
908073,210824,2026-02-02,65.86,Yes,2026-02-04
908074,200288,2026-02-02,118.09,No,
908075,239382,2026-02-02,137.32,Yes,2026-02-02
908076,222794,2026-02-02,23.43,No,
908077,208296,2026-02-02,102.54,No,
908078,209685,2026-02-02,82.47,Yes,2026-02-02
908079,200302,2026-02-02,79.37,Yes,2026-02-04
908080,214058,2026-02-02,65.87,No,
908081,227227,2026-02-02,30.92,No,
908082,219056,2026-02-02,76.96,No,
908083,243398,2026-02-02,107.09,No,
908084,234005,2026-02-02,122.19,No,
908085,244743,2026-02-02,149.40,No,
908086,247980,2026-02-02,62.84,No,
908087,242149,2026-02-02,164.31,No,
908088,238748,2026-02-02,102.55,Yes,2026-02-04
908089,226974,2026-02-02,109.89,No,
908090,246139,2026-02-02,93.26,Yes,2026-02-04
908091,214764,2026-02-02,74.11,No,
908092,236888,2026-02-02,69.95,No,
908093,240326,2026-02-02,119.42,No,
908094,207943,2026-02-02,80.91,Yes,2026-02-02
908095,239498,2026-02-02,84.66,No,
908096,235435,2026-02-02,69.64,No,
908097,220203,2026-02-02,78.32,No,
908098,215535,2026-02-02,48.81,Yes,2026-02-04
908099,243866,2026-02-02,141.02,No,
908100,246374,2026-02-02,76.01,No,
908101,223683,2026-02-02,127.61,No,
908102,239086,2026-02-02,64.09,No,
908103,227143,2026-02-02,77.87,Yes,2026-02-02
908104,226086,2026-02-02,135.24,No,
908105,206699,2026-02-02,81.20,Yes,2026-02-05
908106,220141,2026-02-02,45.92,Yes,2026-02-02
908107,231023,2026-02-02,105.24,No,
908108,209701,2026-02-02,78.09,No,
908109,224378,2026-02-02,89.65,No,
908110,236226,2026-02-02,60.38,No,
908111,224353,2026-02-02,67.54,No,
908112,228334,2026-02-02,80.37,Yes,2026-02-03
908113,229883,2026-02-02,59.20,No,
908114,224616,2026-02-02,72.19,No,
908115,248063,2026-02-02,50.67,Yes,2026-02-02
908116,238801,2026-02-02,125.91,No,
908117,201773,2026-02-02,50.67,No,
908118,213110,2026-02-02,69.48,No,
908119,203651,2026-02-02,109.66,Yes,2026-02-03
908120,200952,2026-02-02,75.20,No,
908121,211506,2026-02-02,114.30,No,
908122,216944,2026-02-02,51.28,No,
908123,228422,2026-02-02,20.78,No,
908124,238225,2026-02-02,77.09,Yes,2026-02-03
908125,224753,2026-02-02,54.86,No,
908126,244268,2026-02-02,78.57,No,
908127,229010,2026-02-02,63.06,No,
908128,214095,2026-02-02,83.19,No,
908129,222269,2026-02-02,57.76,Yes,2026-02-03
908130,218351,2026-02-02,96.15,No,
908131,202016,2026-02-02,103.72,No,
908132,204857,2026-02-02,46.37,No,
908133,202082,2026-02-02,63.30,No,
908134,241609,2026-02-02,97.77,No,
908135,243278,2026-02-02,65.95,Yes,2026-02-03
908136,248377,2026-02-02,63.60,No,
908137,212370,2026-02-02,92.13,No,
908138,208902,2026-02-02,47.69,No,
908139,216530,2026-02-02,77.11,No,
908140,206278,2026-02-02,25.69,No,
908141,222883,2026-02-02,94.48,No,
908142,205111,2026-02-02,107.29,No,
908143,230844,2026-02-02,27.48,Yes,2026-02-02
908144,215178,2026-02-02,64.25,No,
908145,205539,2026-02-02,100.63,No,
908146,221604,2026-02-02,96.87,No,
908147,238433,2026-02-02,89.75,No,
908148,245247,2026-02-02,66.46,No,
908149,225383,2026-02-02,91.70,No,
908150,213184,2026-02-02,54.49,No,
908151,211459,2026-02-02,61.23,Yes,2026-02-04
908152,234851,2026-02-02,85.55,Yes,2026-02-05
908153,235697,2026-02-02,84.12,Yes,2026-02-03
908154,225954,2026-02-02,109.46,Yes,2026-02-02
908155,227581,2026-02-02,72.20,No,
908156,216406,2026-02-02,85.26,No,
908157,217107,2026-02-02,120.03,No,
908158,201355,2026-02-02,130.43,No,
908159,233696,2026-02-02,84.32,No,
908160,239366,2026-02-02,110.57,No,
908161,237360,2026-02-02,64.11,No,
908162,219407,2026-02-02,91.33,No,
908163,240122,2026-02-02,88.00,No,
908164,243567,2026-02-03,69.57,No,
908165,240600,2026-02-03,47.37,No,
908166,230905,2026-02-03,101.83,No,
908167,205986,2026-02-03,85.89,No,
908168,229455,2026-02-03,39.45,No,
908169,237681,2026-02-03,39.41,No,
908170,232829,2026-02-03,85.99,No,
908171,212981,2026-02-03,51.83,No,
908172,201178,2026-02-03,51.71,No,
908173,202436,2026-02-03,61.99,Yes,2026-02-05
908174,232906,2026-02-03,78.63,No,
908175,211141,2026-02-03,110.01,No,
908176,216148,2026-02-03,90.59,No,
908177,233934,2026-02-03,67.08,No,
908178,227907,2026-02-03,52.57,No,
908179,217070,2026-02-03,83.58,No,
908180,215775,2026-02-03,28.47,No,
908181,227711,2026-02-03,76.23,No,
908182,241981,2026-02-03,48.59,No,
908183,229045,2026-02-03,91.30,Yes,2026-02-05
908184,204484,2026-02-03,52.45,No,
908185,220616,2026-02-03,50.87,No,
908186,203143,2026-02-03,107.08,No,
908187,204020,2026-02-03,97.60,No,
908188,228074,2026-02-03,89.69,No,
908189,222983,2026-02-03,64.58,Yes,2026-02-03
908190,228623,2026-02-03,38.04,Yes,2026-02-05
908191,241488,2026-02-03,64.53,No,
908192,242718,2026-02-03,64.07,No,
908193,232663,2026-02-03,88.53,No,
908194,231096,2026-02-03,75.57,Yes,2026-02-05
908195,235555,2026-02-03,128.89,No,
908196,200971,2026-02-03,46.56,No,
908197,222293,2026-02-03,99.48,No,
908198,243142,2026-02-03,111.01,No,
908199,204871,2026-02-03,94.87,No,
908200,212193,2026-02-03,73.78,No,
908201,201680,2026-02-03,115.43,No,
908202,241514,2026-02-03,118.46,Yes,2026-02-06
908203,202103,2026-02-03,95.41,No,
908204,210972,2026-02-03,102.58,No,
908205,215560,2026-02-03,78.75,No,
908206,235726,2026-02-03,89.69,Yes,2026-02-04
908207,222700,2026-02-03,74.74,No,
908208,245130,2026-02-03,82.45,No,
908209,227324,2026-02-03,94.99,No,
908210,231559,2026-02-03,96.51,No,
908211,235115,2026-02-03,20.00,Yes,2026-02-03
908212,233996,2026-02-03,65.67,Yes,2026-02-04
908213,211041,2026-02-03,65.46,No,
908214,207374,2026-02-03,89.58,No,
908215,208946,2026-02-03,93.40,No,
908216,207375,2026-02-03,92.91,No,
908217,238492,2026-02-03,92.21,No,
908218,226720,2026-02-03,107.33,No,
908219,209736,2026-02-03,77.69,No,
908220,224750,2026-02-03,115.91,No,
908221,233460,2026-02-03,66.68,No,
908222,221060,2026-02-03,111.66,No,
908223,219885,2026-02-03,99.50,No,
908224,215860,2026-02-03,100.07,No,
908225,230463,2026-02-03,154.71,No,
908226,208604,2026-02-03,74.39,No,
908227,227551,2026-02-03,114.05,No,
908228,211861,2026-02-03,96.91,Yes,2026-02-06
908229,236235,2026-02-03,53.68,Yes,2026-02-06
908230,231760,2026-02-03,105.02,No,
908231,206804,2026-02-03,70.32,No,
908232,240549,2026-02-03,47.00,No,
908233,235828,2026-02-03,64.44,No,
908234,231135,2026-02-03,90.05,No,
908235,202614,2026-02-03,88.89,No,
908236,200075,2026-02-03,92.87,Yes,2026-02-03
908237,223961,2026-02-03,72.35,No,
908238,219660,2026-02-03,57.49,No,
908239,223445,2026-02-03,63.74,No,
908240,248017,2026-02-03,94.38,No,
908241,242413,2026-02-03,88.58,No,
908242,237848,2026-02-03,121.47,No,
908243,236686,2026-02-03,64.33,No,
908244,201710,2026-02-03,79.92,No,
908245,206944,2026-02-03,49.93,No,
908246,237681,2026-02-03,112.70,No,
908247,229381,2026-02-03,71.32,Yes,2026-02-03
908248,216548,2026-02-03,80.30,No,
908249,221105,2026-02-03,40.27,No,
908250,247539,2026-02-03,79.88,No,
908251,219167,2026-02-03,87.57,Yes,2026-02-05
908252,246553,2026-02-03,80.85,No,
908253,232958,2026-02-03,101.46,No,
908254,232240,2026-02-03,93.71,No,
908255,216743,2026-02-03,108.71,No,
908256,202073,2026-02-03,75.75,No,
908257,218004,2026-02-03,119.13,No,
908258,240250,2026-02-03,85.65,No,
908259,248430,2026-02-03,98.33,No,
908260,207562,2026-02-03,78.37,No,
908261,231589,2026-02-03,95.94,No,
908262,223263,2026-02-03,71.25,No,
908263,203489,2026-02-03,60.47,No,
908264,235472,2026-02-03,96.74,No,
908265,238208,2026-02-03,66.58,No,
908266,201479,2026-02-03,107.72,No,
908267,236450,2026-02-03,100.75,No,
908268,245841,2026-02-03,54.02,No,
908269,206581,2026-02-03,94.85,No,
908270,235498,2026-02-03,82.25,No,
908271,226403,2026-02-03,48.66,Yes,2026-02-06
908272,209310,2026-02-03,101.91,No,
908273,234725,2026-02-03,70.26,No,
908274,211055,2026-02-03,109.81,No,
908275,222281,2026-02-03,97.33,No,
908276,211678,2026-02-03,121.29,No,
908277,232995,2026-02-03,91.34,No,
908278,208121,2026-02-03,112.53,No,
908279,231536,2026-02-03,117.76,Yes,2026-02-03
908280,203484,2026-02-03,87.63,Yes,2026-02-04
908281,239890,2026-02-03,93.65,No,
908282,210524,2026-02-03,90.12,No,
908283,244945,2026-02-03,63.15,No,
908284,241885,2026-02-03,98.31,No,
908285,233123,2026-02-03,91.20,Yes,2026-02-04
908286,247344,2026-02-03,82.58,No,
908287,236295,2026-02-03,129.50,No,
908288,203946,2026-02-03,113.62,No,
908289,227873,2026-02-03,128.71,No,
908290,222377,2026-02-03,73.08,No,
908291,211613,2026-02-03,97.53,No,
908292,247058,2026-02-03,31.23,Yes,2026-02-03
908293,244317,2026-02-03,73.44,No,
908294,239629,2026-02-03,100.55,Yes,2026-02-06
908295,206193,2026-02-04,65.67,No,
908296,242046,2026-02-04,51.45,No,
908297,240609,2026-02-04,68.43,No,
908298,223269,2026-02-04,111.76,Yes,2026-02-04
908299,243628,2026-02-04,89.24,Yes,2026-02-04
908300,245036,2026-02-04,73.40,No,
908301,213813,2026-02-04,56.90,No,
908302,210118,2026-02-04,69.91,No,
908303,213604,2026-02-04,103.35,No,
908304,201944,2026-02-04,108.94,Yes,2026-02-04
908305,219827,2026-02-04,113.56,Yes,2026-02-04
908306,242659,2026-02-04,110.78,No,
908307,217959,2026-02-04,102.58,No,
908308,214456,2026-02-04,116.91,No,
908309,205880,2026-02-04,69.90,No,
908310,223564,2026-02-04,70.21,No,
908311,200581,2026-02-04,103.80,Yes,2026-02-05
908312,217956,2026-02-04,128.95,No,
908313,242245,2026-02-04,74.05,No,
908314,245704,2026-02-04,93.73,No,
908315,231514,2026-02-04,62.39,No,
908316,247211,2026-02-04,114.36,Yes,2026-02-07
908317,227475,2026-02-04,34.90,No,
908318,231023,2026-02-04,109.23,No,
908319,205732,2026-02-04,95.12,No,
908320,229818,2026-02-04,113.57,Yes,2026-02-05
908321,226004,2026-02-04,99.77,No,
908322,234819,2026-02-04,49.03,Yes,2026-02-07
908323,219247,2026-02-04,91.27,No,
908324,227208,2026-02-04,58.04,No,
908325,223226,2026-02-04,92.54,No,
908326,222752,2026-02-04,89.20,No,
908327,214347,2026-02-04,68.59,No,
908328,220180,2026-02-04,65.70,Yes,2026-02-05
908329,232098,2026-02-04,52.71,No,
908330,225225,2026-02-04,110.83,Yes,2026-02-05
908331,224553,2026-02-04,52.29,No,
908332,233067,2026-02-04,56.33,Yes,2026-02-05
908333,202974,2026-02-04,37.26,No,
908334,226589,2026-02-04,67.09,Yes,2026-02-07
908335,241764,2026-02-04,64.47,No,
908336,218484,2026-02-04,71.05,Yes,2026-02-06
908337,235701,2026-02-04,72.58,Yes,2026-02-07
908338,200601,2026-02-04,96.77,No,
908339,207759,2026-02-04,88.16,No,
908340,206898,2026-02-04,69.24,Yes,2026-02-05
908341,248460,2026-02-04,77.22,No,
908342,210612,2026-02-04,76.55,No,
908343,208023,2026-02-04,63.10,No,
908344,228358,2026-02-04,107.84,No,
908345,233075,2026-02-04,40.08,No,
908346,248217,2026-02-04,99.38,No,
908347,246031,2026-02-04,73.61,No,
908348,219035,2026-02-04,69.56,No,
908349,220386,2026-02-04,120.48,No,
908350,236662,2026-02-04,80.75,No,
908351,225863,2026-02-04,79.73,Yes,2026-02-06
908352,204235,2026-02-04,51.55,No,
908353,214349,2026-02-04,80.74,No,
908354,236246,2026-02-04,102.29,No,
908355,246860,2026-02-04,122.04,No,
908356,241714,2026-02-04,113.97,No,
908357,204219,2026-02-04,76.33,Yes,2026-02-06
908358,213735,2026-02-04,81.52,No,
908359,209551,2026-02-04,62.87,No,
908360,218828,2026-02-04,149.46,Yes,2026-02-05
908361,206760,2026-02-04,94.62,No,
908362,222189,2026-02-04,58.44,No,
908363,230206,2026-02-04,110.75,No,
908364,222742,2026-02-04,101.87,Yes,2026-02-04
908365,223474,2026-02-04,88.97,Yes,2026-02-04
908366,213715,2026-02-04,93.80,No,
908367,200097,2026-02-04,80.34,No,
908368,239883,2026-02-04,91.01,No,
908369,247041,2026-02-04,67.94,No,
908370,218841,2026-02-04,87.14,No,
908371,227565,2026-02-04,61.49,No,
908372,214400,2026-02-04,42.80,No,
908373,205334,2026-02-04,138.42,No,
908374,221384,2026-02-04,80.91,No,
908375,216644,2026-02-04,83.73,No,
908376,206882,2026-02-04,80.58,No,
908377,220764,2026-02-04,87.42,No,
908378,227542,2026-02-04,36.61,Yes,2026-02-06
908379,245198,2026-02-04,53.72,Yes,2026-02-05
908380,239775,2026-02-04,52.46,Yes,2026-02-04
908381,225672,2026-02-04,49.91,No,
908382,223315,2026-02-04,88.92,No,
908383,216830,2026-02-04,56.34,No,
908384,204813,2026-02-04,96.27,No,
908385,214347,2026-02-04,79.75,No,
908386,227350,2026-02-04,80.53,Yes,2026-02-04
908387,208253,2026-02-04,70.58,No,
908388,225788,2026-02-04,79.35,No,
908389,246517,2026-02-04,56.01,No,
908390,213301,2026-02-04,76.62,No,
908391,245897,2026-02-04,100.04,No,
908392,202299,2026-02-04,83.01,Yes,2026-02-07
908393,216676,2026-02-04,33.49,No,
908394,209684,2026-02-04,39.30,No,
908395,211370,2026-02-04,61.25,No,
908396,219366,2026-02-04,60.33,Yes,2026-02-05
908397,231679,2026-02-04,84.50,No,
908398,224925,2026-02-04,85.56,No,
908399,231532,2026-02-04,69.06,Yes,2026-02-05
908400,219005,2026-02-04,74.07,No,
908401,208442,2026-02-04,76.13,No,
908402,237182,2026-02-04,106.35,No,
908403,239017,2026-02-04,70.81,Yes,2026-02-07
908404,223122,2026-02-04,113.71,No,
908405,225521,2026-02-04,84.22,No,
908406,242745,2026-02-04,111.23,No,
908407,225059,2026-02-04,59.34,No,
908408,243055,2026-02-04,74.23,No,
908409,248144,2026-02-04,75.81,Yes,2026-02-04
908410,201942,2026-02-04,105.15,Yes,2026-02-05
908411,216835,2026-02-04,86.77,No,
908412,227343,2026-02-04,41.71,No,
908413,229329,2026-02-04,73.37,No,
908414,235940,2026-02-04,86.40,Yes,2026-02-04
908415,213341,2026-02-04,96.75,No,
908416,218714,2026-02-04,102.54,No,
908417,231487,2026-02-04,70.79,No,
908418,206841,2026-02-04,59.04,No,
908419,241534,2026-02-04,94.36,Yes,2026-02-06
908420,247489,2026-02-04,61.59,No,
908421,223940,2026-02-04,96.03,Yes,2026-02-06
908422,244034,2026-02-04,101.85,No,
908423,215920,2026-02-04,85.42,No,
908424,241305,2026-02-04,62.41,Yes,2026-02-05
908425,239042,2026-02-04,100.22,Yes,2026-02-06
908426,216177,2026-02-04,107.92,No,
908427,219791,2026-02-05,61.38,No,
908428,228160,2026-02-05,65.12,No,
908429,220410,2026-02-05,114.63,Yes,2026-02-07
908430,246236,2026-02-05,54.90,Yes,2026-02-08
908431,245165,2026-02-05,104.98,No,
908432,218520,2026-02-05,111.26,No,
908433,221177,2026-02-05,63.61,No,
908434,234968,2026-02-05,53.87,No,
908435,240544,2026-02-05,77.91,No,
908436,229656,2026-02-05,78.75,No,
908437,238464,2026-02-05,108.82,No,
908438,214982,2026-02-05,71.91,No,
908439,240136,2026-02-05,113.45,No,
908440,209492,2026-02-05,67.93,Yes,2026-02-07
908441,213925,2026-02-05,78.65,Yes,2026-02-07
908442,225425,2026-02-05,64.40,No,
908443,223772,2026-02-05,45.61,Yes,2026-02-07
908444,217944,2026-02-05,64.26,Yes,2026-02-07
908445,214837,2026-02-05,96.27,No,
908446,246163,2026-02-05,86.76,No,
908447,228622,2026-02-05,92.16,No,
908448,213414,2026-02-05,128.99,No,
908449,214623,2026-02-05,88.26,No,
908450,232082,2026-02-05,67.59,No,
908451,225676,2026-02-05,90.12,No,
908452,201350,2026-02-05,59.09,No,
908453,212061,2026-02-05,112.95,No,
908454,214570,2026-02-05,110.05,Yes,2026-02-05
908455,230575,2026-02-05,83.77,No,
908456,201507,2026-02-05,128.39,No,
908457,228944,2026-02-05,81.71,No,
908458,216851,2026-02-05,96.81,No,
908459,242000,2026-02-05,108.36,No,
908460,222488,2026-02-05,58.41,No,
908461,208733,2026-02-05,100.95,Yes,2026-02-08
908462,209652,2026-02-05,20.00,No,
908463,206562,2026-02-05,82.03,No,
908464,236228,2026-02-05,50.14,No,
908465,248305,2026-02-05,60.05,No,
908466,206475,2026-02-05,123.90,No,
908467,220697,2026-02-05,82.43,No,
908468,211774,2026-02-05,57.92,No,
908469,242074,2026-02-05,72.45,No,
908470,211854,2026-02-05,82.61,Yes,2026-02-06
908471,203425,2026-02-05,63.04,No,
908472,231867,2026-02-05,94.84,Yes,2026-02-08
908473,203483,2026-02-05,61.57,No,
908474,214297,2026-02-05,60.25,Yes,2026-02-08
908475,214759,2026-02-05,99.66,No,
908476,244582,2026-02-05,81.58,No,
908477,208379,2026-02-05,105.85,No,
908478,232699,2026-02-05,84.90,No,
908479,216910,2026-02-05,111.24,No,
908480,224868,2026-02-05,62.64,No,
908481,232873,2026-02-05,101.71,No,
908482,204452,2026-02-05,149.79,No,
908483,234216,2026-02-05,95.01,No,
908484,218235,2026-02-05,113.18,Yes,2026-02-05
908485,219055,2026-02-05,123.04,No,
908486,228188,2026-02-05,96.19,No,
908487,235602,2026-02-05,52.06,No,
908488,233248,2026-02-05,68.05,No,
908489,217463,2026-02-05,87.46,No,
908490,238482,2026-02-05,38.51,No,
908491,203728,2026-02-05,70.35,No,
908492,227262,2026-02-05,134.98,Yes,2026-02-05
908493,237783,2026-02-05,105.17,No,
908494,245022,2026-02-05,74.14,No,
908495,223264,2026-02-05,86.98,No,
908496,219718,2026-02-05,66.98,Yes,2026-02-05
908497,238750,2026-02-05,89.94,No,
908498,246206,2026-02-05,86.68,No,
908499,207847,2026-02-05,80.26,Yes,2026-02-06
908500,202447,2026-02-05,63.37,No,
908501,207761,2026-02-05,68.31,No,
908502,230302,2026-02-05,80.98,No,
908503,210871,2026-02-05,81.11,No,
908504,211583,2026-02-05,44.13,No,
908505,212168,2026-02-05,95.53,No,
908506,242926,2026-02-05,79.89,No,
908507,229283,2026-02-05,87.10,No,
908508,246375,2026-02-05,79.10,No,
908509,203373,2026-02-05,89.45,No,
908510,220678,2026-02-05,52.44,Yes,2026-02-05
908511,219429,2026-02-05,37.11,No,
908512,219138,2026-02-05,39.78,No,
908513,204540,2026-02-05,47.68,No,
908514,222745,2026-02-05,52.96,No,
908515,241094,2026-02-05,75.60,No,
908516,237918,2026-02-05,116.65,No,
908517,227151,2026-02-05,70.67,No,
908518,236330,2026-02-05,108.29,No,
908519,209565,2026-02-05,103.45,Yes,2026-02-05
908520,221266,2026-02-05,91.24,No,
908521,203515,2026-02-05,131.44,No,
908522,204642,2026-02-05,100.36,No,
908523,233725,2026-02-05,114.90,No,
908524,244280,2026-02-05,42.58,Yes,2026-02-06
908525,232974,2026-02-05,61.82,No,
908526,224557,2026-02-05,177.33,No,
908527,235407,2026-02-05,27.96,No,
908528,222292,2026-02-05,76.30,No,
908529,223689,2026-02-05,80.44,No,
908530,215329,2026-02-05,110.93,No,
908531,231892,2026-02-05,73.66,Yes,2026-02-06
908532,206937,2026-02-05,103.14,Yes,2026-02-07
908533,235044,2026-02-05,111.86,Yes,2026-02-07
908534,231783,2026-02-05,102.24,Yes,2026-02-07
908535,235793,2026-02-05,66.98,No,
908536,209972,2026-02-05,96.93,No,
908537,244229,2026-02-05,51.59,No,
908538,245967,2026-02-05,39.01,No,
908539,233307,2026-02-05,88.63,No,
908540,227996,2026-02-05,75.52,No,
908541,219790,2026-02-05,118.78,No,
908542,221079,2026-02-05,122.86,Yes,2026-02-06
908543,244795,2026-02-05,103.50,No,
908544,203542,2026-02-05,58.72,No,
908545,205543,2026-02-05,86.70,No,
908546,214247,2026-02-05,63.66,No,
908547,231332,2026-02-05,133.18,No,
908548,235858,2026-02-05,71.10,No,
908549,239443,2026-02-05,69.85,Yes,2026-02-05
908550,202760,2026-02-05,95.40,No,
908551,224655,2026-02-05,115.56,No,
908552,235356,2026-02-05,55.47,Yes,2026-02-05
908553,211656,2026-02-06,65.12,No,
908554,229422,2026-02-06,61.28,No,
908555,243803,2026-02-06,107.84,No,
908556,204856,2026-02-06,66.33,Yes,2026-02-08
908557,227893,2026-02-06,78.67,Yes,2026-02-09
908558,241329,2026-02-06,77.98,No,
908559,200858,2026-02-06,96.31,No,
908560,245199,2026-02-06,100.40,Yes,2026-02-06
908561,218506,2026-02-06,93.44,No,
908562,242262,2026-02-06,106.52,No,
908563,211888,2026-02-06,58.67,Yes,2026-02-07
908564,232700,2026-02-06,47.49,No,
908565,237663,2026-02-06,84.54,No,
908566,235813,2026-02-06,115.71,No,
908567,245671,2026-02-06,87.51,No,
908568,225466,2026-02-06,80.54,Yes,2026-02-07
908569,203843,2026-02-06,97.94,No,
908570,247353,2026-02-06,50.16,No,
908571,205225,2026-02-06,100.32,Yes,2026-02-06
908572,241231,2026-02-06,110.79,No,
908573,215650,2026-02-06,127.05,No,
908574,243066,2026-02-06,117.14,No,
908575,239951,2026-02-06,67.13,No,
908576,221105,2026-02-06,114.24,Yes,2026-02-08
908577,219444,2026-02-06,56.79,No,
908578,246066,2026-02-06,68.82,No,
908579,201342,2026-02-06,72.99,No,
908580,232154,2026-02-06,119.63,No,
908581,213444,2026-02-06,95.89,No,
908582,245585,2026-02-06,108.27,No,
908583,225626,2026-02-06,81.81,Yes,2026-02-07
908584,225373,2026-02-06,149.31,No,
908585,211836,2026-02-06,115.78,No,
908586,226942,2026-02-06,107.46,No,
908587,240862,2026-02-06,29.08,Yes,2026-02-08
908588,221637,2026-02-06,74.26,No,
908589,209518,2026-02-06,60.22,No,
908590,200606,2026-02-06,59.29,No,
908591,220895,2026-02-06,89.06,No,
908592,215988,2026-02-06,118.21,No,
908593,242175,2026-02-06,74.48,No,
908594,205022,2026-02-06,80.72,Yes,2026-02-07
908595,211865,2026-02-06,78.20,No,
908596,202461,2026-02-06,98.56,No,
908597,226309,2026-02-06,103.48,No,
908598,224203,2026-02-06,96.63,No,
908599,245155,2026-02-06,117.75,No,
908600,200002,2026-02-06,95.48,No,
908601,236329,2026-02-06,85.27,No,
908602,239689,2026-02-06,69.53,No,
908603,244814,2026-02-06,86.74,No,
908604,233787,2026-02-06,122.76,No,
908605,234874,2026-02-06,100.23,No,
908606,206973,2026-02-06,66.23,Yes,2026-02-08
908607,230092,2026-02-06,88.16,No,
908608,227710,2026-02-06,58.59,No,
908609,222848,2026-02-06,86.80,No,
908610,246508,2026-02-06,71.13,No,
908611,214596,2026-02-06,78.46,No,
908612,232119,2026-02-06,88.44,Yes,2026-02-09
908613,200628,2026-02-06,98.91,Yes,2026-02-08
908614,217544,2026-02-06,68.57,No,
908615,225219,2026-02-06,101.27,Yes,2026-02-06
908616,247267,2026-02-06,120.82,No,
908617,212775,2026-02-06,86.83,No,
908618,221365,2026-02-06,89.27,No,
908619,234304,2026-02-06,73.88,No,
908620,225379,2026-02-06,34.40,No,
908621,231698,2026-02-06,69.51,No,
908622,240910,2026-02-06,58.03,No,
908623,215711,2026-02-06,52.24,Yes,2026-02-07
908624,223203,2026-02-06,78.09,No,
908625,205361,2026-02-06,81.51,No,
908626,207000,2026-02-06,97.49,No,
908627,212593,2026-02-06,112.81,No,
908628,210564,2026-02-06,79.68,No,
908629,209285,2026-02-06,86.33,No,
908630,240021,2026-02-06,105.28,No,
908631,233056,2026-02-06,81.53,No,
908632,217779,2026-02-06,120.49,No,
908633,216896,2026-02-06,121.74,No,
908634,239185,2026-02-06,60.68,Yes,2026-02-08
908635,242910,2026-02-06,51.04,Yes,2026-02-08
908636,207782,2026-02-06,82.06,No,
908637,221931,2026-02-06,108.01,No,
908638,222256,2026-02-06,75.15,No,
908639,214408,2026-02-06,98.32,Yes,2026-02-08
908640,208604,2026-02-06,74.71,No,
908641,241546,2026-02-06,54.06,No,
908642,239882,2026-02-06,86.05,No,
908643,237876,2026-02-06,75.85,No,
908644,228776,2026-02-06,82.04,Yes,2026-02-07
908645,233426,2026-02-06,67.06,No,
908646,204631,2026-02-06,85.45,No,
908647,210454,2026-02-06,41.26,No,
908648,241198,2026-02-06,53.71,No,
908649,227244,2026-02-06,87.97,No,
908650,229091,2026-02-06,120.59,No,
908651,203014,2026-02-06,97.75,No,
908652,227523,2026-02-06,90.11,No,
908653,214914,2026-02-06,130.05,Yes,2026-02-08
908654,219442,2026-02-06,106.39,No,
908655,221399,2026-02-06,128.29,Yes,2026-02-06
908656,212494,2026-02-06,116.40,No,
908657,215399,2026-02-06,79.94,No,
908658,246854,2026-02-06,101.45,No,
908659,215119,2026-02-06,73.24,No,
908660,203637,2026-02-06,80.61,Yes,2026-02-06
908661,216105,2026-02-06,136.06,No,
908662,235519,2026-02-06,89.11,No,
908663,242960,2026-02-06,110.08,Yes,2026-02-09
908664,236624,2026-02-06,135.45,No,
908665,208624,2026-02-06,51.93,No,
908666,243014,2026-02-06,68.80,Yes,2026-02-06
908667,238275,2026-02-06,41.25,No,
908668,241749,2026-02-06,101.35,No,
908669,240802,2026-02-06,106.49,No,
908670,224932,2026-02-06,53.12,No,
908671,202063,2026-02-06,104.49,No,
908672,201005,2026-02-06,127.06,No,
908673,201543,2026-02-06,58.39,Yes,2026-02-07
908674,221699,2026-02-06,94.47,No,
908675,206804,2026-02-06,71.45,Yes,2026-02-07
908676,217351,2026-02-06,87.97,No,
908677,219485,2026-02-06,149.68,No,
908678,234186,2026-02-06,103.03,Yes,2026-02-09
908679,244427,2026-02-06,68.75,No,
908680,212323,2026-02-06,64.37,Yes,2026-02-07
908681,201863,2026-02-06,86.47,No,
908682,224849,2026-02-06,46.86,No,
908683,215120,2026-02-06,89.85,No,
908684,243738,2026-02-06,69.57,No,
908685,230346,2026-02-06,125.18,No,
908686,217827,2026-02-06,49.89,Yes,2026-02-08
908687,234256,2026-02-06,75.44,No,
908688,203565,2026-02-06,68.17,Yes,2026-02-07
908689,237157,2026-02-06,57.12,Yes,2026-02-09
908690,201831,2026-02-06,65.07,No,
908691,241260,2026-02-06,96.18,No,
908692,237862,2026-02-06,117.81,Yes,2026-02-07
908693,214132,2026-02-06,121.23,No,
908694,243262,2026-02-06,129.88,No,
908695,213360,2026-02-06,124.83,Yes,2026-02-09
908696,220548,2026-02-06,124.42,No,
908697,214455,2026-02-06,75.85,No,
908698,217613,2026-02-06,75.93,No,
908699,239625,2026-02-06,71.38,No,
908700,201042,2026-02-06,69.18,No,
908701,205676,2026-02-06,93.50,No,
908702,215916,2026-02-06,79.03,Yes,2026-02-09
908703,236609,2026-02-07,86.14,No,
908704,245397,2026-02-07,123.47,No,
908705,218979,2026-02-07,99.60,No,
908706,233804,2026-02-07,27.73,No,
908707,228686,2026-02-07,73.58,No,
908708,208256,2026-02-07,66.28,No,
908709,230777,2026-02-07,65.79,No,
908710,240820,2026-02-07,90.00,Yes,2026-02-07
908711,206021,2026-02-07,102.61,No,
908712,203588,2026-02-07,114.98,No,
908713,215174,2026-02-07,75.98,No,
908714,235177,2026-02-07,68.98,No,
908715,202900,2026-02-07,83.80,No,
908716,232999,2026-02-07,94.70,No,
908717,223444,2026-02-07,79.38,No,
908718,231880,2026-02-07,87.18,No,
908719,236061,2026-02-07,34.34,No,
908720,239152,2026-02-07,53.42,No,
908721,237426,2026-02-07,100.14,Yes,2026-02-07
908722,214795,2026-02-07,87.68,No,
908723,217929,2026-02-07,115.58,Yes,2026-02-10
908724,203069,2026-02-07,56.60,Yes,2026-02-08
908725,220494,2026-02-07,84.92,No,
908726,243769,2026-02-07,91.57,No,
908727,218809,2026-02-07,52.02,Yes,2026-02-08
908728,231920,2026-02-07,106.98,No,
908729,218826,2026-02-07,54.74,No,
908730,205874,2026-02-07,54.96,No,
908731,226861,2026-02-07,76.33,No,
908732,215286,2026-02-07,97.94,No,
908733,230719,2026-02-07,120.70,No,
908734,224193,2026-02-07,50.96,No,
908735,238480,2026-02-07,117.28,No,
908736,210479,2026-02-07,97.55,No,
908737,217482,2026-02-07,78.14,No,
908738,210115,2026-02-07,78.49,No,
908739,236126,2026-02-07,54.08,No,
908740,209379,2026-02-07,96.09,No,
908741,215182,2026-02-07,86.58,No,
908742,223636,2026-02-07,93.09,No,
908743,225554,2026-02-07,97.81,No,
908744,229935,2026-02-07,86.02,No,
908745,226476,2026-02-07,85.12,No,
908746,206770,2026-02-07,111.15,Yes,2026-02-09
908747,216529,2026-02-07,115.61,No,
908748,211052,2026-02-07,63.52,No,
908749,228392,2026-02-07,93.56,No,
908750,244430,2026-02-07,91.07,No,
908751,222538,2026-02-07,85.58,No,
908752,215029,2026-02-07,82.92,No,
908753,219374,2026-02-07,88.08,No,
908754,216197,2026-02-07,107.16,No,
908755,232802,2026-02-07,87.52,No,
908756,243498,2026-02-07,79.21,No,
908757,208695,2026-02-07,58.61,No,
908758,230818,2026-02-07,130.16,Yes,2026-02-10
908759,208560,2026-02-07,82.13,No,
908760,243641,2026-02-07,67.66,No,
908761,232765,2026-02-07,105.82,No,
908762,200561,2026-02-07,89.04,No,
908763,216791,2026-02-07,54.48,No,
908764,222195,2026-02-07,87.01,No,
908765,202905,2026-02-07,127.61,No,
908766,215427,2026-02-07,110.04,No,
908767,217422,2026-02-07,73.10,No,
908768,242455,2026-02-07,56.44,No,
908769,224219,2026-02-07,106.25,No,
908770,234174,2026-02-07,103.95,No,
908771,216259,2026-02-07,76.42,Yes,2026-02-09
908772,202871,2026-02-07,113.90,No,
908773,200244,2026-02-07,121.83,No,
908774,237837,2026-02-07,97.87,No,
908775,234937,2026-02-07,91.68,No,
908776,245635,2026-02-07,77.26,No,
908777,234233,2026-02-07,109.03,No,
908778,221197,2026-02-07,103.30,No,
908779,213626,2026-02-07,97.29,Yes,2026-02-07
908780,222215,2026-02-07,96.98,No,
908781,244626,2026-02-07,67.52,Yes,2026-02-07
908782,208328,2026-02-07,95.66,No,
908783,211417,2026-02-07,59.57,No,
908784,201250,2026-02-07,72.41,Yes,2026-02-07
908785,240482,2026-02-07,70.17,No,
908786,221818,2026-02-07,62.31,Yes,2026-02-10
908787,240952,2026-02-07,43.62,No,
908788,234832,2026-02-07,63.44,No,
908789,242816,2026-02-07,62.39,Yes,2026-02-08
908790,243464,2026-02-07,72.91,No,
908791,221923,2026-02-07,51.13,No,
908792,245386,2026-02-07,109.62,No,
908793,207779,2026-02-07,62.16,Yes,2026-02-10
908794,238421,2026-02-07,51.58,No,
908795,219297,2026-02-07,70.82,No,
908796,202854,2026-02-07,83.59,No,
908797,242902,2026-02-07,20.00,No,
908798,227902,2026-02-07,100.12,No,
908799,234415,2026-02-07,65.72,No,
908800,221898,2026-02-07,97.66,No,
908801,229018,2026-02-07,68.23,Yes,2026-02-08
908802,223555,2026-02-07,61.85,No,
908803,213068,2026-02-07,76.27,No,
908804,221880,2026-02-07,69.27,No,
908805,222036,2026-02-07,64.35,Yes,2026-02-09
908806,228732,2026-02-07,110.95,No,
908807,213980,2026-02-07,83.32,Yes,2026-02-09
908808,214536,2026-02-07,68.26,No,
908809,241572,2026-02-07,83.80,No,
908810,237661,2026-02-07,96.93,No,
908811,232360,2026-02-07,77.93,No,
908812,244590,2026-02-07,84.74,Yes,2026-02-08
908813,228875,2026-02-07,79.00,No,
908814,222036,2026-02-07,96.29,No,
908815,244168,2026-02-07,83.80,No,
908816,222889,2026-02-07,86.17,No,
908817,207443,2026-02-07,106.18,No,
908818,243711,2026-02-07,121.58,No,
908819,224385,2026-02-07,94.64,No,
908820,219360,2026-02-07,84.64,No,
908821,220648,2026-02-07,57.35,Yes,2026-02-08
908822,209136,2026-02-07,60.25,Yes,2026-02-09
908823,248234,2026-02-07,107.72,No,
908824,217113,2026-02-07,67.39,Yes,2026-02-09
908825,248465,2026-02-07,56.91,No,
908826,208609,2026-02-07,89.27,No,
908827,231512,2026-02-07,63.58,No,
908828,206650,2026-02-07,94.61,No,
908829,224051,2026-02-07,70.94,Yes,2026-02-10
908830,233843,2026-02-07,99.36,No,
908831,239633,2026-02-07,63.29,No,
908832,223738,2026-02-07,90.37,Yes,2026-02-07
908833,210975,2026-02-07,85.72,No,
908834,234578,2026-02-07,67.06,No,
908835,248188,2026-02-07,82.30,No,
908836,225658,2026-02-07,100.70,No,
908837,218325,2026-02-08,103.46,No,
908838,211530,2026-02-08,67.42,No,
908839,238125,2026-02-08,47.69,No,
908840,218891,2026-02-08,54.82,Yes,2026-02-10
908841,225785,2026-02-08,88.24,No,
908842,242403,2026-02-08,125.68,No,
908843,221749,2026-02-08,87.46,No,
908844,244735,2026-02-08,64.77,No,
908845,206301,2026-02-08,63.28,No,
908846,242302,2026-02-08,75.37,No,
908847,212771,2026-02-08,76.63,No,
908848,210905,2026-02-08,63.90,No,
908849,239843,2026-02-08,88.93,No,
908850,209852,2026-02-08,98.74,Yes,2026-02-10
908851,210958,2026-02-08,100.08,No,
908852,217904,2026-02-08,60.49,No,
908853,204425,2026-02-08,57.54,No,
908854,236112,2026-02-08,76.81,No,
908855,210596,2026-02-08,78.97,No,
908856,224286,2026-02-08,74.32,No,
908857,243610,2026-02-08,66.40,Yes,2026-02-11
908858,239936,2026-02-08,99.28,Yes,2026-02-10
908859,201232,2026-02-08,38.39,No,
908860,237754,2026-02-08,94.12,No,
908861,216861,2026-02-08,88.31,No,
908862,201617,2026-02-08,114.29,No,
908863,246375,2026-02-08,102.88,Yes,2026-02-08
908864,226707,2026-02-08,100.12,No,
908865,219315,2026-02-08,74.71,Yes,2026-02-09
908866,205221,2026-02-08,84.41,No,
908867,219824,2026-02-08,91.53,No,
908868,214117,2026-02-08,69.78,No,
908869,240519,2026-02-08,102.46,Yes,2026-02-11
908870,227632,2026-02-08,78.44,No,
908871,219273,2026-02-08,91.10,No,
908872,227258,2026-02-08,48.50,No,
908873,245526,2026-02-08,96.11,No,
908874,239395,2026-02-08,104.50,Yes,2026-02-09
908875,246558,2026-02-08,77.00,No,
908876,236964,2026-02-08,46.76,Yes,2026-02-08
908877,237083,2026-02-08,59.75,Yes,2026-02-09
908878,228403,2026-02-08,86.48,No,
908879,228518,2026-02-08,52.51,Yes,2026-02-08
908880,203643,2026-02-08,94.86,No,
908881,208076,2026-02-08,89.25,No,
908882,206312,2026-02-08,85.54,No,
908883,245313,2026-02-08,74.66,Yes,2026-02-11
908884,217847,2026-02-08,57.82,No,
908885,242282,2026-02-08,106.20,No,
908886,238073,2026-02-08,87.06,No,
908887,208275,2026-02-08,95.73,Yes,2026-02-09
908888,206480,2026-02-08,68.58,No,
908889,212367,2026-02-08,120.07,No,
908890,238222,2026-02-08,56.58,No,
908891,223296,2026-02-08,122.13,No,
908892,227822,2026-02-08,99.94,No,
908893,234939,2026-02-08,115.06,No,
908894,230542,2026-02-08,64.00,No,
908895,209928,2026-02-08,101.28,No,
908896,204098,2026-02-08,83.71,No,
908897,243007,2026-02-08,100.82,No,
908898,223768,2026-02-08,97.43,No,
908899,210588,2026-02-08,127.75,No,
908900,243724,2026-02-08,76.66,No,
908901,237318,2026-02-08,88.26,No,
908902,218846,2026-02-08,77.20,Yes,2026-02-09
908903,242015,2026-02-08,87.70,Yes,2026-02-10
908904,225425,2026-02-08,92.33,No,
908905,222148,2026-02-08,105.49,Yes,2026-02-09
908906,205138,2026-02-08,49.51,Yes,2026-02-09
908907,233315,2026-02-08,50.49,No,
908908,217355,2026-02-08,44.54,No,
908909,225852,2026-02-08,73.82,No,
908910,201240,2026-02-08,106.69,No,
908911,222287,2026-02-08,92.96,Yes,2026-02-08
908912,208716,2026-02-08,50.62,No,
908913,221147,2026-02-08,84.28,Yes,2026-02-08
908914,225559,2026-02-08,46.23,No,
908915,205948,2026-02-08,94.35,No,
908916,212703,2026-02-08,131.88,Yes,2026-02-08
908917,219869,2026-02-08,39.60,No,
908918,232788,2026-02-08,55.53,Yes,2026-02-08
908919,202652,2026-02-08,49.06,No,
908920,232504,2026-02-08,79.36,No,
908921,207190,2026-02-08,31.45,No,
908922,213571,2026-02-08,39.65,No,
908923,243344,2026-02-08,81.84,No,
908924,202543,2026-02-08,67.62,No,
908925,241728,2026-02-08,98.35,No,
908926,244024,2026-02-08,102.25,No,
908927,221412,2026-02-08,52.94,No,
908928,228314,2026-02-08,136.45,No,
908929,222872,2026-02-08,77.28,Yes,2026-02-09
908930,208077,2026-02-08,121.16,No,
908931,245856,2026-02-08,67.96,Yes,2026-02-08
908932,203692,2026-02-08,99.98,No,
908933,217154,2026-02-08,73.55,No,
908934,220591,2026-02-08,82.24,No,
908935,201536,2026-02-08,76.60,Yes,2026-02-08
908936,244691,2026-02-08,38.62,No,
908937,219550,2026-02-08,110.03,No,
908938,200717,2026-02-08,48.88,No,
908939,206196,2026-02-08,88.78,No,
908940,226773,2026-02-08,74.53,No,
908941,205894,2026-02-08,106.79,No,
908942,234131,2026-02-08,74.38,No,
908943,217649,2026-02-08,133.71,No,
908944,234727,2026-02-08,114.27,No,
908945,243091,2026-02-08,85.89,Yes,2026-02-11
908946,225747,2026-02-08,45.83,Yes,2026-02-08
908947,234895,2026-02-08,101.43,Yes,2026-02-09
908948,210597,2026-02-08,78.66,No,
908949,201370,2026-02-08,94.72,Yes,2026-02-11
908950,235085,2026-02-08,56.45,No,
908951,232887,2026-02-08,72.85,No,
908952,206877,2026-02-08,67.13,Yes,2026-02-11
908953,244522,2026-02-08,61.63,No,
908954,220733,2026-02-08,89.66,No,
908955,202635,2026-02-08,54.19,No,
908956,243078,2026-02-08,36.09,No,
908957,248096,2026-02-08,59.84,No,
908958,244369,2026-02-08,110.06,No,
908959,203575,2026-02-08,101.73,No,
908960,227135,2026-02-08,89.76,Yes,2026-02-08
908961,226196,2026-02-08,73.48,No,
908962,220965,2026-02-08,65.63,No,
908963,232460,2026-02-08,116.74,No,
908964,227084,2026-02-08,108.18,No,
908965,205429,2026-02-08,76.34,No,
908966,231489,2026-02-08,57.44,No,
908967,208586,2026-02-08,74.57,Yes,2026-02-09
908968,214009,2026-02-08,80.35,No,
908969,205168,2026-02-08,61.62,Yes,2026-02-11
908970,210165,2026-02-08,109.42,No,
908971,207914,2026-02-08,86.93,No,
908972,203834,2026-02-08,72.10,No,
908973,223923,2026-02-08,127.19,Yes,2026-02-08
908974,227295,2026-02-08,42.56,No,
908975,200386,2026-02-08,79.63,Yes,2026-02-10
908976,219840,2026-02-08,97.27,No,
908977,243033,2026-02-08,75.54,No,
908978,207417,2026-02-08,52.11,No,
908979,223660,2026-02-08,104.52,Yes,2026-02-09
908980,229142,2026-02-08,35.07,No,
908981,213610,2026-02-08,109.25,No,
908982,244298,2026-02-08,83.38,No,
908983,225910,2026-02-08,81.21,Yes,2026-02-08
908984,205059,2026-02-08,69.22,No,
908985,210662,2026-02-09,80.61,No,
908986,236140,2026-02-09,77.54,No,
908987,212220,2026-02-09,81.76,Yes,2026-02-09
908988,219658,2026-02-09,77.61,No,
908989,229737,2026-02-09,65.88,No,
908990,211939,2026-02-09,122.03,No,
908991,206800,2026-02-09,45.72,No,
908992,216481,2026-02-09,82.78,No,
908993,219173,2026-02-09,42.79,No,
908994,224642,2026-02-09,144.93,No,
908995,205729,2026-02-09,76.19,No,
908996,224697,2026-02-09,83.35,Yes,2026-02-11
908997,206276,2026-02-09,133.61,Yes,2026-02-12
908998,227426,2026-02-09,99.21,No,
908999,234577,2026-02-09,118.79,Yes,2026-02-10
909000,243720,2026-02-09,86.46,No,
909001,242794,2026-02-09,41.64,No,
909002,212634,2026-02-09,38.82,No,
909003,235408,2026-02-09,43.10,No,
909004,225269,2026-02-09,94.79,No,
909005,247559,2026-02-09,67.64,No,
909006,203242,2026-02-09,103.40,Yes,2026-02-10
909007,246810,2026-02-09,75.44,No,
909008,220395,2026-02-09,62.83,No,
909009,218099,2026-02-09,88.73,No,
909010,215497,2026-02-09,77.25,No,
909011,232307,2026-02-09,89.33,No,
909012,233031,2026-02-09,91.66,No,
909013,204560,2026-02-09,93.49,No,
909014,218430,2026-02-09,133.53,No,
909015,221850,2026-02-09,87.67,No,
909016,227936,2026-02-09,38.11,Yes,2026-02-12
909017,245850,2026-02-09,84.35,No,
909018,218519,2026-02-09,77.76,No,
909019,235657,2026-02-09,88.72,No,
909020,224137,2026-02-09,50.27,No,
909021,227559,2026-02-09,113.38,No,
909022,202555,2026-02-09,85.62,No,
909023,237864,2026-02-09,111.03,No,
909024,231283,2026-02-09,51.68,No,
909025,207647,2026-02-09,103.43,No,
909026,218114,2026-02-09,71.28,No,
909027,236089,2026-02-09,66.64,No,
909028,228720,2026-02-09,98.34,Yes,2026-02-12
909029,231779,2026-02-09,71.17,No,
909030,243249,2026-02-09,89.73,No,
909031,204237,2026-02-09,48.39,No,
909032,246129,2026-02-09,120.34,Yes,2026-02-12
909033,207739,2026-02-09,114.74,No,
909034,214274,2026-02-09,162.47,No,
909035,207068,2026-02-09,72.55,No,
909036,218255,2026-02-09,86.76,No,
909037,238116,2026-02-09,95.28,No,
909038,233498,2026-02-09,104.74,No,
909039,245656,2026-02-09,93.33,No,
909040,213034,2026-02-09,56.37,No,
909041,207266,2026-02-09,121.35,Yes,2026-02-09
909042,242022,2026-02-09,60.68,No,
909043,237613,2026-02-09,51.15,No,
909044,204180,2026-02-09,122.82,No,
909045,248370,2026-02-09,52.17,No,
909046,209590,2026-02-09,88.10,No,
909047,231426,2026-02-09,96.18,Yes,2026-02-10
909048,218598,2026-02-09,137.27,No,
909049,244806,2026-02-09,57.06,No,
909050,214673,2026-02-09,132.32,No,
909051,225179,2026-02-09,70.75,No,
909052,230113,2026-02-09,89.01,No,
909053,213770,2026-02-09,98.14,No,
909054,205212,2026-02-09,101.36,Yes,2026-02-09
909055,208345,2026-02-09,60.97,No,
909056,218208,2026-02-09,80.22,No,
909057,227318,2026-02-09,83.25,No,
909058,234583,2026-02-09,140.39,No,
909059,233945,2026-02-09,64.79,Yes,2026-02-09
909060,230528,2026-02-09,101.35,No,
909061,220575,2026-02-09,64.58,No,
909062,211094,2026-02-09,69.24,Yes,2026-02-10
909063,245221,2026-02-09,94.55,Yes,2026-02-10
909064,245574,2026-02-09,51.61,No,
909065,204391,2026-02-09,37.52,No,
909066,205849,2026-02-09,21.03,No,
909067,239976,2026-02-09,113.61,No,
909068,230665,2026-02-09,66.80,No,
909069,244954,2026-02-09,66.55,Yes,2026-02-10
909070,221136,2026-02-09,101.47,No,
909071,210813,2026-02-09,47.58,No,
909072,206322,2026-02-09,24.37,No,
909073,217250,2026-02-09,49.86,No,
909074,203228,2026-02-09,94.55,No,
909075,201544,2026-02-09,90.06,No,
909076,228407,2026-02-09,48.89,No,
909077,242024,2026-02-09,118.09,Yes,2026-02-11
909078,224506,2026-02-09,71.74,Yes,2026-02-10
909079,212740,2026-02-09,73.03,No,
909080,238002,2026-02-09,129.45,No,
909081,220150,2026-02-09,102.43,Yes,2026-02-11
909082,221613,2026-02-09,87.82,No,
909083,223133,2026-02-09,55.67,No,
909084,201679,2026-02-09,97.35,No,
909085,200068,2026-02-09,117.06,No,
909086,211928,2026-02-09,96.42,No,
909087,226563,2026-02-09,64.18,Yes,2026-02-09
909088,210524,2026-02-09,87.47,No,
909089,228003,2026-02-09,71.52,No,
909090,225050,2026-02-09,120.54,No,
909091,228188,2026-02-09,94.89,No,
909092,233922,2026-02-09,88.13,No,
909093,234233,2026-02-09,111.57,Yes,2026-02-10
909094,228665,2026-02-09,103.03,No,
909095,240605,2026-02-09,79.88,Yes,2026-02-09
909096,222934,2026-02-09,106.98,No,
909097,207509,2026-02-09,59.52,No,
909098,222343,2026-02-09,44.69,Yes,2026-02-09
909099,202138,2026-02-09,49.14,No,
909100,219453,2026-02-09,85.57,No,
909101,236171,2026-02-09,42.49,No,
909102,202331,2026-02-09,42.34,Yes,2026-02-12
909103,239709,2026-02-09,48.43,No,
909104,205314,2026-02-09,75.44,Yes,2026-02-09
909105,236846,2026-02-09,66.33,No,
909106,211781,2026-02-09,57.07,Yes,2026-02-10
909107,227655,2026-02-09,102.48,No,
909108,227800,2026-02-09,138.34,No,
909109,241032,2026-02-09,93.25,Yes,2026-02-11
909110,243839,2026-02-09,84.60,No,
909111,229375,2026-02-09,78.92,No,
909112,220154,2026-02-09,35.11,No,
909113,218687,2026-02-09,100.27,No,
909114,225003,2026-02-09,71.00,No,
909115,244950,2026-02-09,124.21,No,
909116,236857,2026-02-09,104.91,No,
909117,241388,2026-02-09,126.94,No,
909118,247284,2026-02-09,71.66,No,
909119,206221,2026-02-10,72.53,No,
909120,244967,2026-02-10,92.75,No,
909121,215737,2026-02-10,100.70,No,
909122,205254,2026-02-10,70.21,Yes,2026-02-11
909123,219327,2026-02-10,88.19,No,
909124,207904,2026-02-10,68.31,No,
909125,211920,2026-02-10,97.90,Yes,2026-02-11
909126,200501,2026-02-10,82.08,No,
909127,207669,2026-02-10,76.28,No,
909128,229258,2026-02-10,50.47,No,
909129,243250,2026-02-10,112.20,Yes,2026-02-12
909130,202403,2026-02-10,100.99,No,
909131,203363,2026-02-10,31.25,No,
909132,248280,2026-02-10,83.55,No,
909133,207935,2026-02-10,92.53,No,
909134,225322,2026-02-10,36.78,No,
909135,211589,2026-02-10,54.64,No,
909136,233060,2026-02-10,101.14,No,
909137,217789,2026-02-10,89.94,No,
909138,211188,2026-02-10,97.32,No,
909139,245523,2026-02-10,78.55,No,
909140,209096,2026-02-10,52.86,No,
909141,248412,2026-02-10,55.38,No,
909142,217498,2026-02-10,113.82,No,
909143,200453,2026-02-10,84.12,Yes,2026-02-10
909144,240002,2026-02-10,113.96,Yes,2026-02-10
909145,235997,2026-02-10,99.90,No,
909146,208421,2026-02-10,95.87,No,
909147,218428,2026-02-10,79.56,No,
909148,230132,2026-02-10,58.07,No,
909149,219640,2026-02-10,41.93,Yes,2026-02-10
909150,224831,2026-02-10,84.20,No,
909151,204453,2026-02-10,63.33,No,
909152,204723,2026-02-10,58.37,Yes,2026-02-12
909153,238153,2026-02-10,108.88,No,
909154,212292,2026-02-10,86.78,Yes,2026-02-12
909155,223292,2026-02-10,82.54,No,
909156,239201,2026-02-10,68.47,No,
909157,220914,2026-02-10,113.67,No,
909158,222414,2026-02-10,20.00,No,
909159,204992,2026-02-10,88.53,No,
909160,237005,2026-02-10,63.40,No,
909161,241695,2026-02-10,69.70,No,
909162,244107,2026-02-10,62.32,Yes,2026-02-10
909163,210426,2026-02-10,104.29,No,
909164,218205,2026-02-10,110.89,No,
909165,227426,2026-02-10,103.98,No,
909166,218568,2026-02-10,54.41,No,
909167,224862,2026-02-10,108.68,No,
909168,240496,2026-02-10,119.53,No,
909169,242109,2026-02-10,69.96,No,
909170,217854,2026-02-10,53.53,Yes,2026-02-13
909171,203738,2026-02-10,71.36,No,
909172,207245,2026-02-10,63.29,No,
909173,223347,2026-02-10,64.97,No,
909174,231301,2026-02-10,37.70,Yes,2026-02-11
909175,211074,2026-02-10,90.09,No,
909176,227241,2026-02-10,101.28,No,
909177,231568,2026-02-10,105.90,No,
909178,214624,2026-02-10,58.65,No,
909179,200298,2026-02-10,108.94,No,
909180,214026,2026-02-10,66.85,No,
909181,208440,2026-02-10,73.02,No,
909182,215708,2026-02-10,37.87,No,
909183,233695,2026-02-10,114.08,No,
909184,227677,2026-02-10,114.49,Yes,2026-02-12
909185,209341,2026-02-10,65.85,Yes,2026-02-13
909186,230418,2026-02-10,98.91,No,
909187,247970,2026-02-10,61.99,Yes,2026-02-12
909188,231535,2026-02-10,91.47,Yes,2026-02-10
909189,228493,2026-02-10,68.12,No,
909190,224105,2026-02-10,87.93,No,
909191,237111,2026-02-10,80.41,Yes,2026-02-10
909192,241470,2026-02-10,100.92,No,
909193,210682,2026-02-10,91.39,No,
909194,235512,2026-02-10,78.60,Yes,2026-02-11
909195,201631,2026-02-10,75.94,Yes,2026-02-11
909196,242415,2026-02-10,93.40,No,
909197,236918,2026-02-10,88.82,No,
909198,200498,2026-02-10,51.94,No,
909199,203072,2026-02-10,94.56,Yes,2026-02-10
909200,223171,2026-02-10,140.04,No,
909201,214269,2026-02-10,84.95,No,
909202,232893,2026-02-10,81.95,No,
909203,221611,2026-02-10,57.93,Yes,2026-02-10
909204,207410,2026-02-10,47.38,No,
909205,233010,2026-02-10,112.12,No,
909206,237793,2026-02-10,148.64,No,
909207,227462,2026-02-10,74.80,Yes,2026-02-13
909208,241443,2026-02-10,135.74,No,
909209,231811,2026-02-10,108.71,No,
909210,236748,2026-02-10,65.78,Yes,2026-02-10
909211,218457,2026-02-10,58.22,No,
909212,225256,2026-02-10,71.54,No,
909213,234431,2026-02-10,55.08,No,
909214,238375,2026-02-10,62.12,No,
909215,241352,2026-02-10,46.63,No,
909216,207165,2026-02-10,106.83,No,
909217,248384,2026-02-10,119.08,Yes,2026-02-10
909218,227072,2026-02-10,88.06,Yes,2026-02-10
909219,242831,2026-02-10,52.43,No,
909220,231344,2026-02-10,78.84,No,
909221,206195,2026-02-10,120.35,No,
909222,222495,2026-02-10,95.31,No,
909223,239324,2026-02-10,96.66,No,
909224,208308,2026-02-10,67.71,No,
909225,232660,2026-02-10,34.68,No,
909226,212263,2026-02-10,62.81,No,
909227,209119,2026-02-10,101.83,Yes,2026-02-10
909228,214444,2026-02-10,37.49,No,
909229,244499,2026-02-10,85.19,No,
909230,233821,2026-02-10,68.35,No,
909231,236117,2026-02-10,64.76,No,
909232,235285,2026-02-10,83.36,Yes,2026-02-10
909233,205427,2026-02-10,40.18,No,
909234,220439,2026-02-10,97.07,No,
909235,202939,2026-02-10,102.02,No,
909236,225953,2026-02-10,82.10,No,
909237,218562,2026-02-10,78.65,No,
909238,204519,2026-02-10,62.58,No,
909239,233507,2026-02-10,36.41,No,
909240,205037,2026-02-10,109.63,No,
909241,201129,2026-02-10,53.71,No,
909242,244840,2026-02-10,77.34,No,
909243,241456,2026-02-10,90.56,No,
909244,226626,2026-02-10,111.85,No,
909245,238248,2026-02-10,47.62,No,
909246,241367,2026-02-10,104.32,No,
909247,225404,2026-02-11,93.19,No,
909248,213659,2026-02-11,87.15,No,
909249,248151,2026-02-11,114.63,No,
909250,222182,2026-02-11,56.94,No,
909251,236969,2026-02-11,97.71,Yes,2026-02-14
909252,210356,2026-02-11,96.34,No,
909253,211180,2026-02-11,65.20,Yes,2026-02-12
909254,208672,2026-02-11,116.91,No,
909255,239570,2026-02-11,72.29,No,
909256,212713,2026-02-11,119.55,No,
909257,233757,2026-02-11,78.34,No,
909258,235562,2026-02-11,69.20,No,
909259,244814,2026-02-11,71.76,No,
909260,232571,2026-02-11,62.17,No,
909261,240727,2026-02-11,83.46,No,
909262,216498,2026-02-11,20.27,No,
909263,229542,2026-02-11,149.80,No,
909264,201908,2026-02-11,92.20,Yes,2026-02-14
909265,231803,2026-02-11,95.03,No,
909266,242343,2026-02-11,105.33,No,
909267,247305,2026-02-11,98.46,Yes,2026-02-12
909268,239831,2026-02-11,94.76,No,
909269,230729,2026-02-11,70.19,No,
909270,201426,2026-02-11,96.64,Yes,2026-02-12
909271,223185,2026-02-11,77.05,No,
909272,221709,2026-02-11,84.76,No,
909273,245718,2026-02-11,45.67,No,
909274,223295,2026-02-11,95.46,No,
909275,205696,2026-02-11,103.47,No,
909276,210129,2026-02-11,102.84,No,
909277,221142,2026-02-11,90.88,No,
909278,217897,2026-02-11,120.89,Yes,2026-02-14
909279,226697,2026-02-11,66.34,Yes,2026-02-13
909280,243097,2026-02-11,54.66,No,
909281,245017,2026-02-11,106.51,No,
909282,227542,2026-02-11,86.48,Yes,2026-02-13
909283,201168,2026-02-11,86.11,No,
909284,245437,2026-02-11,98.75,No,
909285,247055,2026-02-11,100.28,No,
909286,207370,2026-02-11,91.24,No,
909287,241590,2026-02-11,52.01,No,
909288,228123,2026-02-11,70.56,No,
909289,207638,2026-02-11,67.95,No,
909290,238520,2026-02-11,80.17,No,
909291,227551,2026-02-11,131.50,Yes,2026-02-13
909292,224150,2026-02-11,120.84,Yes,2026-02-12
909293,220616,2026-02-11,111.61,No,
909294,201235,2026-02-11,98.27,No,
909295,247436,2026-02-11,86.83,No,
909296,218049,2026-02-11,58.12,No,
909297,201613,2026-02-11,34.94,No,
909298,221492,2026-02-11,70.86,No,
909299,211149,2026-02-11,94.71,No,
909300,209779,2026-02-11,67.50,No,
909301,238568,2026-02-11,89.31,No,
909302,242412,2026-02-11,104.85,No,
909303,200620,2026-02-11,74.10,No,
909304,229831,2026-02-11,54.25,Yes,2026-02-12
909305,236435,2026-02-11,89.47,Yes,2026-02-14
909306,222315,2026-02-11,62.32,No,
909307,211003,2026-02-11,131.53,No,
909308,209890,2026-02-11,111.72,Yes,2026-02-13
909309,238412,2026-02-11,103.36,No,
909310,232064,2026-02-11,125.34,Yes,2026-02-11
909311,227924,2026-02-11,74.67,No,
909312,216092,2026-02-11,83.21,No,
909313,222910,2026-02-11,96.70,No,
909314,237712,2026-02-11,85.28,No,
909315,216874,2026-02-11,90.49,No,
909316,241802,2026-02-11,126.21,Yes,2026-02-12
909317,220963,2026-02-11,69.96,Yes,2026-02-14
909318,245834,2026-02-11,79.41,No,
909319,200057,2026-02-11,38.04,No,
909320,247904,2026-02-11,74.20,No,
909321,232006,2026-02-11,63.94,No,
909322,210505,2026-02-11,71.01,Yes,2026-02-13
909323,200800,2026-02-11,63.64,No,
909324,213855,2026-02-11,97.08,No,
909325,215410,2026-02-11,111.67,No,
909326,242064,2026-02-11,76.17,No,
909327,203589,2026-02-11,108.81,No,
909328,211500,2026-02-11,131.05,No,
909329,240026,2026-02-11,91.02,Yes,2026-02-13
909330,233060,2026-02-11,52.90,Yes,2026-02-14
909331,219775,2026-02-11,29.54,Yes,2026-02-12
909332,219746,2026-02-11,87.71,Yes,2026-02-12
909333,211112,2026-02-11,100.93,Yes,2026-02-14
909334,233159,2026-02-11,66.58,No,
909335,228303,2026-02-11,91.60,No,
909336,222457,2026-02-11,89.81,No,
909337,245268,2026-02-11,77.55,No,
909338,229431,2026-02-11,62.28,No,
909339,242697,2026-02-11,136.70,No,
909340,229359,2026-02-11,76.95,No,
909341,223937,2026-02-11,93.69,No,
909342,200488,2026-02-11,127.29,No,
909343,216075,2026-02-11,101.96,No,
909344,201481,2026-02-11,107.70,No,
909345,227913,2026-02-11,107.42,No,
909346,248159,2026-02-11,90.49,No,
909347,236965,2026-02-11,47.39,No,
909348,246048,2026-02-11,98.45,No,
909349,239483,2026-02-11,107.56,No,
909350,225473,2026-02-11,93.53,No,
909351,205353,2026-02-11,132.73,No,
909352,201843,2026-02-11,89.17,No,
909353,245014,2026-02-11,75.94,No,
909354,238600,2026-02-11,57.31,No,
909355,230542,2026-02-11,108.85,No,
909356,223400,2026-02-11,114.89,No,
909357,221391,2026-02-11,74.36,No,
909358,244698,2026-02-11,49.85,No,
909359,223496,2026-02-11,73.49,No,
909360,206421,2026-02-11,59.65,No,
909361,218643,2026-02-11,111.06,No,
909362,240926,2026-02-11,69.93,Yes,2026-02-11
909363,228982,2026-02-11,101.46,No,
909364,248121,2026-02-11,67.06,No,
909365,231407,2026-02-11,99.98,No,
909366,241106,2026-02-11,55.41,No,
909367,244013,2026-02-11,110.83,No,
909368,209677,2026-02-11,88.86,Yes,2026-02-11
909369,244088,2026-02-11,87.93,Yes,2026-02-12
909370,201812,2026-02-11,89.73,No,
909371,222778,2026-02-12,35.86,No,
909372,204062,2026-02-12,68.25,Yes,2026-02-13
909373,214521,2026-02-12,60.82,No,
909374,216729,2026-02-12,130.46,No,
909375,228553,2026-02-12,38.66,No,
909376,219161,2026-02-12,48.93,No,
909377,223425,2026-02-12,85.91,No,
909378,201678,2026-02-12,48.85,No,
909379,203590,2026-02-12,55.21,No,
909380,219667,2026-02-12,78.58,No,
909381,229055,2026-02-12,145.12,No,
909382,213876,2026-02-12,73.39,No,
909383,225391,2026-02-12,20.00,No,
909384,217976,2026-02-12,97.61,No,
909385,224592,2026-02-12,78.97,No,
909386,212524,2026-02-12,70.05,No,
909387,217219,2026-02-12,68.40,No,
909388,205807,2026-02-12,63.45,No,
909389,225542,2026-02-12,119.09,No,
909390,239628,2026-02-12,64.12,No,
909391,232913,2026-02-12,72.62,No,
909392,229772,2026-02-12,117.94,No,
909393,208917,2026-02-12,82.74,No,
909394,216329,2026-02-12,66.17,No,
909395,213731,2026-02-12,76.64,No,
909396,218735,2026-02-12,80.12,No,
909397,236170,2026-02-12,85.74,No,
909398,209438,2026-02-12,104.29,No,
909399,210338,2026-02-12,76.14,Yes,2026-02-12
909400,242548,2026-02-12,142.22,No,
909401,223942,2026-02-12,57.46,No,
909402,226840,2026-02-12,72.05,Yes,2026-02-15
909403,201373,2026-02-12,74.93,No,
909404,225936,2026-02-12,114.97,Yes,2026-02-15
909405,200216,2026-02-12,90.09,No,
909406,241004,2026-02-12,52.08,No,
909407,228540,2026-02-12,45.77,No,
909408,210656,2026-02-12,91.47,Yes,2026-02-14
909409,209520,2026-02-12,116.15,No,
909410,228949,2026-02-12,114.21,Yes,2026-02-14
909411,242718,2026-02-12,139.34,No,
909412,219673,2026-02-12,95.43,No,
909413,241177,2026-02-12,64.54,No,
909414,245924,2026-02-12,93.40,Yes,2026-02-13
909415,218142,2026-02-12,76.70,Yes,2026-02-13
909416,226178,2026-02-12,38.13,Yes,2026-02-13
909417,217262,2026-02-12,74.33,Yes,2026-02-13
909418,244498,2026-02-12,71.39,Yes,2026-02-15
909419,208304,2026-02-12,111.85,No,
909420,222709,2026-02-12,64.61,Yes,2026-02-13
909421,209961,2026-02-12,67.86,No,
909422,218430,2026-02-12,75.51,No,
909423,247457,2026-02-12,70.18,Yes,2026-02-15
909424,212747,2026-02-12,72.20,No,
909425,202467,2026-02-12,79.68,No,
909426,205001,2026-02-12,41.71,No,
909427,225129,2026-02-12,88.87,No,
909428,223876,2026-02-12,84.88,Yes,2026-02-14
909429,226804,2026-02-12,95.36,No,
909430,229478,2026-02-12,91.78,Yes,2026-02-14
909431,209949,2026-02-12,71.45,Yes,2026-02-14
909432,220956,2026-02-12,101.00,Yes,2026-02-15
909433,214344,2026-02-12,68.37,No,
909434,236354,2026-02-12,85.24,No,
909435,242479,2026-02-12,96.50,No,
909436,220143,2026-02-12,100.15,No,
909437,240486,2026-02-12,94.73,Yes,2026-02-12
909438,217944,2026-02-12,48.69,No,
909439,235954,2026-02-12,96.92,No,
909440,245878,2026-02-12,80.81,No,
909441,245001,2026-02-12,92.52,No,
909442,226741,2026-02-12,58.17,No,
909443,243310,2026-02-12,90.50,No,
909444,217697,2026-02-12,49.77,No,
909445,245177,2026-02-12,68.35,No,
909446,218607,2026-02-12,48.22,No,
909447,237846,2026-02-12,20.00,No,
909448,239698,2026-02-12,64.84,No,
909449,216938,2026-02-12,100.95,Yes,2026-02-13
909450,207464,2026-02-12,97.47,No,
909451,207171,2026-02-12,76.54,No,
909452,230760,2026-02-12,105.86,No,
909453,223838,2026-02-12,89.05,No,
909454,243964,2026-02-12,103.90,Yes,2026-02-13
909455,202213,2026-02-12,87.93,No,
909456,224710,2026-02-12,62.15,Yes,2026-02-14
909457,232615,2026-02-12,78.64,No,
909458,210170,2026-02-12,105.69,Yes,2026-02-12
909459,225316,2026-02-12,97.53,No,
909460,223010,2026-02-12,69.35,Yes,2026-02-13
909461,219545,2026-02-12,86.66,No,
909462,235167,2026-02-12,85.82,No,
909463,217919,2026-02-12,99.03,No,
909464,247668,2026-02-12,98.15,No,
909465,229589,2026-02-12,89.43,No,
909466,206253,2026-02-12,96.11,Yes,2026-02-12
909467,236388,2026-02-12,116.13,No,
909468,227760,2026-02-12,93.00,No,
909469,222113,2026-02-12,70.52,Yes,2026-02-15
909470,201927,2026-02-12,94.64,Yes,2026-02-14
909471,223637,2026-02-12,88.40,No,
909472,243932,2026-02-12,98.92,No,
909473,240669,2026-02-12,77.97,No,
909474,214961,2026-02-12,44.72,Yes,2026-02-12
909475,227573,2026-02-12,61.92,No,
909476,238270,2026-02-12,89.05,No,
909477,218927,2026-02-12,128.16,Yes,2026-02-15
909478,224493,2026-02-12,62.59,No,
909479,243399,2026-02-12,116.53,Yes,2026-02-15
909480,208085,2026-02-12,52.51,No,
909481,203501,2026-02-12,93.93,No,
909482,224675,2026-02-12,99.45,No,
909483,215793,2026-02-12,85.41,No,
909484,230131,2026-02-12,104.97,No,
909485,200330,2026-02-12,49.91,No,
909486,225260,2026-02-12,53.05,Yes,2026-02-12
909487,239088,2026-02-12,79.28,No,
909488,230502,2026-02-12,99.82,No,
909489,202843,2026-02-12,86.11,No,
909490,208000,2026-02-12,88.27,No,
909491,203917,2026-02-12,62.46,No,
909492,213311,2026-02-12,87.40,Yes,2026-02-14
909493,238008,2026-02-12,79.38,No,
909494,232779,2026-02-13,106.36,No,
909495,224173,2026-02-13,84.96,Yes,2026-02-13
909496,207225,2026-02-13,88.11,No,
909497,221670,2026-02-13,111.14,No,
909498,226436,2026-02-13,86.07,No,
909499,231975,2026-02-13,57.86,No,
909500,206458,2026-02-13,88.88,No,
909501,237762,2026-02-13,121.59,No,
909502,239486,2026-02-13,96.18,No,
909503,200732,2026-02-13,133.73,No,
909504,218061,2026-02-13,82.86,No,
909505,232599,2026-02-13,57.65,No,
909506,200105,2026-02-13,100.58,No,
909507,228334,2026-02-13,62.15,No,
909508,222451,2026-02-13,80.76,No,
909509,242080,2026-02-13,23.36,No,
909510,241745,2026-02-13,78.34,No,
909511,216794,2026-02-13,69.15,No,
909512,221364,2026-02-13,54.70,No,
909513,240528,2026-02-13,100.04,No,
909514,220833,2026-02-13,82.36,No,
909515,209949,2026-02-13,98.64,No,
909516,237783,2026-02-13,87.04,Yes,2026-02-13
909517,222890,2026-02-13,48.26,No,
909518,200429,2026-02-13,67.54,Yes,2026-02-13
909519,207616,2026-02-13,63.17,Yes,2026-02-14
909520,226639,2026-02-13,103.39,No,
909521,241553,2026-02-13,96.17,No,
909522,217256,2026-02-13,52.02,No,
909523,229730,2026-02-13,42.60,No,
909524,236522,2026-02-13,101.92,No,
909525,241112,2026-02-13,74.18,No,
909526,242991,2026-02-13,48.82,No,
909527,230355,2026-02-13,90.56,No,
909528,217676,2026-02-13,150.83,Yes,2026-02-14
909529,240925,2026-02-13,50.24,Yes,2026-02-15
909530,221674,2026-02-13,23.56,Yes,2026-02-14
909531,235478,2026-02-13,121.82,Yes,2026-02-14
909532,211853,2026-02-13,89.19,No,
909533,223061,2026-02-13,88.71,No,
909534,226704,2026-02-13,71.42,No,
909535,218838,2026-02-13,90.03,No,
909536,207080,2026-02-13,123.79,No,
909537,227458,2026-02-13,125.22,No,
909538,220615,2026-02-13,53.30,No,
909539,233765,2026-02-13,132.45,No,
909540,208168,2026-02-13,102.74,No,
909541,212943,2026-02-13,56.24,Yes,2026-02-14
909542,220073,2026-02-13,125.55,No,
909543,201236,2026-02-13,61.35,Yes,2026-02-16
909544,209351,2026-02-13,27.58,No,
909545,239833,2026-02-13,32.80,No,
909546,204281,2026-02-13,84.06,No,
909547,221142,2026-02-13,39.60,No,
909548,210853,2026-02-13,100.20,No,
909549,212133,2026-02-13,105.26,No,
909550,200859,2026-02-13,84.37,Yes,2026-02-14
909551,247076,2026-02-13,86.61,No,
909552,200411,2026-02-13,73.95,Yes,2026-02-14
909553,238613,2026-02-13,63.65,No,
909554,201410,2026-02-13,79.98,No,
909555,220080,2026-02-13,98.85,No,
909556,208482,2026-02-13,118.31,No,
909557,222540,2026-02-13,60.76,No,
909558,204116,2026-02-13,89.06,Yes,2026-02-14
909559,246538,2026-02-13,127.23,No,
909560,230655,2026-02-13,66.30,No,
909561,241429,2026-02-13,105.54,Yes,2026-02-14
909562,217627,2026-02-13,90.14,Yes,2026-02-13
909563,211729,2026-02-13,77.54,No,
909564,239372,2026-02-13,112.45,No,
909565,233828,2026-02-13,78.94,No,
909566,239992,2026-02-13,83.50,No,
909567,228320,2026-02-13,39.91,No,
909568,238158,2026-02-13,80.73,No,
909569,219705,2026-02-13,99.25,Yes,2026-02-13
909570,243227,2026-02-13,125.77,Yes,2026-02-15
909571,228269,2026-02-13,98.42,No,
909572,233966,2026-02-13,93.36,No,
909573,241524,2026-02-13,70.50,Yes,2026-02-14
909574,227956,2026-02-13,63.25,Yes,2026-02-15
909575,235632,2026-02-13,76.41,No,
909576,213216,2026-02-13,138.26,No,
909577,208346,2026-02-13,113.21,No,
909578,236254,2026-02-13,86.85,Yes,2026-02-13
909579,226404,2026-02-13,92.87,No,
909580,204580,2026-02-13,66.65,No,
909581,247127,2026-02-13,44.45,No,
909582,239978,2026-02-13,91.36,No,
909583,242323,2026-02-13,62.43,No,
909584,216713,2026-02-13,83.03,No,
909585,224386,2026-02-13,115.62,No,
909586,204283,2026-02-13,106.28,No,
909587,230262,2026-02-13,60.10,No,
909588,206696,2026-02-13,131.91,No,
909589,234649,2026-02-13,85.37,No,
909590,226160,2026-02-13,122.46,No,
909591,241243,2026-02-13,81.94,Yes,2026-02-14
909592,209144,2026-02-13,64.29,No,
909593,221681,2026-02-13,142.43,No,
909594,211551,2026-02-13,70.77,No,
909595,231739,2026-02-13,69.37,No,
909596,231508,2026-02-13,81.25,No,
909597,208625,2026-02-13,45.19,No,
909598,214493,2026-02-13,44.38,Yes,2026-02-13
909599,233047,2026-02-13,137.85,No,
909600,216323,2026-02-13,70.68,No,
909601,229872,2026-02-13,74.01,No,
909602,205555,2026-02-13,77.95,No,
909603,221995,2026-02-13,80.94,No,
909604,212440,2026-02-13,110.72,No,
909605,211879,2026-02-13,93.34,No,
909606,228695,2026-02-13,88.20,Yes,2026-02-15
909607,225110,2026-02-13,71.96,No,
909608,242253,2026-02-13,112.20,No,
909609,242623,2026-02-13,63.30,Yes,2026-02-15
909610,246459,2026-02-13,49.67,No,
909611,211214,2026-02-13,56.85,No,
909612,223972,2026-02-13,46.70,No,
909613,242186,2026-02-13,89.76,No,
909614,246575,2026-02-13,58.45,No,
909615,221808,2026-02-13,57.38,No,
909616,244122,2026-02-13,60.22,Yes,2026-02-14
909617,229761,2026-02-13,74.63,No,
909618,243692,2026-02-13,71.16,No,
909619,204681,2026-02-13,78.61,No,
909620,247693,2026-02-13,114.05,No,
909621,213929,2026-02-13,55.98,No,
909622,237582,2026-02-13,52.07,Yes,2026-02-16
909623,207139,2026-02-13,105.76,No,
909624,224503,2026-02-13,35.11,No,
909625,244565,2026-02-13,58.01,No,
909626,222949,2026-02-13,86.91,No,
909627,222130,2026-02-13,77.70,No,
909628,236714,2026-02-13,84.47,No,
909629,241810,2026-02-13,92.00,No,
909630,227538,2026-02-13,46.21,Yes,2026-02-14
909631,213228,2026-02-13,98.39,No,
909632,236137,2026-02-13,58.63,Yes,2026-02-13
909633,216304,2026-02-13,35.57,No,
909634,207112,2026-02-14,147.53,Yes,2026-02-16
909635,206874,2026-02-14,102.85,Yes,2026-02-17
909636,241497,2026-02-14,69.86,No,
909637,225689,2026-02-14,129.48,No,
909638,225355,2026-02-14,76.41,No,
909639,228320,2026-02-14,50.82,No,
909640,223971,2026-02-14,88.90,Yes,2026-02-15
909641,248079,2026-02-14,80.08,No,
909642,220217,2026-02-14,105.58,No,
909643,228069,2026-02-14,111.17,No,
909644,234452,2026-02-14,80.98,No,
909645,228401,2026-02-14,97.25,No,
909646,214792,2026-02-14,67.47,Yes,2026-02-16
909647,206376,2026-02-14,60.89,Yes,2026-02-14
909648,243372,2026-02-14,80.02,No,
909649,242348,2026-02-14,64.74,No,
909650,228918,2026-02-14,108.75,No,
909651,241475,2026-02-14,90.12,No,
909652,202190,2026-02-14,142.31,No,
909653,223119,2026-02-14,121.67,No,
909654,244377,2026-02-14,66.51,Yes,2026-02-15
909655,217143,2026-02-14,25.27,No,
909656,244340,2026-02-14,109.85,Yes,2026-02-17
909657,225435,2026-02-14,80.33,Yes,2026-02-16
909658,214132,2026-02-14,57.52,No,
909659,217006,2026-02-14,79.69,No,
909660,207592,2026-02-14,87.77,No,
909661,221147,2026-02-14,66.59,No,
909662,245248,2026-02-14,63.64,No,
909663,244702,2026-02-14,79.48,Yes,2026-02-15
909664,207599,2026-02-14,95.29,No,
909665,206342,2026-02-14,123.90,No,
909666,219352,2026-02-14,73.07,No,
909667,215832,2026-02-14,139.24,No,
909668,214325,2026-02-14,120.73,Yes,2026-02-17
909669,244490,2026-02-14,57.56,No,
909670,203706,2026-02-14,84.46,No,
909671,204553,2026-02-14,100.17,No,
909672,217668,2026-02-14,122.45,Yes,2026-02-17
909673,246150,2026-02-14,43.46,No,
909674,244567,2026-02-14,54.07,No,
909675,227283,2026-02-14,105.00,Yes,2026-02-16
909676,240291,2026-02-14,77.27,No,
909677,219059,2026-02-14,64.29,No,
909678,244268,2026-02-14,59.91,No,
909679,233115,2026-02-14,61.79,Yes,2026-02-15
909680,215470,2026-02-14,81.72,No,
909681,235409,2026-02-14,81.50,No,
909682,242542,2026-02-14,94.37,No,
909683,217961,2026-02-14,108.20,No,
909684,205272,2026-02-14,109.59,No,
909685,231306,2026-02-14,106.44,Yes,2026-02-16
909686,205534,2026-02-14,75.94,No,
909687,217345,2026-02-14,67.25,No,
909688,207582,2026-02-14,101.05,No,
909689,200339,2026-02-14,108.21,Yes,2026-02-17
909690,205085,2026-02-14,65.83,No,
909691,237290,2026-02-14,55.64,No,
909692,213189,2026-02-14,79.31,Yes,2026-02-17
909693,216844,2026-02-14,106.66,No,
909694,230273,2026-02-14,67.46,No,
909695,201516,2026-02-14,98.78,No,
909696,237986,2026-02-14,38.36,No,
909697,247347,2026-02-14,71.55,Yes,2026-02-14
909698,205901,2026-02-14,123.52,No,
909699,233055,2026-02-14,70.06,No,
909700,232443,2026-02-14,66.20,No,
909701,233502,2026-02-14,117.15,No,
909702,205923,2026-02-14,86.77,No,
909703,244335,2026-02-14,74.83,No,
909704,205790,2026-02-14,84.34,No,
909705,203050,2026-02-14,95.91,No,
909706,229258,2026-02-14,87.80,Yes,2026-02-15
909707,245712,2026-02-14,63.91,No,
909708,212398,2026-02-14,103.21,No,
909709,228159,2026-02-14,102.59,No,
909710,237832,2026-02-14,100.09,No,
909711,244643,2026-02-14,76.39,Yes,2026-02-14
909712,220467,2026-02-14,114.89,Yes,2026-02-16
909713,236022,2026-02-14,72.41,No,
909714,222569,2026-02-14,83.42,No,
909715,214888,2026-02-14,66.82,No,
909716,238740,2026-02-14,112.35,Yes,2026-02-16
909717,239264,2026-02-14,71.22,No,
909718,223228,2026-02-14,107.29,No,
909719,212982,2026-02-14,108.08,No,
909720,244893,2026-02-14,78.97,No,
909721,238404,2026-02-14,79.59,Yes,2026-02-17
909722,230936,2026-02-14,68.76,No,
909723,209839,2026-02-14,33.17,No,
909724,231501,2026-02-14,92.68,No,
909725,232511,2026-02-14,83.32,Yes,2026-02-16
909726,220979,2026-02-14,77.45,No,
909727,241291,2026-02-14,107.06,No,
909728,210944,2026-02-14,86.77,Yes,2026-02-15
909729,240501,2026-02-14,116.34,Yes,2026-02-17
909730,227020,2026-02-14,125.08,Yes,2026-02-14
909731,212969,2026-02-14,75.29,No,
909732,246460,2026-02-14,115.17,Yes,2026-02-16
909733,229945,2026-02-14,51.75,No,
909734,246091,2026-02-14,116.65,No,
909735,223874,2026-02-14,115.14,No,
909736,224632,2026-02-14,66.00,No,
909737,234560,2026-02-14,95.51,No,
909738,223823,2026-02-14,57.97,No,
909739,231629,2026-02-14,72.56,No,
909740,240628,2026-02-14,87.55,No,
909741,228739,2026-02-14,72.83,No,
909742,245102,2026-02-14,75.11,Yes,2026-02-15
909743,229961,2026-02-14,64.97,Yes,2026-02-16
909744,200185,2026-02-14,82.53,No,
909745,241876,2026-02-14,104.87,No,
909746,216143,2026-02-14,72.66,No,
909747,237001,2026-02-14,123.86,No,
909748,234926,2026-02-14,63.56,No,
909749,222796,2026-02-14,88.42,Yes,2026-02-14
909750,209189,2026-02-14,98.33,No,
909751,240742,2026-02-14,85.98,No,
909752,223509,2026-02-14,112.54,No,
909753,231247,2026-02-14,72.07,No,
909754,226823,2026-02-14,124.43,No,
909755,243935,2026-02-14,101.27,No,
909756,236715,2026-02-14,127.93,No,
909757,200223,2026-02-14,100.06,Yes,2026-02-15
909758,231857,2026-02-14,113.02,Yes,2026-02-14
909759,243353,2026-02-14,69.70,No,
909760,238361,2026-02-14,74.48,No,
909761,209808,2026-02-14,111.00,No,
909762,212961,2026-02-14,99.21,No,
909763,201525,2026-02-14,137.54,No,
909764,221810,2026-02-14,67.62,No,
909765,235791,2026-02-14,85.29,No,
909766,215995,2026-02-14,111.65,No,
909767,214638,2026-02-14,73.65,No,
909768,218315,2026-02-14,45.35,No,
909769,212744,2026-02-14,77.54,No,
909770,227890,2026-02-14,66.90,No,
909771,218991,2026-02-14,71.23,No,
909772,209959,2026-02-14,96.45,No,
909773,217512,2026-02-15,100.33,No,
909774,207483,2026-02-15,83.20,No,
909775,247615,2026-02-15,81.31,No,
909776,208941,2026-02-15,57.83,No,
909777,241149,2026-02-15,77.66,No,
909778,229239,2026-02-15,93.33,Yes,2026-02-15
909779,214700,2026-02-15,58.07,Yes,2026-02-16
909780,230688,2026-02-15,26.65,No,
909781,243511,2026-02-15,83.58,Yes,2026-02-17
909782,246129,2026-02-15,98.01,No,
909783,215583,2026-02-15,91.10,Yes,2026-02-17
909784,243040,2026-02-15,79.42,No,
909785,215527,2026-02-15,47.86,No,
909786,236922,2026-02-15,92.92,No,
909787,225281,2026-02-15,148.94,No,
909788,237152,2026-02-15,88.75,No,
909789,200386,2026-02-15,33.09,No,
909790,237277,2026-02-15,27.18,No,
909791,219960,2026-02-15,81.64,No,
909792,219310,2026-02-15,157.98,No,
909793,235334,2026-02-15,79.52,No,
909794,216737,2026-02-15,98.75,No,
909795,219364,2026-02-15,43.00,No,
909796,216656,2026-02-15,127.11,No,
909797,202024,2026-02-15,80.46,Yes,2026-02-16
909798,240829,2026-02-15,99.19,No,
909799,206615,2026-02-15,75.15,No,
909800,206234,2026-02-15,90.03,Yes,2026-02-16
909801,223570,2026-02-15,69.47,No,
909802,202419,2026-02-15,60.80,No,
909803,212870,2026-02-15,93.57,No,
909804,206741,2026-02-15,104.50,No,
909805,227743,2026-02-15,81.05,No,
909806,214538,2026-02-15,66.08,No,
909807,247855,2026-02-15,88.05,No,
909808,208349,2026-02-15,105.40,No,
909809,223416,2026-02-15,90.29,Yes,2026-02-18
909810,242884,2026-02-15,70.87,No,
909811,219635,2026-02-15,69.28,No,
909812,236031,2026-02-15,84.67,Yes,2026-02-16
909813,202796,2026-02-15,68.84,No,
909814,228276,2026-02-15,56.66,No,
909815,203377,2026-02-15,62.54,No,
909816,214099,2026-02-15,94.39,No,
909817,235452,2026-02-15,50.51,No,
909818,243366,2026-02-15,126.41,No,
909819,201856,2026-02-15,100.25,Yes,2026-02-15
909820,234490,2026-02-15,66.86,No,
909821,241415,2026-02-15,112.22,Yes,2026-02-16
909822,227217,2026-02-15,53.52,Yes,2026-02-16
909823,235352,2026-02-15,88.42,Yes,2026-02-17
909824,215111,2026-02-15,104.94,No,
909825,208791,2026-02-15,95.47,No,
909826,208840,2026-02-15,72.99,No,
909827,203954,2026-02-15,92.08,Yes,2026-02-15
909828,217793,2026-02-15,111.93,No,
909829,207787,2026-02-15,70.79,No,
909830,247386,2026-02-15,36.97,Yes,2026-02-15
909831,200092,2026-02-15,81.42,No,
909832,206352,2026-02-15,77.08,No,
909833,207282,2026-02-15,103.57,No,
909834,212560,2026-02-15,83.95,Yes,2026-02-16
909835,227273,2026-02-15,54.32,No,
909836,248394,2026-02-15,97.66,No,
909837,224449,2026-02-15,95.37,No,
909838,233602,2026-02-15,62.83,Yes,2026-02-17
909839,205076,2026-02-15,92.30,No,
909840,218842,2026-02-15,94.89,No,
909841,214704,2026-02-15,96.00,No,
909842,204982,2026-02-15,84.95,No,
909843,215952,2026-02-15,47.73,No,
909844,200086,2026-02-15,67.55,No,
909845,245013,2026-02-15,75.98,No,
909846,239454,2026-02-15,127.37,No,
909847,243300,2026-02-15,72.15,No,
909848,236117,2026-02-15,47.67,No,
909849,242719,2026-02-15,85.01,No,
909850,203496,2026-02-15,49.87,No,
909851,246052,2026-02-15,69.70,No,
909852,212317,2026-02-15,55.02,No,
909853,208284,2026-02-15,57.77,No,
909854,228163,2026-02-15,69.47,No,
909855,222907,2026-02-15,85.24,No,
909856,202023,2026-02-15,96.94,No,
909857,219859,2026-02-15,90.48,Yes,2026-02-18
909858,222352,2026-02-15,88.32,No,
909859,202193,2026-02-15,84.02,No,
909860,201007,2026-02-15,79.81,No,
909861,218975,2026-02-15,57.46,No,
909862,201724,2026-02-15,59.61,No,
909863,236128,2026-02-15,65.91,No,
909864,201519,2026-02-15,92.05,Yes,2026-02-18
909865,227456,2026-02-15,125.77,Yes,2026-02-15
909866,223591,2026-02-15,95.46,No,
909867,210251,2026-02-15,100.60,Yes,2026-02-16
909868,206898,2026-02-15,97.36,No,
909869,210334,2026-02-15,84.83,No,
909870,204211,2026-02-15,85.65,Yes,2026-02-17
909871,248237,2026-02-15,96.43,Yes,2026-02-18
909872,227052,2026-02-15,102.88,No,
909873,227968,2026-02-15,103.60,No,
909874,234727,2026-02-15,75.89,No,
909875,222779,2026-02-15,112.77,No,
909876,248024,2026-02-15,87.45,No,
909877,217091,2026-02-15,89.45,No,
909878,235181,2026-02-15,83.68,No,
909879,234210,2026-02-15,104.14,No,
909880,220531,2026-02-15,80.84,No,
909881,241423,2026-02-15,68.13,No,
909882,202000,2026-02-15,88.18,No,
909883,220739,2026-02-15,127.72,No,
909884,243774,2026-02-15,81.38,No,
909885,242486,2026-02-15,120.92,No,
909886,204973,2026-02-15,96.65,No,
909887,223220,2026-02-15,81.00,No,
909888,242891,2026-02-15,32.56,No,
909889,220281,2026-02-15,71.53,No,
909890,245025,2026-02-15,110.73,No,
909891,209987,2026-02-15,59.95,Yes,2026-02-17
909892,224123,2026-02-15,68.68,No,
909893,211417,2026-02-15,88.54,Yes,2026-02-15
909894,238570,2026-02-15,106.61,No,
909895,246003,2026-02-15,47.34,No,
909896,213256,2026-02-15,114.24,Yes,2026-02-18
909897,223893,2026-02-15,72.25,No,
909898,208551,2026-02-15,114.33,No,
909899,244690,2026-02-15,80.00,No,
909900,206480,2026-02-15,87.74,No,
909901,233671,2026-02-15,110.99,No,
909902,224657,2026-02-15,78.33,No,
909903,201145,2026-02-15,70.41,Yes,2026-02-15
909904,210660,2026-02-15,82.74,No,
909905,240077,2026-02-15,118.13,Yes,2026-02-15
909906,245666,2026-02-15,51.94,No,
909907,227215,2026-02-15,86.56,No,
909908,228466,2026-02-15,83.90,No,
909909,216042,2026-02-15,74.93,No,
909910,240471,2026-02-15,92.08,No,
909911,205206,2026-02-15,84.51,Yes,2026-02-15
909912,207892,2026-02-15,96.01,No,
909913,213774,2026-02-15,97.16,Yes,2026-02-18
909914,248257,2026-02-15,30.63,No,
909915,235755,2026-02-15,41.87,No,
909916,241299,2026-02-16,73.10,Yes,2026-02-19
909917,222728,2026-02-16,120.01,No,
909918,213882,2026-02-16,92.48,No,
909919,242198,2026-02-16,96.02,No,
909920,243730,2026-02-16,56.80,No,
909921,201186,2026-02-16,60.92,No,
909922,235745,2026-02-16,43.93,No,
909923,246132,2026-02-16,82.45,No,
909924,224724,2026-02-16,105.75,No,
909925,203556,2026-02-16,72.81,No,
909926,202817,2026-02-16,86.20,No,
909927,245457,2026-02-16,114.38,Yes,2026-02-16
909928,225152,2026-02-16,61.78,Yes,2026-02-19
909929,221392,2026-02-16,107.54,No,
909930,201510,2026-02-16,81.89,No,
909931,202889,2026-02-16,88.25,No,
909932,247905,2026-02-16,77.41,No,
909933,232398,2026-02-16,98.69,Yes,2026-02-18
909934,234181,2026-02-16,73.57,No,
909935,226579,2026-02-16,79.16,No,
909936,209667,2026-02-16,58.45,No,
909937,231914,2026-02-16,69.04,No,
909938,201905,2026-02-16,76.30,No,
909939,222523,2026-02-16,96.30,No,
909940,240876,2026-02-16,61.85,Yes,2026-02-18
909941,208194,2026-02-16,48.56,No,
909942,210315,2026-02-16,95.99,No,
909943,207704,2026-02-16,69.64,No,
909944,202002,2026-02-16,95.61,No,
909945,221110,2026-02-16,52.93,Yes,2026-02-18
909946,247074,2026-02-16,31.18,No,
909947,240034,2026-02-16,99.91,Yes,2026-02-19
909948,217941,2026-02-16,111.30,No,
909949,209001,2026-02-16,116.16,No,
909950,245288,2026-02-16,99.22,No,
909951,207614,2026-02-16,65.11,No,
909952,227706,2026-02-16,81.09,No,
909953,230351,2026-02-16,72.09,No,
909954,238672,2026-02-16,94.98,Yes,2026-02-17
909955,201145,2026-02-16,40.62,No,
909956,227438,2026-02-16,70.41,Yes,2026-02-19
909957,226060,2026-02-16,20.00,Yes,2026-02-17
909958,202725,2026-02-16,84.99,No,
909959,208640,2026-02-16,77.08,No,
909960,219081,2026-02-16,41.06,No,
909961,219448,2026-02-16,80.81,Yes,2026-02-19
909962,222996,2026-02-16,67.47,Yes,2026-02-19
909963,210311,2026-02-16,74.24,Yes,2026-02-17
909964,225867,2026-02-16,78.32,No,
909965,215839,2026-02-16,107.27,No,
909966,230128,2026-02-16,74.42,No,
909967,208194,2026-02-16,47.38,Yes,2026-02-18
909968,217387,2026-02-16,110.27,No,
909969,211220,2026-02-16,70.11,No,
909970,242460,2026-02-16,78.71,No,
909971,203582,2026-02-16,51.21,Yes,2026-02-17
909972,204619,2026-02-16,67.90,Yes,2026-02-18
909973,233438,2026-02-16,58.76,No,
909974,204711,2026-02-16,102.79,No,
909975,229145,2026-02-16,99.98,Yes,2026-02-18
909976,206647,2026-02-16,110.82,No,
909977,207009,2026-02-16,122.92,Yes,2026-02-16
909978,203232,2026-02-16,65.81,No,
909979,200940,2026-02-16,62.94,No,
909980,216884,2026-02-16,109.37,No,
909981,214789,2026-02-16,81.31,No,
909982,202329,2026-02-16,36.86,No,
909983,227925,2026-02-16,58.85,Yes,2026-02-17
909984,227557,2026-02-16,44.30,No,
909985,243721,2026-02-16,51.06,Yes,2026-02-16
909986,233265,2026-02-16,68.60,No,
909987,236133,2026-02-16,64.17,No,
909988,232921,2026-02-16,87.72,No,
909989,236772,2026-02-16,88.84,No,
909990,230618,2026-02-16,89.74,No,
909991,225598,2026-02-16,78.96,Yes,2026-02-17
909992,201328,2026-02-16,112.17,No,
909993,228228,2026-02-16,60.68,No,
909994,240413,2026-02-16,94.83,No,
909995,239656,2026-02-16,83.28,Yes,2026-02-18
909996,234345,2026-02-16,99.78,No,
909997,237833,2026-02-16,20.00,No,
909998,227748,2026-02-16,101.96,No,
909999,241973,2026-02-16,56.60,Yes,2026-02-18
910000,216815,2026-02-16,79.18,Yes,2026-02-16
910001,224911,2026-02-16,93.03,No,
910002,206937,2026-02-16,37.14,No,
910003,220656,2026-02-16,78.10,No,
910004,236779,2026-02-16,75.62,No,
910005,227472,2026-02-16,134.70,Yes,2026-02-16
910006,234589,2026-02-16,93.13,No,
910007,205701,2026-02-16,105.51,Yes,2026-02-18
910008,231899,2026-02-16,101.85,Yes,2026-02-17
910009,217840,2026-02-16,57.48,No,
910010,242116,2026-02-16,95.02,No,
910011,234226,2026-02-16,61.78,No,
910012,243030,2026-02-16,52.63,No,
910013,219126,2026-02-16,87.73,No,
910014,216487,2026-02-16,38.84,No,
910015,228742,2026-02-16,86.95,No,
910016,220097,2026-02-16,44.12,Yes,2026-02-17
910017,204376,2026-02-16,65.97,No,
910018,218852,2026-02-16,66.37,No,
910019,210055,2026-02-16,28.40,No,
910020,219080,2026-02-16,78.27,No,
910021,235838,2026-02-16,79.45,No,
910022,241223,2026-02-16,80.11,No,
910023,229093,2026-02-16,106.04,No,
910024,233336,2026-02-16,136.51,No,
910025,221349,2026-02-16,75.95,No,
910026,237982,2026-02-16,79.11,No,
910027,240974,2026-02-16,111.80,No,
910028,203814,2026-02-16,91.38,No,
910029,222734,2026-02-16,87.45,No,
910030,212741,2026-02-16,72.58,No,
910031,216784,2026-02-16,65.90,No,
910032,223340,2026-02-16,48.98,No,
910033,246922,2026-02-16,116.96,No,
910034,226632,2026-02-16,74.89,No,
910035,241595,2026-02-16,53.09,No,
910036,237955,2026-02-16,79.76,No,
910037,239316,2026-02-16,65.01,No,
910038,232724,2026-02-16,118.41,No,
910039,208406,2026-02-16,81.09,Yes,2026-02-17
910040,203037,2026-02-16,51.47,No,
910041,219183,2026-02-16,106.74,Yes,2026-02-16
910042,240215,2026-02-16,78.62,No,
910043,215729,2026-02-16,83.34,No,
910044,236852,2026-02-16,67.48,No,
910045,247051,2026-02-16,44.53,No,
910046,236316,2026-02-16,94.54,Yes,2026-02-18
910047,239721,2026-02-16,107.42,Yes,2026-02-19
910048,212045,2026-02-16,91.14,No,
910049,230859,2026-02-16,57.91,No,
910050,229363,2026-02-16,65.84,Yes,2026-02-19
910051,248337,2026-02-16,91.34,No,
910052,219277,2026-02-16,55.90,No,
910053,244865,2026-02-16,72.42,No,
910054,230138,2026-02-16,68.72,Yes,2026-02-18
910055,224164,2026-02-16,59.25,No,
910056,232369,2026-02-16,66.73,Yes,2026-02-18
910057,245245,2026-02-16,47.53,No,
910058,231140,2026-02-16,61.61,No,
910059,240247,2026-02-16,60.12,No,
910060,201142,2026-02-16,105.70,No,
910061,217112,2026-02-17,49.65,No,
910062,211849,2026-02-17,132.56,Yes,2026-02-20
910063,209029,2026-02-17,31.31,No,
910064,236455,2026-02-17,73.07,No,
910065,203319,2026-02-17,76.04,No,
910066,201910,2026-02-17,92.65,No,
910067,241794,2026-02-17,81.37,No,
910068,230887,2026-02-17,80.75,Yes,2026-02-17
910069,228981,2026-02-17,122.75,No,
910070,242372,2026-02-17,108.66,No,
910071,201779,2026-02-17,64.15,No,
910072,236910,2026-02-17,65.97,No,
910073,201948,2026-02-17,74.20,Yes,2026-02-20
910074,217990,2026-02-17,83.90,No,
910075,224258,2026-02-17,113.29,No,
910076,202547,2026-02-17,100.37,No,
910077,211053,2026-02-17,71.68,No,
910078,227114,2026-02-17,70.70,No,
910079,246636,2026-02-17,88.23,No,
910080,205940,2026-02-17,76.97,No,
910081,203175,2026-02-17,117.74,No,
910082,207761,2026-02-17,85.76,Yes,2026-02-20
910083,216347,2026-02-17,70.33,No,
910084,226375,2026-02-17,97.46,No,
910085,208659,2026-02-17,53.20,No,
910086,228716,2026-02-17,83.39,No,
910087,247229,2026-02-17,104.53,No,
910088,221794,2026-02-17,40.04,No,
910089,233495,2026-02-17,78.15,Yes,2026-02-18
910090,245827,2026-02-17,66.95,No,
910091,225404,2026-02-17,58.37,No,
910092,217804,2026-02-17,103.31,No,
910093,226742,2026-02-17,140.13,No,
910094,229474,2026-02-17,104.20,No,
910095,241854,2026-02-17,40.36,No,
910096,247904,2026-02-17,122.33,No,
910097,228768,2026-02-17,74.38,No,
910098,200483,2026-02-17,85.19,No,
910099,239302,2026-02-17,76.58,No,
910100,209724,2026-02-17,54.73,Yes,2026-02-18
910101,221618,2026-02-17,111.18,No,
910102,247163,2026-02-17,105.84,No,
910103,212582,2026-02-17,66.13,No,
910104,236873,2026-02-17,87.81,No,
910105,225208,2026-02-17,41.19,Yes,2026-02-20
910106,204887,2026-02-17,60.47,Yes,2026-02-19
910107,225723,2026-02-17,95.27,No,
910108,217740,2026-02-17,39.46,No,
910109,210424,2026-02-17,95.94,No,
910110,247251,2026-02-17,136.11,Yes,2026-02-17
910111,222638,2026-02-17,97.86,No,
910112,206791,2026-02-17,110.65,No,
910113,233995,2026-02-17,131.47,No,
910114,212454,2026-02-17,91.59,No,
910115,201270,2026-02-17,72.67,No,
910116,213309,2026-02-17,97.97,No,
910117,208671,2026-02-17,57.83,No,
910118,219674,2026-02-17,110.88,No,
910119,211421,2026-02-17,95.82,Yes,2026-02-19
910120,226940,2026-02-17,64.22,No,
910121,226559,2026-02-17,25.39,No,
910122,236873,2026-02-17,65.95,No,
910123,212290,2026-02-17,116.09,Yes,2026-02-19
910124,209208,2026-02-17,98.92,No,
910125,224678,2026-02-17,86.27,No,
910126,200867,2026-02-17,131.12,No,
910127,208142,2026-02-17,63.51,No,
910128,225428,2026-02-17,104.92,No,
910129,223723,2026-02-17,80.76,No,
910130,206559,2026-02-17,124.74,No,
910131,224114,2026-02-17,105.72,No,
910132,220361,2026-02-17,141.75,Yes,2026-02-18
910133,223640,2026-02-17,53.29,No,
910134,245990,2026-02-17,108.28,Yes,2026-02-18
910135,221257,2026-02-17,98.03,No,
910136,204308,2026-02-17,76.95,No,
910137,248385,2026-02-17,54.45,No,
910138,209770,2026-02-17,119.30,No,
910139,230016,2026-02-17,59.37,No,
910140,236290,2026-02-17,96.89,No,
910141,234379,2026-02-17,91.65,No,
910142,228029,2026-02-17,90.83,Yes,2026-02-17
910143,231046,2026-02-17,72.83,No,
910144,233352,2026-02-17,54.02,No,
910145,207183,2026-02-17,70.00,No,
910146,212719,2026-02-17,112.31,No,
910147,224666,2026-02-17,71.59,No,
910148,203441,2026-02-17,77.49,Yes,2026-02-19
910149,223696,2026-02-17,83.60,No,
910150,246098,2026-02-17,78.68,No,
910151,243113,2026-02-17,62.90,No,
910152,227931,2026-02-17,70.29,No,
910153,217974,2026-02-17,42.25,No,
910154,235497,2026-02-17,75.59,No,
910155,237190,2026-02-17,98.25,No,
910156,213180,2026-02-17,91.54,Yes,2026-02-18
910157,202019,2026-02-17,91.15,No,
910158,229882,2026-02-17,70.50,Yes,2026-02-17
910159,214433,2026-02-17,61.30,No,
910160,220664,2026-02-17,85.16,Yes,2026-02-19
910161,246005,2026-02-17,67.13,Yes,2026-02-18
910162,206214,2026-02-17,92.61,No,
910163,201339,2026-02-17,68.35,Yes,2026-02-19
910164,219182,2026-02-17,111.99,No,
910165,230764,2026-02-17,84.85,No,
910166,215574,2026-02-17,41.32,Yes,2026-02-20
910167,238275,2026-02-17,56.55,No,
910168,232106,2026-02-17,89.73,No,
910169,240801,2026-02-17,71.50,No,
910170,213670,2026-02-17,54.89,Yes,2026-02-20
910171,247103,2026-02-17,106.42,No,
910172,227097,2026-02-17,65.67,No,
910173,212504,2026-02-17,120.40,No,
910174,244751,2026-02-17,97.85,No,
910175,232097,2026-02-17,91.53,No,
910176,217779,2026-02-17,27.78,Yes,2026-02-18
910177,237300,2026-02-17,27.13,No,
910178,242651,2026-02-17,60.82,Yes,2026-02-19
910179,231872,2026-02-17,109.46,No,
910180,247113,2026-02-17,108.06,No,
910181,200584,2026-02-17,90.48,No,
910182,225453,2026-02-17,114.31,No,
910183,237696,2026-02-17,66.15,No,
910184,224086,2026-02-17,132.95,No,
910185,228987,2026-02-17,80.40,No,
910186,219756,2026-02-18,98.57,Yes,2026-02-18
910187,235526,2026-02-18,125.88,No,
910188,211528,2026-02-18,90.24,No,
910189,217800,2026-02-18,114.89,No,
910190,237860,2026-02-18,39.11,No,
910191,240180,2026-02-18,52.51,No,
910192,245671,2026-02-18,101.35,No,
910193,211559,2026-02-18,58.83,No,
910194,225618,2026-02-18,103.89,No,
910195,222224,2026-02-18,29.07,No,
910196,215396,2026-02-18,56.57,No,
910197,245766,2026-02-18,97.15,No,
910198,205769,2026-02-18,55.17,No,
910199,233576,2026-02-18,64.15,No,
910200,245261,2026-02-18,102.58,Yes,2026-02-19
910201,217662,2026-02-18,96.74,No,
910202,214440,2026-02-18,86.45,No,
910203,244516,2026-02-18,69.14,No,
910204,218435,2026-02-18,83.46,No,
910205,209016,2026-02-18,65.43,No,
910206,242936,2026-02-18,60.65,Yes,2026-02-19
910207,217570,2026-02-18,106.19,No,
910208,205589,2026-02-18,78.36,Yes,2026-02-19
910209,209078,2026-02-18,92.87,No,
910210,238889,2026-02-18,132.88,No,
910211,211863,2026-02-18,107.54,No,
910212,216311,2026-02-18,86.92,No,
910213,200363,2026-02-18,61.93,Yes,2026-02-21
910214,238756,2026-02-18,87.19,Yes,2026-02-19
910215,201982,2026-02-18,83.24,No,
910216,201217,2026-02-18,103.02,Yes,2026-02-20
910217,234143,2026-02-18,107.80,No,
910218,246159,2026-02-18,91.42,No,
910219,203620,2026-02-18,133.62,No,
910220,220937,2026-02-18,55.15,No,
910221,237698,2026-02-18,87.47,Yes,2026-02-19
910222,233965,2026-02-18,71.12,No,
910223,248004,2026-02-18,95.72,No,
910224,227868,2026-02-18,65.13,No,
910225,207121,2026-02-18,58.86,No,
910226,237597,2026-02-18,66.27,No,
910227,222094,2026-02-18,49.17,Yes,2026-02-21
910228,240978,2026-02-18,88.68,No,
910229,212905,2026-02-18,82.93,No,
910230,227764,2026-02-18,116.79,No,
910231,213259,2026-02-18,76.51,No,
910232,220322,2026-02-18,67.42,No,
910233,240255,2026-02-18,116.38,Yes,2026-02-19
910234,232174,2026-02-18,53.84,No,
910235,224545,2026-02-18,85.92,Yes,2026-02-20
910236,233142,2026-02-18,73.91,No,
910237,228866,2026-02-18,70.78,Yes,2026-02-21
910238,226358,2026-02-18,67.68,No,
910239,210084,2026-02-18,74.20,No,
910240,204792,2026-02-18,111.62,No,
910241,204301,2026-02-18,82.95,No,
910242,244972,2026-02-18,132.77,No,
910243,240990,2026-02-18,82.43,No,
910244,205764,2026-02-18,120.96,No,
910245,241657,2026-02-18,40.00,Yes,2026-02-18
910246,226295,2026-02-18,89.34,Yes,2026-02-19
910247,200226,2026-02-18,59.77,No,
910248,213536,2026-02-18,105.66,No,
910249,208407,2026-02-18,80.60,No,
910250,246289,2026-02-18,53.08,Yes,2026-02-19
910251,222188,2026-02-18,73.18,No,
910252,209998,2026-02-18,71.90,Yes,2026-02-19
910253,222384,2026-02-18,98.30,Yes,2026-02-21
910254,200863,2026-02-18,95.90,No,
910255,203516,2026-02-18,57.60,No,
910256,227788,2026-02-18,60.97,No,
910257,205417,2026-02-18,106.47,No,
910258,238160,2026-02-18,52.28,No,
910259,227800,2026-02-18,62.58,No,
910260,222961,2026-02-18,113.97,No,
910261,218984,2026-02-18,112.66,No,
910262,231880,2026-02-18,55.95,No,
910263,211068,2026-02-18,97.66,No,
910264,200117,2026-02-18,86.55,No,
910265,244513,2026-02-18,116.50,No,
910266,205454,2026-02-18,108.34,No,
910267,204022,2026-02-18,75.80,No,
910268,237081,2026-02-18,112.54,No,
910269,232723,2026-02-18,78.54,Yes,2026-02-18
910270,210144,2026-02-18,68.39,Yes,2026-02-19
910271,218046,2026-02-18,88.49,No,
910272,235035,2026-02-18,99.04,No,
910273,207165,2026-02-18,83.63,No,
910274,206865,2026-02-18,141.34,No,
910275,211259,2026-02-18,54.64,No,
910276,206352,2026-02-18,75.61,No,
910277,213627,2026-02-18,59.38,No,
910278,230474,2026-02-18,37.23,No,
910279,232058,2026-02-18,72.27,Yes,2026-02-21
910280,211468,2026-02-18,81.98,No,
910281,237114,2026-02-18,82.27,No,
910282,236808,2026-02-18,100.78,No,
910283,208929,2026-02-18,67.68,No,
910284,238328,2026-02-18,111.49,No,
910285,236482,2026-02-18,46.38,No,
910286,240481,2026-02-18,68.53,No,
910287,222438,2026-02-18,83.71,No,
910288,203608,2026-02-18,94.78,No,
910289,240454,2026-02-18,71.93,Yes,2026-02-19
910290,210714,2026-02-18,78.65,No,
910291,209130,2026-02-18,126.26,No,
910292,229572,2026-02-18,96.39,No,
910293,206015,2026-02-18,66.47,Yes,2026-02-19
910294,229462,2026-02-18,126.13,No,
910295,200008,2026-02-18,47.36,No,
910296,212086,2026-02-18,90.07,No,
910297,235034,2026-02-18,114.02,No,
910298,231749,2026-02-18,95.98,No,
910299,243440,2026-02-18,71.29,No,
910300,226117,2026-02-18,99.10,No,
910301,203411,2026-02-18,76.96,No,
910302,226768,2026-02-18,85.84,No,
910303,222711,2026-02-18,139.85,No,
910304,241202,2026-02-18,91.56,No,
910305,239041,2026-02-18,48.73,No,
910306,213188,2026-02-18,104.56,No,
910307,246007,2026-02-18,81.26,Yes,2026-02-19
910308,216060,2026-02-18,105.40,No,
910309,214106,2026-02-18,73.70,No,
910310,223760,2026-02-18,67.81,No,
910311,228409,2026-02-18,65.98,No,
910312,213998,2026-02-18,79.62,Yes,2026-02-19
910313,209877,2026-02-18,73.89,Yes,2026-02-20
910314,206409,2026-02-18,96.91,No,
910315,200957,2026-02-18,117.53,Yes,2026-02-20
910316,202159,2026-02-18,102.90,No,
910317,205539,2026-02-18,83.84,No,
910318,219515,2026-02-18,120.17,No,
910319,230776,2026-02-18,107.87,No,
910320,243482,2026-02-18,77.00,Yes,2026-02-18
910321,220654,2026-02-18,101.25,No,
910322,244604,2026-02-18,77.45,No,
910323,228842,2026-02-18,102.49,No,
910324,243495,2026-02-18,38.40,No,
910325,212345,2026-02-18,81.12,Yes,2026-02-19
910326,231089,2026-02-18,61.32,Yes,2026-02-19
910327,208603,2026-02-18,70.97,No,
910328,214238,2026-02-18,64.47,No,
910329,233984,2026-02-19,138.43,Yes,2026-02-22
910330,246392,2026-02-19,72.28,Yes,2026-02-22
910331,230622,2026-02-19,78.43,No,
910332,214198,2026-02-19,75.96,Yes,2026-02-21
910333,233527,2026-02-19,46.30,No,
910334,219714,2026-02-19,59.03,Yes,2026-02-21
910335,240112,2026-02-19,110.84,No,
910336,236440,2026-02-19,88.50,Yes,2026-02-19
910337,215243,2026-02-19,111.69,Yes,2026-02-21
910338,229098,2026-02-19,92.35,No,
910339,245386,2026-02-19,71.84,No,
910340,214350,2026-02-19,90.20,No,
910341,245807,2026-02-19,42.48,No,
910342,203113,2026-02-19,108.85,No,
910343,223105,2026-02-19,86.39,Yes,2026-02-22
910344,207727,2026-02-19,103.29,Yes,2026-02-20
910345,233572,2026-02-19,60.81,Yes,2026-02-21
910346,223453,2026-02-19,98.99,No,
910347,248329,2026-02-19,62.91,No,
910348,232100,2026-02-19,73.33,No,
910349,230855,2026-02-19,51.02,No,
910350,245037,2026-02-19,73.82,No,
910351,213620,2026-02-19,108.31,No,
910352,245779,2026-02-19,82.10,No,
910353,216780,2026-02-19,69.60,Yes,2026-02-19
910354,243258,2026-02-19,102.56,No,
910355,207410,2026-02-19,69.00,Yes,2026-02-21
910356,241226,2026-02-19,81.04,Yes,2026-02-21
910357,203564,2026-02-19,83.14,Yes,2026-02-19
910358,204805,2026-02-19,107.46,No,
910359,223756,2026-02-19,39.61,Yes,2026-02-21
910360,244912,2026-02-19,74.60,Yes,2026-02-21
910361,200474,2026-02-19,55.92,No,
910362,211930,2026-02-19,81.57,No,
910363,230319,2026-02-19,119.48,No,
910364,245434,2026-02-19,57.24,No,
910365,223193,2026-02-19,57.70,No,
910366,213160,2026-02-19,95.12,No,
910367,209354,2026-02-19,53.37,No,
910368,235721,2026-02-19,59.54,Yes,2026-02-20
910369,238271,2026-02-19,82.13,Yes,2026-02-19
910370,224768,2026-02-19,80.92,No,
910371,244887,2026-02-19,78.19,No,
910372,226290,2026-02-19,57.24,No,
910373,218516,2026-02-19,78.03,No,
910374,210820,2026-02-19,62.98,No,
910375,233224,2026-02-19,84.09,No,
910376,216480,2026-02-19,84.71,No,
910377,203577,2026-02-19,59.56,No,
910378,231687,2026-02-19,77.59,No,
910379,235538,2026-02-19,82.25,No,
910380,230803,2026-02-19,81.87,No,
910381,231775,2026-02-19,95.78,No,
910382,201051,2026-02-19,58.36,Yes,2026-02-19
910383,246639,2026-02-19,91.93,Yes,2026-02-21
910384,221379,2026-02-19,91.33,No,
910385,200259,2026-02-19,74.66,No,
910386,205276,2026-02-19,35.37,No,
910387,241820,2026-02-19,85.33,No,
910388,219293,2026-02-19,73.60,No,
910389,202197,2026-02-19,125.86,No,
910390,220964,2026-02-19,80.06,No,
910391,226468,2026-02-19,118.03,No,
910392,234588,2026-02-19,36.36,Yes,2026-02-22
910393,203791,2026-02-19,90.43,No,
910394,243396,2026-02-19,91.28,No,
910395,216356,2026-02-19,80.16,No,
910396,201555,2026-02-19,56.47,No,
910397,209129,2026-02-19,103.71,Yes,2026-02-19
910398,242233,2026-02-19,38.93,No,
910399,222748,2026-02-19,94.61,No,
910400,240654,2026-02-19,59.25,No,
910401,232256,2026-02-19,104.08,No,
910402,215283,2026-02-19,121.21,No,
910403,218335,2026-02-19,81.59,No,
910404,246416,2026-02-19,93.58,Yes,2026-02-19
910405,236686,2026-02-19,128.51,No,
910406,243686,2026-02-19,98.51,No,
910407,222756,2026-02-19,68.64,Yes,2026-02-19
910408,210498,2026-02-19,104.56,No,
910409,234614,2026-02-19,118.08,No,
910410,213893,2026-02-19,94.24,Yes,2026-02-21
910411,206381,2026-02-19,45.47,No,
910412,213925,2026-02-19,75.38,Yes,2026-02-22
910413,225989,2026-02-19,92.40,No,
910414,231953,2026-02-19,45.80,No,
910415,229282,2026-02-19,79.98,No,
910416,238639,2026-02-19,62.88,No,
910417,202943,2026-02-19,112.82,No,
910418,207349,2026-02-19,76.38,No,
910419,206658,2026-02-19,54.41,Yes,2026-02-22
910420,238743,2026-02-19,77.66,Yes,2026-02-20
910421,237039,2026-02-19,46.64,No,
910422,232731,2026-02-19,52.33,No,
910423,220428,2026-02-19,112.89,No,
910424,233256,2026-02-19,80.57,Yes,2026-02-21
910425,237040,2026-02-19,64.78,No,
910426,237704,2026-02-19,52.95,No,
910427,236340,2026-02-19,102.14,Yes,2026-02-21
910428,200933,2026-02-19,64.39,Yes,2026-02-20
910429,210933,2026-02-19,95.77,No,
910430,245122,2026-02-19,80.09,Yes,2026-02-21
910431,202429,2026-02-19,99.10,No,
910432,242287,2026-02-19,113.96,Yes,2026-02-20
910433,223380,2026-02-19,98.08,No,
910434,214126,2026-02-19,84.36,No,
910435,221032,2026-02-19,110.33,No,
910436,217294,2026-02-19,100.59,No,
910437,238838,2026-02-19,88.26,No,
910438,204456,2026-02-19,74.35,Yes,2026-02-20
910439,245989,2026-02-19,67.27,No,
910440,215937,2026-02-19,71.49,No,
910441,240291,2026-02-19,58.02,Yes,2026-02-20
910442,231355,2026-02-19,63.75,No,
910443,241662,2026-02-19,67.79,No,
910444,217082,2026-02-19,71.79,Yes,2026-02-19
910445,201254,2026-02-19,58.99,No,
910446,245813,2026-02-19,20.00,Yes,2026-02-19
910447,213587,2026-02-19,108.49,No,
910448,221712,2026-02-19,91.19,No,
910449,226296,2026-02-19,75.98,Yes,2026-02-19
910450,244730,2026-02-19,36.98,No,
910451,222413,2026-02-19,74.98,Yes,2026-02-20
910452,228757,2026-02-19,68.16,No,
910453,224557,2026-02-19,109.71,Yes,2026-02-22
910454,221389,2026-02-19,100.66,No,
910455,216996,2026-02-19,91.42,Yes,2026-02-21
910456,229487,2026-02-19,69.96,Yes,2026-02-21
910457,225857,2026-02-19,130.03,No,
910458,231165,2026-02-19,92.40,No,
910459,228821,2026-02-19,72.23,No,
910460,236893,2026-02-20,72.74,No,
910461,203726,2026-02-20,103.51,No,
910462,232492,2026-02-20,72.41,No,
910463,230119,2026-02-20,103.64,No,
910464,229016,2026-02-20,69.36,No,
910465,203608,2026-02-20,79.68,No,
910466,213419,2026-02-20,62.25,No,
910467,219606,2026-02-20,20.00,No,
910468,221081,2026-02-20,91.44,No,
910469,216585,2026-02-20,88.59,No,
910470,216217,2026-02-20,90.19,No,
910471,215243,2026-02-20,100.28,Yes,2026-02-23
910472,237847,2026-02-20,89.93,No,
910473,244612,2026-02-20,88.29,No,
910474,212913,2026-02-20,129.88,Yes,2026-02-23
910475,243838,2026-02-20,80.89,Yes,2026-02-21
910476,217227,2026-02-20,114.28,No,
910477,216411,2026-02-20,71.43,No,
910478,214161,2026-02-20,65.16,No,
910479,227775,2026-02-20,80.28,No,
910480,247349,2026-02-20,80.75,No,
910481,204155,2026-02-20,91.47,No,
910482,206510,2026-02-20,48.09,Yes,2026-02-23
910483,236351,2026-02-20,102.20,No,
910484,247581,2026-02-20,136.01,No,
910485,224356,2026-02-20,90.18,Yes,2026-02-20
910486,202360,2026-02-20,67.18,Yes,2026-02-23
910487,216741,2026-02-20,120.48,No,
910488,248439,2026-02-20,98.90,No,
910489,231308,2026-02-20,117.43,No,
910490,207320,2026-02-20,75.94,No,
910491,245988,2026-02-20,61.07,No,
910492,219775,2026-02-20,72.51,Yes,2026-02-22
910493,226568,2026-02-20,113.68,No,
910494,232865,2026-02-20,67.55,Yes,2026-02-20
910495,220124,2026-02-20,78.49,Yes,2026-02-20
910496,237201,2026-02-20,48.98,No,
910497,205818,2026-02-20,105.49,No,
910498,234218,2026-02-20,90.60,No,
910499,242778,2026-02-20,59.60,No,
910500,223274,2026-02-20,86.90,No,
910501,208018,2026-02-20,37.28,Yes,2026-02-22
910502,200496,2026-02-20,95.51,No,
910503,201794,2026-02-20,85.90,No,
910504,234637,2026-02-20,84.86,No,
910505,244075,2026-02-20,44.21,Yes,2026-02-23
910506,209573,2026-02-20,79.91,No,
910507,220343,2026-02-20,105.81,Yes,2026-02-21
910508,239145,2026-02-20,127.23,No,
910509,228106,2026-02-20,93.23,No,
910510,213592,2026-02-20,94.79,No,
910511,247871,2026-02-20,89.69,No,
910512,229697,2026-02-20,115.13,No,
910513,210555,2026-02-20,118.35,No,
910514,214281,2026-02-20,75.22,No,
910515,227729,2026-02-20,54.52,No,
910516,240844,2026-02-20,85.07,No,
910517,202262,2026-02-20,62.32,No,
910518,234706,2026-02-20,71.00,No,
910519,220405,2026-02-20,60.39,No,
910520,232167,2026-02-20,87.98,No,
910521,214351,2026-02-20,104.14,Yes,2026-02-20
910522,223285,2026-02-20,80.94,No,
910523,236681,2026-02-20,20.00,Yes,2026-02-23
910524,221046,2026-02-20,110.83,No,
910525,209789,2026-02-20,98.66,No,
910526,204456,2026-02-20,67.37,Yes,2026-02-21
910527,248067,2026-02-20,94.20,No,
910528,207998,2026-02-20,77.63,No,
910529,239572,2026-02-20,75.54,No,
910530,200429,2026-02-20,81.67,Yes,2026-02-23
910531,243725,2026-02-20,82.16,No,
910532,228645,2026-02-20,86.11,Yes,2026-02-23
910533,237559,2026-02-20,112.12,No,
910534,246924,2026-02-20,56.35,No,
910535,209193,2026-02-20,109.11,No,
910536,220977,2026-02-20,97.13,No,
910537,217101,2026-02-20,53.93,No,
910538,206660,2026-02-20,26.82,No,
910539,217783,2026-02-20,101.80,No,
910540,210554,2026-02-20,54.10,No,
910541,234129,2026-02-20,68.59,No,
910542,220232,2026-02-20,99.95,No,
910543,241395,2026-02-20,80.16,No,
910544,206228,2026-02-20,50.90,No,
910545,238911,2026-02-20,97.66,Yes,2026-02-20
910546,243171,2026-02-20,54.78,No,
910547,226130,2026-02-20,114.44,Yes,2026-02-23
910548,246334,2026-02-20,64.28,No,
910549,233198,2026-02-20,116.90,No,
910550,216888,2026-02-20,53.50,No,
910551,241799,2026-02-20,40.87,No,
910552,225619,2026-02-20,77.13,No,
910553,201051,2026-02-20,23.06,No,
910554,227152,2026-02-20,70.60,Yes,2026-02-21
910555,237450,2026-02-20,58.70,No,
910556,223103,2026-02-20,68.02,No,
910557,209546,2026-02-20,123.72,Yes,2026-02-21
910558,230514,2026-02-20,62.79,Yes,2026-02-21
910559,247258,2026-02-20,62.81,Yes,2026-02-23
910560,230738,2026-02-20,63.59,No,
910561,245319,2026-02-20,108.96,No,
910562,242482,2026-02-20,71.44,No,
910563,237214,2026-02-20,40.00,No,
910564,244547,2026-02-20,83.77,No,
910565,200211,2026-02-20,125.63,No,
910566,225074,2026-02-20,74.78,No,
910567,219894,2026-02-20,54.19,No,
910568,241697,2026-02-20,91.88,No,
910569,210574,2026-02-20,87.98,No,
910570,237680,2026-02-20,87.89,No,
910571,211633,2026-02-20,76.59,No,
910572,209060,2026-02-20,97.36,No,
910573,201614,2026-02-20,39.42,Yes,2026-02-22
910574,238529,2026-02-20,92.04,Yes,2026-02-20
910575,238225,2026-02-20,66.53,No,
910576,218416,2026-02-20,69.52,Yes,2026-02-20
910577,214960,2026-02-20,100.00,No,
910578,221854,2026-02-20,75.78,No,
910579,242214,2026-02-20,38.49,No,
910580,208948,2026-02-20,97.21,No,
910581,241555,2026-02-20,86.51,No,
910582,218897,2026-02-20,50.84,No,
910583,202987,2026-02-20,97.56,No,
910584,227215,2026-02-20,78.50,No,
910585,247604,2026-02-20,72.74,No,
910586,223094,2026-02-20,92.68,No,
910587,208807,2026-02-21,77.73,No,
910588,200371,2026-02-21,115.58,Yes,2026-02-23
910589,221946,2026-02-21,95.93,No,
910590,239867,2026-02-21,102.05,Yes,2026-02-24
910591,210301,2026-02-21,62.29,Yes,2026-02-21
910592,238504,2026-02-21,71.14,Yes,2026-02-24
910593,211708,2026-02-21,79.52,Yes,2026-02-22
910594,247471,2026-02-21,68.15,No,
910595,211290,2026-02-21,55.38,No,
910596,221663,2026-02-21,74.94,No,
910597,239732,2026-02-21,79.03,Yes,2026-02-23
910598,223155,2026-02-21,54.99,No,
910599,230488,2026-02-21,70.11,No,
910600,245835,2026-02-21,91.94,No,
910601,247219,2026-02-21,107.80,Yes,2026-02-23
910602,230478,2026-02-21,119.06,No,
910603,229523,2026-02-21,88.65,No,
910604,223083,2026-02-21,108.63,No,
910605,234835,2026-02-21,67.87,Yes,2026-02-24
910606,237831,2026-02-21,69.95,No,
910607,231503,2026-02-21,20.00,No,
910608,240214,2026-02-21,63.38,No,
910609,207299,2026-02-21,81.57,No,
910610,225373,2026-02-21,76.99,No,
910611,244131,2026-02-21,110.15,No,
910612,227659,2026-02-21,45.78,No,
910613,202586,2026-02-21,55.89,No,
910614,227941,2026-02-21,135.31,No,
910615,217618,2026-02-21,84.27,No,
910616,244153,2026-02-21,90.13,No,
910617,218561,2026-02-21,104.61,No,
910618,232391,2026-02-21,72.76,No,
910619,204546,2026-02-21,34.37,No,
910620,223554,2026-02-21,128.51,Yes,2026-02-21
910621,235120,2026-02-21,61.92,Yes,2026-02-21
910622,246680,2026-02-21,83.86,Yes,2026-02-24
910623,228321,2026-02-21,46.18,Yes,2026-02-24
910624,213631,2026-02-21,91.40,No,
910625,203034,2026-02-21,108.51,No,
910626,204494,2026-02-21,126.45,No,
910627,214548,2026-02-21,73.42,No,
910628,221151,2026-02-21,55.57,No,
910629,229611,2026-02-21,66.63,No,
910630,228350,2026-02-21,103.91,Yes,2026-02-23
910631,233369,2026-02-21,56.08,No,
910632,237554,2026-02-21,41.05,No,
910633,240521,2026-02-21,64.47,No,
910634,230920,2026-02-21,74.65,No,
910635,234779,2026-02-21,69.12,No,
910636,228187,2026-02-21,108.10,No,
910637,212726,2026-02-21,70.55,No,
910638,232258,2026-02-21,28.92,No,
910639,210599,2026-02-21,92.18,No,
910640,246388,2026-02-21,32.90,No,
910641,220891,2026-02-21,88.94,No,
910642,237367,2026-02-21,64.16,No,
910643,228771,2026-02-21,76.54,No,
910644,208923,2026-02-21,132.25,No,
910645,201136,2026-02-21,80.84,Yes,2026-02-21
910646,217089,2026-02-21,60.05,No,
910647,224214,2026-02-21,62.64,No,
910648,210082,2026-02-21,57.22,No,
910649,213683,2026-02-21,27.02,No,
910650,224920,2026-02-21,97.54,No,
910651,240117,2026-02-21,87.02,Yes,2026-02-23
910652,238057,2026-02-21,110.20,No,
910653,239873,2026-02-21,80.93,No,
910654,245929,2026-02-21,105.09,No,
910655,226578,2026-02-21,87.25,No,
910656,212140,2026-02-21,83.16,No,
910657,234408,2026-02-21,60.68,No,
910658,237851,2026-02-21,87.41,No,
910659,218884,2026-02-21,87.28,Yes,2026-02-21
910660,216767,2026-02-21,69.78,No,
910661,221353,2026-02-21,101.79,Yes,2026-02-23
910662,220110,2026-02-21,66.76,No,
910663,218818,2026-02-21,71.22,No,
910664,203915,2026-02-21,87.95,No,
910665,225480,2026-02-21,68.95,No,
910666,222529,2026-02-21,61.01,No,
910667,248152,2026-02-21,82.47,No,
910668,241702,2026-02-21,130.24,No,
910669,245077,2026-02-21,121.70,No,
910670,208358,2026-02-21,97.97,No,
910671,248211,2026-02-21,70.47,No,
910672,220764,2026-02-21,76.83,Yes,2026-02-22
910673,234593,2026-02-21,47.81,No,
910674,234393,2026-02-21,82.29,No,
910675,227334,2026-02-21,81.61,Yes,2026-02-21
910676,216378,2026-02-21,103.41,Yes,2026-02-21
910677,239314,2026-02-21,61.84,No,
910678,240397,2026-02-21,78.80,No,
910679,222162,2026-02-21,137.51,No,
910680,220858,2026-02-21,83.28,No,
910681,236232,2026-02-21,139.32,No,
910682,212746,2026-02-21,70.07,No,
910683,245907,2026-02-21,61.70,No,
910684,239340,2026-02-21,98.01,No,
910685,209453,2026-02-21,100.92,No,
910686,211326,2026-02-21,97.07,No,
910687,229699,2026-02-21,100.20,No,
910688,206650,2026-02-21,75.56,No,
910689,226094,2026-02-21,102.05,Yes,2026-02-22
910690,226484,2026-02-21,74.49,No,
910691,220281,2026-02-21,51.24,Yes,2026-02-24
910692,216798,2026-02-21,38.67,No,
910693,205863,2026-02-21,64.95,No,
910694,204174,2026-02-21,52.73,No,
910695,238982,2026-02-21,104.76,No,
910696,242979,2026-02-21,79.10,No,
910697,231584,2026-02-21,84.77,No,
910698,221157,2026-02-21,70.66,No,
910699,204817,2026-02-21,119.83,No,
910700,233078,2026-02-21,82.72,Yes,2026-02-24
910701,227528,2026-02-21,82.55,No,
910702,209456,2026-02-21,63.40,No,
910703,200210,2026-02-21,113.33,No,
910704,222418,2026-02-21,61.46,No,
910705,243820,2026-02-21,90.13,No,
910706,233385,2026-02-21,94.23,No,
910707,232810,2026-02-21,28.92,No,
910708,214453,2026-02-21,83.80,No,
910709,218294,2026-02-21,69.99,No,
910710,216264,2026-02-21,46.93,No,
910711,228237,2026-02-21,114.06,No,
910712,224955,2026-02-21,82.07,Yes,2026-02-22
910713,226162,2026-02-21,71.15,No,
910714,216278,2026-02-21,85.23,Yes,2026-02-24
910715,200854,2026-02-21,96.37,No,
910716,227957,2026-02-21,55.16,Yes,2026-02-21
910717,247120,2026-02-21,57.19,No,
910718,234055,2026-02-21,89.50,No,
910719,233235,2026-02-21,119.79,No,
910720,214875,2026-02-21,63.91,Yes,2026-02-21
910721,242216,2026-02-21,96.62,No,
910722,225226,2026-02-21,122.61,No,
910723,225999,2026-02-21,67.91,No,
910724,209222,2026-02-21,123.25,No,
910725,247505,2026-02-21,75.10,Yes,2026-02-22
910726,201305,2026-02-21,124.15,No,
910727,225801,2026-02-21,48.78,No,
910728,200188,2026-02-21,107.27,No,
910729,246877,2026-02-21,107.01,No,
910730,210393,2026-02-22,52.22,No,
910731,207951,2026-02-22,104.05,No,
910732,247981,2026-02-22,89.43,No,
910733,207932,2026-02-22,107.80,No,
910734,216078,2026-02-22,115.01,No,
910735,244119,2026-02-22,58.11,No,
910736,248365,2026-02-22,69.17,No,
910737,202329,2026-02-22,52.84,No,
910738,223713,2026-02-22,108.52,No,
910739,228941,2026-02-22,109.35,No,
910740,217744,2026-02-22,81.34,No,
910741,234526,2026-02-22,58.34,No,
910742,212708,2026-02-22,110.25,Yes,2026-02-23
910743,211534,2026-02-22,121.39,No,
910744,230250,2026-02-22,91.12,No,
910745,208926,2026-02-22,61.09,No,
910746,231763,2026-02-22,44.31,No,
910747,200901,2026-02-22,92.07,No,
910748,229505,2026-02-22,86.91,No,
910749,233274,2026-02-22,55.76,No,
910750,248305,2026-02-22,119.21,No,
910751,200437,2026-02-22,30.60,No,
910752,221447,2026-02-22,75.05,No,
910753,204026,2026-02-22,73.78,No,
910754,235956,2026-02-22,82.04,Yes,2026-02-25
910755,209321,2026-02-22,26.31,No,
910756,236256,2026-02-22,129.79,Yes,2026-02-24
910757,234496,2026-02-22,46.49,No,
910758,217097,2026-02-22,81.82,No,
910759,205961,2026-02-22,71.74,No,
910760,222720,2026-02-22,71.11,Yes,2026-02-24
910761,233433,2026-02-22,68.33,No,
910762,217120,2026-02-22,101.14,Yes,2026-02-23
910763,209417,2026-02-22,89.06,Yes,2026-02-22
910764,241875,2026-02-22,168.93,No,
910765,204103,2026-02-22,59.56,No,
910766,245885,2026-02-22,89.95,Yes,2026-02-22
910767,205560,2026-02-22,66.70,No,
910768,246354,2026-02-22,105.02,No,
910769,227914,2026-02-22,113.91,No,
910770,220121,2026-02-22,121.66,No,
910771,220360,2026-02-22,84.96,Yes,2026-02-23
910772,241110,2026-02-22,55.90,No,
910773,207129,2026-02-22,79.85,No,
910774,209538,2026-02-22,79.08,Yes,2026-02-22
910775,206135,2026-02-22,46.78,Yes,2026-02-24
910776,203231,2026-02-22,123.37,No,
910777,236852,2026-02-22,120.35,Yes,2026-02-25
910778,225379,2026-02-22,77.18,No,
910779,210595,2026-02-22,37.92,No,
910780,245967,2026-02-22,39.37,No,
910781,219323,2026-02-22,60.95,No,
910782,229166,2026-02-22,111.46,No,
910783,220730,2026-02-22,48.31,No,
910784,219971,2026-02-22,123.91,No,
910785,239326,2026-02-22,101.41,No,
910786,226273,2026-02-22,52.27,No,
910787,247083,2026-02-22,59.66,No,
910788,216759,2026-02-22,72.92,No,
910789,237369,2026-02-22,35.49,No,
910790,236610,2026-02-22,72.04,No,
910791,229462,2026-02-22,54.67,No,
910792,213474,2026-02-22,48.05,No,
910793,211593,2026-02-22,114.33,Yes,2026-02-24
910794,208153,2026-02-22,84.49,No,
910795,239200,2026-02-22,77.27,No,
910796,243621,2026-02-22,74.75,No,
910797,213181,2026-02-22,120.06,Yes,2026-02-25
910798,209735,2026-02-22,118.97,No,
910799,239566,2026-02-22,95.61,Yes,2026-02-24
910800,226970,2026-02-22,109.90,Yes,2026-02-22
910801,234165,2026-02-22,89.73,No,
910802,222281,2026-02-22,79.73,No,
910803,211979,2026-02-22,52.81,No,
910804,204243,2026-02-22,115.75,No,
910805,224831,2026-02-22,72.42,No,
910806,235002,2026-02-22,86.47,Yes,2026-02-25
910807,237925,2026-02-22,65.86,No,
910808,214531,2026-02-22,37.24,No,
910809,228233,2026-02-22,53.70,Yes,2026-02-25
910810,224569,2026-02-22,97.16,No,
910811,206851,2026-02-22,60.73,No,
910812,226015,2026-02-22,116.24,Yes,2026-02-24
910813,213326,2026-02-22,94.55,No,
910814,240314,2026-02-22,78.05,No,
910815,212537,2026-02-22,93.69,No,
910816,204668,2026-02-22,80.12,Yes,2026-02-22
910817,207131,2026-02-22,87.48,No,
910818,245039,2026-02-22,81.83,No,
910819,200333,2026-02-22,116.45,No,
910820,204016,2026-02-22,88.25,Yes,2026-02-22
910821,206481,2026-02-22,91.54,No,
910822,245644,2026-02-22,92.78,No,
910823,230631,2026-02-22,78.09,No,
910824,239383,2026-02-22,64.01,No,
910825,209691,2026-02-22,93.58,Yes,2026-02-22
910826,220155,2026-02-22,81.82,No,
910827,214329,2026-02-22,76.89,No,
910828,205114,2026-02-22,92.48,No,
910829,232586,2026-02-22,85.63,No,
910830,247951,2026-02-22,59.58,No,
910831,224594,2026-02-22,97.55,Yes,2026-02-24
910832,242144,2026-02-22,78.51,Yes,2026-02-24
910833,233617,2026-02-22,119.78,No,
910834,222535,2026-02-22,81.69,Yes,2026-02-24
910835,200009,2026-02-22,109.81,No,
910836,216541,2026-02-22,132.67,No,
910837,215621,2026-02-22,62.32,No,
910838,201378,2026-02-22,67.95,No,
910839,222770,2026-02-22,129.74,No,
910840,240680,2026-02-22,95.65,No,
910841,200606,2026-02-22,73.74,No,
910842,209044,2026-02-22,77.83,No,
910843,231901,2026-02-22,20.00,No,
910844,240175,2026-02-22,86.78,Yes,2026-02-24
910845,209197,2026-02-22,61.39,No,
910846,236738,2026-02-22,111.95,No,
910847,205874,2026-02-22,97.50,No,
910848,236785,2026-02-22,119.09,No,
910849,219266,2026-02-22,62.74,No,
910850,202677,2026-02-22,115.03,No,
910851,234397,2026-02-22,46.96,No,
910852,233682,2026-02-22,70.94,No,
910853,205933,2026-02-22,79.05,No,
910854,200686,2026-02-22,53.95,No,
910855,244196,2026-02-22,93.48,No,
910856,236099,2026-02-22,107.67,No,
910857,238532,2026-02-22,76.24,No,
910858,208234,2026-02-22,59.61,No,
910859,200838,2026-02-23,89.45,No,
910860,243158,2026-02-23,84.09,Yes,2026-02-23
910861,220407,2026-02-23,75.71,No,
910862,240246,2026-02-23,79.01,Yes,2026-02-24
910863,247852,2026-02-23,83.07,No,
910864,242827,2026-02-23,110.49,No,
910865,223772,2026-02-23,76.45,No,
910866,230983,2026-02-23,139.11,Yes,2026-02-23
910867,209040,2026-02-23,89.24,No,
910868,225218,2026-02-23,45.16,No,
910869,214227,2026-02-23,96.01,No,
910870,236553,2026-02-23,111.37,No,
910871,216648,2026-02-23,90.70,No,
910872,223639,2026-02-23,81.42,No,
910873,223728,2026-02-23,45.40,Yes,2026-02-24
910874,236607,2026-02-23,79.16,No,
910875,227646,2026-02-23,113.27,No,
910876,219881,2026-02-23,97.86,No,
910877,205046,2026-02-23,85.50,No,
910878,246042,2026-02-23,107.70,No,
910879,228327,2026-02-23,94.46,No,
910880,205897,2026-02-23,51.01,No,
910881,248204,2026-02-23,57.86,No,
910882,224933,2026-02-23,93.63,No,
910883,240955,2026-02-23,89.08,No,
910884,230250,2026-02-23,89.15,No,
910885,238582,2026-02-23,97.63,No,
910886,205927,2026-02-23,109.97,No,
910887,243217,2026-02-23,137.54,No,
910888,248447,2026-02-23,39.11,Yes,2026-02-26
910889,207854,2026-02-23,44.30,No,
910890,211468,2026-02-23,51.76,No,
910891,237815,2026-02-23,42.38,No,
910892,241218,2026-02-23,66.08,No,
910893,218120,2026-02-23,71.57,Yes,2026-02-24
910894,235651,2026-02-23,118.44,Yes,2026-02-25
910895,240308,2026-02-23,60.90,No,
910896,212738,2026-02-23,88.09,No,
910897,221455,2026-02-23,100.36,Yes,2026-02-25
910898,234838,2026-02-23,118.92,No,
910899,241596,2026-02-23,61.96,No,
910900,217585,2026-02-23,82.28,No,
910901,207700,2026-02-23,24.29,No,
910902,241085,2026-02-23,80.95,No,
910903,210327,2026-02-23,81.43,No,
910904,201299,2026-02-23,118.23,No,
910905,236752,2026-02-23,43.19,No,
910906,242913,2026-02-23,89.63,No,
910907,212614,2026-02-23,90.85,No,
910908,244550,2026-02-23,20.00,Yes,2026-02-25
910909,223914,2026-02-23,40.92,No,
910910,218285,2026-02-23,128.36,No,
910911,237183,2026-02-23,144.25,No,
910912,225563,2026-02-23,75.07,No,
910913,230168,2026-02-23,78.40,No,
910914,231251,2026-02-23,51.29,Yes,2026-02-24
910915,214295,2026-02-23,72.41,No,
910916,228794,2026-02-23,114.78,No,
910917,210517,2026-02-23,44.01,No,
910918,203100,2026-02-23,41.91,No,
910919,214698,2026-02-23,76.11,No,
910920,224139,2026-02-23,61.47,Yes,2026-02-26
910921,248130,2026-02-23,81.52,No,
910922,213672,2026-02-23,94.42,No,
910923,203376,2026-02-23,122.87,No,
910924,239501,2026-02-23,69.70,No,
910925,212724,2026-02-23,74.81,No,
910926,243861,2026-02-23,87.83,No,
910927,208937,2026-02-23,75.87,No,
910928,232257,2026-02-23,89.24,No,
910929,202037,2026-02-23,52.17,No,
910930,228149,2026-02-23,91.20,No,
910931,225709,2026-02-23,74.38,Yes,2026-02-26
910932,224307,2026-02-23,73.22,Yes,2026-02-23
910933,245864,2026-02-23,75.87,No,
910934,237806,2026-02-23,100.58,No,
910935,247778,2026-02-23,96.27,Yes,2026-02-23
910936,225525,2026-02-23,92.23,No,
910937,220315,2026-02-23,74.34,Yes,2026-02-26
910938,234575,2026-02-23,155.89,No,
910939,228977,2026-02-23,69.61,No,
910940,222477,2026-02-23,75.12,Yes,2026-02-26
910941,220525,2026-02-23,87.89,No,
910942,213245,2026-02-23,58.82,Yes,2026-02-25
910943,233682,2026-02-23,84.77,Yes,2026-02-23
910944,246658,2026-02-23,64.68,Yes,2026-02-23
910945,224640,2026-02-23,71.14,No,
910946,201991,2026-02-23,83.23,Yes,2026-02-25
910947,224151,2026-02-23,114.22,No,
910948,209048,2026-02-23,50.16,No,
910949,225750,2026-02-23,76.58,No,
910950,245454,2026-02-23,67.66,No,
910951,223372,2026-02-23,72.35,Yes,2026-02-24
910952,228134,2026-02-23,44.47,No,
910953,245270,2026-02-23,137.48,No,
910954,219925,2026-02-23,58.24,No,
910955,242047,2026-02-23,74.93,Yes,2026-02-25
910956,240681,2026-02-23,60.49,No,
910957,241887,2026-02-23,71.83,No,
910958,200281,2026-02-23,77.07,Yes,2026-02-26
910959,239046,2026-02-23,93.80,Yes,2026-02-24
910960,213125,2026-02-23,101.62,Yes,2026-02-26
910961,240133,2026-02-23,149.43,No,
910962,227958,2026-02-23,77.14,Yes,2026-02-24
910963,231919,2026-02-23,106.43,No,
910964,237066,2026-02-23,101.12,No,
910965,202303,2026-02-23,87.48,Yes,2026-02-25
910966,209733,2026-02-23,51.89,No,
910967,212364,2026-02-23,96.56,No,
910968,226769,2026-02-23,80.69,No,
910969,206102,2026-02-23,88.60,No,
910970,230880,2026-02-23,31.45,No,
910971,201502,2026-02-23,74.97,No,
910972,213350,2026-02-23,102.29,No,
910973,216303,2026-02-23,112.14,Yes,2026-02-24
910974,245666,2026-02-23,53.83,Yes,2026-02-24
910975,207871,2026-02-23,76.94,No,
910976,209332,2026-02-23,84.43,No,
910977,200456,2026-02-23,109.83,Yes,2026-02-25
910978,200834,2026-02-23,63.34,No,
910979,234090,2026-02-23,75.93,No,
910980,233688,2026-02-23,86.29,No,
910981,244201,2026-02-23,33.36,No,
910982,244932,2026-02-23,98.63,No,
910983,221971,2026-02-23,122.80,No,
910984,219567,2026-02-23,77.61,No,
910985,244560,2026-02-23,101.58,No,
910986,243880,2026-02-23,88.47,No,
910987,204253,2026-02-23,81.19,No,
910988,201835,2026-02-23,75.39,No,
910989,203284,2026-02-24,137.77,No,
910990,238797,2026-02-24,82.66,No,
910991,203171,2026-02-24,63.32,Yes,2026-02-24
910992,243727,2026-02-24,92.62,Yes,2026-02-27
910993,225979,2026-02-24,131.66,Yes,2026-02-26
910994,219302,2026-02-24,104.13,No,
910995,221241,2026-02-24,28.88,Yes,2026-02-26
910996,219502,2026-02-24,68.41,Yes,2026-02-26
910997,248430,2026-02-24,78.04,No,
910998,233629,2026-02-24,125.40,No,
910999,241115,2026-02-24,115.83,Yes,2026-02-24
911000,215908,2026-02-24,85.32,No,
911001,236294,2026-02-24,20.68,Yes,2026-02-24
911002,214555,2026-02-24,115.04,No,
911003,227670,2026-02-24,98.20,Yes,2026-02-27
911004,239441,2026-02-24,58.09,No,
911005,224760,2026-02-24,64.17,No,
911006,244847,2026-02-24,58.27,No,
911007,211532,2026-02-24,99.54,No,
911008,221531,2026-02-24,78.20,No,
911009,229132,2026-02-24,64.59,Yes,2026-02-24
911010,212530,2026-02-24,96.49,No,
911011,243259,2026-02-24,64.17,No,
911012,246961,2026-02-24,89.70,No,
911013,242777,2026-02-24,27.98,No,
911014,227946,2026-02-24,80.66,No,
911015,224834,2026-02-24,54.27,No,
911016,210558,2026-02-24,82.91,No,
911017,240524,2026-02-24,90.62,No,
911018,234382,2026-02-24,74.51,Yes,2026-02-27
911019,218029,2026-02-24,89.73,No,
911020,206263,2026-02-24,115.09,No,
911021,239224,2026-02-24,59.42,No,
911022,213040,2026-02-24,93.16,No,
911023,230570,2026-02-24,66.24,Yes,2026-02-27
911024,208356,2026-02-24,78.98,No,
911025,209287,2026-02-24,73.07,No,
911026,225371,2026-02-24,78.47,Yes,2026-02-26
911027,238143,2026-02-24,22.34,No,
911028,202393,2026-02-24,100.85,Yes,2026-02-25
911029,213330,2026-02-24,58.78,No,
911030,210643,2026-02-24,61.42,Yes,2026-02-26
911031,237557,2026-02-24,99.27,No,
911032,211450,2026-02-24,69.42,No,
911033,241223,2026-02-24,107.94,Yes,2026-02-24
911034,230504,2026-02-24,70.76,No,
911035,201094,2026-02-24,68.18,No,
911036,243666,2026-02-24,97.81,No,
911037,247130,2026-02-24,84.95,No,
911038,227806,2026-02-24,97.92,No,
911039,202316,2026-02-24,109.46,No,
911040,213502,2026-02-24,92.99,No,
911041,216447,2026-02-24,59.92,No,
911042,220327,2026-02-24,88.94,No,
911043,242572,2026-02-24,63.01,Yes,2026-02-24
911044,210741,2026-02-24,84.05,No,
911045,223051,2026-02-24,82.81,No,
911046,223025,2026-02-24,40.82,No,
911047,230743,2026-02-24,106.84,No,
911048,218930,2026-02-24,20.00,Yes,2026-02-27
911049,230288,2026-02-24,75.41,No,
911050,217070,2026-02-24,54.39,Yes,2026-02-27
911051,215318,2026-02-24,62.46,No,
911052,237507,2026-02-24,99.26,No,
911053,245815,2026-02-24,72.75,No,
911054,227843,2026-02-24,65.25,No,
911055,234884,2026-02-24,81.45,No,
911056,223695,2026-02-24,83.08,No,
911057,210135,2026-02-24,95.70,No,
911058,226231,2026-02-24,66.34,No,
911059,219944,2026-02-24,79.18,No,
911060,228635,2026-02-24,76.42,No,
911061,229721,2026-02-24,60.31,Yes,2026-02-24
911062,238187,2026-02-24,56.74,No,
911063,228789,2026-02-24,91.78,No,
911064,215526,2026-02-24,79.27,No,
911065,207330,2026-02-24,75.25,No,
911066,235694,2026-02-24,132.48,No,
911067,206678,2026-02-24,105.55,Yes,2026-02-26
911068,225518,2026-02-24,114.58,Yes,2026-02-24
911069,238045,2026-02-24,57.89,No,
911070,221849,2026-02-24,77.30,Yes,2026-02-24
911071,227940,2026-02-24,75.29,Yes,2026-02-26
911072,235430,2026-02-24,101.24,Yes,2026-02-27
911073,247643,2026-02-24,62.27,Yes,2026-02-26
911074,211561,2026-02-24,57.25,Yes,2026-02-27
911075,240093,2026-02-24,89.97,Yes,2026-02-26
911076,231473,2026-02-24,88.08,No,
911077,212840,2026-02-24,100.58,No,
911078,240172,2026-02-24,59.07,Yes,2026-02-25
911079,217351,2026-02-24,82.01,No,
911080,229759,2026-02-24,72.62,No,
911081,226634,2026-02-24,100.10,No,
911082,212373,2026-02-24,69.68,No,
911083,223415,2026-02-24,123.39,No,
911084,201352,2026-02-24,77.95,Yes,2026-02-26
911085,239385,2026-02-24,81.81,No,
911086,223122,2026-02-24,92.02,No,
911087,202730,2026-02-24,51.94,No,
911088,204574,2026-02-24,88.89,No,
911089,219648,2026-02-24,122.22,No,
911090,211820,2026-02-24,87.57,Yes,2026-02-27
911091,228069,2026-02-24,160.10,No,
911092,243266,2026-02-24,61.87,No,
911093,238675,2026-02-24,51.37,No,
911094,237783,2026-02-24,70.50,No,
911095,209068,2026-02-24,38.26,No,
911096,218169,2026-02-24,80.60,No,
911097,239609,2026-02-24,82.77,No,
911098,245053,2026-02-24,67.79,Yes,2026-02-26
911099,224442,2026-02-24,86.43,No,
911100,207137,2026-02-24,90.03,Yes,2026-02-25
911101,241850,2026-02-24,45.76,No,
911102,205122,2026-02-24,135.88,No,
911103,216243,2026-02-24,113.22,No,
911104,229542,2026-02-24,84.86,No,
911105,213005,2026-02-24,97.64,No,
911106,247474,2026-02-24,94.24,No,
911107,247763,2026-02-24,74.09,No,
911108,212570,2026-02-24,47.68,No,
911109,244793,2026-02-24,37.17,Yes,2026-02-24
911110,236227,2026-02-24,119.84,Yes,2026-02-24
911111,242193,2026-02-24,105.10,No,
911112,202964,2026-02-24,73.18,Yes,2026-02-26
911113,221463,2026-02-24,67.96,No,
911114,220879,2026-02-24,81.05,No,
911115,235957,2026-02-24,69.64,No,
911116,234524,2026-02-24,69.66,No,
911117,210355,2026-02-24,42.76,No,
911118,225134,2026-02-24,45.49,Yes,2026-02-24
911119,204876,2026-02-24,91.88,Yes,2026-02-25
911120,200269,2026-02-25,94.34,No,
911121,238809,2026-02-25,64.41,No,
911122,205623,2026-02-25,57.03,No,
911123,215690,2026-02-25,112.13,Yes,2026-02-26
911124,224582,2026-02-25,70.04,No,
911125,232725,2026-02-25,79.40,No,
911126,221905,2026-02-25,47.55,Yes,2026-02-28
911127,216626,2026-02-25,49.82,Yes,2026-02-26
911128,212446,2026-02-25,100.95,No,
911129,231055,2026-02-25,68.50,Yes,2026-02-26
911130,224989,2026-02-25,61.24,No,
911131,238940,2026-02-25,112.36,No,
911132,241422,2026-02-25,112.23,No,
911133,203805,2026-02-25,51.58,No,
911134,231427,2026-02-25,76.60,Yes,2026-02-27
911135,247570,2026-02-25,118.57,No,
911136,246997,2026-02-25,104.97,Yes,2026-02-26
911137,227257,2026-02-25,56.08,No,
911138,225307,2026-02-25,73.10,No,
911139,214840,2026-02-25,73.34,Yes,2026-02-28
911140,232230,2026-02-25,130.47,No,
911141,200695,2026-02-25,92.60,No,
911142,226516,2026-02-25,84.17,No,
911143,222578,2026-02-25,50.50,No,
911144,228156,2026-02-25,124.32,No,
911145,230330,2026-02-25,53.82,Yes,2026-02-26
911146,208891,2026-02-25,59.75,No,
911147,222207,2026-02-25,91.10,No,
911148,200325,2026-02-25,65.47,No,
911149,202540,2026-02-25,52.61,No,
911150,212919,2026-02-25,26.64,No,
911151,231527,2026-02-25,113.81,No,
911152,219389,2026-02-25,61.23,No,
911153,212522,2026-02-25,67.59,Yes,2026-02-27
911154,224032,2026-02-25,52.37,No,
911155,237345,2026-02-25,100.88,No,
911156,239291,2026-02-25,75.91,No,
911157,224683,2026-02-25,93.37,No,
911158,221838,2026-02-25,74.74,No,
911159,201127,2026-02-25,78.54,No,
911160,210519,2026-02-25,115.62,No,
911161,205647,2026-02-25,73.20,Yes,2026-02-25
911162,214828,2026-02-25,82.03,Yes,2026-02-25
911163,219991,2026-02-25,85.22,Yes,2026-02-25
911164,220478,2026-02-25,36.89,Yes,2026-02-27
911165,228643,2026-02-25,35.17,No,
911166,248445,2026-02-25,66.66,No,
911167,218818,2026-02-25,89.40,Yes,2026-02-25
911168,223304,2026-02-25,81.70,No,
911169,221438,2026-02-25,93.27,No,
911170,203203,2026-02-25,61.30,Yes,2026-02-26
911171,221026,2026-02-25,116.20,No,
911172,213906,2026-02-25,50.64,No,
911173,246962,2026-02-25,104.18,No,
911174,213572,2026-02-25,69.46,No,
911175,232262,2026-02-25,131.00,Yes,2026-02-26
911176,240798,2026-02-25,79.62,No,
911177,200746,2026-02-25,97.10,No,
911178,227306,2026-02-25,75.99,No,
911179,240351,2026-02-25,58.11,No,
911180,229674,2026-02-25,121.04,No,
911181,229495,2026-02-25,78.58,No,
911182,230063,2026-02-25,58.63,No,
911183,215416,2026-02-25,71.72,No,
911184,245389,2026-02-25,102.32,No,
911185,238265,2026-02-25,63.26,No,
911186,219478,2026-02-25,66.38,Yes,2026-02-27
911187,209453,2026-02-25,105.57,No,
911188,221219,2026-02-25,107.06,No,
911189,237745,2026-02-25,105.78,No,
911190,216226,2026-02-25,68.23,Yes,2026-02-25
911191,227740,2026-02-25,66.86,No,
911192,241476,2026-02-25,25.88,No,
911193,235316,2026-02-25,80.44,No,
911194,241084,2026-02-25,76.06,No,
911195,201652,2026-02-25,59.15,No,
911196,231130,2026-02-25,78.33,No,
911197,216791,2026-02-25,93.48,No,
911198,229700,2026-02-25,55.42,No,
911199,221523,2026-02-25,51.21,No,
911200,208849,2026-02-25,70.61,Yes,2026-02-28
911201,205346,2026-02-25,40.74,No,
911202,229488,2026-02-25,52.52,No,
911203,243486,2026-02-25,82.76,Yes,2026-02-26
911204,235380,2026-02-25,106.75,Yes,2026-02-28
911205,239023,2026-02-25,58.83,No,
911206,230673,2026-02-25,66.79,No,
911207,200597,2026-02-25,122.70,No,
911208,247641,2026-02-25,47.64,No,
911209,212545,2026-02-25,110.58,No,
911210,226983,2026-02-25,98.64,Yes,2026-02-28
911211,208459,2026-02-25,100.54,No,
911212,216884,2026-02-25,96.32,No,
911213,230972,2026-02-25,55.50,No,
911214,232896,2026-02-25,103.73,Yes,2026-02-27
911215,201087,2026-02-25,57.08,No,
911216,246753,2026-02-25,85.05,No,
911217,237398,2026-02-25,109.03,No,
911218,202148,2026-02-25,84.53,No,
911219,216234,2026-02-25,84.62,No,
911220,202762,2026-02-25,118.40,No,
911221,214014,2026-02-25,70.11,No,
911222,210751,2026-02-25,87.69,No,
911223,210690,2026-02-25,129.54,No,
911224,204055,2026-02-25,92.46,No,
911225,207950,2026-02-25,97.78,No,
911226,211452,2026-02-25,93.85,No,
911227,231285,2026-02-25,52.73,No,
911228,204503,2026-02-25,82.67,No,
911229,233505,2026-02-25,68.50,No,
911230,228857,2026-02-25,98.06,No,
911231,210744,2026-02-25,69.17,No,
911232,234213,2026-02-25,82.19,No,
911233,210442,2026-02-25,103.91,Yes,2026-02-25
911234,227739,2026-02-25,102.94,No,
911235,231798,2026-02-25,51.66,Yes,2026-02-27
911236,201750,2026-02-25,82.24,No,
911237,236029,2026-02-25,75.10,No,
911238,200244,2026-02-25,61.39,No,
911239,243948,2026-02-25,133.78,No,
911240,221293,2026-02-25,83.04,No,
911241,225588,2026-02-25,67.24,No,
911242,248443,2026-02-25,54.99,No,
911243,204472,2026-02-25,78.79,No,
911244,201896,2026-02-25,69.08,No,
911245,230082,2026-02-25,69.58,No,
911246,201311,2026-02-25,88.23,Yes,2026-02-28
911247,234631,2026-02-25,77.58,No,
911248,205614,2026-02-25,109.64,Yes,2026-02-27
911249,241715,2026-02-26,134.78,Yes,2026-03-01
911250,218367,2026-02-26,104.45,No,
911251,232234,2026-02-26,101.64,No,
911252,226673,2026-02-26,116.83,No,
911253,205103,2026-02-26,20.00,No,
911254,204256,2026-02-26,95.56,Yes,2026-02-27
911255,210126,2026-02-26,91.51,No,
911256,244293,2026-02-26,104.97,Yes,2026-02-27
911257,222098,2026-02-26,71.87,No,
911258,242876,2026-02-26,110.55,No,
911259,211189,2026-02-26,55.30,No,
911260,234694,2026-02-26,58.77,No,
911261,239808,2026-02-26,89.37,No,
911262,229153,2026-02-26,125.84,No,
911263,202076,2026-02-26,115.77,No,
911264,206859,2026-02-26,62.75,Yes,2026-03-01
911265,238192,2026-02-26,76.64,No,
911266,203371,2026-02-26,85.55,No,
911267,219783,2026-02-26,107.08,No,
911268,247434,2026-02-26,29.76,No,
911269,245440,2026-02-26,28.39,Yes,2026-02-26
911270,202276,2026-02-26,63.96,No,
911271,205253,2026-02-26,37.20,No,
911272,227865,2026-02-26,109.04,Yes,2026-02-28
911273,209462,2026-02-26,66.57,Yes,2026-02-27
911274,207026,2026-02-26,100.21,No,
911275,208187,2026-02-26,87.70,No,
911276,218095,2026-02-26,62.39,No,
911277,215825,2026-02-26,114.63,No,
911278,225059,2026-02-26,118.87,No,
911279,240589,2026-02-26,119.51,No,
911280,218624,2026-02-26,88.56,Yes,2026-02-28
911281,245348,2026-02-26,99.95,No,
911282,233901,2026-02-26,69.65,Yes,2026-02-26
911283,216550,2026-02-26,109.87,No,
911284,233922,2026-02-26,94.71,Yes,2026-02-27
911285,222744,2026-02-26,161.98,No,
911286,209898,2026-02-26,58.94,No,
911287,229981,2026-02-26,126.74,No,
911288,217726,2026-02-26,65.39,No,
911289,230253,2026-02-26,80.31,No,
911290,241208,2026-02-26,72.69,No,
911291,233273,2026-02-26,71.45,No,
911292,226439,2026-02-26,65.98,No,
911293,236347,2026-02-26,48.96,No,
911294,235829,2026-02-26,109.64,No,
911295,247927,2026-02-26,99.87,No,
911296,215086,2026-02-26,109.43,Yes,2026-02-28
911297,246448,2026-02-26,120.37,No,
911298,208698,2026-02-26,88.76,No,
911299,220623,2026-02-26,91.90,Yes,2026-02-27
911300,222232,2026-02-26,71.09,No,
911301,246908,2026-02-26,78.96,Yes,2026-02-27
911302,244256,2026-02-26,58.97,No,
911303,216332,2026-02-26,64.57,No,
911304,246555,2026-02-26,75.41,No,
911305,227454,2026-02-26,121.99,No,
911306,202670,2026-02-26,113.78,No,
911307,213497,2026-02-26,104.31,No,
911308,240547,2026-02-26,88.81,Yes,2026-03-01
911309,209394,2026-02-26,64.06,No,
911310,221535,2026-02-26,95.30,Yes,2026-03-01
911311,219976,2026-02-26,62.85,No,
911312,215547,2026-02-26,115.16,No,
911313,217423,2026-02-26,83.45,No,
911314,210580,2026-02-26,88.29,No,
911315,204035,2026-02-26,102.49,No,
911316,205286,2026-02-26,81.33,No,
911317,235035,2026-02-26,89.68,No,
911318,221128,2026-02-26,114.73,No,
911319,242019,2026-02-26,75.66,No,
911320,204833,2026-02-26,81.20,Yes,2026-02-27
911321,239698,2026-02-26,64.35,Yes,2026-02-28
911322,207831,2026-02-26,90.71,No,
911323,235190,2026-02-26,69.21,No,
911324,243023,2026-02-26,59.11,No,
911325,239041,2026-02-26,26.46,No,
911326,204121,2026-02-26,30.20,No,
911327,205836,2026-02-26,54.91,Yes,2026-02-28
911328,218820,2026-02-26,85.68,No,
911329,203874,2026-02-26,85.53,No,
911330,243770,2026-02-26,94.94,No,
911331,221484,2026-02-26,146.05,No,
911332,231301,2026-02-26,104.13,No,
911333,211625,2026-02-26,113.89,Yes,2026-03-01
911334,238413,2026-02-26,93.41,No,
911335,248419,2026-02-26,116.30,No,
911336,209497,2026-02-26,101.40,No,
911337,223280,2026-02-26,44.56,Yes,2026-03-01
911338,237766,2026-02-26,62.14,No,
911339,237961,2026-02-26,96.96,No,
911340,245298,2026-02-26,87.62,No,
911341,201469,2026-02-26,86.39,No,
911342,237489,2026-02-26,132.42,Yes,2026-03-01
911343,213368,2026-02-26,116.15,No,
911344,209308,2026-02-26,85.56,No,
911345,236297,2026-02-26,100.70,Yes,2026-02-26
911346,242766,2026-02-26,69.77,No,
911347,223955,2026-02-26,129.14,Yes,2026-03-01
911348,210434,2026-02-26,62.72,No,
911349,216323,2026-02-26,132.60,No,
911350,219553,2026-02-26,108.72,No,
911351,227616,2026-02-26,60.95,No,
911352,244997,2026-02-26,71.83,No,
911353,240457,2026-02-26,62.27,No,
911354,230201,2026-02-26,111.10,No,
911355,215797,2026-02-26,43.82,No,
911356,234325,2026-02-26,65.00,Yes,2026-02-28
911357,236453,2026-02-26,113.35,No,
911358,230840,2026-02-26,94.53,No,
911359,217772,2026-02-26,121.77,No,
911360,237873,2026-02-26,86.07,No,
911361,247730,2026-02-26,54.11,No,
911362,207706,2026-02-26,82.94,No,
911363,247477,2026-02-26,94.58,No,
911364,246049,2026-02-26,104.04,No,
911365,213646,2026-02-26,75.17,No,
911366,206161,2026-02-26,46.92,No,
911367,237870,2026-02-26,87.46,No,
911368,209867,2026-02-26,102.95,No,
911369,248393,2026-02-26,76.20,No,
911370,246256,2026-02-26,121.01,No,
911371,238248,2026-02-26,71.52,No,
911372,237312,2026-02-26,97.71,No,
911373,247786,2026-02-26,165.59,No,
911374,209424,2026-02-26,63.97,Yes,2026-03-01
911375,203394,2026-02-26,97.28,No,
911376,208460,2026-02-26,115.64,No,
911377,243842,2026-02-26,105.34,No,
911378,200928,2026-02-26,65.83,Yes,2026-02-27
911379,222535,2026-02-26,74.85,No,
911380,227152,2026-02-26,117.33,No,
911381,221118,2026-02-26,58.77,No,
911382,204117,2026-02-26,66.17,Yes,2026-03-01
911383,223434,2026-02-26,98.45,Yes,2026-02-28
911384,213680,2026-02-26,107.63,No,
911385,237577,2026-02-26,77.35,No,
911386,207456,2026-02-26,89.55,No,
911387,233181,2026-02-26,106.18,No,
911388,202336,2026-02-26,52.24,No,
911389,218316,2026-02-26,83.41,No,
911390,202046,2026-02-26,86.68,No,
911391,242920,2026-02-26,96.33,Yes,2026-02-26
911392,219357,2026-02-26,49.10,Yes,2026-02-28
911393,216961,2026-02-26,75.64,No,
911394,239980,2026-02-26,41.46,No,
911395,230444,2026-02-26,89.32,No,
911396,240656,2026-02-26,122.23,No,
911397,238447,2026-02-27,98.85,No,
911398,209284,2026-02-27,69.72,Yes,2026-03-01
911399,212571,2026-02-27,119.99,No,
911400,246472,2026-02-27,65.45,No,
911401,232603,2026-02-27,47.67,No,
911402,239337,2026-02-27,67.06,No,
911403,211215,2026-02-27,113.23,Yes,2026-02-27
911404,230001,2026-02-27,60.96,Yes,2026-03-02
911405,233489,2026-02-27,67.84,No,
911406,233944,2026-02-27,87.81,No,
911407,214838,2026-02-27,104.29,No,
911408,212061,2026-02-27,42.82,No,
911409,235453,2026-02-27,79.09,No,
911410,245144,2026-02-27,53.08,No,
911411,203081,2026-02-27,68.76,No,
911412,204652,2026-02-27,66.10,Yes,2026-03-01
911413,236122,2026-02-27,66.76,No,
911414,228104,2026-02-27,124.17,Yes,2026-02-27
911415,216613,2026-02-27,96.31,No,
911416,237344,2026-02-27,102.92,No,
911417,221281,2026-02-27,64.83,No,
911418,224598,2026-02-27,66.34,No,
911419,209874,2026-02-27,96.63,No,
911420,234920,2026-02-27,59.56,No,
911421,219356,2026-02-27,77.97,No,
911422,207302,2026-02-27,119.27,No,
911423,239250,2026-02-27,84.97,No,
911424,203136,2026-02-27,74.73,No,
911425,215695,2026-02-27,68.83,No,
911426,221958,2026-02-27,41.70,No,
911427,203901,2026-02-27,95.73,No,
911428,225528,2026-02-27,80.07,No,
911429,243218,2026-02-27,66.96,No,
911430,220884,2026-02-27,56.99,Yes,2026-03-01
911431,224821,2026-02-27,76.46,No,
911432,240116,2026-02-27,79.27,No,
911433,219396,2026-02-27,90.11,No,
911434,242626,2026-02-27,61.10,No,
911435,244092,2026-02-27,95.77,Yes,2026-03-01
911436,240829,2026-02-27,83.32,Yes,2026-02-27
911437,227850,2026-02-27,142.08,No,
911438,230098,2026-02-27,118.08,No,
911439,247044,2026-02-27,48.94,No,
911440,217553,2026-02-27,97.85,No,
911441,228464,2026-02-27,125.59,No,
911442,238540,2026-02-27,100.86,No,
911443,209868,2026-02-27,83.31,No,
911444,241249,2026-02-27,48.93,No,
911445,231898,2026-02-27,40.67,No,
911446,226375,2026-02-27,99.28,No,
911447,244746,2026-02-27,135.44,Yes,2026-03-01
911448,223037,2026-02-27,91.70,No,
911449,215367,2026-02-27,65.26,No,
911450,228637,2026-02-27,104.87,No,
911451,208465,2026-02-27,101.49,No,
911452,202499,2026-02-27,35.28,No,
911453,218979,2026-02-27,98.39,No,
911454,223493,2026-02-27,116.95,No,
911455,236958,2026-02-27,92.72,No,
911456,221404,2026-02-27,22.98,No,
911457,246293,2026-02-27,101.37,No,
911458,207884,2026-02-27,90.56,Yes,2026-03-01
911459,212095,2026-02-27,105.18,No,
911460,236420,2026-02-27,94.90,No,
911461,200609,2026-02-27,107.43,No,
911462,234961,2026-02-27,74.90,No,
911463,240650,2026-02-27,82.50,No,
911464,204956,2026-02-27,100.63,No,
911465,234973,2026-02-27,93.62,No,
911466,237557,2026-02-27,126.62,No,
911467,210258,2026-02-27,81.67,No,
911468,225434,2026-02-27,49.92,No,
911469,240719,2026-02-27,98.78,Yes,2026-03-02
911470,230086,2026-02-27,76.58,No,
911471,219275,2026-02-27,87.02,No,
911472,247432,2026-02-27,64.99,No,
911473,211132,2026-02-27,48.10,No,
911474,244806,2026-02-27,89.05,No,
911475,243797,2026-02-27,99.93,No,
911476,229533,2026-02-27,91.41,No,
911477,227191,2026-02-27,58.17,No,
911478,229587,2026-02-27,104.66,Yes,2026-02-28
911479,216892,2026-02-27,70.07,No,
911480,225838,2026-02-27,76.47,No,
911481,202731,2026-02-27,93.66,No,
911482,246648,2026-02-27,68.76,No,
911483,222258,2026-02-27,107.29,No,
911484,208747,2026-02-27,85.34,No,
911485,207720,2026-02-27,128.50,No,
911486,235668,2026-02-27,38.61,Yes,2026-03-01
911487,213037,2026-02-27,100.01,No,
911488,200388,2026-02-27,22.47,No,
911489,212187,2026-02-27,73.32,No,
911490,235851,2026-02-27,37.98,No,
911491,217115,2026-02-27,77.21,Yes,2026-02-28
911492,222095,2026-02-27,92.52,No,
911493,227194,2026-02-27,41.06,No,
911494,248123,2026-02-27,120.49,No,
911495,211866,2026-02-27,104.93,No,
911496,205694,2026-02-27,80.37,No,
911497,206729,2026-02-27,51.58,No,
911498,207457,2026-02-27,98.11,Yes,2026-03-02
911499,247658,2026-02-27,86.15,Yes,2026-02-27
911500,206437,2026-02-27,90.53,No,
911501,200332,2026-02-27,114.90,Yes,2026-02-27
911502,222131,2026-02-27,66.83,No,
911503,231850,2026-02-27,111.47,No,
911504,236409,2026-02-27,68.22,No,
911505,219250,2026-02-27,72.70,Yes,2026-03-01
911506,225800,2026-02-27,92.45,No,
911507,225157,2026-02-27,99.99,No,
911508,218130,2026-02-27,58.87,Yes,2026-03-02
911509,245701,2026-02-27,97.14,No,
911510,221521,2026-02-27,117.34,Yes,2026-02-27
911511,237696,2026-02-27,84.70,Yes,2026-02-28
911512,211058,2026-02-27,78.92,No,
911513,211137,2026-02-27,46.87,No,
911514,207933,2026-02-27,74.89,Yes,2026-03-02
911515,228675,2026-02-27,70.23,No,
911516,233367,2026-02-27,108.49,No,
911517,214903,2026-02-27,65.28,Yes,2026-03-01
911518,215084,2026-02-27,78.34,No,
911519,231886,2026-02-27,103.26,No,
911520,242676,2026-02-27,88.93,Yes,2026-03-01
911521,231917,2026-02-27,108.04,No,
911522,200448,2026-02-27,96.64,Yes,2026-02-28
911523,212916,2026-02-27,97.53,No,
911524,231458,2026-02-27,94.60,No,
911525,224551,2026-02-27,62.01,No,
911526,208874,2026-02-27,82.67,Yes,2026-02-27
911527,202944,2026-02-27,67.18,No,
911528,236139,2026-02-27,97.93,No,
911529,209279,2026-02-27,81.69,No,
911530,234310,2026-02-27,88.40,No,
911531,221633,2026-02-27,95.07,Yes,2026-03-01
911532,248373,2026-02-27,80.03,No,
911533,213072,2026-02-27,88.76,Yes,2026-02-28
911534,208361,2026-02-27,50.20,No,
911535,203536,2026-02-27,32.75,Yes,2026-02-27
911536,222138,2026-02-28,31.10,No,
911537,238551,2026-02-28,41.18,No,
911538,221592,2026-02-28,61.20,Yes,2026-03-02
911539,223352,2026-02-28,117.95,No,
911540,230688,2026-02-28,50.11,Yes,2026-03-02
911541,220874,2026-02-28,59.59,No,
911542,230877,2026-02-28,67.29,No,
911543,212393,2026-02-28,116.36,No,
911544,208857,2026-02-28,67.66,No,
911545,200264,2026-02-28,91.39,No,
911546,233271,2026-02-28,97.19,No,
911547,207588,2026-02-28,96.97,No,
911548,243184,2026-02-28,66.90,No,
911549,215348,2026-02-28,112.40,No,
911550,207839,2026-02-28,40.48,No,
911551,211092,2026-02-28,116.94,No,
911552,242902,2026-02-28,81.10,No,
911553,207301,2026-02-28,75.94,No,
911554,228699,2026-02-28,94.58,No,
911555,235779,2026-02-28,73.77,No,
911556,212172,2026-02-28,35.29,Yes,2026-03-01
911557,203483,2026-02-28,85.28,No,
911558,203701,2026-02-28,133.46,No,
911559,227552,2026-02-28,122.69,No,
911560,224494,2026-02-28,71.77,No,
911561,224120,2026-02-28,77.61,No,
911562,246076,2026-02-28,90.33,No,
911563,204726,2026-02-28,72.79,No,
911564,226119,2026-02-28,90.39,No,
911565,244646,2026-02-28,87.36,No,
911566,222277,2026-02-28,69.45,No,
911567,231472,2026-02-28,59.00,Yes,2026-03-01
911568,214412,2026-02-28,23.95,Yes,2026-03-02
911569,234154,2026-02-28,121.93,Yes,2026-03-02
911570,233633,2026-02-28,97.84,No,
911571,227163,2026-02-28,104.25,No,
911572,220431,2026-02-28,84.27,Yes,2026-03-01
911573,242028,2026-02-28,103.75,No,
911574,244775,2026-02-28,103.17,No,
911575,244213,2026-02-28,115.55,Yes,2026-03-02
911576,225442,2026-02-28,102.45,No,
911577,217756,2026-02-28,107.27,No,
911578,225042,2026-02-28,87.13,Yes,2026-02-28
911579,207757,2026-02-28,75.42,Yes,2026-03-01
911580,243401,2026-02-28,59.60,No,
911581,229484,2026-02-28,103.92,Yes,2026-03-03
911582,207560,2026-02-28,106.62,No,
911583,208118,2026-02-28,145.54,No,
911584,232944,2026-02-28,105.66,No,
911585,204111,2026-02-28,71.55,No,
911586,233395,2026-02-28,82.84,Yes,2026-02-28
911587,202451,2026-02-28,107.29,No,
911588,244190,2026-02-28,62.78,No,
911589,201897,2026-02-28,82.78,Yes,2026-03-03
911590,210321,2026-02-28,86.81,No,
911591,239806,2026-02-28,76.18,Yes,2026-03-03
911592,238846,2026-02-28,55.84,Yes,2026-03-02
911593,218825,2026-02-28,74.92,No,
911594,216175,2026-02-28,124.58,Yes,2026-03-02
911595,213321,2026-02-28,92.10,No,
911596,202463,2026-02-28,119.17,No,
911597,239937,2026-02-28,38.10,No,
911598,244252,2026-02-28,92.19,Yes,2026-03-03
911599,214064,2026-02-28,94.87,Yes,2026-02-28
911600,228804,2026-02-28,82.94,Yes,2026-03-01
911601,247250,2026-02-28,99.81,No,
911602,212431,2026-02-28,60.62,No,
911603,214045,2026-02-28,39.31,Yes,2026-03-02
911604,210576,2026-02-28,53.90,No,
911605,210357,2026-02-28,112.94,Yes,2026-02-28
911606,243681,2026-02-28,89.88,No,
911607,240118,2026-02-28,127.27,No,
911608,240672,2026-02-28,31.07,No,
911609,242649,2026-02-28,76.27,No,
911610,217929,2026-02-28,137.62,No,
911611,205904,2026-02-28,110.57,No,
911612,220700,2026-02-28,102.63,No,
911613,202312,2026-02-28,71.20,No,
911614,243610,2026-02-28,83.82,No,
911615,223400,2026-02-28,22.20,No,
911616,226352,2026-02-28,95.27,No,
911617,204315,2026-02-28,68.57,No,
911618,240230,2026-02-28,85.13,Yes,2026-03-02
911619,243018,2026-02-28,76.04,No,
911620,226776,2026-02-28,93.73,No,
911621,203312,2026-02-28,114.62,No,
911622,235732,2026-02-28,53.79,No,
911623,233862,2026-02-28,91.04,No,
911624,219885,2026-02-28,77.56,No,
911625,238540,2026-02-28,60.04,No,
911626,219212,2026-02-28,52.05,Yes,2026-03-01
911627,231723,2026-02-28,68.25,No,
911628,203682,2026-02-28,81.67,No,
911629,241946,2026-02-28,90.22,Yes,2026-03-02
911630,209897,2026-02-28,117.17,No,
911631,225733,2026-02-28,115.36,No,
911632,242043,2026-02-28,83.12,Yes,2026-02-28
911633,228673,2026-02-28,139.63,No,
911634,223524,2026-02-28,77.99,No,
911635,230804,2026-02-28,88.91,No,
911636,237052,2026-02-28,46.66,Yes,2026-03-02
911637,229246,2026-02-28,39.26,No,
911638,203347,2026-02-28,110.89,No,
911639,243087,2026-02-28,88.30,No,
911640,219309,2026-02-28,86.50,No,
911641,217639,2026-02-28,78.07,No,
911642,226067,2026-02-28,85.46,No,
911643,236846,2026-02-28,77.74,Yes,2026-03-03
911644,239478,2026-02-28,63.90,No,
911645,202058,2026-02-28,75.16,No,
911646,244353,2026-02-28,72.06,Yes,2026-02-28
911647,237936,2026-02-28,107.22,No,
911648,209503,2026-02-28,139.20,Yes,2026-03-01
911649,235122,2026-02-28,61.49,Yes,2026-02-28
911650,243821,2026-02-28,55.63,No,
911651,245948,2026-02-28,58.90,Yes,2026-03-02
911652,239533,2026-02-28,60.03,No,
911653,238839,2026-02-28,79.77,No,
911654,210413,2026-02-28,80.24,Yes,2026-03-02
911655,243033,2026-02-28,30.65,No,
911656,209922,2026-02-28,95.09,Yes,2026-03-02
911657,241944,2026-02-28,58.89,No,
911658,218566,2026-02-28,87.73,No,
911659,232851,2026-02-28,72.23,No,
911660,230447,2026-02-28,122.48,No,
911661,219649,2026-02-28,63.55,Yes,2026-03-01
911662,204503,2026-02-28,91.55,Yes,2026-02-28
911663,214104,2026-02-28,113.75,No,
911664,203699,2026-02-28,115.65,No,
911665,213221,2026-02-28,98.35,No,
911666,230119,2026-02-28,70.80,No,
911667,219610,2026-02-28,89.36,Yes,2026-03-03
911668,232560,2026-02-28,89.94,No,
911669,247113,2026-02-28,114.49,No,
911670,204310,2026-02-28,94.23,No,
911671,200534,2026-02-28,94.77,No,
911672,247992,2026-03-01,55.82,No,
911673,225460,2026-03-01,65.26,No,
911674,248432,2026-03-01,59.78,No,
911675,245747,2026-03-01,94.37,No,
911676,211223,2026-03-01,79.10,No,
911677,214979,2026-03-01,62.38,Yes,2026-03-01
911678,213398,2026-03-01,115.25,No,
911679,217559,2026-03-01,71.52,No,
911680,241880,2026-03-01,70.30,No,
911681,204378,2026-03-01,93.35,No,
911682,208131,2026-03-01,80.80,No,
911683,218962,2026-03-01,49.87,Yes,2026-03-04
911684,241143,2026-03-01,107.22,No,
911685,233655,2026-03-01,94.52,Yes,2026-03-02
911686,227050,2026-03-01,40.54,No,
911687,238921,2026-03-01,64.91,No,
911688,232922,2026-03-01,48.93,No,
911689,244849,2026-03-01,62.38,No,
911690,211261,2026-03-01,65.59,No,
911691,224563,2026-03-01,89.38,No,
911692,200701,2026-03-01,90.97,No,
911693,219915,2026-03-01,80.89,No,
911694,235202,2026-03-01,64.28,No,
911695,210144,2026-03-01,85.87,No,
911696,235407,2026-03-01,103.81,No,
911697,214833,2026-03-01,115.19,No,
911698,236587,2026-03-01,70.55,No,
911699,216596,2026-03-01,75.43,Yes,2026-03-03
911700,208028,2026-03-01,101.80,No,
911701,211041,2026-03-01,75.89,Yes,2026-03-01
911702,210506,2026-03-01,102.60,Yes,2026-03-02
911703,207203,2026-03-01,118.89,No,
911704,213638,2026-03-01,84.16,Yes,2026-03-01
911705,217315,2026-03-01,84.61,Yes,2026-03-03
911706,206903,2026-03-01,37.71,No,
911707,219159,2026-03-01,69.82,No,
911708,232631,2026-03-01,43.15,No,
911709,202794,2026-03-01,74.43,No,
911710,219195,2026-03-01,129.17,No,
911711,232547,2026-03-01,79.28,No,
911712,227558,2026-03-01,43.02,No,
911713,223343,2026-03-01,61.25,No,
911714,236398,2026-03-01,124.48,No,
911715,200585,2026-03-01,74.12,Yes,2026-03-03
911716,220744,2026-03-01,74.17,No,
911717,203805,2026-03-01,74.53,No,
911718,205884,2026-03-01,86.01,No,
911719,222198,2026-03-01,70.25,No,
911720,240923,2026-03-01,43.00,No,
911721,200587,2026-03-01,93.47,No,
911722,233278,2026-03-01,93.84,No,
911723,237398,2026-03-01,74.60,No,
911724,201797,2026-03-01,65.27,No,
911725,223605,2026-03-01,94.95,No,
911726,204323,2026-03-01,109.34,No,
911727,204049,2026-03-01,60.22,Yes,2026-03-01
911728,232308,2026-03-01,52.26,No,
911729,218100,2026-03-01,93.41,No,
911730,241714,2026-03-01,46.94,No,
911731,213655,2026-03-01,40.82,No,
911732,243323,2026-03-01,132.62,No,
911733,209832,2026-03-01,91.71,No,
911734,232432,2026-03-01,68.19,No,
911735,202348,2026-03-01,66.53,No,
911736,242816,2026-03-01,129.00,Yes,2026-03-03
911737,215517,2026-03-01,81.66,No,
911738,220934,2026-03-01,66.17,No,
911739,222005,2026-03-01,103.69,No,
911740,238255,2026-03-01,62.69,Yes,2026-03-04
911741,216593,2026-03-01,113.71,Yes,2026-03-02
911742,234354,2026-03-01,59.77,No,
911743,236280,2026-03-01,103.40,No,
911744,214671,2026-03-01,96.74,No,
911745,238951,2026-03-01,50.67,No,
911746,201117,2026-03-01,82.87,No,
911747,201061,2026-03-01,148.24,Yes,2026-03-02
911748,246578,2026-03-01,68.14,Yes,2026-03-04
911749,233448,2026-03-01,99.97,Yes,2026-03-02
911750,218142,2026-03-01,81.48,No,
911751,248049,2026-03-01,117.67,No,
911752,243811,2026-03-01,118.71,No,
911753,246533,2026-03-01,83.50,No,
911754,233320,2026-03-01,125.91,No,
911755,231838,2026-03-01,81.62,No,
911756,240175,2026-03-01,90.08,No,
911757,236368,2026-03-01,99.90,No,
911758,244054,2026-03-01,71.80,No,
911759,229903,2026-03-01,92.24,No,
911760,245291,2026-03-01,101.26,No,
911761,227880,2026-03-01,85.98,No,
911762,208025,2026-03-01,84.42,No,
911763,239484,2026-03-01,71.94,No,
911764,227537,2026-03-01,74.97,Yes,2026-03-04
911765,231901,2026-03-01,31.00,No,
911766,200130,2026-03-01,81.40,No,
911767,214266,2026-03-01,81.97,No,
911768,223449,2026-03-01,72.39,No,
911769,240713,2026-03-01,94.89,No,
911770,239118,2026-03-01,70.96,No,
911771,224877,2026-03-01,67.37,No,
911772,247554,2026-03-01,39.27,No,
911773,219494,2026-03-01,81.37,No,
911774,223069,2026-03-01,62.49,Yes,2026-03-04
911775,216516,2026-03-01,65.69,No,
911776,219429,2026-03-01,85.41,No,
911777,224595,2026-03-01,103.28,No,
911778,209947,2026-03-01,79.76,No,
911779,226989,2026-03-01,82.05,No,
911780,226656,2026-03-01,62.65,No,
911781,232554,2026-03-01,95.43,Yes,2026-03-01
911782,242643,2026-03-01,50.68,Yes,2026-03-03
911783,228583,2026-03-01,105.62,No,
911784,202541,2026-03-01,85.97,No,
911785,205332,2026-03-01,120.53,No,
911786,233759,2026-03-01,120.85,No,
911787,202171,2026-03-01,83.19,No,
911788,211540,2026-03-01,20.00,Yes,2026-03-04
911789,244579,2026-03-01,75.17,Yes,2026-03-02
911790,202744,2026-03-01,100.42,No,
911791,235650,2026-03-01,72.90,No,
911792,230234,2026-03-01,52.07,No,
911793,227522,2026-03-01,94.56,No,
911794,235098,2026-03-01,22.73,No,
911795,230837,2026-03-01,100.76,No,
911796,214822,2026-03-01,87.45,No,
911797,246250,2026-03-01,58.06,No,
911798,205455,2026-03-01,94.93,No,
911799,235138,2026-03-01,103.34,No,
911800,235822,2026-03-01,66.95,No,
911801,231825,2026-03-01,96.75,Yes,2026-03-02
911802,226030,2026-03-01,89.24,No,
911803,214471,2026-03-01,57.41,No,
911804,209846,2026-03-01,64.89,Yes,2026-03-01
911805,226837,2026-03-01,32.99,No,
911806,219364,2026-03-01,47.72,No,
911807,218362,2026-03-01,111.71,No,
911808,228475,2026-03-01,68.31,No,
911809,211286,2026-03-01,75.89,Yes,2026-03-03
911810,232891,2026-03-01,92.45,No,
911811,242575,2026-03-01,68.62,No,
911812,236871,2026-03-01,105.19,Yes,2026-03-04
911813,240504,2026-03-01,86.44,Yes,2026-03-04
911814,203974,2026-03-01,114.85,No,
911815,222715,2026-03-01,78.38,Yes,2026-03-04
911816,222989,2026-03-01,80.22,No,
911817,205754,2026-03-01,54.81,No,
911818,228852,2026-03-01,82.73,No,
911819,229201,2026-03-02,113.54,No,
911820,238293,2026-03-02,62.59,No,
911821,219532,2026-03-02,63.71,No,
911822,238730,2026-03-02,73.54,No,
911823,213821,2026-03-02,75.06,No,
911824,236848,2026-03-02,102.15,No,
911825,213044,2026-03-02,40.65,No,
911826,212756,2026-03-02,77.73,No,
911827,203868,2026-03-02,91.42,No,
911828,220764,2026-03-02,58.48,No,
911829,204827,2026-03-02,26.38,No,
911830,244456,2026-03-02,88.66,No,
911831,243249,2026-03-02,98.19,No,
911832,218779,2026-03-02,50.15,No,
911833,217924,2026-03-02,51.31,Yes,2026-03-04
911834,201748,2026-03-02,124.05,No,
911835,222172,2026-03-02,139.17,No,
911836,229471,2026-03-02,82.86,No,
911837,234847,2026-03-02,57.59,No,
911838,224805,2026-03-02,62.68,No,
911839,207743,2026-03-02,77.58,No,
911840,232766,2026-03-02,75.30,No,
911841,202208,2026-03-02,58.38,No,
911842,236079,2026-03-02,112.04,Yes,2026-03-02
911843,223326,2026-03-02,75.69,No,
911844,247398,2026-03-02,58.49,No,
911845,235791,2026-03-02,71.79,Yes,2026-03-03
911846,210509,2026-03-02,103.14,No,
911847,204732,2026-03-02,82.04,No,
911848,230336,2026-03-02,95.52,Yes,2026-03-03
911849,214923,2026-03-02,105.35,Yes,2026-03-05
911850,241265,2026-03-02,68.11,No,
911851,227551,2026-03-02,82.85,No,
911852,226854,2026-03-02,136.98,Yes,2026-03-03
911853,244376,2026-03-02,79.11,No,
911854,205104,2026-03-02,65.39,No,
911855,208672,2026-03-02,68.51,No,
911856,235972,2026-03-02,129.53,Yes,2026-03-02
911857,220332,2026-03-02,97.49,No,
911858,214864,2026-03-02,87.77,No,
911859,241599,2026-03-02,100.37,No,
911860,238263,2026-03-02,102.49,No,
911861,225640,2026-03-02,120.58,No,
911862,241059,2026-03-02,58.97,No,
911863,226389,2026-03-02,76.55,Yes,2026-03-04
911864,216295,2026-03-02,56.16,No,
911865,225661,2026-03-02,112.79,No,
911866,245256,2026-03-02,100.80,No,
911867,211604,2026-03-02,37.33,No,
911868,214521,2026-03-02,126.22,No,
911869,232721,2026-03-02,109.58,No,
911870,213740,2026-03-02,131.64,Yes,2026-03-05
911871,221858,2026-03-02,99.50,No,
911872,211439,2026-03-02,99.03,Yes,2026-03-05
911873,217996,2026-03-02,106.53,No,
911874,203238,2026-03-02,55.31,No,
911875,242553,2026-03-02,74.24,No,
911876,215148,2026-03-02,113.01,Yes,2026-03-02
911877,236230,2026-03-02,80.47,No,
911878,222328,2026-03-02,87.17,No,
911879,212577,2026-03-02,87.54,No,
911880,243859,2026-03-02,112.65,Yes,2026-03-05
911881,224692,2026-03-02,67.64,No,
911882,232155,2026-03-02,122.10,No,
911883,228941,2026-03-02,114.56,No,
911884,226450,2026-03-02,97.81,No,
911885,213412,2026-03-02,115.50,No,
911886,203037,2026-03-02,79.61,Yes,2026-03-03
911887,221703,2026-03-02,91.06,No,
911888,237068,2026-03-02,67.90,No,
911889,237017,2026-03-02,68.75,Yes,2026-03-04
911890,220002,2026-03-02,62.99,No,
911891,209802,2026-03-02,89.11,No,
911892,218804,2026-03-02,143.24,No,
911893,206091,2026-03-02,171.36,No,
911894,215686,2026-03-02,86.86,Yes,2026-03-02
911895,203690,2026-03-02,80.32,No,
911896,247592,2026-03-02,116.90,Yes,2026-03-04
911897,224299,2026-03-02,92.27,No,
911898,216111,2026-03-02,116.48,No,
911899,239031,2026-03-02,99.89,No,
911900,206082,2026-03-02,80.67,No,
911901,243033,2026-03-02,88.77,No,
911902,206927,2026-03-02,73.76,No,
911903,237534,2026-03-02,126.89,No,
911904,210352,2026-03-02,88.37,No,
911905,245562,2026-03-02,98.58,No,
911906,218120,2026-03-02,71.81,No,
911907,204585,2026-03-02,57.10,Yes,2026-03-05
911908,220694,2026-03-02,20.00,No,
911909,211922,2026-03-02,117.93,No,
911910,203504,2026-03-02,97.09,No,
911911,200393,2026-03-02,83.71,No,
911912,224483,2026-03-02,141.80,Yes,2026-03-05
911913,223513,2026-03-02,74.18,No,
911914,244938,2026-03-02,126.38,No,
911915,234123,2026-03-02,66.69,No,
911916,218926,2026-03-02,124.16,No,
911917,212903,2026-03-02,36.94,Yes,2026-03-02
911918,211468,2026-03-02,57.34,Yes,2026-03-02
911919,228362,2026-03-02,69.14,No,
911920,205592,2026-03-02,131.75,Yes,2026-03-03
911921,207819,2026-03-02,134.14,No,
911922,205553,2026-03-02,56.74,No,
911923,221168,2026-03-02,72.88,No,
911924,212618,2026-03-02,88.49,Yes,2026-03-02
911925,243431,2026-03-02,63.75,No,
911926,244577,2026-03-02,74.55,No,
911927,203949,2026-03-02,89.89,No,
911928,226804,2026-03-02,88.19,No,
911929,225953,2026-03-02,69.43,No,
911930,205631,2026-03-02,78.81,No,
911931,209333,2026-03-02,117.96,No,
911932,245890,2026-03-02,58.96,No,
911933,246053,2026-03-02,91.39,No,
911934,217140,2026-03-02,83.84,No,
911935,229256,2026-03-02,58.45,Yes,2026-03-05
911936,243012,2026-03-02,100.28,No,
911937,240838,2026-03-02,110.85,No,
911938,216295,2026-03-02,60.45,No,
911939,230994,2026-03-02,98.03,No,
911940,245195,2026-03-02,85.62,No,
911941,228509,2026-03-02,78.44,No,
911942,224721,2026-03-02,76.91,No,
911943,209125,2026-03-02,86.15,No,
911944,223817,2026-03-02,116.00,No,
911945,243416,2026-03-02,97.52,No,
911946,243710,2026-03-02,55.85,No,
911947,204637,2026-03-02,66.10,Yes,2026-03-04
911948,208543,2026-03-02,117.49,No,
911949,226413,2026-03-02,25.50,No,
911950,242972,2026-03-02,63.81,No,
911951,240014,2026-03-02,57.18,No,
911952,205423,2026-03-02,65.59,No,
911953,214050,2026-03-02,105.84,No,
911954,204457,2026-03-02,20.00,No,
911955,242146,2026-03-02,79.44,No,
911956,236299,2026-03-02,57.00,No,
911957,247921,2026-03-02,130.60,No,
911958,244459,2026-03-03,151.24,No,
911959,218451,2026-03-03,26.44,No,
911960,223146,2026-03-03,74.75,No,
911961,244802,2026-03-03,95.45,No,
911962,217055,2026-03-03,118.29,No,
911963,214665,2026-03-03,77.20,No,
911964,233230,2026-03-03,108.59,No,
911965,243553,2026-03-03,81.35,No,
911966,212560,2026-03-03,73.12,Yes,2026-03-05
911967,240229,2026-03-03,42.15,No,
911968,240589,2026-03-03,78.51,No,
911969,218071,2026-03-03,35.82,Yes,2026-03-05
911970,223627,2026-03-03,107.92,No,
911971,247623,2026-03-03,90.77,No,
911972,222832,2026-03-03,82.44,Yes,2026-03-06
911973,246317,2026-03-03,64.34,No,
911974,234488,2026-03-03,64.17,No,
911975,204679,2026-03-03,92.70,No,
911976,243680,2026-03-03,89.66,Yes,2026-03-06
911977,217318,2026-03-03,49.01,No,
911978,231592,2026-03-03,71.84,No,
911979,221642,2026-03-03,79.60,No,
911980,239231,2026-03-03,76.27,No,
911981,231082,2026-03-03,30.94,No,
911982,227530,2026-03-03,98.83,No,
911983,247104,2026-03-03,91.92,No,
911984,219595,2026-03-03,64.17,Yes,2026-03-06
911985,212319,2026-03-03,76.51,No,
911986,200162,2026-03-03,108.14,Yes,2026-03-04
911987,226058,2026-03-03,81.42,Yes,2026-03-05
911988,232005,2026-03-03,106.68,No,
911989,225774,2026-03-03,47.15,Yes,2026-03-04
911990,242917,2026-03-03,138.17,No,
911991,200408,2026-03-03,44.98,Yes,2026-03-05
911992,228414,2026-03-03,78.25,No,
911993,233815,2026-03-03,29.72,No,
911994,214225,2026-03-03,90.66,Yes,2026-03-05
911995,238761,2026-03-03,122.08,No,
911996,205716,2026-03-03,118.32,No,
911997,225423,2026-03-03,92.06,Yes,2026-03-05
911998,203773,2026-03-03,70.74,Yes,2026-03-06
911999,206483,2026-03-03,66.53,No,
912000,215469,2026-03-03,76.62,No,
912001,216219,2026-03-03,85.72,No,
912002,234036,2026-03-03,92.44,Yes,2026-03-03
912003,219221,2026-03-03,85.07,Yes,2026-03-06
912004,227681,2026-03-03,116.33,No,
912005,222082,2026-03-03,62.23,Yes,2026-03-03
912006,207406,2026-03-03,80.78,No,
912007,229937,2026-03-03,37.47,No,
912008,201530,2026-03-03,77.87,No,
912009,204102,2026-03-03,55.89,No,
912010,211777,2026-03-03,75.60,Yes,2026-03-06
912011,234690,2026-03-03,92.93,No,
912012,224663,2026-03-03,127.64,No,
912013,245529,2026-03-03,94.40,No,
912014,229424,2026-03-03,90.32,Yes,2026-03-06
912015,245856,2026-03-03,93.75,Yes,2026-03-06
912016,212304,2026-03-03,102.88,No,
912017,232783,2026-03-03,45.92,Yes,2026-03-06
912018,228677,2026-03-03,103.08,No,
912019,203537,2026-03-03,107.34,No,
912020,207410,2026-03-03,62.03,Yes,2026-03-05
912021,205538,2026-03-03,81.63,No,
912022,215895,2026-03-03,99.32,No,
912023,218463,2026-03-03,111.43,No,
912024,219390,2026-03-03,93.71,No,
912025,242363,2026-03-03,102.63,No,
912026,238504,2026-03-03,53.16,No,
912027,204575,2026-03-03,84.75,Yes,2026-03-06
912028,212726,2026-03-03,95.63,No,
912029,223894,2026-03-03,43.69,No,
912030,204698,2026-03-03,77.79,No,
912031,235845,2026-03-03,65.02,Yes,2026-03-03
912032,246851,2026-03-03,74.96,Yes,2026-03-04
912033,205904,2026-03-03,76.50,No,
912034,206274,2026-03-03,70.47,Yes,2026-03-03
912035,242859,2026-03-03,91.64,No,
912036,240386,2026-03-03,114.79,Yes,2026-03-04
912037,236161,2026-03-03,77.80,No,
912038,206316,2026-03-03,65.37,No,
912039,242498,2026-03-03,27.45,Yes,2026-03-06
912040,209521,2026-03-03,82.32,Yes,2026-03-03
912041,200657,2026-03-03,92.97,No,
912042,218900,2026-03-03,63.71,No,
912043,247902,2026-03-03,77.47,No,
912044,244604,2026-03-03,126.70,No,
912045,228029,2026-03-03,69.70,No,
912046,245807,2026-03-03,70.89,No,
912047,217592,2026-03-03,60.11,No,
912048,216828,2026-03-03,104.09,No,
912049,217355,2026-03-03,69.42,No,
912050,211970,2026-03-03,129.11,Yes,2026-03-05
912051,229128,2026-03-03,106.94,No,
912052,211177,2026-03-03,66.48,No,
912053,203626,2026-03-03,131.71,No,
912054,213539,2026-03-03,71.50,No,
912055,247800,2026-03-03,56.16,No,
912056,208483,2026-03-03,35.24,No,
912057,211739,2026-03-03,126.72,No,
912058,216928,2026-03-03,120.45,No,
912059,221222,2026-03-03,71.78,Yes,2026-03-05
912060,215347,2026-03-03,94.40,No,
912061,202438,2026-03-03,123.50,No,
912062,227464,2026-03-03,105.64,No,
912063,202879,2026-03-03,67.89,No,
912064,243773,2026-03-03,70.51,No,
912065,227483,2026-03-03,73.49,No,
912066,216192,2026-03-03,58.70,No,
912067,201372,2026-03-03,108.75,No,
912068,239265,2026-03-03,67.34,No,
912069,218634,2026-03-03,95.97,No,
912070,227937,2026-03-03,107.21,No,
912071,213812,2026-03-03,58.79,No,
912072,230618,2026-03-03,106.74,No,
912073,248428,2026-03-03,80.07,Yes,2026-03-04
912074,230633,2026-03-03,78.60,No,
912075,237408,2026-03-03,101.73,No,
912076,212587,2026-03-03,90.29,No,
912077,212541,2026-03-03,94.72,No,
912078,211794,2026-03-03,103.66,No,
912079,227545,2026-03-03,74.09,No,
912080,213676,2026-03-03,85.51,No,
912081,241894,2026-03-03,105.14,No,
912082,243198,2026-03-03,56.55,Yes,2026-03-04
912083,221944,2026-03-03,119.64,No,
912084,212178,2026-03-03,74.11,No,
912085,247476,2026-03-03,84.06,No,
912086,213983,2026-03-03,68.60,Yes,2026-03-05
912087,210171,2026-03-03,71.70,No,
912088,212304,2026-03-03,52.88,Yes,2026-03-03
912089,238359,2026-03-03,79.79,No,
912090,210545,2026-03-03,106.36,Yes,2026-03-03
912091,227022,2026-03-03,66.27,No,
912092,215199,2026-03-03,79.79,No,
912093,237901,2026-03-03,97.35,Yes,2026-03-03
912094,240065,2026-03-04,90.17,No,
912095,220513,2026-03-04,89.20,No,
912096,225669,2026-03-04,104.34,No,
912097,204172,2026-03-04,62.22,No,
912098,223788,2026-03-04,119.49,Yes,2026-03-05
912099,219212,2026-03-04,73.99,No,
912100,244340,2026-03-04,95.69,No,
912101,231692,2026-03-04,50.15,Yes,2026-03-06
912102,223409,2026-03-04,115.68,No,
912103,221671,2026-03-04,63.74,No,
912104,223129,2026-03-04,73.43,Yes,2026-03-07
912105,212214,2026-03-04,123.38,No,
912106,228730,2026-03-04,90.92,No,
912107,245805,2026-03-04,61.57,Yes,2026-03-07
912108,222420,2026-03-04,74.81,No,
912109,203360,2026-03-04,75.59,No,
912110,200960,2026-03-04,65.01,No,
912111,203156,2026-03-04,91.01,Yes,2026-03-05
912112,247525,2026-03-04,123.10,No,
912113,226848,2026-03-04,81.85,No,
912114,205725,2026-03-04,81.21,No,
912115,211936,2026-03-04,86.39,No,
912116,245352,2026-03-04,116.54,No,
912117,221941,2026-03-04,110.44,Yes,2026-03-05
912118,209543,2026-03-04,80.37,No,
912119,211503,2026-03-04,125.79,Yes,2026-03-07
912120,236859,2026-03-04,47.50,No,
912121,212206,2026-03-04,102.96,Yes,2026-03-07
912122,233903,2026-03-04,41.34,Yes,2026-03-07
912123,228107,2026-03-04,129.12,No,
912124,239533,2026-03-04,103.48,No,
912125,204060,2026-03-04,66.66,No,
912126,220598,2026-03-04,20.00,Yes,2026-03-06
912127,223087,2026-03-04,87.35,No,
912128,225863,2026-03-04,89.66,No,
912129,204077,2026-03-04,91.19,No,
912130,216756,2026-03-04,79.41,No,
912131,223425,2026-03-04,64.67,No,
912132,223713,2026-03-04,82.69,No,
912133,205481,2026-03-04,121.26,No,
912134,243872,2026-03-04,69.86,Yes,2026-03-07
912135,245219,2026-03-04,66.12,Yes,2026-03-07
912136,244368,2026-03-04,138.31,No,
912137,229645,2026-03-04,141.06,No,
912138,225332,2026-03-04,104.73,No,
912139,215735,2026-03-04,106.21,No,
912140,230008,2026-03-04,106.66,Yes,2026-03-05
912141,219824,2026-03-04,108.93,No,
912142,212612,2026-03-04,22.86,No,
912143,203765,2026-03-04,84.29,Yes,2026-03-07
912144,240558,2026-03-04,58.12,No,
912145,222056,2026-03-04,95.13,No,
912146,231821,2026-03-04,89.37,No,
912147,205732,2026-03-04,73.94,No,
912148,241934,2026-03-04,68.79,Yes,2026-03-07
912149,218096,2026-03-04,51.52,No,
912150,226587,2026-03-04,142.02,No,
912151,237600,2026-03-04,73.74,No,
912152,240347,2026-03-04,84.08,No,
912153,240586,2026-03-04,95.20,Yes,2026-03-07
912154,203681,2026-03-04,70.96,No,
912155,211621,2026-03-04,41.82,No,
912156,242417,2026-03-04,72.05,Yes,2026-03-07
912157,225764,2026-03-04,85.22,No,
912158,205198,2026-03-04,131.04,No,
912159,203570,2026-03-04,118.13,No,
912160,200975,2026-03-04,56.82,No,
912161,234277,2026-03-04,81.12,Yes,2026-03-06
912162,227918,2026-03-04,130.25,No,
912163,221601,2026-03-04,72.28,No,
912164,245027,2026-03-04,115.11,No,
912165,246240,2026-03-04,69.48,No,
912166,228042,2026-03-04,138.21,No,
912167,243703,2026-03-04,82.08,No,
912168,208209,2026-03-04,103.46,No,
912169,221350,2026-03-04,70.23,No,
912170,202266,2026-03-04,101.47,No,
912171,217979,2026-03-04,89.25,No,
912172,202221,2026-03-04,108.72,Yes,2026-03-07
912173,200987,2026-03-04,94.08,No,
912174,222639,2026-03-04,101.34,Yes,2026-03-06
912175,212664,2026-03-04,72.73,No,
912176,208092,2026-03-04,47.11,No,
912177,219931,2026-03-04,108.83,No,
912178,247023,2026-03-04,47.84,Yes,2026-03-04
912179,232941,2026-03-04,98.50,No,
912180,215234,2026-03-04,96.58,No,
912181,240225,2026-03-04,86.52,Yes,2026-03-04
912182,248254,2026-03-04,88.01,Yes,2026-03-06
912183,239936,2026-03-04,40.77,Yes,2026-03-05
912184,242955,2026-03-04,58.01,No,
912185,203781,2026-03-04,20.72,Yes,2026-03-05
912186,237382,2026-03-04,143.32,No,
912187,222860,2026-03-04,93.14,No,
912188,228649,2026-03-04,61.18,Yes,2026-03-06
912189,231287,2026-03-04,73.22,No,
912190,239149,2026-03-04,87.98,No,
912191,219332,2026-03-04,59.11,No,
912192,246759,2026-03-04,116.49,No,
912193,224997,2026-03-04,106.82,No,
912194,225125,2026-03-04,68.52,No,
912195,246187,2026-03-04,92.58,No,
912196,209422,2026-03-04,99.66,No,
912197,201763,2026-03-04,43.76,No,
912198,245598,2026-03-04,22.51,Yes,2026-03-04
912199,235827,2026-03-04,89.55,No,
912200,217223,2026-03-04,108.59,No,
912201,243205,2026-03-04,27.75,No,
912202,217053,2026-03-04,107.83,No,
912203,233463,2026-03-04,30.40,No,
912204,246004,2026-03-04,68.94,No,
912205,226449,2026-03-04,81.58,Yes,2026-03-07
912206,241848,2026-03-04,56.63,No,
912207,223046,2026-03-04,103.42,No,
912208,236523,2026-03-04,81.02,No,
912209,200988,2026-03-04,67.99,No,
912210,214489,2026-03-04,108.83,No,
912211,208594,2026-03-04,114.27,No,
912212,217920,2026-03-04,116.07,Yes,2026-03-06
912213,214107,2026-03-04,68.62,No,
912214,216228,2026-03-04,77.86,No,
912215,231466,2026-03-04,105.76,Yes,2026-03-07
912216,243028,2026-03-04,81.29,Yes,2026-03-05
912217,205168,2026-03-04,102.12,Yes,2026-03-04
912218,248320,2026-03-04,47.92,Yes,2026-03-04
912219,226031,2026-03-04,109.13,No,
912220,239460,2026-03-04,32.80,No,
912221,212310,2026-03-04,136.57,Yes,2026-03-05
912222,239056,2026-03-04,120.81,No,
912223,242224,2026-03-04,80.12,No,
912224,223235,2026-03-04,45.84,No,
912225,233478,2026-03-04,91.64,No,
912226,221999,2026-03-04,116.21,No,
912227,219019,2026-03-04,68.90,No,
912228,239996,2026-03-04,96.91,No,
912229,247781,2026-03-04,48.01,No,
912230,205880,2026-03-04,121.94,No,
912231,224037,2026-03-04,61.07,No,
912232,211239,2026-03-04,124.56,Yes,2026-03-05
912233,242487,2026-03-04,80.80,No,
912234,232089,2026-03-04,76.92,No,
912235,221413,2026-03-04,57.95,No,
912236,239453,2026-03-04,81.41,Yes,2026-03-07
912237,209364,2026-03-04,113.78,No,
912238,234504,2026-03-04,95.89,No,
912239,202106,2026-03-05,97.75,No,
912240,220904,2026-03-05,88.93,No,
912241,218562,2026-03-05,89.19,No,
912242,231846,2026-03-05,75.79,No,
912243,225235,2026-03-05,77.42,No,
912244,205698,2026-03-05,57.68,No,
912245,247322,2026-03-05,76.59,No,
912246,200712,2026-03-05,58.40,No,
912247,215518,2026-03-05,89.78,No,
912248,238948,2026-03-05,89.07,No,
912249,203535,2026-03-05,48.11,Yes,2026-03-08
912250,236768,2026-03-05,125.99,Yes,2026-03-06
912251,245966,2026-03-05,78.69,No,
912252,222319,2026-03-05,113.59,Yes,2026-03-06
912253,203265,2026-03-05,71.12,No,
912254,218026,2026-03-05,142.16,No,
912255,233343,2026-03-05,61.92,No,
912256,234871,2026-03-05,81.38,No,
912257,246426,2026-03-05,85.71,Yes,2026-03-07
912258,239089,2026-03-05,82.72,No,
912259,232031,2026-03-05,50.85,No,
912260,225892,2026-03-05,108.09,No,
912261,242450,2026-03-05,65.10,No,
912262,217099,2026-03-05,80.54,No,
912263,232877,2026-03-05,93.86,Yes,2026-03-08
912264,234637,2026-03-05,60.02,No,
912265,231271,2026-03-05,49.37,Yes,2026-03-08
912266,247786,2026-03-05,94.61,No,
912267,221387,2026-03-05,71.25,No,
912268,210759,2026-03-05,74.82,No,
912269,234032,2026-03-05,74.34,No,
912270,240123,2026-03-05,66.18,Yes,2026-03-05
912271,207481,2026-03-05,94.35,Yes,2026-03-08
912272,241161,2026-03-05,31.42,No,
912273,218452,2026-03-05,20.00,Yes,2026-03-08
912274,232792,2026-03-05,43.79,No,
912275,242292,2026-03-05,83.54,No,
912276,212901,2026-03-05,59.61,No,
912277,245378,2026-03-05,74.40,Yes,2026-03-06
912278,246209,2026-03-05,94.51,Yes,2026-03-08
912279,214828,2026-03-05,80.82,No,
912280,238015,2026-03-05,93.60,No,
912281,243061,2026-03-05,157.22,No,
912282,232675,2026-03-05,69.57,Yes,2026-03-05
912283,215139,2026-03-05,79.99,No,
912284,225118,2026-03-05,72.14,No,
912285,223873,2026-03-05,40.95,No,
912286,228580,2026-03-05,52.87,Yes,2026-03-07
912287,211940,2026-03-05,120.78,No,
912288,241132,2026-03-05,92.46,No,
912289,221079,2026-03-05,55.97,No,
912290,212528,2026-03-05,79.08,Yes,2026-03-06
912291,220646,2026-03-05,88.34,No,
912292,207565,2026-03-05,46.88,No,
912293,243552,2026-03-05,88.49,No,
912294,217900,2026-03-05,52.79,No,
912295,234099,2026-03-05,80.36,Yes,2026-03-07
912296,216950,2026-03-05,88.33,No,
912297,225589,2026-03-05,97.67,No,
912298,234094,2026-03-05,86.32,No,
912299,245390,2026-03-05,89.49,No,
912300,235739,2026-03-05,101.99,No,
912301,228640,2026-03-05,90.82,No,
912302,215288,2026-03-05,123.37,No,
912303,212070,2026-03-05,111.91,No,
912304,213064,2026-03-05,93.52,No,
912305,204614,2026-03-05,86.31,No,
912306,218835,2026-03-05,121.37,No,
912307,233842,2026-03-05,83.08,No,
912308,241782,2026-03-05,81.35,No,
912309,237746,2026-03-05,83.01,No,
912310,212609,2026-03-05,64.36,Yes,2026-03-08
912311,227221,2026-03-05,111.69,No,
912312,244664,2026-03-05,33.58,No,
912313,216450,2026-03-05,77.14,Yes,2026-03-08
912314,224573,2026-03-05,88.01,No,
912315,232942,2026-03-05,69.48,No,
912316,238279,2026-03-05,44.92,No,
912317,225548,2026-03-05,95.96,Yes,2026-03-07
912318,218182,2026-03-05,70.44,No,
912319,248345,2026-03-05,66.47,No,
912320,228629,2026-03-05,67.58,No,
912321,223602,2026-03-05,40.68,No,
912322,206627,2026-03-05,110.06,No,
912323,218643,2026-03-05,105.56,No,
912324,241552,2026-03-05,69.56,Yes,2026-03-06
912325,206557,2026-03-05,62.27,No,
912326,211778,2026-03-05,98.91,No,
912327,218741,2026-03-05,69.98,No,
912328,238921,2026-03-05,56.16,No,
912329,238326,2026-03-05,68.65,No,
912330,234636,2026-03-05,115.25,Yes,2026-03-07
912331,231405,2026-03-05,117.57,Yes,2026-03-06
912332,225164,2026-03-05,63.89,Yes,2026-03-07
912333,230079,2026-03-05,87.44,No,
912334,239720,2026-03-05,71.88,Yes,2026-03-05
912335,208203,2026-03-05,68.89,No,
912336,201533,2026-03-05,120.27,No,
912337,224314,2026-03-05,50.58,No,
912338,202307,2026-03-05,86.93,No,
912339,227412,2026-03-05,102.34,No,
912340,214203,2026-03-05,59.00,Yes,2026-03-08
912341,213234,2026-03-05,48.36,Yes,2026-03-05
912342,235474,2026-03-05,104.61,No,
912343,246815,2026-03-05,51.79,Yes,2026-03-07
912344,217933,2026-03-05,72.42,No,
912345,230152,2026-03-05,89.45,No,
912346,201220,2026-03-05,100.02,No,
912347,240175,2026-03-05,69.38,No,
912348,218552,2026-03-05,94.56,Yes,2026-03-08
912349,202474,2026-03-05,43.03,No,
912350,204835,2026-03-05,74.57,No,
912351,205082,2026-03-05,80.06,No,
912352,232720,2026-03-05,94.89,Yes,2026-03-08
912353,207094,2026-03-05,86.84,Yes,2026-03-06
912354,222255,2026-03-05,82.75,No,
912355,233681,2026-03-05,93.66,No,
912356,202565,2026-03-05,117.65,No,
912357,216092,2026-03-05,84.52,Yes,2026-03-08
912358,243994,2026-03-05,95.46,Yes,2026-03-05
912359,210592,2026-03-05,75.43,No,
912360,209000,2026-03-05,81.06,No,
912361,203506,2026-03-05,76.55,Yes,2026-03-07
912362,210273,2026-03-05,124.49,No,
912363,214362,2026-03-05,90.54,Yes,2026-03-07
912364,237850,2026-03-05,104.16,No,
912365,218257,2026-03-05,89.91,No,
912366,225942,2026-03-05,94.55,No,
912367,216523,2026-03-06,112.68,No,
912368,245544,2026-03-06,89.87,No,
912369,221519,2026-03-06,53.88,No,
912370,200374,2026-03-06,93.39,Yes,2026-03-07
912371,223452,2026-03-06,114.88,No,
912372,214571,2026-03-06,89.98,Yes,2026-03-06
912373,242690,2026-03-06,137.61,Yes,2026-03-08
912374,241642,2026-03-06,67.09,No,
912375,201830,2026-03-06,86.40,Yes,2026-03-06
912376,216159,2026-03-06,93.93,Yes,2026-03-07
912377,234049,2026-03-06,78.52,Yes,2026-03-08
912378,207583,2026-03-06,79.96,Yes,2026-03-06
912379,248072,2026-03-06,86.35,No,
912380,229020,2026-03-06,74.09,No,
912381,220826,2026-03-06,126.00,No,
912382,221963,2026-03-06,103.40,No,
912383,220117,2026-03-06,110.83,Yes,2026-03-06
912384,213943,2026-03-06,82.53,No,
912385,221553,2026-03-06,34.12,No,
912386,244804,2026-03-06,69.71,No,
912387,213287,2026-03-06,107.71,No,
912388,216543,2026-03-06,89.59,Yes,2026-03-09
912389,225414,2026-03-06,70.21,No,
912390,228964,2026-03-06,97.47,No,
912391,209868,2026-03-06,112.38,No,
912392,202930,2026-03-06,91.15,Yes,2026-03-08
912393,200735,2026-03-06,73.32,No,
912394,203194,2026-03-06,80.69,No,
912395,227912,2026-03-06,57.07,No,
912396,236687,2026-03-06,74.47,No,
912397,240554,2026-03-06,86.79,No,
912398,201015,2026-03-06,109.70,No,
912399,200252,2026-03-06,69.72,No,
912400,204377,2026-03-06,82.92,No,
912401,230055,2026-03-06,117.80,No,
912402,247710,2026-03-06,99.63,No,
912403,241880,2026-03-06,55.45,No,
912404,201236,2026-03-06,94.75,No,
912405,231294,2026-03-06,106.13,No,
912406,219327,2026-03-06,65.53,No,
912407,209281,2026-03-06,97.80,No,
912408,216916,2026-03-06,53.59,No,
912409,213201,2026-03-06,105.57,No,
912410,213674,2026-03-06,71.08,No,
912411,240737,2026-03-06,100.90,No,
912412,208022,2026-03-06,86.25,No,
912413,221642,2026-03-06,77.00,No,
912414,205605,2026-03-06,91.66,No,
912415,229721,2026-03-06,69.00,No,
912416,204599,2026-03-06,100.34,No,
912417,224434,2026-03-06,75.67,Yes,2026-03-07
912418,217017,2026-03-06,104.70,No,
912419,201536,2026-03-06,52.13,Yes,2026-03-09
912420,226651,2026-03-06,136.49,No,
912421,245737,2026-03-06,90.99,No,
912422,204135,2026-03-06,48.92,No,
912423,214320,2026-03-06,87.75,No,
912424,205458,2026-03-06,101.83,No,
912425,228596,2026-03-06,94.87,Yes,2026-03-09
912426,231970,2026-03-06,77.68,Yes,2026-03-09
912427,208903,2026-03-06,72.31,No,
912428,235505,2026-03-06,39.23,No,
912429,231896,2026-03-06,70.81,No,
912430,228580,2026-03-06,55.73,No,
912431,209992,2026-03-06,79.56,No,
912432,216193,2026-03-06,76.64,No,
912433,208075,2026-03-06,111.33,Yes,2026-03-07
912434,216516,2026-03-06,114.12,No,
912435,210206,2026-03-06,68.80,No,
912436,242050,2026-03-06,81.75,No,
912437,241535,2026-03-06,117.58,No,
912438,237035,2026-03-06,74.34,No,
912439,241648,2026-03-06,57.07,Yes,2026-03-06
912440,212974,2026-03-06,30.00,No,
912441,223588,2026-03-06,123.40,No,
912442,231380,2026-03-06,45.78,Yes,2026-03-06
912443,229721,2026-03-06,46.93,No,
912444,248071,2026-03-06,93.84,No,
912445,234831,2026-03-06,107.77,Yes,2026-03-07
912446,247840,2026-03-06,98.42,No,
912447,217093,2026-03-06,87.98,No,
912448,246076,2026-03-06,70.87,No,
912449,221802,2026-03-06,79.19,No,
912450,212829,2026-03-06,64.46,No,
912451,222394,2026-03-06,63.00,No,
912452,202404,2026-03-06,100.14,No,
912453,230099,2026-03-06,123.27,Yes,2026-03-07
912454,227243,2026-03-06,99.48,No,
912455,228795,2026-03-06,63.84,No,
912456,221730,2026-03-06,90.09,No,
912457,232202,2026-03-06,116.08,No,
912458,229113,2026-03-06,93.13,No,
912459,207883,2026-03-06,62.24,No,
912460,226071,2026-03-06,67.22,No,
912461,235754,2026-03-06,110.04,No,
912462,247764,2026-03-06,32.77,No,
912463,217438,2026-03-06,88.59,No,
912464,229500,2026-03-06,71.90,Yes,2026-03-07
912465,227424,2026-03-06,88.96,Yes,2026-03-08
912466,220586,2026-03-06,63.22,No,
912467,208858,2026-03-06,99.60,No,
912468,222096,2026-03-06,137.16,No,
912469,204868,2026-03-06,78.24,No,
912470,242726,2026-03-06,51.77,No,
912471,220024,2026-03-06,113.59,Yes,2026-03-09
912472,241523,2026-03-06,60.72,No,
912473,215701,2026-03-06,110.69,Yes,2026-03-07
912474,223986,2026-03-06,97.25,No,
912475,222548,2026-03-06,87.25,Yes,2026-03-07
912476,201771,2026-03-06,84.24,No,
912477,216028,2026-03-06,67.82,No,
912478,238914,2026-03-06,58.26,No,
912479,212661,2026-03-06,66.05,No,
912480,214022,2026-03-06,90.55,No,
912481,214599,2026-03-06,68.16,No,
912482,233176,2026-03-06,55.69,Yes,2026-03-07
912483,215904,2026-03-06,86.48,Yes,2026-03-08
912484,236495,2026-03-06,123.41,No,
912485,205525,2026-03-06,138.58,No,
912486,219816,2026-03-06,20.00,No,
912487,247041,2026-03-06,92.90,Yes,2026-03-07
912488,203862,2026-03-06,107.20,No,
912489,229267,2026-03-06,108.98,No,
912490,244857,2026-03-06,123.07,Yes,2026-03-08
912491,232398,2026-03-06,99.76,No,
912492,207760,2026-03-06,60.70,No,
912493,228041,2026-03-06,94.42,No,
912494,229655,2026-03-06,83.15,No,
912495,237734,2026-03-06,87.96,No,
912496,242001,2026-03-06,117.54,Yes,2026-03-09
912497,217366,2026-03-06,68.47,No,
912498,205836,2026-03-06,123.39,No,
912499,213313,2026-03-06,90.19,Yes,2026-03-08
912500,247826,2026-03-06,95.92,No,
912501,218810,2026-03-06,104.81,No,
912502,214907,2026-03-06,55.47,No,
912503,210883,2026-03-06,61.69,No,
912504,234555,2026-03-06,74.37,No,
912505,234966,2026-03-06,79.55,No,
912506,219421,2026-03-06,94.75,No,
912507,216602,2026-03-06,112.38,No,
912508,239705,2026-03-06,59.46,Yes,2026-03-06
912509,223205,2026-03-06,84.31,No,
912510,216442,2026-03-07,100.25,No,
912511,202425,2026-03-07,78.02,No,
912512,240201,2026-03-07,72.01,No,
912513,220377,2026-03-07,98.89,Yes,2026-03-10
912514,228167,2026-03-07,119.81,No,
912515,201653,2026-03-07,135.70,Yes,2026-03-08
912516,215219,2026-03-07,55.07,No,
912517,219631,2026-03-07,81.51,No,
912518,210205,2026-03-07,90.79,No,
912519,232405,2026-03-07,92.81,No,
912520,208725,2026-03-07,97.63,No,
912521,228193,2026-03-07,128.94,No,
912522,211401,2026-03-07,61.55,No,
912523,206994,2026-03-07,104.21,No,
912524,231851,2026-03-07,87.14,No,
912525,233470,2026-03-07,107.21,No,
912526,224010,2026-03-07,35.78,No,
912527,221449,2026-03-07,75.02,Yes,2026-03-07
912528,200839,2026-03-07,124.18,No,
912529,238449,2026-03-07,64.71,No,
912530,228654,2026-03-07,103.93,Yes,2026-03-07
912531,205043,2026-03-07,129.57,No,
912532,204427,2026-03-07,33.61,No,
912533,223477,2026-03-07,104.15,No,
912534,200709,2026-03-07,116.81,No,
912535,206147,2026-03-07,76.50,No,
912536,208904,2026-03-07,66.35,Yes,2026-03-08
912537,248318,2026-03-07,23.19,No,
912538,214833,2026-03-07,87.37,No,
912539,228259,2026-03-07,42.94,No,
912540,247395,2026-03-07,116.66,No,
912541,237715,2026-03-07,129.77,No,
912542,201850,2026-03-07,104.46,No,
912543,233165,2026-03-07,68.27,No,
912544,220175,2026-03-07,73.73,No,
912545,235421,2026-03-07,75.64,No,
912546,231540,2026-03-07,44.58,No,
912547,225785,2026-03-07,144.69,Yes,2026-03-10
912548,215966,2026-03-07,102.43,No,
912549,240421,2026-03-07,91.62,No,
912550,242068,2026-03-07,70.43,Yes,2026-03-07
912551,219318,2026-03-07,96.49,Yes,2026-03-09
912552,211662,2026-03-07,104.96,No,
912553,234566,2026-03-07,54.21,No,
912554,206112,2026-03-07,79.45,Yes,2026-03-07
912555,210611,2026-03-07,48.86,No,
912556,213924,2026-03-07,120.33,No,
912557,247114,2026-03-07,84.94,No,
912558,230039,2026-03-07,65.67,No,
912559,202644,2026-03-07,109.81,No,
912560,218162,2026-03-07,106.47,No,
912561,227112,2026-03-07,118.71,No,
912562,201335,2026-03-07,54.83,No,
912563,231732,2026-03-07,46.47,No,
912564,235360,2026-03-07,118.27,No,
912565,235138,2026-03-07,155.78,No,
912566,224936,2026-03-07,55.27,No,
912567,246666,2026-03-07,92.02,No,
912568,214232,2026-03-07,91.34,No,
912569,228176,2026-03-07,68.12,No,
912570,201437,2026-03-07,70.43,No,
912571,226639,2026-03-07,97.06,No,
912572,245145,2026-03-07,34.39,No,
912573,216701,2026-03-07,99.11,No,
912574,212670,2026-03-07,87.36,No,
912575,211752,2026-03-07,76.60,Yes,2026-03-07
912576,225047,2026-03-07,78.64,Yes,2026-03-09
912577,201351,2026-03-07,137.56,No,
912578,223982,2026-03-07,88.98,No,
912579,224231,2026-03-07,72.23,No,
912580,229631,2026-03-07,83.66,No,
912581,203245,2026-03-07,97.22,No,
912582,246800,2026-03-07,67.47,No,
912583,226039,2026-03-07,127.70,No,
912584,223984,2026-03-07,108.94,No,
912585,224182,2026-03-07,86.49,Yes,2026-03-10
912586,245753,2026-03-07,59.42,Yes,2026-03-10
912587,213939,2026-03-07,71.73,No,
912588,247672,2026-03-07,90.11,Yes,2026-03-10
912589,217659,2026-03-07,74.65,No,
912590,240950,2026-03-07,54.56,No,
912591,210131,2026-03-07,48.84,No,
912592,203934,2026-03-07,46.51,No,
912593,228139,2026-03-07,23.26,No,
912594,235512,2026-03-07,85.25,No,
912595,208962,2026-03-07,47.25,Yes,2026-03-08
912596,228421,2026-03-07,113.08,No,
912597,236341,2026-03-07,80.56,No,
912598,219781,2026-03-07,68.37,No,
912599,225512,2026-03-07,50.73,No,
912600,222790,2026-03-07,20.00,No,
912601,244421,2026-03-07,45.97,Yes,2026-03-09
912602,243051,2026-03-07,74.68,No,
912603,224172,2026-03-07,68.31,No,
912604,219985,2026-03-07,130.12,Yes,2026-03-10
912605,204734,2026-03-07,58.30,No,
912606,229913,2026-03-07,94.96,Yes,2026-03-09
912607,238773,2026-03-07,50.90,Yes,2026-03-08
912608,210396,2026-03-07,123.56,No,
912609,230579,2026-03-07,50.89,No,
912610,222233,2026-03-07,92.13,Yes,2026-03-08
912611,223265,2026-03-07,83.65,No,
912612,206142,2026-03-07,76.28,Yes,2026-03-10
912613,221449,2026-03-07,93.70,No,
912614,242391,2026-03-07,40.01,Yes,2026-03-07
912615,247947,2026-03-07,85.02,No,
912616,218942,2026-03-07,89.48,No,
912617,214214,2026-03-07,63.61,Yes,2026-03-10
912618,240781,2026-03-07,27.16,No,
912619,215151,2026-03-07,103.02,No,
912620,235130,2026-03-07,116.35,No,
912621,231742,2026-03-07,113.37,No,
912622,237050,2026-03-07,79.53,No,
912623,224972,2026-03-07,94.10,No,
912624,245353,2026-03-07,89.33,Yes,2026-03-07
912625,242778,2026-03-07,85.66,No,
912626,224459,2026-03-07,79.50,No,
912627,240272,2026-03-07,72.82,Yes,2026-03-08
912628,201993,2026-03-07,74.99,No,
912629,220285,2026-03-07,49.08,No,
912630,238718,2026-03-07,82.45,Yes,2026-03-10
912631,229887,2026-03-07,40.72,No,
912632,211862,2026-03-07,87.93,No,
912633,235297,2026-03-07,92.89,No,
912634,200400,2026-03-07,77.56,Yes,2026-03-09
912635,245492,2026-03-07,84.84,No,
912636,240237,2026-03-07,87.99,No,
912637,217234,2026-03-07,84.97,No,
912638,244213,2026-03-07,76.32,No,
912639,217173,2026-03-07,46.19,No,
912640,215405,2026-03-07,91.92,No,
912641,238151,2026-03-07,53.91,Yes,2026-03-07
912642,236789,2026-03-07,115.43,Yes,2026-03-07
912643,207603,2026-03-07,85.17,Yes,2026-03-09
912644,218607,2026-03-07,89.90,No,
912645,219348,2026-03-07,107.35,No,
912646,232710,2026-03-07,75.57,No,
912647,205174,2026-03-07,81.73,No,
912648,243676,2026-03-07,29.48,No,
912649,211485,2026-03-07,77.37,No,
912650,204685,2026-03-07,80.24,No,
912651,231980,2026-03-07,101.91,No,
912652,233497,2026-03-07,76.95,No,
912653,217126,2026-03-07,116.95,No,
912654,241976,2026-03-07,70.26,No,
912655,200342,2026-03-07,87.75,Yes,2026-03-08
912656,229202,2026-03-07,51.41,No,
912657,239136,2026-03-07,66.25,No,
912658,202588,2026-03-07,99.67,No,
912659,243972,2026-03-07,98.08,Yes,2026-03-08
912660,216394,2026-03-07,63.48,Yes,2026-03-08
912661,244138,2026-03-07,64.09,No,
912662,220433,2026-03-07,78.85,Yes,2026-03-09
912663,239196,2026-03-07,82.87,No,
912664,220678,2026-03-07,87.34,No,
912665,201757,2026-03-07,34.29,No,
912666,238666,2026-03-08,102.99,Yes,2026-03-11
912667,214639,2026-03-08,93.49,Yes,2026-03-09
912668,212384,2026-03-08,111.44,Yes,2026-03-11
912669,220517,2026-03-08,121.97,No,
912670,245426,2026-03-08,84.93,No,
912671,207498,2026-03-08,58.81,Yes,2026-03-08
912672,243773,2026-03-08,92.83,No,
912673,217677,2026-03-08,54.97,Yes,2026-03-08
912674,202111,2026-03-08,96.06,Yes,2026-03-11
912675,233608,2026-03-08,72.29,Yes,2026-03-10
912676,204556,2026-03-08,59.23,No,
912677,246279,2026-03-08,82.91,Yes,2026-03-08
912678,220187,2026-03-08,67.19,Yes,2026-03-09
912679,226261,2026-03-08,82.83,No,
912680,219957,2026-03-08,108.30,No,
912681,241216,2026-03-08,101.32,No,
912682,236838,2026-03-08,78.02,No,
912683,208783,2026-03-08,96.04,No,
912684,225439,2026-03-08,45.76,Yes,2026-03-11
912685,219555,2026-03-08,97.16,Yes,2026-03-10
912686,206872,2026-03-08,69.43,Yes,2026-03-10
912687,226434,2026-03-08,121.04,No,
912688,236360,2026-03-08,62.44,No,
912689,231456,2026-03-08,81.61,No,
912690,203296,2026-03-08,131.45,No,
912691,241986,2026-03-08,50.23,No,
912692,245595,2026-03-08,127.81,No,
912693,221792,2026-03-08,90.16,No,
912694,203979,2026-03-08,99.42,No,
912695,242394,2026-03-08,78.59,No,
912696,214477,2026-03-08,63.18,Yes,2026-03-09
912697,223341,2026-03-08,65.82,No,
912698,237408,2026-03-08,53.73,No,
912699,224209,2026-03-08,74.52,No,
912700,245869,2026-03-08,67.46,No,
912701,242051,2026-03-08,54.78,No,
912702,240317,2026-03-08,74.95,No,
912703,238298,2026-03-08,75.42,No,
912704,224517,2026-03-08,113.47,No,
912705,211197,2026-03-08,87.26,No,
912706,225034,2026-03-08,81.56,No,
912707,222004,2026-03-08,100.78,Yes,2026-03-08
912708,246557,2026-03-08,76.45,No,
912709,202436,2026-03-08,88.97,Yes,2026-03-10
912710,209064,2026-03-08,85.21,Yes,2026-03-10
912711,207888,2026-03-08,85.80,No,
912712,231295,2026-03-08,70.53,No,
912713,242561,2026-03-08,77.58,No,
912714,203025,2026-03-08,78.63,Yes,2026-03-08
912715,215177,2026-03-08,61.47,Yes,2026-03-10
912716,210034,2026-03-08,76.12,No,
912717,200449,2026-03-08,80.02,No,
912718,243527,2026-03-08,88.34,No,
912719,239003,2026-03-08,44.20,Yes,2026-03-09
912720,201439,2026-03-08,115.73,No,
912721,232924,2026-03-08,55.25,No,
912722,222502,2026-03-08,96.75,No,
912723,230595,2026-03-08,57.28,No,
912724,220680,2026-03-08,85.87,Yes,2026-03-09
912725,222685,2026-03-08,46.87,No,
912726,227614,2026-03-08,100.97,No,
912727,237572,2026-03-08,72.15,No,
912728,224895,2026-03-08,89.25,No,
912729,207643,2026-03-08,78.14,Yes,2026-03-10
912730,209786,2026-03-08,58.98,No,
912731,238155,2026-03-08,100.93,No,
912732,239078,2026-03-08,83.88,No,
912733,220133,2026-03-08,109.94,Yes,2026-03-09
912734,212543,2026-03-08,60.65,No,
912735,236670,2026-03-08,53.63,No,
912736,242486,2026-03-08,94.72,No,
912737,245706,2026-03-08,54.32,No,
912738,246940,2026-03-08,108.04,Yes,2026-03-08
912739,240503,2026-03-08,77.70,No,
912740,224025,2026-03-08,79.95,Yes,2026-03-11
912741,227556,2026-03-08,63.80,Yes,2026-03-10
912742,244896,2026-03-08,26.53,No,
912743,217742,2026-03-08,101.91,Yes,2026-03-09
912744,223509,2026-03-08,60.02,No,
912745,232047,2026-03-08,131.98,No,
912746,210364,2026-03-08,54.63,No,
912747,210201,2026-03-08,80.81,No,
912748,210097,2026-03-08,116.77,Yes,2026-03-11
912749,214886,2026-03-08,67.77,No,
912750,229555,2026-03-08,89.16,No,
912751,201169,2026-03-08,72.86,No,
912752,211151,2026-03-08,54.30,No,
912753,212961,2026-03-08,100.74,No,
912754,204863,2026-03-08,20.00,No,
912755,217357,2026-03-08,58.25,Yes,2026-03-08
912756,246381,2026-03-08,120.80,No,
912757,243790,2026-03-08,112.99,No,
912758,233925,2026-03-08,57.31,No,
912759,245196,2026-03-08,83.65,No,
912760,209562,2026-03-08,93.14,No,
912761,220186,2026-03-08,125.53,No,
912762,219237,2026-03-08,139.76,Yes,2026-03-10
912763,209486,2026-03-08,114.05,No,
912764,213736,2026-03-08,39.46,Yes,2026-03-10
912765,225193,2026-03-08,86.06,No,
912766,214633,2026-03-08,54.07,No,
912767,207706,2026-03-08,87.81,No,
912768,205783,2026-03-08,47.93,No,
912769,247117,2026-03-08,117.22,No,
912770,240612,2026-03-08,89.82,Yes,2026-03-09
912771,241762,2026-03-08,99.33,Yes,2026-03-08
912772,245791,2026-03-08,69.93,No,
912773,222726,2026-03-08,82.87,No,
912774,211020,2026-03-08,81.08,No,
912775,201433,2026-03-08,96.06,No,
912776,247264,2026-03-08,130.69,No,
912777,202446,2026-03-08,88.89,No,
912778,224165,2026-03-08,71.30,No,
912779,204216,2026-03-08,100.55,No,
912780,214421,2026-03-08,62.55,No,
912781,244618,2026-03-08,71.29,No,
912782,219274,2026-03-08,52.14,No,
912783,229114,2026-03-08,73.99,Yes,2026-03-08
912784,212320,2026-03-08,78.47,No,
912785,238307,2026-03-08,87.10,Yes,2026-03-09
912786,219928,2026-03-08,80.52,Yes,2026-03-09
912787,221024,2026-03-08,114.25,No,
912788,221737,2026-03-08,75.59,No,
912789,215512,2026-03-08,63.33,Yes,2026-03-10
912790,240545,2026-03-08,108.60,No,
912791,206050,2026-03-08,70.47,No,
912792,232525,2026-03-08,109.65,No,
912793,229720,2026-03-08,49.02,No,
912794,244510,2026-03-08,90.39,Yes,2026-03-08
912795,230685,2026-03-08,83.87,No,
912796,233855,2026-03-08,110.31,No,
912797,204649,2026-03-08,83.04,No,
912798,247668,2026-03-08,77.53,No,
912799,204561,2026-03-08,64.06,No,
912800,213603,2026-03-08,121.70,No,
912801,245240,2026-03-08,68.75,Yes,2026-03-09
912802,202473,2026-03-08,100.98,Yes,2026-03-10
912803,239779,2026-03-08,49.78,No,
912804,225279,2026-03-08,126.22,No,
912805,244050,2026-03-08,70.09,No,
912806,226436,2026-03-08,98.22,No,
912807,243633,2026-03-08,61.62,No,
912808,243709,2026-03-08,58.39,No,
912809,219867,2026-03-08,104.78,No,
912810,221426,2026-03-08,101.27,No,
912811,200419,2026-03-08,135.33,No,
912812,226817,2026-03-08,129.87,No,
912813,208949,2026-03-08,80.36,Yes,2026-03-10
912814,228949,2026-03-08,64.35,No,
912815,223000,2026-03-08,60.80,No,
912816,210898,2026-03-08,78.53,No,
912817,222370,2026-03-08,84.38,No,
912818,243916,2026-03-08,56.17,No,
912819,232006,2026-03-08,20.00,No,
912820,207766,2026-03-09,96.72,No,
912821,220834,2026-03-09,99.01,No,
912822,202965,2026-03-09,95.44,No,
912823,229544,2026-03-09,92.97,Yes,2026-03-11
912824,218444,2026-03-09,90.55,No,
912825,236055,2026-03-09,92.01,No,
912826,213048,2026-03-09,98.37,No,
912827,247054,2026-03-09,118.89,Yes,2026-03-12
912828,230879,2026-03-09,38.54,No,
912829,211157,2026-03-09,107.80,No,
912830,208467,2026-03-09,90.41,No,
912831,236490,2026-03-09,56.56,Yes,2026-03-12
912832,218616,2026-03-09,74.48,No,
912833,234861,2026-03-09,97.38,No,
912834,238720,2026-03-09,86.91,No,
912835,230569,2026-03-09,96.55,No,
912836,229868,2026-03-09,86.77,Yes,2026-03-11
912837,223218,2026-03-09,99.49,No,
912838,219322,2026-03-09,70.29,No,
912839,234185,2026-03-09,94.19,No,
912840,217315,2026-03-09,109.89,No,
912841,233987,2026-03-09,89.00,No,
912842,233806,2026-03-09,116.41,No,
912843,219493,2026-03-09,37.01,No,
912844,201801,2026-03-09,66.99,No,
912845,231706,2026-03-09,124.68,Yes,2026-03-11
912846,231531,2026-03-09,95.32,No,
912847,245710,2026-03-09,80.48,No,
912848,236133,2026-03-09,115.45,No,
912849,216418,2026-03-09,100.65,No,
912850,207639,2026-03-09,62.15,No,
912851,208140,2026-03-09,74.34,No,
912852,212329,2026-03-09,138.17,No,
912853,216394,2026-03-09,77.21,No,
912854,247653,2026-03-09,106.27,No,
912855,239210,2026-03-09,75.93,No,
912856,232752,2026-03-09,104.10,No,
912857,235419,2026-03-09,70.10,No,
912858,218172,2026-03-09,96.41,No,
912859,244831,2026-03-09,76.36,No,
912860,237538,2026-03-09,53.33,No,
912861,218987,2026-03-09,145.98,No,
912862,201626,2026-03-09,122.87,No,
912863,232499,2026-03-09,109.65,Yes,2026-03-11
912864,245665,2026-03-09,98.58,No,
912865,201747,2026-03-09,105.33,No,
912866,232520,2026-03-09,89.37,No,
912867,222347,2026-03-09,121.72,No,
912868,206214,2026-03-09,87.74,No,
912869,218174,2026-03-09,70.83,Yes,2026-03-10
912870,236683,2026-03-09,91.89,No,
912871,217319,2026-03-09,89.94,No,
912872,226602,2026-03-09,93.40,No,
912873,201575,2026-03-09,94.99,Yes,2026-03-12
912874,215321,2026-03-09,68.69,No,
912875,238266,2026-03-09,66.09,No,
912876,218531,2026-03-09,47.29,No,
912877,222138,2026-03-09,140.04,No,
912878,207164,2026-03-09,123.77,Yes,2026-03-10
912879,208961,2026-03-09,43.07,Yes,2026-03-09
912880,208956,2026-03-09,69.97,Yes,2026-03-09
912881,214116,2026-03-09,136.64,No,
912882,232320,2026-03-09,74.65,No,
912883,221395,2026-03-09,104.61,No,
912884,229122,2026-03-09,71.61,No,
912885,228467,2026-03-09,112.69,No,
912886,235675,2026-03-09,76.97,No,
912887,226368,2026-03-09,96.12,No,
912888,202898,2026-03-09,100.60,Yes,2026-03-10
912889,210619,2026-03-09,102.10,No,
912890,233288,2026-03-09,92.45,Yes,2026-03-11
912891,240699,2026-03-09,50.38,No,
912892,224647,2026-03-09,113.64,Yes,2026-03-12
912893,215711,2026-03-09,62.21,No,
912894,200597,2026-03-09,103.75,Yes,2026-03-12
912895,225584,2026-03-09,104.70,No,
912896,215826,2026-03-09,88.25,No,
912897,205949,2026-03-09,72.10,No,
912898,229959,2026-03-09,121.37,No,
912899,235665,2026-03-09,86.90,No,
912900,236303,2026-03-09,93.44,No,
912901,231477,2026-03-09,97.90,No,
912902,204379,2026-03-09,23.49,No,
912903,244319,2026-03-09,84.95,No,
912904,235909,2026-03-09,104.24,No,
912905,241954,2026-03-09,84.11,No,
912906,233412,2026-03-09,68.50,No,
912907,208530,2026-03-09,103.61,No,
912908,240864,2026-03-09,124.28,No,
912909,227264,2026-03-09,92.08,Yes,2026-03-11
912910,235164,2026-03-09,75.12,No,
912911,231840,2026-03-09,81.75,Yes,2026-03-11
912912,211930,2026-03-09,75.93,Yes,2026-03-09
912913,212989,2026-03-09,106.43,No,
912914,234658,2026-03-09,74.47,No,
912915,238674,2026-03-09,83.63,Yes,2026-03-12
912916,216122,2026-03-09,78.65,No,
912917,231907,2026-03-09,80.28,No,
912918,232456,2026-03-09,61.21,No,
912919,211347,2026-03-09,75.78,No,
912920,216076,2026-03-09,69.33,No,
912921,234430,2026-03-09,63.96,No,
912922,200050,2026-03-09,106.26,No,
912923,220388,2026-03-09,75.18,No,
912924,242013,2026-03-09,97.73,Yes,2026-03-12
912925,207765,2026-03-09,103.69,No,
912926,208259,2026-03-09,72.13,No,
912927,232944,2026-03-09,82.32,No,
912928,232124,2026-03-09,78.13,No,
912929,226853,2026-03-09,82.18,No,
912930,217493,2026-03-09,65.03,No,
912931,200222,2026-03-09,65.76,Yes,2026-03-09
912932,207474,2026-03-09,62.89,No,
912933,232122,2026-03-09,123.34,No,
912934,228327,2026-03-09,80.79,No,
912935,203957,2026-03-09,55.94,Yes,2026-03-09
912936,215933,2026-03-09,60.64,No,
912937,211371,2026-03-09,141.48,No,
912938,224887,2026-03-09,39.99,No,
912939,227328,2026-03-09,130.51,No,
912940,223288,2026-03-09,68.23,No,
912941,205735,2026-03-09,37.74,No,
912942,219372,2026-03-09,62.11,Yes,2026-03-11
912943,230568,2026-03-09,71.98,No,
912944,234582,2026-03-09,59.76,No,
912945,237786,2026-03-09,45.11,No,
912946,237489,2026-03-09,107.18,No,
912947,244859,2026-03-09,106.67,No,
912948,235953,2026-03-09,63.36,Yes,2026-03-10
912949,239083,2026-03-09,121.49,Yes,2026-03-09
912950,204862,2026-03-09,112.75,Yes,2026-03-12
912951,248236,2026-03-09,115.94,No,
912952,210382,2026-03-09,87.85,No,
912953,246759,2026-03-09,117.93,No,
912954,227226,2026-03-09,86.20,No,
912955,203446,2026-03-10,72.94,No,
912956,217771,2026-03-10,78.55,No,
912957,203691,2026-03-10,95.41,No,
912958,218345,2026-03-10,68.56,No,
912959,232176,2026-03-10,79.99,No,
912960,234496,2026-03-10,81.80,No,
912961,221440,2026-03-10,73.29,Yes,2026-03-13
912962,242285,2026-03-10,87.63,No,
912963,223097,2026-03-10,86.24,Yes,2026-03-13
912964,228643,2026-03-10,51.65,Yes,2026-03-12
912965,205627,2026-03-10,36.29,No,
912966,205333,2026-03-10,101.77,No,
912967,215835,2026-03-10,100.54,No,
912968,208961,2026-03-10,73.89,No,
912969,225814,2026-03-10,29.43,Yes,2026-03-13
912970,221430,2026-03-10,60.81,No,
912971,218297,2026-03-10,92.33,No,
912972,222446,2026-03-10,63.97,Yes,2026-03-11
912973,222456,2026-03-10,85.10,No,
912974,211018,2026-03-10,60.43,No,
912975,233415,2026-03-10,58.37,Yes,2026-03-13
912976,225222,2026-03-10,60.48,No,
912977,235311,2026-03-10,100.87,Yes,2026-03-10
912978,242795,2026-03-10,104.68,No,
912979,212642,2026-03-10,77.55,No,
912980,202251,2026-03-10,67.54,No,
912981,227354,2026-03-10,80.65,No,
912982,229249,2026-03-10,120.78,No,
912983,246208,2026-03-10,97.73,Yes,2026-03-10
912984,237136,2026-03-10,101.62,No,
912985,235498,2026-03-10,69.45,No,
912986,212652,2026-03-10,112.42,No,
912987,203751,2026-03-10,62.62,Yes,2026-03-12
912988,234320,2026-03-10,116.37,Yes,2026-03-13
912989,202351,2026-03-10,98.58,Yes,2026-03-13
912990,246256,2026-03-10,90.49,No,
912991,224156,2026-03-10,65.18,No,
912992,219544,2026-03-10,93.76,Yes,2026-03-10
912993,244407,2026-03-10,92.03,No,
912994,208507,2026-03-10,110.25,No,
912995,233391,2026-03-10,119.78,No,
912996,230641,2026-03-10,79.72,No,
912997,214600,2026-03-10,57.99,No,
912998,201108,2026-03-10,109.17,No,
912999,247564,2026-03-10,71.51,No,
913000,231782,2026-03-10,31.65,No,
913001,236061,2026-03-10,81.51,Yes,2026-03-11
913002,240521,2026-03-10,43.82,No,
913003,240235,2026-03-10,75.94,No,
913004,215049,2026-03-10,66.28,Yes,2026-03-10
913005,237339,2026-03-10,103.01,No,
913006,218724,2026-03-10,70.94,Yes,2026-03-11
913007,237860,2026-03-10,43.10,No,
913008,209472,2026-03-10,149.19,No,
913009,246598,2026-03-10,82.62,No,
913010,226870,2026-03-10,64.53,Yes,2026-03-11
913011,203447,2026-03-10,81.06,No,
913012,214653,2026-03-10,105.28,No,
913013,218411,2026-03-10,101.30,No,
913014,214024,2026-03-10,107.84,No,
913015,200268,2026-03-10,58.98,No,
913016,245524,2026-03-10,73.39,No,
913017,222127,2026-03-10,126.67,No,
913018,217121,2026-03-10,100.65,No,
913019,206471,2026-03-10,116.48,No,
913020,236410,2026-03-10,43.47,No,
913021,203557,2026-03-10,78.45,No,
913022,212473,2026-03-10,86.07,Yes,2026-03-12
913023,235714,2026-03-10,94.03,Yes,2026-03-11
913024,246642,2026-03-10,46.85,No,
913025,224132,2026-03-10,75.26,No,
913026,206165,2026-03-10,122.78,No,
913027,229069,2026-03-10,52.82,No,
913028,209295,2026-03-10,76.80,Yes,2026-03-11
913029,236147,2026-03-10,27.04,No,
913030,208919,2026-03-10,100.18,No,
913031,225679,2026-03-10,122.60,Yes,2026-03-13
913032,216928,2026-03-10,61.88,No,
913033,235177,2026-03-10,77.72,No,
913034,227037,2026-03-10,83.32,No,
913035,219904,2026-03-10,64.02,Yes,2026-03-10
913036,204211,2026-03-10,41.92,Yes,2026-03-10
913037,230387,2026-03-10,47.04,No,
913038,213830,2026-03-10,70.91,No,
913039,219638,2026-03-10,79.22,Yes,2026-03-13
913040,207192,2026-03-10,86.61,No,
913041,212826,2026-03-10,79.98,No,
913042,241523,2026-03-10,101.83,No,
913043,219664,2026-03-10,74.61,No,
913044,219758,2026-03-10,20.00,No,
913045,226990,2026-03-10,94.40,No,
913046,212978,2026-03-10,89.10,No,
913047,202583,2026-03-10,69.10,Yes,2026-03-10
913048,201991,2026-03-10,72.05,No,
913049,222169,2026-03-10,62.91,No,
913050,232803,2026-03-10,51.14,No,
913051,210127,2026-03-10,92.20,Yes,2026-03-10
913052,207473,2026-03-10,102.17,No,
913053,205935,2026-03-10,104.57,Yes,2026-03-13
913054,228197,2026-03-10,86.82,No,
913055,207328,2026-03-10,87.43,No,
913056,225700,2026-03-10,72.25,No,
913057,235807,2026-03-10,89.12,No,
913058,239397,2026-03-10,78.20,Yes,2026-03-13
913059,246470,2026-03-10,20.94,No,
913060,204829,2026-03-10,76.16,No,
913061,240728,2026-03-10,84.89,Yes,2026-03-11
913062,237673,2026-03-10,104.29,Yes,2026-03-10
913063,241999,2026-03-10,73.37,No,
913064,211406,2026-03-10,86.97,No,
913065,241848,2026-03-10,76.03,Yes,2026-03-10
913066,220971,2026-03-10,103.62,No,
913067,245490,2026-03-10,62.17,No,
913068,208332,2026-03-10,72.13,No,
913069,226276,2026-03-10,59.73,No,
913070,214838,2026-03-10,67.64,No,
913071,217322,2026-03-10,82.74,Yes,2026-03-13
913072,210557,2026-03-10,75.68,No,
913073,237393,2026-03-10,46.73,No,
913074,225439,2026-03-10,67.74,No,
913075,227922,2026-03-10,42.26,Yes,2026-03-13
913076,223366,2026-03-10,63.13,No,
913077,214723,2026-03-10,109.22,No,
913078,241207,2026-03-10,88.63,No,
913079,200139,2026-03-10,60.19,No,
913080,201179,2026-03-10,80.08,No,
913081,205511,2026-03-10,102.52,No,
913082,233616,2026-03-10,69.37,No,
913083,220034,2026-03-10,82.86,No,
913084,205443,2026-03-10,76.35,No,
913085,210164,2026-03-10,89.33,No,
913086,207804,2026-03-10,108.69,No,
913087,215273,2026-03-10,97.62,Yes,2026-03-12
913088,214521,2026-03-11,121.32,No,
913089,231059,2026-03-11,84.03,No,
913090,223401,2026-03-11,67.86,No,
913091,218867,2026-03-11,88.92,No,
913092,232923,2026-03-11,98.43,No,
913093,215074,2026-03-11,79.52,Yes,2026-03-14
913094,214742,2026-03-11,59.72,Yes,2026-03-14
913095,243367,2026-03-11,93.23,No,
913096,200022,2026-03-11,36.38,No,
913097,200992,2026-03-11,52.75,No,
913098,214831,2026-03-11,129.71,No,
913099,242491,2026-03-11,65.64,No,
913100,200279,2026-03-11,94.79,No,
913101,204228,2026-03-11,56.55,No,
913102,230091,2026-03-11,75.78,No,
913103,240288,2026-03-11,53.03,No,
913104,209224,2026-03-11,84.45,No,
913105,225751,2026-03-11,85.19,No,
913106,204060,2026-03-11,167.68,No,
913107,224504,2026-03-11,90.82,No,
913108,221211,2026-03-11,82.26,No,
913109,204540,2026-03-11,74.01,No,
913110,234468,2026-03-11,97.24,No,
913111,241982,2026-03-11,105.92,No,
913112,237469,2026-03-11,43.34,Yes,2026-03-11
913113,212268,2026-03-11,64.23,No,
913114,209726,2026-03-11,128.12,Yes,2026-03-12
913115,235462,2026-03-11,107.65,No,
913116,236670,2026-03-11,112.55,No,
913117,224367,2026-03-11,94.59,No,
913118,200324,2026-03-11,82.94,No,
913119,232669,2026-03-11,92.38,No,
913120,218967,2026-03-11,120.06,No,
913121,201590,2026-03-11,33.25,Yes,2026-03-14
913122,212174,2026-03-11,60.96,No,
913123,219264,2026-03-11,82.33,No,
913124,200284,2026-03-11,84.21,No,
913125,227941,2026-03-11,81.29,Yes,2026-03-13
913126,222989,2026-03-11,123.62,No,
913127,223705,2026-03-11,111.19,No,
913128,215787,2026-03-11,112.17,No,
913129,244735,2026-03-11,88.30,No,
913130,243895,2026-03-11,87.37,No,
913131,224144,2026-03-11,84.82,No,
913132,237482,2026-03-11,68.87,No,
913133,229239,2026-03-11,67.77,No,
913134,246438,2026-03-11,76.39,No,
913135,228777,2026-03-11,98.26,No,
913136,226812,2026-03-11,99.25,No,
913137,246900,2026-03-11,84.97,No,
913138,203767,2026-03-11,27.95,No,
913139,245490,2026-03-11,87.76,No,
913140,228075,2026-03-11,139.50,Yes,2026-03-11
913141,245764,2026-03-11,118.16,Yes,2026-03-11
913142,221006,2026-03-11,65.88,No,
913143,237907,2026-03-11,127.88,No,
913144,219510,2026-03-11,143.39,No,
913145,218314,2026-03-11,97.46,Yes,2026-03-13
913146,227905,2026-03-11,106.95,No,
913147,217101,2026-03-11,91.54,No,
913148,214942,2026-03-11,61.07,Yes,2026-03-12
913149,220660,2026-03-11,50.63,No,
913150,226270,2026-03-11,54.14,No,
913151,241732,2026-03-11,89.96,No,
913152,246996,2026-03-11,54.34,No,
913153,229023,2026-03-11,79.81,No,
913154,209763,2026-03-11,94.14,No,
913155,243310,2026-03-11,140.70,No,
913156,245616,2026-03-11,61.30,No,
913157,209374,2026-03-11,112.72,No,
913158,227893,2026-03-11,89.08,No,
913159,210239,2026-03-11,91.45,No,
913160,224967,2026-03-11,113.79,No,
913161,213912,2026-03-11,99.43,Yes,2026-03-14
913162,239446,2026-03-11,82.86,No,
913163,214492,2026-03-11,55.67,No,
913164,244284,2026-03-11,57.36,No,
913165,204502,2026-03-11,76.16,No,
913166,217148,2026-03-11,115.03,No,
913167,243282,2026-03-11,70.07,No,
913168,237230,2026-03-11,77.44,Yes,2026-03-12
913169,245555,2026-03-11,91.56,Yes,2026-03-14
913170,246456,2026-03-11,89.69,Yes,2026-03-11
913171,206461,2026-03-11,84.32,No,
913172,243091,2026-03-11,65.12,Yes,2026-03-12
913173,215792,2026-03-11,92.40,No,
913174,211446,2026-03-11,105.36,No,
913175,202046,2026-03-11,126.75,No,
913176,239065,2026-03-11,93.48,Yes,2026-03-11
913177,248257,2026-03-11,61.73,No,
913178,219868,2026-03-11,61.40,No,
913179,248315,2026-03-11,119.54,No,
913180,201308,2026-03-11,123.50,No,
913181,246432,2026-03-11,47.29,No,
913182,229815,2026-03-11,87.12,No,
913183,217587,2026-03-11,99.11,Yes,2026-03-13
913184,219254,2026-03-11,70.83,No,
913185,246400,2026-03-11,73.64,No,
913186,202629,2026-03-11,104.68,No,
913187,232077,2026-03-11,93.80,No,
913188,242842,2026-03-11,108.79,Yes,2026-03-12
913189,230430,2026-03-11,76.22,No,
913190,232077,2026-03-11,115.15,No,
913191,227167,2026-03-11,80.75,No,
913192,200912,2026-03-11,54.22,No,
913193,212029,2026-03-11,21.06,No,
913194,213846,2026-03-11,106.81,Yes,2026-03-14
913195,221167,2026-03-11,59.19,No,
913196,225035,2026-03-11,100.99,No,
913197,245818,2026-03-11,96.98,No,
913198,241794,2026-03-11,78.62,No,
913199,218849,2026-03-11,124.88,Yes,2026-03-11
913200,236223,2026-03-11,64.95,Yes,2026-03-13
913201,216939,2026-03-11,64.78,No,
913202,221492,2026-03-11,84.94,No,
913203,234604,2026-03-11,20.00,No,
913204,217968,2026-03-11,106.43,Yes,2026-03-12
913205,217972,2026-03-11,129.34,No,
913206,247134,2026-03-11,88.08,No,
913207,206566,2026-03-11,109.84,No,
913208,247753,2026-03-11,20.00,No,
913209,241031,2026-03-11,70.80,Yes,2026-03-11
913210,215078,2026-03-11,67.60,No,
913211,243732,2026-03-11,91.43,No,
913212,231664,2026-03-11,129.08,Yes,2026-03-13
913213,202427,2026-03-12,116.54,No,
913214,212595,2026-03-12,89.07,No,
913215,230898,2026-03-12,98.56,No,
913216,231658,2026-03-12,86.04,No,
913217,236347,2026-03-12,97.03,No,
913218,226994,2026-03-12,28.88,No,
913219,208462,2026-03-12,89.97,No,
913220,228041,2026-03-12,67.86,No,
913221,211563,2026-03-12,90.47,No,
913222,243765,2026-03-12,117.06,No,
913223,235581,2026-03-12,65.35,No,
913224,200784,2026-03-12,112.62,Yes,2026-03-12
913225,246748,2026-03-12,63.63,No,
913226,232709,2026-03-12,46.99,No,
913227,221068,2026-03-12,86.28,No,
913228,244313,2026-03-12,106.55,No,
913229,211413,2026-03-12,110.92,No,
913230,246947,2026-03-12,88.95,No,
913231,232104,2026-03-12,103.27,No,
913232,209313,2026-03-12,48.45,No,
913233,205385,2026-03-12,88.49,Yes,2026-03-14
913234,202258,2026-03-12,98.66,Yes,2026-03-14
913235,215750,2026-03-12,89.99,Yes,2026-03-12
913236,247887,2026-03-12,55.69,Yes,2026-03-14
913237,204804,2026-03-12,96.67,Yes,2026-03-14
913238,236569,2026-03-12,98.24,No,
913239,205987,2026-03-12,34.16,No,
913240,215861,2026-03-12,100.68,No,
913241,210887,2026-03-12,81.47,No,
913242,246006,2026-03-12,82.84,No,
913243,203289,2026-03-12,79.46,Yes,2026-03-15
913244,203963,2026-03-12,108.65,No,
913245,229933,2026-03-12,69.60,No,
913246,215556,2026-03-12,73.89,No,
913247,229234,2026-03-12,70.97,No,
913248,225598,2026-03-12,87.22,No,
913249,240488,2026-03-12,93.34,No,
913250,206402,2026-03-12,80.70,No,
913251,213783,2026-03-12,111.29,No,
913252,202139,2026-03-12,64.85,No,
913253,247341,2026-03-12,79.28,Yes,2026-03-15
913254,241963,2026-03-12,52.58,Yes,2026-03-14
913255,243591,2026-03-12,49.54,No,
913256,244667,2026-03-12,73.89,No,
913257,227170,2026-03-12,103.80,No,
913258,210370,2026-03-12,91.76,No,
913259,215786,2026-03-12,100.64,Yes,2026-03-14
913260,212866,2026-03-12,22.89,No,
913261,201258,2026-03-12,72.08,No,
913262,240840,2026-03-12,83.92,Yes,2026-03-13
913263,212630,2026-03-12,66.86,Yes,2026-03-12
913264,218792,2026-03-12,53.16,No,
913265,212984,2026-03-12,84.98,No,
913266,215616,2026-03-12,82.12,No,
913267,202891,2026-03-12,77.32,No,
913268,248197,2026-03-12,101.10,No,
913269,223165,2026-03-12,96.51,No,
913270,235305,2026-03-12,75.19,Yes,2026-03-12
913271,228595,2026-03-12,93.73,No,
913272,233139,2026-03-12,79.26,No,
913273,205029,2026-03-12,52.76,No,
913274,233988,2026-03-12,42.87,No,
913275,231721,2026-03-12,90.11,No,
913276,242739,2026-03-12,94.97,Yes,2026-03-15
913277,200734,2026-03-12,47.09,No,
913278,246997,2026-03-12,57.12,No,
913279,233415,2026-03-12,92.85,No,
913280,225446,2026-03-12,106.78,No,
913281,233929,2026-03-12,67.94,No,
913282,218153,2026-03-12,63.88,No,
913283,234876,2026-03-12,48.62,No,
913284,214602,2026-03-12,88.60,Yes,2026-03-13
913285,208689,2026-03-12,76.49,No,
913286,236402,2026-03-12,143.15,No,
913287,212063,2026-03-12,101.83,No,
913288,224407,2026-03-12,100.76,No,
913289,233284,2026-03-12,129.30,No,
913290,243699,2026-03-12,111.24,No,
913291,244320,2026-03-12,53.05,Yes,2026-03-13
913292,216351,2026-03-12,114.08,No,
913293,218856,2026-03-12,49.09,No,
913294,224832,2026-03-12,49.33,No,
913295,235237,2026-03-12,80.11,No,
913296,235911,2026-03-12,102.19,No,
913297,208010,2026-03-12,112.43,No,
913298,214265,2026-03-12,120.91,No,
913299,246560,2026-03-12,40.85,No,
913300,237140,2026-03-12,47.79,Yes,2026-03-15
913301,228415,2026-03-12,114.25,No,
913302,201933,2026-03-12,26.71,No,
913303,244614,2026-03-12,95.41,No,
913304,242720,2026-03-12,51.30,No,
913305,200927,2026-03-12,95.09,No,
913306,229001,2026-03-12,77.86,No,
913307,201885,2026-03-12,119.21,No,
913308,219187,2026-03-12,20.00,No,
913309,235399,2026-03-12,84.95,No,
913310,201623,2026-03-12,81.23,No,
913311,215945,2026-03-12,121.69,Yes,2026-03-15
913312,229477,2026-03-12,98.24,No,
913313,224097,2026-03-12,39.01,No,
913314,233725,2026-03-12,89.38,No,
913315,226864,2026-03-12,63.09,No,
913316,245323,2026-03-12,90.30,No,
913317,202644,2026-03-12,66.99,No,
913318,247321,2026-03-12,73.44,Yes,2026-03-15
913319,239803,2026-03-12,30.05,No,
913320,236173,2026-03-12,131.57,No,
913321,204649,2026-03-12,113.21,No,
913322,243959,2026-03-12,115.76,No,
913323,245270,2026-03-12,41.83,No,
913324,239362,2026-03-12,104.09,No,
913325,241779,2026-03-12,81.86,No,
913326,206782,2026-03-12,99.85,No,
913327,201181,2026-03-12,75.53,No,
913328,234068,2026-03-12,110.23,No,
913329,233568,2026-03-12,69.00,No,
913330,217958,2026-03-12,145.66,Yes,2026-03-15
913331,213864,2026-03-12,94.73,No,
913332,237925,2026-03-12,77.46,No,
913333,234935,2026-03-12,123.49,No,
913334,234084,2026-03-12,99.31,Yes,2026-03-14
913335,213679,2026-03-12,86.21,No,
913336,234248,2026-03-12,94.91,No,
913337,247350,2026-03-12,82.02,No,
913338,223274,2026-03-12,82.67,Yes,2026-03-12
913339,202800,2026-03-12,60.46,No,
913340,204557,2026-03-12,82.34,Yes,2026-03-15
913341,240314,2026-03-12,57.24,No,
913342,220631,2026-03-12,91.30,No,
913343,200737,2026-03-12,58.80,No,
913344,222586,2026-03-12,137.57,No,
913345,202703,2026-03-12,77.15,No,
913346,240709,2026-03-12,47.44,No,
913347,230246,2026-03-12,98.36,No,
913348,213240,2026-03-12,94.32,No,
913349,248489,2026-03-12,32.73,Yes,2026-03-14
913350,227580,2026-03-12,102.50,No,
913351,228289,2026-03-12,86.95,Yes,2026-03-13
913352,210092,2026-03-12,62.05,No,
913353,201817,2026-03-12,93.00,No,
913354,230851,2026-03-13,111.96,No,
913355,219624,2026-03-13,88.95,No,
913356,235197,2026-03-13,101.44,Yes,2026-03-14
913357,244168,2026-03-13,135.75,No,
913358,226822,2026-03-13,37.92,Yes,2026-03-13
913359,225583,2026-03-13,48.36,No,
913360,226011,2026-03-13,87.06,No,
913361,241923,2026-03-13,59.34,No,
913362,248249,2026-03-13,77.25,No,
913363,220698,2026-03-13,80.25,No,
913364,214321,2026-03-13,60.61,Yes,2026-03-15
913365,235137,2026-03-13,106.28,No,
913366,242631,2026-03-13,86.82,No,
913367,230358,2026-03-13,72.08,No,
913368,229002,2026-03-13,106.95,No,
913369,248367,2026-03-13,45.13,No,
913370,210273,2026-03-13,68.38,No,
913371,208108,2026-03-13,98.05,No,
913372,234632,2026-03-13,127.60,Yes,2026-03-14
913373,216298,2026-03-13,118.03,No,
913374,243997,2026-03-13,34.25,No,
913375,224313,2026-03-13,75.89,No,
913376,207258,2026-03-13,97.89,No,
913377,205830,2026-03-13,121.17,No,
913378,209130,2026-03-13,41.58,No,
913379,237100,2026-03-13,59.69,No,
913380,222625,2026-03-13,84.81,Yes,2026-03-13
913381,212707,2026-03-13,98.83,No,
913382,214096,2026-03-13,84.39,No,
913383,203839,2026-03-13,47.50,No,
913384,232837,2026-03-13,56.90,No,
913385,207146,2026-03-13,76.87,No,
913386,244436,2026-03-13,89.79,No,
913387,218824,2026-03-13,92.27,No,
913388,228085,2026-03-13,121.43,No,
913389,234464,2026-03-13,63.58,No,
913390,219604,2026-03-13,47.42,No,
913391,222218,2026-03-13,110.33,No,
913392,215280,2026-03-13,76.73,Yes,2026-03-15
913393,232065,2026-03-13,111.47,Yes,2026-03-16
913394,231961,2026-03-13,109.93,No,
913395,220103,2026-03-13,57.63,No,
913396,229594,2026-03-13,41.85,Yes,2026-03-14
913397,244057,2026-03-13,87.52,No,
913398,200683,2026-03-13,35.26,No,
913399,211233,2026-03-13,69.45,No,
913400,215649,2026-03-13,58.76,No,
913401,223780,2026-03-13,84.48,No,
913402,203928,2026-03-13,85.42,No,
913403,239915,2026-03-13,67.01,No,
913404,230594,2026-03-13,67.59,No,
913405,204054,2026-03-13,70.36,No,
913406,246288,2026-03-13,78.03,No,
913407,223462,2026-03-13,42.84,No,
913408,202092,2026-03-13,116.94,No,
913409,245253,2026-03-13,134.57,No,
913410,234064,2026-03-13,67.47,No,
913411,244036,2026-03-13,49.18,No,
913412,204215,2026-03-13,49.23,No,
913413,238053,2026-03-13,72.36,No,
913414,241160,2026-03-13,77.21,No,
913415,243161,2026-03-13,62.94,No,
913416,223434,2026-03-13,65.08,Yes,2026-03-13
913417,211681,2026-03-13,54.88,No,
913418,217242,2026-03-13,97.14,No,
913419,217904,2026-03-13,97.06,No,
913420,231142,2026-03-13,78.28,No,
913421,225130,2026-03-13,73.09,No,
913422,243828,2026-03-13,71.14,Yes,2026-03-13
913423,206750,2026-03-13,64.26,No,
913424,203166,2026-03-13,114.41,No,
913425,228058,2026-03-13,84.74,No,
913426,201572,2026-03-13,75.66,No,
913427,205469,2026-03-13,116.20,Yes,2026-03-13
913428,240200,2026-03-13,45.12,No,
913429,226470,2026-03-13,96.15,No,
913430,218827,2026-03-13,107.35,No,
913431,242789,2026-03-13,63.06,No,
913432,201912,2026-03-13,74.00,No,
913433,222712,2026-03-13,97.79,No,
913434,222331,2026-03-13,66.69,No,
913435,222463,2026-03-13,35.04,Yes,2026-03-13
913436,221414,2026-03-13,61.45,No,
913437,219764,2026-03-13,163.92,No,
913438,236472,2026-03-13,40.77,No,
913439,228633,2026-03-13,115.05,No,
913440,248236,2026-03-13,78.60,No,
913441,203712,2026-03-13,90.42,No,
913442,215186,2026-03-13,81.26,No,
913443,220996,2026-03-13,62.99,Yes,2026-03-15
913444,211036,2026-03-13,104.80,No,
913445,219218,2026-03-13,90.50,No,
913446,244176,2026-03-13,72.66,No,
913447,200910,2026-03-13,112.85,No,
913448,230248,2026-03-13,50.45,Yes,2026-03-15
913449,232321,2026-03-13,101.43,No,
913450,204213,2026-03-13,103.57,No,
913451,216440,2026-03-13,100.03,No,
913452,244305,2026-03-13,80.86,No,
913453,211264,2026-03-13,108.22,No,
913454,220702,2026-03-13,78.54,No,
913455,221062,2026-03-13,67.28,No,
913456,214992,2026-03-13,103.27,No,
913457,239899,2026-03-13,64.09,No,
913458,200464,2026-03-13,97.96,No,
913459,229546,2026-03-13,102.89,No,
913460,232665,2026-03-13,90.61,No,
913461,226237,2026-03-13,61.54,No,
913462,242540,2026-03-13,91.50,No,
913463,224949,2026-03-13,81.58,No,
913464,207264,2026-03-13,71.12,No,
913465,241536,2026-03-13,48.15,No,
913466,240420,2026-03-13,59.20,Yes,2026-03-13
913467,202797,2026-03-13,99.90,No,
913468,218325,2026-03-13,101.87,Yes,2026-03-14
913469,220438,2026-03-13,87.03,No,
913470,201830,2026-03-13,115.82,No,
913471,231140,2026-03-13,106.84,No,
913472,242745,2026-03-13,60.45,No,
913473,219008,2026-03-13,61.25,No,
913474,212861,2026-03-13,73.66,No,
913475,222468,2026-03-13,89.10,No,
913476,200260,2026-03-13,70.08,Yes,2026-03-16
913477,237651,2026-03-13,107.24,No,
913478,243963,2026-03-13,84.34,Yes,2026-03-14
913479,237988,2026-03-13,77.91,No,
913480,228139,2026-03-13,71.32,Yes,2026-03-15
913481,228681,2026-03-13,134.90,No,
913482,217337,2026-03-13,110.42,Yes,2026-03-13
913483,234060,2026-03-13,75.04,No,
913484,219269,2026-03-13,86.08,No,
913485,219514,2026-03-13,66.71,No,
913486,216864,2026-03-13,74.62,No,
913487,229992,2026-03-13,86.72,No,
913488,219065,2026-03-13,61.93,Yes,2026-03-16
913489,201020,2026-03-13,56.96,No,
913490,222904,2026-03-13,96.85,No,
913491,225257,2026-03-13,93.37,No,
913492,210729,2026-03-13,129.51,No,
913493,204598,2026-03-13,75.97,Yes,2026-03-13
913494,245280,2026-03-13,85.50,Yes,2026-03-15
913495,224575,2026-03-13,64.52,No,
913496,216442,2026-03-13,87.71,No,
913497,247333,2026-03-13,101.17,No,
913498,207456,2026-03-13,46.23,No,
913499,246437,2026-03-13,20.00,No,
913500,223530,2026-03-13,95.25,No,
913501,234205,2026-03-13,107.96,No,
913502,236407,2026-03-13,105.99,No,
913503,221780,2026-03-13,101.19,No,
913504,209656,2026-03-13,46.33,No,
913505,214231,2026-03-13,112.83,No,
913506,223287,2026-03-13,81.59,No,
913507,244437,2026-03-13,95.21,No,
913508,248468,2026-03-14,101.02,No,
913509,207872,2026-03-14,44.70,No,
913510,242925,2026-03-14,87.99,Yes,2026-03-17
913511,234627,2026-03-14,91.70,No,
913512,246440,2026-03-14,71.81,No,
913513,203579,2026-03-14,61.26,No,
913514,242805,2026-03-14,70.35,No,
913515,211878,2026-03-14,101.73,No,
913516,247888,2026-03-14,85.04,No,
913517,231342,2026-03-14,50.35,Yes,2026-03-15
913518,210305,2026-03-14,94.11,No,
913519,223358,2026-03-14,97.82,No,
913520,218482,2026-03-14,102.66,No,
913521,247647,2026-03-14,56.82,Yes,2026-03-14
913522,240663,2026-03-14,93.34,No,
913523,211071,2026-03-14,103.06,No,
913524,208528,2026-03-14,78.10,Yes,2026-03-16
913525,204017,2026-03-14,64.05,No,
913526,202305,2026-03-14,69.45,No,
913527,245214,2026-03-14,24.12,Yes,2026-03-15
913528,205829,2026-03-14,70.80,No,
913529,209086,2026-03-14,67.84,Yes,2026-03-16
913530,233476,2026-03-14,100.46,No,
913531,208602,2026-03-14,86.33,Yes,2026-03-16
913532,221804,2026-03-14,108.16,No,
913533,230437,2026-03-14,74.23,No,
913534,237602,2026-03-14,62.72,No,
913535,200375,2026-03-14,64.86,Yes,2026-03-16
913536,217200,2026-03-14,87.41,No,
913537,208220,2026-03-14,96.15,Yes,2026-03-17
913538,201439,2026-03-14,69.35,Yes,2026-03-15
913539,235240,2026-03-14,83.29,No,
913540,218136,2026-03-14,108.64,Yes,2026-03-15
913541,207221,2026-03-14,92.95,No,
913542,226818,2026-03-14,51.86,No,
913543,211682,2026-03-14,110.90,No,
913544,214317,2026-03-14,118.16,Yes,2026-03-14
913545,200315,2026-03-14,101.39,No,
913546,240039,2026-03-14,88.63,No,
913547,206657,2026-03-14,41.10,Yes,2026-03-14
913548,238442,2026-03-14,58.66,No,
913549,207470,2026-03-14,130.91,No,
913550,203707,2026-03-14,72.52,No,
913551,234837,2026-03-14,92.57,No,
913552,248316,2026-03-14,98.57,No,
913553,243657,2026-03-14,49.94,No,
913554,221237,2026-03-14,70.43,No,
913555,241408,2026-03-14,98.27,Yes,2026-03-15
913556,223137,2026-03-14,57.55,Yes,2026-03-15
913557,238858,2026-03-14,70.51,No,
913558,246629,2026-03-14,84.60,No,
913559,207892,2026-03-14,97.26,Yes,2026-03-15
913560,213636,2026-03-14,78.50,No,
913561,219152,2026-03-14,56.47,No,
913562,230203,2026-03-14,87.54,Yes,2026-03-16
913563,205542,2026-03-14,51.56,Yes,2026-03-16
913564,219832,2026-03-14,118.69,No,
913565,247474,2026-03-14,88.21,No,
913566,218768,2026-03-14,76.72,No,
913567,236006,2026-03-14,57.51,Yes,2026-03-15
913568,233176,2026-03-14,60.22,Yes,2026-03-17
913569,215899,2026-03-14,51.77,No,
913570,216547,2026-03-14,84.44,No,
913571,235288,2026-03-14,57.30,No,
913572,200592,2026-03-14,73.78,Yes,2026-03-15
913573,244406,2026-03-14,65.84,Yes,2026-03-17
913574,240742,2026-03-14,85.19,No,
913575,221531,2026-03-14,57.02,No,
913576,248466,2026-03-14,55.69,Yes,2026-03-15
913577,219541,2026-03-14,78.52,No,
913578,244992,2026-03-14,64.38,No,
913579,203043,2026-03-14,48.21,Yes,2026-03-15
913580,230186,2026-03-14,74.16,No,
913581,242401,2026-03-14,111.10,No,
913582,244575,2026-03-14,84.51,No,
913583,208501,2026-03-14,37.76,No,
913584,218018,2026-03-14,96.30,No,
913585,222921,2026-03-14,95.83,No,
913586,230767,2026-03-14,93.19,No,
913587,209158,2026-03-14,54.21,Yes,2026-03-17
913588,234548,2026-03-14,142.18,Yes,2026-03-17
913589,231193,2026-03-14,93.08,No,
913590,211928,2026-03-14,99.09,No,
913591,228806,2026-03-14,76.61,No,
913592,213531,2026-03-14,91.29,Yes,2026-03-17
913593,216687,2026-03-14,108.98,No,
913594,202477,2026-03-14,96.42,Yes,2026-03-15
913595,235035,2026-03-14,114.71,No,
913596,224579,2026-03-14,20.00,No,
913597,217613,2026-03-14,104.84,Yes,2026-03-15
913598,246872,2026-03-14,71.41,No,
913599,210791,2026-03-14,60.49,No,
913600,244468,2026-03-14,86.24,No,
913601,243117,2026-03-14,29.96,Yes,2026-03-14
913602,219043,2026-03-14,108.60,No,
913603,204284,2026-03-14,87.35,No,
913604,225628,2026-03-14,72.92,No,
913605,222008,2026-03-14,66.13,No,
913606,209530,2026-03-14,56.87,Yes,2026-03-14
913607,227354,2026-03-14,61.13,Yes,2026-03-16
913608,229149,2026-03-14,47.89,No,
913609,216701,2026-03-14,77.18,No,
913610,226800,2026-03-14,90.64,No,
913611,216210,2026-03-14,62.10,No,
913612,245579,2026-03-14,59.86,Yes,2026-03-16
913613,219286,2026-03-14,101.47,No,
913614,230363,2026-03-14,92.31,Yes,2026-03-14
913615,227887,2026-03-14,98.97,No,
913616,208229,2026-03-14,82.88,No,
913617,231341,2026-03-14,128.82,No,
913618,235600,2026-03-14,79.65,Yes,2026-03-15
913619,214479,2026-03-14,126.81,Yes,2026-03-16
913620,242944,2026-03-14,78.90,No,
913621,206307,2026-03-14,69.06,No,
913622,219427,2026-03-14,74.51,No,
913623,207821,2026-03-14,20.00,No,
913624,234708,2026-03-14,98.80,No,
913625,211593,2026-03-14,112.02,No,
913626,216383,2026-03-14,73.99,Yes,2026-03-17
913627,203622,2026-03-14,78.57,No,
913628,242306,2026-03-14,66.91,No,
913629,209265,2026-03-14,42.08,No,
913630,200200,2026-03-14,105.35,No,
913631,200250,2026-03-14,80.80,No,
913632,240071,2026-03-14,76.40,No,
913633,227061,2026-03-14,112.43,No,
913634,204257,2026-03-14,83.77,No,
913635,220268,2026-03-14,69.01,No,
913636,224782,2026-03-14,88.85,No,
913637,213026,2026-03-14,134.04,No,
913638,245852,2026-03-14,113.51,No,
913639,230071,2026-03-14,89.79,No,
913640,215762,2026-03-14,99.22,No,
913641,242072,2026-03-14,101.70,Yes,2026-03-16
913642,208439,2026-03-14,87.72,No,
913643,216381,2026-03-14,75.40,No,
913644,227726,2026-03-14,109.44,Yes,2026-03-14
913645,205612,2026-03-14,60.33,No,
913646,206492,2026-03-14,41.66,No,
913647,242781,2026-03-14,78.12,No,
913648,236182,2026-03-14,110.53,No,
913649,211534,2026-03-15,87.62,No,
913650,207174,2026-03-15,88.47,No,
913651,201994,2026-03-15,57.26,No,
913652,242911,2026-03-15,90.85,Yes,2026-03-17
913653,210869,2026-03-15,65.66,Yes,2026-03-15
913654,214415,2026-03-15,96.21,No,
913655,234932,2026-03-15,134.83,No,
913656,227464,2026-03-15,80.23,No,
913657,231399,2026-03-15,100.60,Yes,2026-03-15
913658,225507,2026-03-15,93.11,No,
913659,217848,2026-03-15,99.59,Yes,2026-03-15
913660,241290,2026-03-15,82.76,Yes,2026-03-16
913661,243996,2026-03-15,45.75,No,
913662,205278,2026-03-15,76.49,No,
913663,243343,2026-03-15,61.30,No,
913664,244471,2026-03-15,59.82,No,
913665,244068,2026-03-15,101.63,No,
913666,224970,2026-03-15,56.49,No,
913667,224144,2026-03-15,123.40,No,
913668,212239,2026-03-15,83.10,No,
913669,246496,2026-03-15,121.98,No,
913670,207322,2026-03-15,69.06,No,
913671,205608,2026-03-15,40.63,No,
913672,216429,2026-03-15,74.95,No,
913673,224821,2026-03-15,98.52,Yes,2026-03-16
913674,217452,2026-03-15,69.85,No,
913675,204927,2026-03-15,77.80,No,
913676,230650,2026-03-15,83.51,No,
913677,216823,2026-03-15,68.99,No,
913678,201044,2026-03-15,57.76,Yes,2026-03-15
913679,207568,2026-03-15,61.26,No,
913680,215241,2026-03-15,64.89,No,
913681,216986,2026-03-15,33.67,No,
913682,201405,2026-03-15,69.87,Yes,2026-03-18
913683,247316,2026-03-15,80.90,No,
913684,221184,2026-03-15,72.97,No,
913685,215302,2026-03-15,105.21,No,
913686,202881,2026-03-15,63.97,No,
913687,201641,2026-03-15,57.10,No,
913688,218420,2026-03-15,65.93,No,
913689,236097,2026-03-15,80.40,No,
913690,205002,2026-03-15,91.65,Yes,2026-03-15
913691,237525,2026-03-15,110.35,Yes,2026-03-15
913692,212284,2026-03-15,99.00,No,
913693,234330,2026-03-15,89.29,No,
913694,231395,2026-03-15,87.28,No,
913695,219387,2026-03-15,101.92,Yes,2026-03-16
913696,200735,2026-03-15,77.18,No,
913697,214032,2026-03-15,83.94,No,
913698,217387,2026-03-15,52.30,No,
913699,203433,2026-03-15,45.97,No,
913700,232847,2026-03-15,77.89,Yes,2026-03-15
913701,242978,2026-03-15,104.29,No,
913702,236406,2026-03-15,112.68,No,
913703,244963,2026-03-15,121.05,No,
913704,221167,2026-03-15,77.22,No,
913705,223743,2026-03-15,55.49,Yes,2026-03-15
913706,247169,2026-03-15,86.91,No,
913707,220629,2026-03-15,82.67,Yes,2026-03-15
913708,219661,2026-03-15,65.77,Yes,2026-03-15
913709,245384,2026-03-15,48.02,No,
913710,239752,2026-03-15,97.55,Yes,2026-03-16
913711,236079,2026-03-15,53.20,Yes,2026-03-15
913712,218280,2026-03-15,36.43,Yes,2026-03-17
913713,227402,2026-03-15,37.88,No,
913714,239263,2026-03-15,107.92,No,
913715,217021,2026-03-15,76.39,No,
913716,208398,2026-03-15,108.93,No,
913717,235005,2026-03-15,125.35,No,
913718,229507,2026-03-15,99.10,No,
913719,201949,2026-03-15,51.38,No,
913720,216990,2026-03-15,53.13,No,
913721,237024,2026-03-15,63.84,Yes,2026-03-16
913722,239873,2026-03-15,20.54,No,
913723,202701,2026-03-15,81.08,Yes,2026-03-16
913724,201977,2026-03-15,66.07,No,
913725,215401,2026-03-15,100.51,No,
913726,219641,2026-03-15,53.24,No,
913727,233509,2026-03-15,79.90,No,
913728,225518,2026-03-15,69.85,No,
913729,202978,2026-03-15,73.96,Yes,2026-03-18
913730,204796,2026-03-15,36.77,No,
913731,201764,2026-03-15,72.28,Yes,2026-03-18
913732,202760,2026-03-15,51.74,No,
913733,219445,2026-03-15,65.31,No,
913734,228785,2026-03-15,93.33,No,
913735,234925,2026-03-15,47.52,Yes,2026-03-17
913736,210109,2026-03-15,103.20,No,
913737,245476,2026-03-15,69.44,No,
913738,240221,2026-03-15,87.99,No,
913739,217821,2026-03-15,65.19,No,
913740,227378,2026-03-15,70.31,No,
913741,200238,2026-03-15,91.69,No,
913742,241578,2026-03-15,88.18,No,
913743,203619,2026-03-15,60.81,No,
913744,205571,2026-03-15,104.07,Yes,2026-03-15
913745,227233,2026-03-15,87.16,Yes,2026-03-17
913746,227951,2026-03-15,103.11,No,
913747,212058,2026-03-15,72.33,No,
913748,222721,2026-03-15,101.28,No,
913749,243639,2026-03-15,65.02,No,
913750,223079,2026-03-15,110.87,No,
913751,234648,2026-03-15,76.08,No,
913752,239188,2026-03-15,105.34,Yes,2026-03-16
913753,205759,2026-03-15,91.89,No,
913754,211548,2026-03-15,78.52,No,
913755,200495,2026-03-15,67.32,Yes,2026-03-15
913756,200801,2026-03-15,71.37,No,
913757,207745,2026-03-15,70.11,No,
913758,204964,2026-03-15,75.68,No,
913759,214652,2026-03-15,97.96,No,
913760,238236,2026-03-15,92.05,Yes,2026-03-16
913761,204019,2026-03-15,66.09,No,
913762,202133,2026-03-15,40.05,Yes,2026-03-15
913763,246102,2026-03-15,109.07,No,
913764,213697,2026-03-15,123.65,No,
913765,206964,2026-03-15,70.16,No,
913766,248098,2026-03-15,103.39,No,
913767,230013,2026-03-15,81.65,No,
913768,231744,2026-03-15,107.01,No,
913769,231653,2026-03-15,93.90,No,
913770,234589,2026-03-15,70.34,No,
913771,206607,2026-03-15,41.06,Yes,2026-03-15
913772,227383,2026-03-15,110.32,No,
913773,248113,2026-03-15,97.61,No,
913774,225567,2026-03-15,97.38,No,
913775,210224,2026-03-15,86.65,No,
913776,232488,2026-03-15,113.80,No,
913777,245214,2026-03-15,83.15,Yes,2026-03-17
913778,232159,2026-03-15,77.15,No,
913779,233451,2026-03-15,75.75,No,
913780,209403,2026-03-15,78.79,No,
913781,238756,2026-03-15,100.45,No,
913782,219659,2026-03-15,103.07,No,
913783,206452,2026-03-15,112.32,No,
913784,235759,2026-03-15,77.81,No,
913785,229270,2026-03-15,61.93,No,
913786,227748,2026-03-15,88.28,No,
913787,205517,2026-03-15,48.01,No,
913788,221653,2026-03-15,71.92,No,
913789,208255,2026-03-15,111.10,No,
913790,222562,2026-03-15,97.10,No,
913791,239572,2026-03-15,97.65,No,
913792,241282,2026-03-16,78.69,No,
913793,216207,2026-03-16,75.63,No,
913794,210482,2026-03-16,76.49,No,
913795,234037,2026-03-16,44.45,No,
913796,219792,2026-03-16,40.75,No,
913797,235982,2026-03-16,101.39,Yes,2026-03-18
913798,202809,2026-03-16,96.50,No,
913799,235020,2026-03-16,74.61,No,
913800,212686,2026-03-16,53.14,No,
913801,241665,2026-03-16,66.90,No,
913802,205034,2026-03-16,81.73,No,
913803,235238,2026-03-16,77.08,No,
913804,211479,2026-03-16,98.42,Yes,2026-03-17
913805,240267,2026-03-16,106.34,No,
913806,223612,2026-03-16,51.49,No,
913807,224144,2026-03-16,85.38,Yes,2026-03-16
913808,229225,2026-03-16,121.84,No,
913809,223199,2026-03-16,109.24,No,
913810,235229,2026-03-16,28.06,Yes,2026-03-18
913811,211657,2026-03-16,64.65,No,
913812,219352,2026-03-16,103.60,No,
913813,236949,2026-03-16,101.10,Yes,2026-03-19
913814,207032,2026-03-16,126.78,No,
913815,231598,2026-03-16,105.28,Yes,2026-03-16
913816,216951,2026-03-16,102.45,No,
913817,242146,2026-03-16,116.00,Yes,2026-03-17
913818,208216,2026-03-16,57.46,Yes,2026-03-19
913819,216734,2026-03-16,86.12,No,
913820,241630,2026-03-16,120.44,No,
913821,219474,2026-03-16,86.04,No,
913822,217404,2026-03-16,81.84,Yes,2026-03-16
913823,206320,2026-03-16,107.31,Yes,2026-03-19
913824,228767,2026-03-16,97.55,Yes,2026-03-16
913825,219909,2026-03-16,118.96,No,
913826,205229,2026-03-16,105.13,Yes,2026-03-19
913827,230037,2026-03-16,74.57,No,
913828,247791,2026-03-16,65.96,No,
913829,232648,2026-03-16,39.43,Yes,2026-03-17
913830,238266,2026-03-16,40.68,No,
913831,216858,2026-03-16,39.81,No,
913832,247851,2026-03-16,94.95,No,
913833,215786,2026-03-16,63.63,Yes,2026-03-19
913834,247202,2026-03-16,89.72,Yes,2026-03-17
913835,243655,2026-03-16,60.28,No,
913836,202767,2026-03-16,101.76,No,
913837,214028,2026-03-16,91.51,No,
913838,231543,2026-03-16,88.97,Yes,2026-03-19
913839,245911,2026-03-16,74.28,Yes,2026-03-17
913840,207530,2026-03-16,78.34,No,
913841,223409,2026-03-16,77.15,No,
913842,233526,2026-03-16,129.95,No,
913843,204509,2026-03-16,100.95,No,
913844,211351,2026-03-16,77.75,Yes,2026-03-17
913845,240953,2026-03-16,96.47,Yes,2026-03-19
913846,229079,2026-03-16,39.71,No,
913847,201789,2026-03-16,109.46,No,
913848,225255,2026-03-16,77.14,No,
913849,232845,2026-03-16,111.06,No,
913850,238278,2026-03-16,60.07,No,
913851,204449,2026-03-16,73.24,Yes,2026-03-17
913852,220387,2026-03-16,124.06,No,
913853,211577,2026-03-16,73.58,Yes,2026-03-17
913854,225560,2026-03-16,61.77,No,
913855,212564,2026-03-16,76.14,No,
913856,205083,2026-03-16,59.74,No,
913857,237509,2026-03-16,74.96,No,
913858,225205,2026-03-16,82.45,No,
913859,201710,2026-03-16,62.17,Yes,2026-03-17
913860,224353,2026-03-16,122.66,No,
913861,245399,2026-03-16,82.58,No,
913862,211557,2026-03-16,104.04,No,
913863,209809,2026-03-16,119.09,No,
913864,223124,2026-03-16,89.46,Yes,2026-03-18
913865,222822,2026-03-16,107.02,No,
913866,246497,2026-03-16,65.53,No,
913867,240691,2026-03-16,87.69,No,
913868,215208,2026-03-16,60.23,No,
913869,234185,2026-03-16,89.05,No,
913870,211950,2026-03-16,97.95,No,
913871,240249,2026-03-16,98.72,No,
913872,210148,2026-03-16,88.12,No,
913873,220379,2026-03-16,61.73,No,
913874,227329,2026-03-16,90.52,No,
913875,218735,2026-03-16,64.41,No,
913876,230796,2026-03-16,85.47,No,
913877,223446,2026-03-16,93.11,No,
913878,210463,2026-03-16,78.59,No,
913879,229715,2026-03-16,80.22,No,
913880,215046,2026-03-16,108.41,No,
913881,229599,2026-03-16,97.89,Yes,2026-03-16
913882,220683,2026-03-16,84.09,Yes,2026-03-18
913883,222156,2026-03-16,85.10,No,
913884,200239,2026-03-16,104.04,No,
913885,214158,2026-03-16,66.41,No,
913886,200773,2026-03-16,92.35,No,
913887,220381,2026-03-16,71.61,No,
913888,215369,2026-03-16,75.14,No,
913889,202972,2026-03-16,89.87,No,
913890,219133,2026-03-16,84.86,Yes,2026-03-18
913891,234638,2026-03-16,103.71,Yes,2026-03-18
913892,202097,2026-03-16,58.92,Yes,2026-03-16
913893,206169,2026-03-16,62.12,No,
913894,221688,2026-03-16,86.96,No,
913895,221831,2026-03-16,125.88,Yes,2026-03-16
913896,220829,2026-03-16,71.79,No,
913897,212353,2026-03-16,95.99,No,
913898,222923,2026-03-16,109.41,No,
913899,248446,2026-03-16,110.01,Yes,2026-03-18
913900,213809,2026-03-16,137.70,No,
913901,221556,2026-03-16,110.05,No,
913902,214956,2026-03-16,89.50,No,
913903,200036,2026-03-16,81.73,No,
913904,235026,2026-03-16,30.85,No,
913905,212175,2026-03-16,103.05,No,
913906,227835,2026-03-16,36.63,Yes,2026-03-18
913907,236056,2026-03-16,86.65,Yes,2026-03-19
913908,227155,2026-03-16,35.47,No,
913909,215392,2026-03-16,73.74,Yes,2026-03-17
913910,238375,2026-03-16,105.46,No,
913911,201604,2026-03-16,52.73,No,
913912,243304,2026-03-16,31.36,Yes,2026-03-17
913913,224971,2026-03-16,52.76,No,
913914,214927,2026-03-16,104.77,No,
913915,200051,2026-03-16,106.72,No,
913916,222601,2026-03-16,117.26,No,
913917,213606,2026-03-16,130.37,No,
913918,243844,2026-03-16,85.08,No,
913919,241527,2026-03-16,57.44,No,
913920,213508,2026-03-16,55.84,No,
913921,228487,2026-03-16,126.36,No,
913922,215566,2026-03-16,117.71,Yes,2026-03-17
913923,203738,2026-03-16,99.33,No,
913924,243070,2026-03-16,130.41,No,
913925,226333,2026-03-16,81.98,No,
913926,232214,2026-03-16,34.95,No,
913927,219653,2026-03-16,75.24,No,
913928,210770,2026-03-17,73.02,No,
913929,220438,2026-03-17,93.48,No,
913930,216667,2026-03-17,114.54,Yes,2026-03-19
913931,243667,2026-03-17,78.56,No,
913932,202187,2026-03-17,80.62,No,
913933,207365,2026-03-17,59.48,Yes,2026-03-17
913934,203868,2026-03-17,93.82,No,
913935,238739,2026-03-17,100.04,No,
913936,205359,2026-03-17,107.75,No,
913937,208723,2026-03-17,50.63,No,
913938,216890,2026-03-17,77.40,No,
913939,215277,2026-03-17,108.19,Yes,2026-03-17
913940,215311,2026-03-17,100.93,No,
913941,241253,2026-03-17,85.47,No,
913942,214901,2026-03-17,86.05,Yes,2026-03-18
913943,200970,2026-03-17,75.61,No,
913944,209821,2026-03-17,83.83,No,
913945,223471,2026-03-17,111.58,Yes,2026-03-18
913946,200609,2026-03-17,85.26,No,
913947,223180,2026-03-17,71.59,No,
913948,217016,2026-03-17,89.92,No,
913949,242198,2026-03-17,51.42,No,
913950,242248,2026-03-17,70.28,Yes,2026-03-19
913951,245055,2026-03-17,78.35,Yes,2026-03-18
913952,219205,2026-03-17,74.23,Yes,2026-03-17
913953,230586,2026-03-17,90.98,No,
913954,206735,2026-03-17,91.93,No,
913955,218549,2026-03-17,99.30,No,
913956,245005,2026-03-17,59.32,Yes,2026-03-20
913957,235393,2026-03-17,96.27,No,
913958,223869,2026-03-17,93.18,No,
913959,230088,2026-03-17,67.68,No,
913960,233591,2026-03-17,77.27,No,
913961,236631,2026-03-17,94.93,No,
913962,200158,2026-03-17,64.38,No,
913963,221382,2026-03-17,72.17,No,
913964,242979,2026-03-17,36.58,No,
913965,248167,2026-03-17,98.54,Yes,2026-03-20
913966,244158,2026-03-17,92.99,Yes,2026-03-19
913967,220910,2026-03-17,82.99,No,
913968,210014,2026-03-17,71.25,No,
913969,242181,2026-03-17,71.20,No,
913970,215215,2026-03-17,87.32,No,
913971,207069,2026-03-17,94.02,No,
913972,222546,2026-03-17,71.14,Yes,2026-03-18
913973,212282,2026-03-17,66.07,No,
913974,246704,2026-03-17,45.32,Yes,2026-03-17
913975,210754,2026-03-17,63.91,No,
913976,240648,2026-03-17,85.51,Yes,2026-03-19
913977,218897,2026-03-17,67.33,No,
913978,202525,2026-03-17,46.16,Yes,2026-03-18
913979,217287,2026-03-17,111.35,No,
913980,246788,2026-03-17,88.79,No,
913981,242951,2026-03-17,76.48,Yes,2026-03-17
913982,232202,2026-03-17,63.16,No,
913983,223963,2026-03-17,41.48,No,
913984,240891,2026-03-17,41.75,No,
913985,213987,2026-03-17,121.96,No,
913986,215644,2026-03-17,109.88,No,
913987,223535,2026-03-17,95.08,No,
913988,222239,2026-03-17,20.00,No,
913989,210985,2026-03-17,113.27,No,
913990,243068,2026-03-17,98.98,No,
913991,230024,2026-03-17,95.81,No,
913992,241949,2026-03-17,77.05,No,
913993,228775,2026-03-17,20.00,Yes,2026-03-17
913994,225661,2026-03-17,58.25,No,
913995,236275,2026-03-17,88.56,No,
913996,216067,2026-03-17,75.05,No,
913997,228763,2026-03-17,69.57,No,
913998,223510,2026-03-17,114.33,Yes,2026-03-19
913999,222775,2026-03-17,95.64,Yes,2026-03-19
914000,213252,2026-03-17,96.99,No,
914001,233841,2026-03-17,20.00,Yes,2026-03-18
914002,217124,2026-03-17,53.46,No,
914003,220237,2026-03-17,42.45,No,
914004,202941,2026-03-17,143.29,No,
914005,221218,2026-03-17,111.08,No,
914006,212832,2026-03-17,51.14,No,
914007,216611,2026-03-17,92.51,No,
914008,212580,2026-03-17,91.97,No,
914009,240544,2026-03-17,63.44,No,
914010,236265,2026-03-17,72.56,No,
914011,232002,2026-03-17,91.91,No,
914012,238967,2026-03-17,104.30,No,
914013,201967,2026-03-17,52.28,No,
914014,215726,2026-03-17,60.36,No,
914015,216080,2026-03-17,103.35,No,
914016,221880,2026-03-17,100.33,No,
914017,246945,2026-03-17,127.76,Yes,2026-03-19
914018,241055,2026-03-17,84.05,No,
914019,240739,2026-03-17,90.22,Yes,2026-03-19
914020,200953,2026-03-17,61.17,No,
914021,218608,2026-03-17,64.78,Yes,2026-03-20
914022,206847,2026-03-17,124.60,No,
914023,228031,2026-03-17,40.91,No,
914024,206794,2026-03-17,44.87,No,
914025,210357,2026-03-17,122.86,No,
914026,213261,2026-03-17,46.03,No,
914027,229233,2026-03-17,47.43,No,
914028,209258,2026-03-17,29.49,No,
914029,204255,2026-03-17,98.25,No,
914030,225803,2026-03-17,55.97,Yes,2026-03-17
914031,241589,2026-03-17,49.84,No,
914032,203658,2026-03-17,105.23,No,
914033,201265,2026-03-17,59.23,No,
914034,245433,2026-03-17,74.85,No,
914035,226017,2026-03-17,70.11,Yes,2026-03-18
914036,242686,2026-03-17,104.80,No,
914037,243117,2026-03-17,48.36,No,
914038,212725,2026-03-17,81.76,No,
914039,218215,2026-03-17,92.12,No,
914040,230243,2026-03-17,62.13,No,
914041,228198,2026-03-17,69.00,Yes,2026-03-17
914042,247709,2026-03-17,79.78,Yes,2026-03-19
914043,230862,2026-03-17,71.76,No,
914044,209806,2026-03-17,64.12,No,
914045,223663,2026-03-17,83.58,Yes,2026-03-17
914046,241315,2026-03-17,63.37,No,
914047,220060,2026-03-17,75.15,No,
914048,240889,2026-03-17,124.33,Yes,2026-03-18
914049,228219,2026-03-17,94.28,Yes,2026-03-17
914050,217406,2026-03-17,65.91,Yes,2026-03-20
914051,227188,2026-03-17,61.85,No,
914052,230282,2026-03-17,106.25,No,
914053,235791,2026-03-17,28.93,No,
914054,212362,2026-03-17,93.53,No,
914055,239491,2026-03-17,117.58,No,
914056,212016,2026-03-17,34.07,No,
914057,211265,2026-03-17,96.55,No,
914058,244700,2026-03-17,90.15,No,
914059,221595,2026-03-17,69.81,Yes,2026-03-19
914060,227999,2026-03-17,66.00,No,
914061,217739,2026-03-17,91.62,No,
914062,233608,2026-03-17,92.78,No,
914063,223405,2026-03-17,115.63,No,
914064,203935,2026-03-17,46.53,No,
914065,221159,2026-03-18,76.25,No,
914066,237879,2026-03-18,98.30,No,
914067,230515,2026-03-18,100.79,No,
914068,218953,2026-03-18,65.31,No,
914069,231222,2026-03-18,65.90,No,
914070,223834,2026-03-18,89.83,No,
914071,246227,2026-03-18,82.77,No,
914072,210777,2026-03-18,77.19,No,
914073,240494,2026-03-18,38.50,No,
914074,219602,2026-03-18,65.24,No,
914075,244799,2026-03-18,61.98,No,
914076,245323,2026-03-18,85.20,Yes,2026-03-21
914077,219728,2026-03-18,49.04,No,
914078,243528,2026-03-18,76.10,Yes,2026-03-20
914079,240685,2026-03-18,61.25,No,
914080,210696,2026-03-18,77.90,No,
914081,235442,2026-03-18,81.94,No,
914082,247073,2026-03-18,81.28,No,
914083,230594,2026-03-18,24.71,No,
914084,220186,2026-03-18,79.98,No,
914085,206881,2026-03-18,68.30,Yes,2026-03-21
914086,226290,2026-03-18,40.03,No,
914087,229510,2026-03-18,81.46,No,
914088,243369,2026-03-18,46.32,No,
914089,208315,2026-03-18,72.85,Yes,2026-03-21
914090,236864,2026-03-18,75.96,No,
914091,211059,2026-03-18,43.98,No,
914092,209890,2026-03-18,72.79,Yes,2026-03-19
914093,220745,2026-03-18,105.10,Yes,2026-03-20
914094,230439,2026-03-18,70.16,No,
914095,216236,2026-03-18,124.49,No,
914096,225525,2026-03-18,95.95,Yes,2026-03-19
914097,215593,2026-03-18,40.08,No,
914098,214058,2026-03-18,64.85,Yes,2026-03-20
914099,222170,2026-03-18,134.20,No,
914100,235035,2026-03-18,81.16,No,
914101,212080,2026-03-18,98.25,No,
914102,227994,2026-03-18,111.50,No,
914103,241881,2026-03-18,96.01,Yes,2026-03-18
914104,232668,2026-03-18,51.36,Yes,2026-03-21
914105,245728,2026-03-18,53.20,No,
914106,218714,2026-03-18,82.90,No,
914107,221822,2026-03-18,114.08,No,
914108,217065,2026-03-18,96.99,No,
914109,207461,2026-03-18,82.43,No,
914110,232463,2026-03-18,86.01,No,
914111,211974,2026-03-18,66.93,No,
914112,236021,2026-03-18,39.11,No,
914113,222516,2026-03-18,67.00,No,
914114,233328,2026-03-18,110.39,No,
914115,245214,2026-03-18,91.13,No,
914116,235773,2026-03-18,39.08,No,
914117,203049,2026-03-18,126.73,No,
914118,210549,2026-03-18,74.48,No,
914119,216064,2026-03-18,66.23,No,
914120,231877,2026-03-18,80.90,No,
914121,208584,2026-03-18,67.02,No,
914122,232457,2026-03-18,91.19,No,
914123,239362,2026-03-18,92.32,Yes,2026-03-19
914124,227147,2026-03-18,96.50,No,
914125,215994,2026-03-18,71.61,No,
914126,246883,2026-03-18,126.68,No,
914127,228836,2026-03-18,106.59,No,
914128,220755,2026-03-18,114.96,Yes,2026-03-18
914129,240704,2026-03-18,88.46,No,
914130,234508,2026-03-18,80.19,Yes,2026-03-18
914131,239998,2026-03-18,66.14,No,
914132,229598,2026-03-18,77.63,Yes,2026-03-19
914133,236364,2026-03-18,59.07,No,
914134,229612,2026-03-18,85.55,No,
914135,212939,2026-03-18,53.09,No,
914136,236981,2026-03-18,69.30,No,
914137,218975,2026-03-18,104.76,No,
914138,238875,2026-03-18,70.61,Yes,2026-03-20
914139,243188,2026-03-18,92.19,No,
914140,239637,2026-03-18,71.46,No,
914141,236490,2026-03-18,108.47,No,
914142,220228,2026-03-18,82.62,No,
914143,233645,2026-03-18,70.07,No,
914144,236234,2026-03-18,56.99,No,
914145,202718,2026-03-18,40.36,No,
914146,245025,2026-03-18,86.74,No,
914147,205118,2026-03-18,71.19,No,
914148,243139,2026-03-18,85.37,No,
914149,218404,2026-03-18,83.27,No,
914150,230449,2026-03-18,58.39,No,
914151,239245,2026-03-18,51.57,No,
914152,202863,2026-03-18,70.69,No,
914153,247288,2026-03-18,74.32,No,
914154,215219,2026-03-18,93.93,No,
914155,241834,2026-03-18,69.07,No,
914156,236661,2026-03-18,93.24,Yes,2026-03-18
914157,230097,2026-03-18,71.45,No,
914158,241373,2026-03-18,61.45,No,
914159,229340,2026-03-18,132.47,No,
914160,240692,2026-03-18,107.77,Yes,2026-03-21
914161,206340,2026-03-18,53.58,No,
914162,247538,2026-03-18,47.49,Yes,2026-03-20
914163,235442,2026-03-18,98.70,No,
914164,216957,2026-03-18,67.18,No,
914165,242070,2026-03-18,73.53,Yes,2026-03-21
914166,202311,2026-03-18,63.75,Yes,2026-03-18
914167,237694,2026-03-18,79.37,No,
914168,221460,2026-03-18,33.89,No,
914169,217221,2026-03-18,80.26,No,
914170,206322,2026-03-18,20.00,No,
914171,241595,2026-03-18,80.64,No,
914172,248408,2026-03-18,84.66,No,
914173,213835,2026-03-18,119.55,No,
914174,239600,2026-03-18,112.45,Yes,2026-03-18
914175,238400,2026-03-18,62.45,No,
914176,235028,2026-03-18,39.54,No,
914177,239273,2026-03-18,99.65,No,
914178,225177,2026-03-18,66.12,No,
914179,237061,2026-03-18,68.31,No,
914180,229504,2026-03-18,71.11,No,
914181,237696,2026-03-18,92.96,No,
914182,237013,2026-03-18,85.66,No,
914183,233790,2026-03-18,36.37,No,
914184,243542,2026-03-18,98.48,Yes,2026-03-18
914185,226306,2026-03-18,58.58,Yes,2026-03-21
914186,220624,2026-03-18,119.44,Yes,2026-03-20
914187,205639,2026-03-18,57.76,No,
914188,234176,2026-03-18,64.86,No,
914189,208511,2026-03-18,90.41,No,
914190,212823,2026-03-18,60.32,No,
914191,244531,2026-03-18,123.46,No,
914192,200647,2026-03-18,118.59,No,
914193,247436,2026-03-18,52.45,No,
914194,240367,2026-03-18,89.30,No,
914195,228714,2026-03-18,92.76,No,
914196,204761,2026-03-18,98.88,Yes,2026-03-20
914197,211230,2026-03-18,143.71,No,
914198,229207,2026-03-18,102.03,Yes,2026-03-18
914199,214670,2026-03-18,84.39,No,
914200,229318,2026-03-18,87.85,Yes,2026-03-18
914201,240751,2026-03-18,56.17,No,
914202,206240,2026-03-18,56.10,No,
914203,236986,2026-03-18,69.50,No,
914204,238230,2026-03-18,67.18,No,
914205,208911,2026-03-18,78.83,No,
914206,244206,2026-03-18,90.01,No,
914207,221313,2026-03-18,46.46,No,
914208,210666,2026-03-19,91.51,Yes,2026-03-19
914209,224850,2026-03-19,116.16,Yes,2026-03-21
914210,204042,2026-03-19,46.46,No,
914211,223704,2026-03-19,74.83,No,
914212,206527,2026-03-19,73.90,No,
914213,222294,2026-03-19,93.66,No,
914214,226222,2026-03-19,136.20,No,
914215,245711,2026-03-19,81.06,No,
914216,219869,2026-03-19,108.83,Yes,2026-03-22
914217,219311,2026-03-19,63.75,No,
914218,203206,2026-03-19,48.56,No,
914219,212042,2026-03-19,61.28,No,
914220,202776,2026-03-19,109.98,Yes,2026-03-21
914221,220230,2026-03-19,38.47,No,
914222,203243,2026-03-19,96.82,No,
914223,217895,2026-03-19,90.13,Yes,2026-03-20
914224,231257,2026-03-19,77.89,No,
914225,224791,2026-03-19,63.51,No,
914226,241545,2026-03-19,82.92,Yes,2026-03-19
914227,218822,2026-03-19,92.74,No,
914228,207144,2026-03-19,79.08,No,
914229,201924,2026-03-19,96.52,Yes,2026-03-20
914230,227142,2026-03-19,95.04,No,
914231,223633,2026-03-19,67.90,No,
914232,214165,2026-03-19,92.19,No,
914233,204993,2026-03-19,109.84,Yes,2026-03-19
914234,215338,2026-03-19,107.03,No,
914235,243707,2026-03-19,100.08,No,
914236,233464,2026-03-19,129.79,No,
914237,218719,2026-03-19,70.57,No,
914238,239707,2026-03-19,65.64,Yes,2026-03-22
914239,215200,2026-03-19,67.47,No,
914240,202760,2026-03-19,34.58,No,
914241,215730,2026-03-19,64.33,No,
914242,230211,2026-03-19,106.60,No,
914243,235304,2026-03-19,95.33,No,
914244,223570,2026-03-19,117.62,No,
914245,218101,2026-03-19,28.97,No,
914246,240161,2026-03-19,90.44,Yes,2026-03-21
914247,244548,2026-03-19,120.17,No,
914248,246327,2026-03-19,80.29,No,
914249,222144,2026-03-19,66.38,No,
914250,204690,2026-03-19,84.29,No,
914251,236216,2026-03-19,73.63,No,
914252,234006,2026-03-19,49.76,No,
914253,227137,2026-03-19,102.97,No,
914254,224165,2026-03-19,80.74,No,
914255,227167,2026-03-19,119.60,No,
914256,234292,2026-03-19,97.75,No,
914257,233781,2026-03-19,76.13,Yes,2026-03-19
914258,235756,2026-03-19,109.22,Yes,2026-03-19
914259,233703,2026-03-19,94.93,No,
914260,245737,2026-03-19,86.00,No,
914261,229633,2026-03-19,86.35,No,
914262,202332,2026-03-19,103.27,No,
914263,229508,2026-03-19,33.31,No,
914264,217183,2026-03-19,74.10,No,
914265,240922,2026-03-19,121.27,No,
914266,200658,2026-03-19,87.73,No,
914267,220315,2026-03-19,50.28,No,
914268,202183,2026-03-19,72.47,No,
914269,201796,2026-03-19,78.79,No,
914270,224392,2026-03-19,93.53,No,
914271,239870,2026-03-19,42.83,No,
914272,222710,2026-03-19,104.69,No,
914273,236718,2026-03-19,88.81,Yes,2026-03-21
914274,220028,2026-03-19,50.48,Yes,2026-03-21
914275,204700,2026-03-19,84.04,No,
914276,205738,2026-03-19,76.36,Yes,2026-03-20
914277,228977,2026-03-19,62.09,No,
914278,248382,2026-03-19,53.18,No,
914279,232941,2026-03-19,78.13,No,
914280,201107,2026-03-19,20.00,No,
914281,213572,2026-03-19,92.71,No,
914282,247042,2026-03-19,69.51,No,
914283,226391,2026-03-19,53.47,Yes,2026-03-19
914284,211414,2026-03-19,106.47,No,
914285,201665,2026-03-19,92.13,Yes,2026-03-22
914286,218956,2026-03-19,114.84,No,
914287,221793,2026-03-19,51.08,No,
914288,247186,2026-03-19,168.58,No,
914289,226527,2026-03-19,88.12,Yes,2026-03-20
914290,234756,2026-03-19,63.36,No,
914291,244842,2026-03-19,109.85,No,
914292,231534,2026-03-19,88.67,Yes,2026-03-20
914293,226457,2026-03-19,127.27,No,
914294,248215,2026-03-19,60.76,No,
914295,224246,2026-03-19,147.74,No,
914296,246273,2026-03-19,43.41,No,
914297,229215,2026-03-19,68.89,No,
914298,224052,2026-03-19,135.26,No,
914299,227575,2026-03-19,50.36,No,
914300,202097,2026-03-19,69.09,No,
914301,246114,2026-03-19,97.44,Yes,2026-03-21
914302,227555,2026-03-19,85.21,No,
914303,239207,2026-03-19,89.94,No,
914304,228685,2026-03-19,134.55,No,
914305,237953,2026-03-19,73.40,No,
914306,204286,2026-03-19,33.58,Yes,2026-03-19
914307,227988,2026-03-19,76.02,Yes,2026-03-21
914308,215223,2026-03-19,96.50,Yes,2026-03-21
914309,247946,2026-03-19,129.35,Yes,2026-03-21
914310,212061,2026-03-19,83.78,No,
914311,221535,2026-03-19,102.31,Yes,2026-03-19
914312,240362,2026-03-19,102.00,No,
914313,205374,2026-03-19,77.80,No,
914314,205739,2026-03-19,66.96,Yes,2026-03-21
914315,235982,2026-03-19,57.99,No,
914316,235198,2026-03-19,90.25,No,
914317,245981,2026-03-19,125.45,No,
914318,219761,2026-03-19,58.04,No,
914319,200914,2026-03-19,130.49,No,
914320,247033,2026-03-19,83.78,No,
914321,243580,2026-03-19,20.00,No,
914322,222274,2026-03-19,125.76,No,
914323,210396,2026-03-19,92.93,No,
914324,235558,2026-03-19,67.96,No,
914325,206716,2026-03-19,80.29,No,
914326,217040,2026-03-19,90.52,No,
914327,228881,2026-03-19,60.35,Yes,2026-03-22
914328,223438,2026-03-19,87.96,Yes,2026-03-19
914329,218105,2026-03-19,123.44,No,
914330,233853,2026-03-19,45.63,Yes,2026-03-21
914331,234112,2026-03-19,92.48,No,
914332,225112,2026-03-19,143.00,No,
914333,232825,2026-03-19,81.25,No,
914334,244325,2026-03-19,86.40,No,
914335,223915,2026-03-19,105.25,No,
914336,237254,2026-03-19,57.29,No,
914337,205867,2026-03-19,45.77,No,
914338,202386,2026-03-19,91.37,No,
914339,217321,2026-03-19,33.53,No,
914340,204579,2026-03-19,109.10,No,
914341,225833,2026-03-19,83.77,No,
914342,236990,2026-03-19,63.34,No,
914343,207140,2026-03-19,57.05,Yes,2026-03-21
914344,222727,2026-03-19,59.65,No,
914345,202102,2026-03-19,87.45,No,
914346,214788,2026-03-19,71.68,No,
914347,213739,2026-03-19,91.43,No,
914348,238896,2026-03-19,75.24,No,
914349,228887,2026-03-19,60.64,No,
914350,246675,2026-03-19,72.41,No,
914351,236119,2026-03-19,75.70,No,
914352,231757,2026-03-19,95.01,No,
914353,224056,2026-03-20,109.35,Yes,2026-03-20
914354,216984,2026-03-20,86.64,No,
914355,222137,2026-03-20,55.47,No,
914356,223120,2026-03-20,88.36,Yes,2026-03-21
914357,208634,2026-03-20,73.93,No,
914358,240298,2026-03-20,96.13,No,
914359,201351,2026-03-20,41.23,No,
914360,241223,2026-03-20,130.84,No,
914361,234458,2026-03-20,37.45,No,
914362,203386,2026-03-20,94.49,Yes,2026-03-22
914363,230255,2026-03-20,99.00,No,
914364,208088,2026-03-20,83.70,No,
914365,230309,2026-03-20,57.88,Yes,2026-03-20
914366,209532,2026-03-20,127.40,Yes,2026-03-21
914367,221913,2026-03-20,97.33,No,
914368,203770,2026-03-20,120.95,No,
914369,243711,2026-03-20,40.28,No,
914370,217233,2026-03-20,68.32,No,
914371,206658,2026-03-20,103.06,Yes,2026-03-22
914372,218618,2026-03-20,71.87,No,
914373,242735,2026-03-20,45.94,No,
914374,237577,2026-03-20,111.02,Yes,2026-03-23
914375,230165,2026-03-20,36.41,No,
914376,227907,2026-03-20,65.02,No,
914377,246079,2026-03-20,64.65,No,
914378,209803,2026-03-20,98.73,No,
914379,226860,2026-03-20,42.36,No,
914380,212008,2026-03-20,71.44,No,
914381,221945,2026-03-20,100.69,No,
914382,225490,2026-03-20,64.22,No,
914383,241601,2026-03-20,81.63,No,
914384,230244,2026-03-20,91.76,No,
914385,244439,2026-03-20,59.70,No,
914386,215320,2026-03-20,97.05,No,
914387,209589,2026-03-20,61.35,No,
914388,241917,2026-03-20,61.00,No,
914389,245894,2026-03-20,78.71,No,
914390,217792,2026-03-20,80.43,No,
914391,246141,2026-03-20,99.03,Yes,2026-03-23
914392,207468,2026-03-20,73.77,No,
914393,222352,2026-03-20,90.36,No,
914394,235314,2026-03-20,101.51,Yes,2026-03-20
914395,204936,2026-03-20,69.19,No,
914396,245856,2026-03-20,104.59,Yes,2026-03-22
914397,208801,2026-03-20,67.42,No,
914398,213321,2026-03-20,62.45,No,
914399,241842,2026-03-20,74.95,Yes,2026-03-21
914400,246392,2026-03-20,88.43,No,
914401,230849,2026-03-20,78.33,No,
914402,237905,2026-03-20,79.47,No,
914403,230089,2026-03-20,121.60,No,
914404,226784,2026-03-20,83.11,No,
914405,207826,2026-03-20,80.20,Yes,2026-03-22
914406,211989,2026-03-20,108.83,Yes,2026-03-20
914407,208335,2026-03-20,106.34,No,
914408,219179,2026-03-20,33.66,No,
914409,207027,2026-03-20,77.65,Yes,2026-03-23
914410,207691,2026-03-20,95.01,No,
914411,224964,2026-03-20,82.74,No,
914412,213955,2026-03-20,60.43,Yes,2026-03-20
914413,206646,2026-03-20,100.80,No,
914414,206002,2026-03-20,81.94,No,
914415,214792,2026-03-20,70.54,No,
914416,200329,2026-03-20,94.97,No,
914417,223467,2026-03-20,76.10,No,
914418,229362,2026-03-20,84.92,Yes,2026-03-23
914419,226401,2026-03-20,75.23,No,
914420,230095,2026-03-20,127.32,No,
914421,230826,2026-03-20,81.12,Yes,2026-03-23
914422,228887,2026-03-20,33.66,No,
914423,225107,2026-03-20,119.39,No,
914424,242794,2026-03-20,77.75,No,
914425,206719,2026-03-20,61.46,Yes,2026-03-23
914426,210764,2026-03-20,126.51,No,
914427,207859,2026-03-20,72.95,Yes,2026-03-22
914428,203103,2026-03-20,73.40,No,
914429,244145,2026-03-20,24.92,Yes,2026-03-23
914430,218714,2026-03-20,64.89,No,
914431,217920,2026-03-20,62.45,Yes,2026-03-23
914432,208187,2026-03-20,79.80,No,
914433,221602,2026-03-20,72.25,No,
914434,212026,2026-03-20,90.24,No,
914435,236059,2026-03-20,114.43,No,
914436,233337,2026-03-20,78.38,No,
914437,244647,2026-03-20,101.40,No,
914438,244480,2026-03-20,75.09,No,
914439,238715,2026-03-20,93.44,Yes,2026-03-20
914440,220056,2026-03-20,101.43,Yes,2026-03-22
914441,231833,2026-03-20,94.71,No,
914442,204699,2026-03-20,100.16,No,
914443,218020,2026-03-20,86.79,No,
914444,238395,2026-03-20,62.35,No,
914445,222293,2026-03-20,83.41,No,
914446,204485,2026-03-20,84.35,No,
914447,239342,2026-03-20,93.71,No,
914448,240433,2026-03-20,70.42,Yes,2026-03-20
914449,204826,2026-03-20,113.29,No,
914450,211493,2026-03-20,85.71,No,
914451,235390,2026-03-20,70.96,Yes,2026-03-21
914452,224236,2026-03-20,109.42,Yes,2026-03-23
914453,223179,2026-03-20,73.93,No,
914454,238259,2026-03-20,114.93,No,
914455,240801,2026-03-20,60.70,No,
914456,236372,2026-03-20,80.47,No,
914457,215605,2026-03-20,80.43,Yes,2026-03-23
914458,234318,2026-03-20,74.98,No,
914459,246973,2026-03-20,88.88,No,
914460,204447,2026-03-20,80.12,No,
914461,200585,2026-03-20,67.38,No,
914462,230992,2026-03-20,98.09,No,
914463,210322,2026-03-20,102.70,No,
914464,224003,2026-03-20,70.32,No,
914465,200435,2026-03-20,100.33,Yes,2026-03-22
914466,223274,2026-03-20,76.06,Yes,2026-03-23
914467,237440,2026-03-20,78.59,No,
914468,231062,2026-03-20,57.22,No,
914469,239594,2026-03-20,82.55,Yes,2026-03-22
914470,248101,2026-03-20,77.42,No,
914471,222569,2026-03-20,79.63,No,
914472,203895,2026-03-20,47.88,No,
914473,215839,2026-03-20,110.28,No,
914474,200522,2026-03-20,88.50,No,
914475,215414,2026-03-20,65.59,No,
914476,247346,2026-03-20,71.41,No,
914477,221071,2026-03-20,39.83,No,
914478,213019,2026-03-20,159.93,Yes,2026-03-20
914479,223109,2026-03-20,22.69,No,
914480,232954,2026-03-20,86.12,Yes,2026-03-22
914481,227090,2026-03-20,40.39,No,
914482,229397,2026-03-20,99.37,Yes,2026-03-21
914483,205702,2026-03-20,49.37,No,
914484,225650,2026-03-20,70.10,No,
914485,209334,2026-03-20,128.27,Yes,2026-03-21
914486,224030,2026-03-20,100.02,No,
914487,210317,2026-03-20,110.83,Yes,2026-03-20
914488,204791,2026-03-20,83.89,Yes,2026-03-23
914489,206180,2026-03-20,38.33,No,
914490,212530,2026-03-20,65.82,No,
914491,219005,2026-03-20,118.18,Yes,2026-03-20
914492,234640,2026-03-20,75.63,No,
914493,234900,2026-03-20,56.98,No,
914494,245026,2026-03-20,92.45,No,
914495,234146,2026-03-20,38.23,No,
914496,231324,2026-03-20,73.97,No,
914497,230029,2026-03-20,61.84,Yes,2026-03-21
914498,202676,2026-03-20,74.32,No,
914499,246007,2026-03-21,103.69,No,
914500,220062,2026-03-21,83.97,No,
914501,248299,2026-03-21,81.14,No,
914502,215956,2026-03-21,73.11,Yes,2026-03-21
914503,207979,2026-03-21,44.01,No,
914504,215821,2026-03-21,111.18,No,
914505,245578,2026-03-21,58.02,No,
914506,248116,2026-03-21,86.97,No,
914507,222589,2026-03-21,107.78,No,
914508,241319,2026-03-21,113.34,No,
914509,235330,2026-03-21,104.71,Yes,2026-03-23
914510,245479,2026-03-21,79.53,Yes,2026-03-23
914511,245172,2026-03-21,42.84,No,
914512,207225,2026-03-21,40.98,No,
914513,240788,2026-03-21,82.51,No,
914514,220323,2026-03-21,95.98,No,
914515,242035,2026-03-21,64.88,Yes,2026-03-23
914516,233124,2026-03-21,100.18,No,
914517,241869,2026-03-21,92.71,No,
914518,226523,2026-03-21,79.16,No,
914519,203431,2026-03-21,88.00,No,
914520,202119,2026-03-21,47.32,No,
914521,219135,2026-03-21,67.72,No,
914522,221763,2026-03-21,73.83,No,
914523,205846,2026-03-21,74.80,No,
914524,213029,2026-03-21,101.55,No,
914525,225163,2026-03-21,74.10,No,
914526,209320,2026-03-21,78.22,No,
914527,226128,2026-03-21,144.71,No,
914528,210772,2026-03-21,82.03,No,
914529,240304,2026-03-21,101.47,No,
914530,205930,2026-03-21,68.63,No,
914531,203733,2026-03-21,81.19,Yes,2026-03-23
914532,215322,2026-03-21,72.97,No,
914533,235919,2026-03-21,64.27,No,
914534,223685,2026-03-21,96.36,No,
914535,221473,2026-03-21,68.45,No,
914536,227861,2026-03-21,68.29,No,
914537,200272,2026-03-21,78.62,No,
914538,245711,2026-03-21,95.95,No,
914539,248337,2026-03-21,121.71,Yes,2026-03-22
914540,205101,2026-03-21,70.24,No,
914541,218966,2026-03-21,56.10,No,
914542,224591,2026-03-21,92.54,Yes,2026-03-23
914543,247736,2026-03-21,92.71,No,
914544,218245,2026-03-21,79.51,Yes,2026-03-24
914545,240984,2026-03-21,86.87,No,
914546,226553,2026-03-21,122.04,Yes,2026-03-21
914547,227861,2026-03-21,86.28,Yes,2026-03-22
914548,248435,2026-03-21,93.53,No,
914549,244596,2026-03-21,93.47,Yes,2026-03-24
914550,211563,2026-03-21,114.63,No,
914551,229041,2026-03-21,60.65,No,
914552,211303,2026-03-21,84.33,No,
914553,210754,2026-03-21,104.34,No,
914554,227792,2026-03-21,74.03,No,
914555,239792,2026-03-21,88.13,No,
914556,223628,2026-03-21,93.30,No,
914557,236933,2026-03-21,82.70,No,
914558,216106,2026-03-21,112.07,No,
914559,240245,2026-03-21,99.33,No,
914560,201953,2026-03-21,46.22,No,
914561,203256,2026-03-21,37.35,No,
914562,244562,2026-03-21,91.97,No,
914563,200403,2026-03-21,58.38,No,
914564,204737,2026-03-21,67.90,No,
914565,241650,2026-03-21,69.91,No,
914566,204840,2026-03-21,106.99,No,
914567,215227,2026-03-21,62.23,No,
914568,206039,2026-03-21,94.22,Yes,2026-03-24
914569,202198,2026-03-21,51.51,Yes,2026-03-23
914570,205277,2026-03-21,65.16,No,
914571,242499,2026-03-21,96.75,No,
914572,215753,2026-03-21,71.95,No,
914573,240844,2026-03-21,98.09,Yes,2026-03-22
914574,224931,2026-03-21,44.97,No,
914575,222815,2026-03-21,32.97,No,
914576,241612,2026-03-21,74.04,No,
914577,212520,2026-03-21,81.10,No,
914578,220850,2026-03-21,74.65,No,
914579,210515,2026-03-21,105.12,No,
914580,216660,2026-03-21,74.64,No,
914581,221205,2026-03-21,73.55,No,
914582,224224,2026-03-21,65.96,Yes,2026-03-21
914583,213769,2026-03-21,108.26,Yes,2026-03-24
914584,231569,2026-03-21,102.67,Yes,2026-03-21
914585,225793,2026-03-21,78.21,No,
914586,240202,2026-03-21,28.24,No,
914587,218204,2026-03-21,20.00,No,
914588,243548,2026-03-21,110.01,No,
914589,247239,2026-03-21,126.47,No,
914590,233381,2026-03-21,97.69,No,
914591,229401,2026-03-21,82.80,Yes,2026-03-22
914592,239399,2026-03-21,80.45,No,
914593,210058,2026-03-21,64.67,No,
914594,215187,2026-03-21,83.05,No,
914595,239363,2026-03-21,101.84,No,
914596,235044,2026-03-21,92.40,No,
914597,204234,2026-03-21,75.41,Yes,2026-03-24
914598,217832,2026-03-21,85.23,Yes,2026-03-21
914599,233610,2026-03-21,109.42,No,
914600,228966,2026-03-21,67.54,Yes,2026-03-23
914601,229433,2026-03-21,97.59,No,
914602,220989,2026-03-21,94.71,No,
914603,223892,2026-03-21,106.51,No,
914604,208377,2026-03-21,93.37,No,
914605,245160,2026-03-21,93.81,No,
914606,209717,2026-03-21,89.11,No,
914607,230363,2026-03-21,53.20,Yes,2026-03-21
914608,212579,2026-03-21,88.47,No,
914609,243254,2026-03-21,96.60,No,
914610,210759,2026-03-21,73.84,No,
914611,210925,2026-03-21,115.33,Yes,2026-03-23
914612,240993,2026-03-21,90.68,No,
914613,220901,2026-03-21,86.11,No,
914614,239041,2026-03-21,78.97,Yes,2026-03-21
914615,234683,2026-03-21,99.83,No,
914616,214185,2026-03-21,78.58,No,
914617,218284,2026-03-21,133.49,No,
914618,238846,2026-03-21,80.05,No,
914619,220775,2026-03-21,68.30,No,
914620,211404,2026-03-21,99.87,No,
914621,212997,2026-03-21,129.69,No,
914622,231265,2026-03-21,77.57,No,
914623,235807,2026-03-21,107.57,Yes,2026-03-22
914624,202220,2026-03-21,75.52,Yes,2026-03-21
914625,246489,2026-03-21,52.47,No,
914626,217955,2026-03-21,96.54,No,
914627,212812,2026-03-21,119.57,Yes,2026-03-22
914628,247051,2026-03-21,81.37,No,
914629,208103,2026-03-21,82.31,No,
914630,223155,2026-03-21,78.75,No,
914631,248467,2026-03-21,81.63,No,
914632,244033,2026-03-21,91.07,No,
914633,233312,2026-03-21,137.09,No,
914634,245162,2026-03-21,71.82,No,
914635,216234,2026-03-21,103.66,Yes,2026-03-24
914636,217113,2026-03-21,105.32,No,
914637,211774,2026-03-21,90.50,No,
914638,213498,2026-03-21,82.42,No,
914639,208382,2026-03-21,65.21,No,
914640,224479,2026-03-21,63.49,Yes,2026-03-21
914641,243690,2026-03-21,75.67,No,
914642,201798,2026-03-21,58.98,No,
914643,207939,2026-03-21,97.97,No,
914644,232945,2026-03-21,68.88,No,
914645,243830,2026-03-21,55.20,No,
914646,243667,2026-03-21,131.90,No,
914647,200436,2026-03-21,89.79,No,
914648,202110,2026-03-21,177.82,No,
914649,225653,2026-03-21,67.93,No,
914650,248244,2026-03-21,73.87,No,
914651,245763,2026-03-21,77.15,No,
914652,209187,2026-03-21,105.84,No,
914653,213648,2026-03-21,84.57,No,
914654,232833,2026-03-21,92.25,Yes,2026-03-23
914655,244933,2026-03-21,84.66,Yes,2026-03-21
914656,246356,2026-03-21,74.42,No,
914657,238503,2026-03-21,47.74,No,
914658,215444,2026-03-21,61.50,No,
914659,219701,2026-03-21,108.23,Yes,2026-03-21
914660,221901,2026-03-21,101.74,No,
914661,201537,2026-03-22,88.63,No,
914662,214055,2026-03-22,114.31,Yes,2026-03-24
914663,201451,2026-03-22,83.20,Yes,2026-03-23
914664,213523,2026-03-22,38.92,No,
914665,218846,2026-03-22,84.69,No,
914666,243878,2026-03-22,87.61,No,
914667,215521,2026-03-22,41.84,No,
914668,241048,2026-03-22,102.58,No,
914669,215080,2026-03-22,149.11,No,
914670,206765,2026-03-22,87.76,No,
914671,244346,2026-03-22,88.62,Yes,2026-03-24
914672,200615,2026-03-22,117.08,No,
914673,225201,2026-03-22,67.57,No,
914674,208768,2026-03-22,93.51,No,
914675,231323,2026-03-22,63.43,No,
914676,228257,2026-03-22,100.97,No,
914677,238165,2026-03-22,101.06,Yes,2026-03-25
914678,216092,2026-03-22,69.02,No,
914679,220826,2026-03-22,123.44,Yes,2026-03-25
914680,247623,2026-03-22,82.38,Yes,2026-03-23
914681,222136,2026-03-22,72.91,No,
914682,241853,2026-03-22,44.24,No,
914683,227108,2026-03-22,57.21,No,
914684,218357,2026-03-22,87.17,No,
914685,240120,2026-03-22,86.43,No,
914686,213466,2026-03-22,137.67,No,
914687,222734,2026-03-22,52.49,Yes,2026-03-23
914688,238483,2026-03-22,102.34,Yes,2026-03-25
914689,212070,2026-03-22,49.98,No,
914690,202680,2026-03-22,122.98,Yes,2026-03-23
914691,247515,2026-03-22,57.25,No,
914692,244844,2026-03-22,76.14,No,
914693,248183,2026-03-22,82.73,No,
914694,207798,2026-03-22,85.97,No,
914695,210580,2026-03-22,128.73,No,
914696,229268,2026-03-22,44.53,No,
914697,226587,2026-03-22,103.75,No,
914698,221308,2026-03-22,40.46,No,
914699,233372,2026-03-22,76.26,No,
914700,221178,2026-03-22,72.79,No,
914701,209904,2026-03-22,78.74,Yes,2026-03-25
914702,232778,2026-03-22,73.86,Yes,2026-03-22
914703,222056,2026-03-22,89.37,No,
914704,208331,2026-03-22,75.53,No,
914705,238814,2026-03-22,157.95,No,
914706,216658,2026-03-22,99.08,Yes,2026-03-25
914707,223305,2026-03-22,21.80,Yes,2026-03-23
914708,201390,2026-03-22,106.54,No,
914709,210077,2026-03-22,96.91,No,
914710,238819,2026-03-22,116.66,No,
914711,248376,2026-03-22,85.36,No,
914712,208899,2026-03-22,100.38,No,
914713,219289,2026-03-22,76.07,No,
914714,242634,2026-03-22,62.51,No,
914715,219713,2026-03-22,75.60,No,
914716,208537,2026-03-22,105.16,No,
914717,204787,2026-03-22,79.86,Yes,2026-03-24
914718,207271,2026-03-22,64.47,No,
914719,217962,2026-03-22,104.05,No,
914720,232828,2026-03-22,50.95,Yes,2026-03-24
914721,220133,2026-03-22,100.70,No,
914722,200025,2026-03-22,138.00,No,
914723,210236,2026-03-22,48.89,No,
914724,225298,2026-03-22,80.60,No,
914725,243288,2026-03-22,35.41,Yes,2026-03-25
914726,223127,2026-03-22,85.49,Yes,2026-03-22
914727,218575,2026-03-22,90.07,No,
914728,214607,2026-03-22,61.81,No,
914729,230686,2026-03-22,59.00,No,
914730,239651,2026-03-22,88.99,No,
914731,219646,2026-03-22,89.47,Yes,2026-03-24
914732,242450,2026-03-22,91.30,No,
914733,239257,2026-03-22,91.41,No,
914734,226073,2026-03-22,131.07,No,
914735,246183,2026-03-22,97.93,No,
914736,248458,2026-03-22,94.72,No,
914737,217353,2026-03-22,59.73,No,
914738,236950,2026-03-22,103.66,No,
914739,230564,2026-03-22,139.63,No,
914740,214963,2026-03-22,110.38,No,
914741,229909,2026-03-22,76.24,No,
914742,203090,2026-03-22,45.36,Yes,2026-03-25
914743,245216,2026-03-22,108.81,No,
914744,221612,2026-03-22,102.92,Yes,2026-03-22
914745,245622,2026-03-22,102.08,Yes,2026-03-25
914746,220729,2026-03-22,105.67,No,
914747,221045,2026-03-22,97.49,No,
914748,204673,2026-03-22,33.80,No,
914749,242201,2026-03-22,61.57,Yes,2026-03-25
914750,204373,2026-03-22,58.45,No,
914751,222075,2026-03-22,100.17,No,
914752,227907,2026-03-22,98.63,No,
914753,242081,2026-03-22,65.09,Yes,2026-03-23
914754,241179,2026-03-22,86.79,Yes,2026-03-24
914755,243469,2026-03-22,111.35,No,
914756,240825,2026-03-22,66.62,No,
914757,224337,2026-03-22,59.87,No,
914758,223078,2026-03-22,89.91,No,
914759,228279,2026-03-22,86.98,No,
914760,200776,2026-03-22,90.92,No,
914761,244091,2026-03-22,82.30,No,
914762,236005,2026-03-22,54.75,No,
914763,242052,2026-03-22,133.04,Yes,2026-03-25
914764,243618,2026-03-22,92.10,Yes,2026-03-24
914765,242582,2026-03-22,134.10,No,
914766,202909,2026-03-22,79.78,No,
914767,204790,2026-03-22,55.50,No,
914768,218708,2026-03-22,125.74,No,
914769,213016,2026-03-22,120.11,Yes,2026-03-24
914770,246793,2026-03-22,128.16,No,
914771,239876,2026-03-22,51.79,No,
914772,222462,2026-03-22,90.62,No,
914773,218611,2026-03-22,69.41,No,
914774,204959,2026-03-22,78.79,No,
914775,217973,2026-03-22,106.00,Yes,2026-03-24
914776,209905,2026-03-22,60.04,Yes,2026-03-25
914777,238347,2026-03-22,101.50,Yes,2026-03-24
914778,240586,2026-03-22,21.39,No,
914779,205355,2026-03-22,62.29,Yes,2026-03-23
914780,211679,2026-03-22,130.82,Yes,2026-03-24
914781,235993,2026-03-22,56.18,No,
914782,244363,2026-03-22,70.96,No,
914783,241916,2026-03-22,127.70,No,
914784,203139,2026-03-22,79.66,Yes,2026-03-24
914785,206599,2026-03-22,61.55,No,
914786,214175,2026-03-22,79.14,No,
914787,239652,2026-03-22,49.52,No,
914788,204693,2026-03-22,115.96,Yes,2026-03-23
914789,207513,2026-03-22,102.86,No,
914790,230678,2026-03-22,58.91,No,
914791,202636,2026-03-22,73.21,Yes,2026-03-24
914792,202020,2026-03-22,76.13,No,
914793,245263,2026-03-22,69.87,Yes,2026-03-23
914794,236768,2026-03-22,92.15,No,
914795,210625,2026-03-22,86.28,Yes,2026-03-25
914796,219586,2026-03-22,91.69,No,
914797,207809,2026-03-22,101.98,No,
914798,229751,2026-03-22,70.85,No,
914799,212242,2026-03-22,70.13,No,
914800,225488,2026-03-22,98.23,No,
914801,200838,2026-03-22,79.06,No,
914802,202241,2026-03-22,86.46,No,
914803,208545,2026-03-22,86.02,No,
914804,247930,2026-03-22,72.57,No,
914805,240388,2026-03-22,39.81,No,
914806,200507,2026-03-22,65.70,Yes,2026-03-25
914807,210623,2026-03-22,78.55,Yes,2026-03-24
914808,234467,2026-03-22,72.91,No,
914809,228952,2026-03-22,62.07,Yes,2026-03-25
914810,213974,2026-03-22,98.41,No,
914811,216359,2026-03-22,89.72,Yes,2026-03-23
914812,201892,2026-03-23,51.63,No,
914813,231079,2026-03-23,77.15,Yes,2026-03-26
914814,200558,2026-03-23,113.07,No,
914815,207242,2026-03-23,59.05,No,
914816,207681,2026-03-23,61.17,No,
914817,214010,2026-03-23,89.00,No,
914818,220726,2026-03-23,98.55,No,
914819,215117,2026-03-23,46.38,No,
914820,220923,2026-03-23,59.87,No,
914821,235725,2026-03-23,68.14,No,
914822,230395,2026-03-23,47.05,No,
914823,247194,2026-03-23,59.10,Yes,2026-03-24
914824,231110,2026-03-23,105.93,No,
914825,210850,2026-03-23,106.35,No,
914826,224282,2026-03-23,98.22,Yes,2026-03-26
914827,212455,2026-03-23,90.73,No,
914828,233821,2026-03-23,60.75,No,
914829,235312,2026-03-23,102.56,No,
914830,248327,2026-03-23,62.55,No,
914831,210846,2026-03-23,66.59,No,
914832,214744,2026-03-23,88.51,No,
914833,227821,2026-03-23,66.63,No,
914834,220892,2026-03-23,103.01,No,
914835,213308,2026-03-23,94.16,No,
914836,211855,2026-03-23,91.23,Yes,2026-03-23
914837,200479,2026-03-23,44.96,Yes,2026-03-25
914838,247106,2026-03-23,57.89,Yes,2026-03-24
914839,211890,2026-03-23,128.11,Yes,2026-03-23
914840,245170,2026-03-23,113.66,No,
914841,238815,2026-03-23,83.07,No,
914842,243540,2026-03-23,83.02,No,
914843,242992,2026-03-23,86.38,No,
914844,225354,2026-03-23,73.75,No,
914845,214092,2026-03-23,20.00,No,
914846,210713,2026-03-23,121.88,Yes,2026-03-26
914847,231763,2026-03-23,65.19,No,
914848,203627,2026-03-23,81.80,Yes,2026-03-24
914849,216953,2026-03-23,142.23,No,
914850,204087,2026-03-23,57.26,Yes,2026-03-24
914851,203058,2026-03-23,78.62,No,
914852,209903,2026-03-23,48.05,No,
914853,239944,2026-03-23,82.24,No,
914854,214148,2026-03-23,73.93,No,
914855,230661,2026-03-23,69.60,No,
914856,242187,2026-03-23,76.05,Yes,2026-03-24
914857,236061,2026-03-23,130.30,No,
914858,209515,2026-03-23,89.00,No,
914859,200978,2026-03-23,97.56,Yes,2026-03-23
914860,229960,2026-03-23,111.27,No,
914861,201723,2026-03-23,97.37,Yes,2026-03-26
914862,205389,2026-03-23,43.84,No,
914863,202694,2026-03-23,83.99,No,
914864,221126,2026-03-23,114.83,No,
914865,203711,2026-03-23,122.41,No,
914866,200819,2026-03-23,75.84,Yes,2026-03-23
914867,227119,2026-03-23,46.99,No,
914868,212996,2026-03-23,74.28,No,
914869,238339,2026-03-23,71.51,No,
914870,203899,2026-03-23,75.58,Yes,2026-03-23
914871,240035,2026-03-23,91.09,No,
914872,234405,2026-03-23,58.10,No,
914873,238202,2026-03-23,62.78,Yes,2026-03-25
914874,240474,2026-03-23,97.83,Yes,2026-03-24
914875,245275,2026-03-23,90.26,No,
914876,239144,2026-03-23,118.42,No,
914877,237097,2026-03-23,68.69,No,
914878,246995,2026-03-23,83.88,No,
914879,213071,2026-03-23,133.77,No,
914880,241083,2026-03-23,68.19,Yes,2026-03-24
914881,205902,2026-03-23,85.36,Yes,2026-03-23
914882,202739,2026-03-23,89.63,No,
914883,242473,2026-03-23,126.24,No,
914884,243191,2026-03-23,65.72,No,
914885,233867,2026-03-23,78.10,No,
914886,202153,2026-03-23,90.95,No,
914887,205510,2026-03-23,93.62,Yes,2026-03-26
914888,242539,2026-03-23,70.97,Yes,2026-03-25
914889,239027,2026-03-23,99.62,No,
914890,219349,2026-03-23,52.78,Yes,2026-03-25
914891,221663,2026-03-23,80.90,No,
914892,227018,2026-03-23,119.40,Yes,2026-03-24
914893,242726,2026-03-23,88.01,No,
914894,239454,2026-03-23,35.66,No,
914895,246007,2026-03-23,95.10,Yes,2026-03-23
914896,216025,2026-03-23,131.21,No,
914897,231556,2026-03-23,90.42,No,
914898,211559,2026-03-23,106.57,Yes,2026-03-26
914899,225739,2026-03-23,129.73,No,
914900,245680,2026-03-23,94.49,No,
914901,217706,2026-03-23,66.02,No,
914902,217639,2026-03-23,72.87,No,
914903,202053,2026-03-23,48.14,No,
914904,213554,2026-03-23,60.77,No,
914905,206288,2026-03-23,122.00,No,
914906,202232,2026-03-23,115.03,No,
914907,234357,2026-03-23,65.45,No,
914908,213046,2026-03-23,91.54,Yes,2026-03-23
914909,225694,2026-03-23,98.69,Yes,2026-03-24
914910,230925,2026-03-23,108.36,No,
914911,235393,2026-03-23,120.49,No,
914912,238795,2026-03-23,93.44,No,
914913,235711,2026-03-23,43.34,No,
914914,210131,2026-03-23,81.89,No,
914915,245864,2026-03-23,68.30,No,
914916,217245,2026-03-23,79.85,Yes,2026-03-26
914917,201867,2026-03-23,127.65,No,
914918,211083,2026-03-23,49.23,No,
914919,240786,2026-03-23,79.71,No,
914920,213173,2026-03-23,119.38,No,
914921,234758,2026-03-23,104.19,No,
914922,239164,2026-03-23,99.75,No,
914923,238049,2026-03-23,60.21,Yes,2026-03-26
914924,203368,2026-03-23,75.81,No,
914925,248118,2026-03-23,112.94,No,
914926,207678,2026-03-23,111.52,No,
914927,210764,2026-03-23,101.67,No,
914928,240064,2026-03-23,89.07,No,
914929,215582,2026-03-23,84.71,No,
914930,234311,2026-03-23,102.18,No,
914931,230848,2026-03-23,52.59,No,
914932,218328,2026-03-23,95.58,No,
914933,230719,2026-03-23,95.59,Yes,2026-03-26
914934,211570,2026-03-23,137.12,No,
914935,204995,2026-03-23,78.32,No,
914936,207914,2026-03-23,77.68,No,
914937,236438,2026-03-23,115.99,Yes,2026-03-24
914938,241951,2026-03-23,82.60,No,
914939,238827,2026-03-23,95.38,Yes,2026-03-25
914940,219534,2026-03-23,86.27,No,
914941,247365,2026-03-23,59.97,No,
914942,237762,2026-03-23,89.25,No,
914943,227259,2026-03-23,121.12,No,
914944,205023,2026-03-23,41.31,No,
914945,233860,2026-03-23,67.10,No,
914946,230105,2026-03-23,86.47,No,
914947,245056,2026-03-23,55.16,No,
914948,230178,2026-03-23,78.21,No,
914949,229675,2026-03-23,137.92,No,
914950,223437,2026-03-23,111.68,Yes,2026-03-25
914951,238717,2026-03-23,50.78,No,
914952,203191,2026-03-23,76.39,No,
914953,244643,2026-03-23,64.84,Yes,2026-03-24
914954,233845,2026-03-23,95.27,No,
914955,233903,2026-03-23,56.48,No,
914956,224791,2026-03-23,78.02,No,
914957,207000,2026-03-23,70.46,No,
914958,248235,2026-03-23,82.30,Yes,2026-03-25
914959,234015,2026-03-23,75.93,No,
914960,228531,2026-03-23,110.14,No,
914961,237452,2026-03-24,111.30,No,
914962,245013,2026-03-24,87.03,No,
914963,210521,2026-03-24,115.81,Yes,2026-03-27
914964,201277,2026-03-24,72.54,No,
914965,231334,2026-03-24,129.78,No,
914966,228956,2026-03-24,71.01,No,
914967,201048,2026-03-24,87.27,No,
914968,207743,2026-03-24,86.82,No,
914969,241549,2026-03-24,20.00,Yes,2026-03-26
914970,200666,2026-03-24,59.38,No,
914971,222527,2026-03-24,87.00,Yes,2026-03-27
914972,248283,2026-03-24,62.34,Yes,2026-03-27
914973,228116,2026-03-24,73.80,Yes,2026-03-25
914974,211956,2026-03-24,120.03,Yes,2026-03-27
914975,240578,2026-03-24,67.11,Yes,2026-03-26
914976,244666,2026-03-24,110.56,No,
914977,230997,2026-03-24,111.02,No,
914978,232910,2026-03-24,48.29,Yes,2026-03-25
914979,222444,2026-03-24,65.30,No,
914980,226063,2026-03-24,83.38,No,
914981,201338,2026-03-24,64.68,No,
914982,217621,2026-03-24,65.22,Yes,2026-03-26
914983,224023,2026-03-24,116.76,No,
914984,214100,2026-03-24,52.03,Yes,2026-03-26
914985,234069,2026-03-24,92.39,No,
914986,242425,2026-03-24,88.83,Yes,2026-03-24
914987,216076,2026-03-24,41.18,No,
914988,248194,2026-03-24,79.44,Yes,2026-03-27
914989,218786,2026-03-24,101.38,No,
914990,201793,2026-03-24,89.70,No,
914991,248460,2026-03-24,69.92,No,
914992,205185,2026-03-24,107.58,No,
914993,215498,2026-03-24,45.41,No,
914994,230747,2026-03-24,95.43,No,
914995,236509,2026-03-24,45.99,Yes,2026-03-25
914996,222625,2026-03-24,77.62,No,
914997,221481,2026-03-24,98.96,No,
914998,205168,2026-03-24,83.88,No,
914999,203570,2026-03-24,86.51,No,
915000,237265,2026-03-24,92.08,Yes,2026-03-25
915001,206544,2026-03-24,77.80,No,
915002,223895,2026-03-24,78.59,No,
915003,242484,2026-03-24,54.76,Yes,2026-03-27
915004,232116,2026-03-24,108.77,No,
915005,209981,2026-03-24,20.00,No,
915006,209264,2026-03-24,88.32,No,
915007,219593,2026-03-24,86.32,No,
915008,226226,2026-03-24,144.52,No,
915009,201231,2026-03-24,138.46,No,
915010,203742,2026-03-24,65.29,Yes,2026-03-27
915011,205208,2026-03-24,119.77,No,
915012,215228,2026-03-24,43.37,No,
915013,207446,2026-03-24,115.78,No,
915014,223407,2026-03-24,97.16,Yes,2026-03-26
915015,233418,2026-03-24,109.89,No,
915016,224109,2026-03-24,74.12,No,
915017,222762,2026-03-24,76.14,No,
915018,208149,2026-03-24,112.44,No,
915019,212370,2026-03-24,103.77,Yes,2026-03-26
915020,245687,2026-03-24,94.47,No,
915021,241631,2026-03-24,85.08,No,
915022,246136,2026-03-24,69.18,No,
915023,225756,2026-03-24,57.93,No,
915024,218977,2026-03-24,42.85,No,
915025,203682,2026-03-24,70.15,No,
915026,217899,2026-03-24,107.40,Yes,2026-03-24
915027,227659,2026-03-24,102.51,No,
915028,224158,2026-03-24,90.44,No,
915029,206777,2026-03-24,89.60,No,
915030,206705,2026-03-24,109.20,No,
915031,236562,2026-03-24,115.43,Yes,2026-03-26
915032,220254,2026-03-24,76.68,No,
915033,247516,2026-03-24,85.29,No,
915034,213038,2026-03-24,80.58,No,
915035,202437,2026-03-24,78.87,No,
915036,222065,2026-03-24,57.97,No,
915037,244901,2026-03-24,55.63,No,
915038,204034,2026-03-24,85.40,No,
915039,221820,2026-03-24,87.39,No,
915040,217217,2026-03-24,97.20,Yes,2026-03-26
915041,212695,2026-03-24,116.74,No,
915042,210441,2026-03-24,105.88,No,
915043,208532,2026-03-24,118.64,No,
915044,226052,2026-03-24,100.60,No,
915045,221440,2026-03-24,78.74,No,
915046,243363,2026-03-24,144.35,No,
915047,244935,2026-03-24,64.64,No,
915048,241668,2026-03-24,91.18,Yes,2026-03-27
915049,201263,2026-03-24,113.43,No,
915050,202924,2026-03-24,32.16,Yes,2026-03-26
915051,240579,2026-03-24,87.65,No,
915052,217785,2026-03-24,81.73,No,
915053,224224,2026-03-24,91.94,No,
915054,231623,2026-03-24,104.88,Yes,2026-03-26
915055,218382,2026-03-24,20.00,No,
915056,215226,2026-03-24,87.35,No,
915057,207724,2026-03-24,84.16,No,
915058,233890,2026-03-24,124.94,No,
915059,217151,2026-03-24,101.80,No,
915060,223362,2026-03-24,62.20,No,
915061,232715,2026-03-24,87.19,No,
915062,200886,2026-03-24,98.38,No,
915063,231321,2026-03-24,119.42,Yes,2026-03-26
915064,240677,2026-03-24,92.17,No,
915065,225822,2026-03-24,73.01,No,
915066,240063,2026-03-24,40.78,Yes,2026-03-24
915067,227185,2026-03-24,83.12,No,
915068,227525,2026-03-24,92.78,No,
915069,215686,2026-03-24,74.97,Yes,2026-03-25
915070,214575,2026-03-24,75.80,Yes,2026-03-25
915071,233775,2026-03-24,96.58,No,
915072,214416,2026-03-24,46.71,No,
915073,245757,2026-03-24,91.44,No,
915074,200963,2026-03-24,93.90,No,
915075,202062,2026-03-24,88.12,No,
915076,214759,2026-03-24,72.98,Yes,2026-03-27
915077,235127,2026-03-24,20.00,Yes,2026-03-24
915078,204814,2026-03-24,73.11,No,
915079,234303,2026-03-24,93.11,No,
915080,201084,2026-03-24,108.84,Yes,2026-03-27
915081,216309,2026-03-24,79.98,No,
915082,241029,2026-03-24,70.54,No,
915083,222840,2026-03-24,96.00,No,
915084,244045,2026-03-24,80.17,No,
915085,234295,2026-03-24,20.00,No,
915086,238721,2026-03-24,61.93,Yes,2026-03-25
915087,206736,2026-03-24,88.20,No,
915088,236170,2026-03-25,57.28,No,
915089,235309,2026-03-25,98.22,No,
915090,246517,2026-03-25,132.26,No,
915091,225174,2026-03-25,98.61,Yes,2026-03-27
915092,210600,2026-03-25,73.05,No,
915093,233851,2026-03-25,123.13,No,
915094,214348,2026-03-25,82.58,Yes,2026-03-27
915095,200282,2026-03-25,100.25,No,
915096,216145,2026-03-25,50.93,No,
915097,228803,2026-03-25,117.76,Yes,2026-03-27
915098,230030,2026-03-25,58.32,No,
915099,241148,2026-03-25,85.55,No,
915100,212675,2026-03-25,69.89,No,
915101,231663,2026-03-25,146.01,No,
915102,242189,2026-03-25,97.65,No,
915103,239299,2026-03-25,77.40,Yes,2026-03-25
915104,244691,2026-03-25,94.42,No,
915105,213244,2026-03-25,77.02,No,
915106,222920,2026-03-25,112.33,Yes,2026-03-26
915107,240689,2026-03-25,100.64,Yes,2026-03-25
915108,233038,2026-03-25,99.46,No,
915109,211844,2026-03-25,96.42,No,
915110,234164,2026-03-25,34.20,No,
915111,245073,2026-03-25,57.85,No,
915112,205896,2026-03-25,70.48,No,
915113,222332,2026-03-25,86.73,No,
915114,226210,2026-03-25,69.41,Yes,2026-03-27
915115,214409,2026-03-25,92.48,No,
915116,218558,2026-03-25,53.76,No,
915117,217828,2026-03-25,106.12,No,
915118,224543,2026-03-25,69.97,No,
915119,204763,2026-03-25,80.45,No,
915120,214783,2026-03-25,63.22,No,
915121,240578,2026-03-25,57.95,No,
915122,245919,2026-03-25,71.36,No,
915123,202980,2026-03-25,80.38,Yes,2026-03-28
915124,222182,2026-03-25,109.33,No,
915125,247118,2026-03-25,76.99,No,
915126,218908,2026-03-25,85.48,No,
915127,245025,2026-03-25,86.35,No,
915128,208172,2026-03-25,112.69,Yes,2026-03-26
915129,213382,2026-03-25,96.81,No,
915130,242564,2026-03-25,86.41,Yes,2026-03-25
915131,203643,2026-03-25,85.37,Yes,2026-03-26
915132,230690,2026-03-25,81.47,No,
915133,238927,2026-03-25,54.96,No,
915134,214188,2026-03-25,90.75,No,
915135,246858,2026-03-25,110.10,No,
915136,227893,2026-03-25,105.03,No,
915137,242089,2026-03-25,79.49,No,
915138,219142,2026-03-25,41.22,No,
915139,212106,2026-03-25,87.87,No,
915140,208649,2026-03-25,92.65,No,
915141,235974,2026-03-25,50.77,No,
915142,213720,2026-03-25,81.08,Yes,2026-03-27
915143,200536,2026-03-25,71.26,No,
915144,234977,2026-03-25,43.24,Yes,2026-03-27
915145,206356,2026-03-25,74.17,No,
915146,245244,2026-03-25,70.69,Yes,2026-03-28
915147,236720,2026-03-25,56.49,Yes,2026-03-25
915148,220435,2026-03-25,55.60,No,
915149,217222,2026-03-25,75.57,No,
915150,225736,2026-03-25,89.72,No,
915151,240508,2026-03-25,94.22,Yes,2026-03-25
915152,216262,2026-03-25,87.73,Yes,2026-03-26
915153,210110,2026-03-25,93.27,No,
915154,241779,2026-03-25,73.39,No,
915155,247723,2026-03-25,66.12,No,
915156,224458,2026-03-25,100.52,Yes,2026-03-26
915157,229825,2026-03-25,75.74,Yes,2026-03-27
915158,241909,2026-03-25,147.73,Yes,2026-03-27
915159,226005,2026-03-25,49.33,No,
915160,208314,2026-03-25,87.49,No,
915161,225426,2026-03-25,88.02,No,
915162,226444,2026-03-25,93.82,No,
915163,213918,2026-03-25,118.48,No,
915164,211667,2026-03-25,93.90,Yes,2026-03-27
915165,231423,2026-03-25,51.91,Yes,2026-03-26
915166,233831,2026-03-25,64.20,No,
915167,243386,2026-03-25,67.78,No,
915168,248005,2026-03-25,107.85,Yes,2026-03-27
915169,226689,2026-03-25,77.96,No,
915170,204611,2026-03-25,77.93,No,
915171,211938,2026-03-25,57.74,Yes,2026-03-28
915172,224608,2026-03-25,115.62,Yes,2026-03-27
915173,244768,2026-03-25,102.61,No,
915174,217647,2026-03-25,70.55,No,
915175,228073,2026-03-25,89.31,No,
915176,209315,2026-03-25,95.73,No,
915177,207079,2026-03-25,57.96,No,
915178,206771,2026-03-25,93.48,No,
915179,200675,2026-03-25,93.53,No,
915180,220743,2026-03-25,51.00,No,
915181,248150,2026-03-25,109.88,No,
915182,218998,2026-03-25,64.68,Yes,2026-03-26
915183,231672,2026-03-25,105.46,Yes,2026-03-28
915184,217687,2026-03-25,86.39,Yes,2026-03-26
915185,211435,2026-03-25,104.40,Yes,2026-03-25
915186,217098,2026-03-25,106.52,No,
915187,201781,2026-03-25,106.16,No,
915188,246012,2026-03-25,57.94,No,
915189,219940,2026-03-25,53.69,No,
915190,210277,2026-03-25,103.05,No,
915191,243683,2026-03-25,51.83,No,
915192,220505,2026-03-25,64.11,No,
915193,234688,2026-03-25,60.56,No,
915194,203309,2026-03-25,85.99,No,
915195,212432,2026-03-25,62.24,No,
915196,205037,2026-03-25,103.12,No,
915197,201382,2026-03-25,113.35,No,
915198,200797,2026-03-25,71.13,Yes,2026-03-27
915199,215278,2026-03-25,74.77,No,
915200,219755,2026-03-25,99.34,Yes,2026-03-25
915201,204646,2026-03-25,82.09,No,
915202,241064,2026-03-25,81.28,No,
915203,206357,2026-03-25,55.62,No,
915204,231146,2026-03-25,42.12,No,
915205,224494,2026-03-25,73.92,No,
915206,211955,2026-03-25,109.60,No,
915207,222809,2026-03-25,66.28,Yes,2026-03-27
915208,216452,2026-03-25,58.24,No,
915209,224316,2026-03-25,74.68,No,
915210,238813,2026-03-25,55.80,Yes,2026-03-27
915211,227610,2026-03-25,90.27,No,
915212,202180,2026-03-25,68.86,Yes,2026-03-28
915213,231559,2026-03-25,74.65,Yes,2026-03-27
915214,218997,2026-03-25,91.23,Yes,2026-03-25
915215,240071,2026-03-25,47.42,Yes,2026-03-25
915216,240824,2026-03-25,80.58,No,
915217,220715,2026-03-25,35.57,Yes,2026-03-27
915218,246117,2026-03-25,79.17,No,
915219,246204,2026-03-25,70.68,No,
915220,227907,2026-03-25,76.60,No,
915221,202393,2026-03-25,73.63,No,
915222,215171,2026-03-25,101.80,No,
915223,216314,2026-03-25,85.56,No,
915224,245478,2026-03-25,54.80,No,
915225,227999,2026-03-25,80.80,No,
915226,205050,2026-03-25,84.51,No,
915227,206686,2026-03-26,92.73,No,
915228,200999,2026-03-26,77.51,Yes,2026-03-29
915229,219200,2026-03-26,112.54,No,
915230,205235,2026-03-26,83.03,Yes,2026-03-29
915231,204581,2026-03-26,90.33,No,
915232,246513,2026-03-26,64.43,No,
915233,219348,2026-03-26,39.59,Yes,2026-03-29
915234,241622,2026-03-26,58.30,No,
915235,206626,2026-03-26,94.67,No,
915236,226197,2026-03-26,51.80,No,
915237,207354,2026-03-26,98.42,No,
915238,214922,2026-03-26,121.67,No,
915239,222958,2026-03-26,116.11,No,
915240,200929,2026-03-26,125.38,Yes,2026-03-28
915241,224182,2026-03-26,41.11,No,
915242,232976,2026-03-26,58.18,No,
915243,213261,2026-03-26,47.91,No,
915244,201000,2026-03-26,96.27,Yes,2026-03-29
915245,244055,2026-03-26,101.72,No,
915246,219518,2026-03-26,85.35,No,
915247,225070,2026-03-26,88.13,Yes,2026-03-29
915248,238469,2026-03-26,67.60,No,
915249,226292,2026-03-26,75.15,Yes,2026-03-29
915250,247143,2026-03-26,66.22,No,
915251,219248,2026-03-26,75.41,No,
915252,216611,2026-03-26,95.31,No,
915253,248024,2026-03-26,38.45,No,
915254,227949,2026-03-26,95.47,No,
915255,208975,2026-03-26,93.41,Yes,2026-03-27
915256,224197,2026-03-26,37.39,No,
915257,210924,2026-03-26,59.81,No,
915258,211145,2026-03-26,35.05,Yes,2026-03-28
915259,237114,2026-03-26,69.02,No,
915260,235213,2026-03-26,106.76,No,
915261,205841,2026-03-26,94.96,No,
915262,232097,2026-03-26,93.81,No,
915263,229784,2026-03-26,47.76,No,
915264,246710,2026-03-26,54.45,Yes,2026-03-27
915265,235381,2026-03-26,102.18,No,
915266,215235,2026-03-26,61.58,No,
915267,211700,2026-03-26,54.59,Yes,2026-03-29
915268,242640,2026-03-26,128.36,Yes,2026-03-28
915269,205755,2026-03-26,105.29,Yes,2026-03-28
915270,204096,2026-03-26,134.52,No,
915271,214790,2026-03-26,89.68,Yes,2026-03-26
915272,213423,2026-03-26,48.07,No,
915273,212546,2026-03-26,100.43,Yes,2026-03-26
915274,212539,2026-03-26,107.74,No,
915275,218644,2026-03-26,88.57,No,
915276,222383,2026-03-26,66.88,No,
915277,210535,2026-03-26,47.20,Yes,2026-03-28
915278,218241,2026-03-26,40.69,No,
915279,223793,2026-03-26,96.14,Yes,2026-03-29
915280,217545,2026-03-26,84.26,No,
915281,244982,2026-03-26,83.25,No,
915282,206541,2026-03-26,92.46,No,
915283,239093,2026-03-26,63.88,No,
915284,221924,2026-03-26,34.21,Yes,2026-03-28
915285,241711,2026-03-26,99.09,No,
915286,237848,2026-03-26,23.14,No,
915287,232984,2026-03-26,97.11,No,
915288,233465,2026-03-26,66.39,No,
915289,204557,2026-03-26,80.30,Yes,2026-03-27
915290,248213,2026-03-26,83.58,No,
915291,245927,2026-03-26,99.09,Yes,2026-03-26
915292,231724,2026-03-26,76.76,No,
915293,222935,2026-03-26,49.99,Yes,2026-03-27
915294,211245,2026-03-26,48.97,Yes,2026-03-28
915295,246463,2026-03-26,36.71,Yes,2026-03-29
915296,243190,2026-03-26,70.12,No,
915297,232795,2026-03-26,88.04,Yes,2026-03-28
915298,207380,2026-03-26,73.21,Yes,2026-03-26
915299,236300,2026-03-26,135.62,No,
915300,231370,2026-03-26,86.53,No,
915301,240320,2026-03-26,115.03,Yes,2026-03-28
915302,232633,2026-03-26,118.75,No,
915303,201111,2026-03-26,58.02,No,
915304,223073,2026-03-26,115.72,No,
915305,217028,2026-03-26,138.27,No,
915306,240747,2026-03-26,97.09,No,
915307,218174,2026-03-26,82.38,No,
915308,213711,2026-03-26,49.96,Yes,2026-03-29
915309,215080,2026-03-26,65.04,No,
915310,235593,2026-03-26,59.53,Yes,2026-03-26
915311,240575,2026-03-26,69.15,No,
915312,244319,2026-03-26,80.22,No,
915313,203515,2026-03-26,62.04,Yes,2026-03-29
915314,236193,2026-03-26,98.46,No,
915315,234321,2026-03-26,106.56,No,
915316,213457,2026-03-26,53.67,No,
915317,231998,2026-03-26,121.69,Yes,2026-03-27
915318,247161,2026-03-26,57.93,No,
915319,231673,2026-03-26,69.11,No,
915320,235289,2026-03-26,131.54,No,
915321,231281,2026-03-26,76.55,Yes,2026-03-28
915322,202887,2026-03-26,89.01,No,
915323,230612,2026-03-26,63.47,Yes,2026-03-29
915324,220831,2026-03-26,92.95,No,
915325,210881,2026-03-26,87.13,No,
915326,206610,2026-03-26,101.80,No,
915327,248341,2026-03-26,95.92,Yes,2026-03-28
915328,222527,2026-03-26,59.58,No,
915329,239719,2026-03-26,158.98,No,
915330,243455,2026-03-26,59.93,No,
915331,236157,2026-03-26,53.65,No,
915332,203874,2026-03-26,36.99,No,
915333,243838,2026-03-26,41.24,No,
915334,225029,2026-03-26,140.39,Yes,2026-03-26
915335,242010,2026-03-26,62.99,No,
915336,201374,2026-03-26,83.24,Yes,2026-03-26
915337,237236,2026-03-26,116.01,No,
915338,228521,2026-03-26,87.24,Yes,2026-03-28
915339,210191,2026-03-26,74.64,No,
915340,204191,2026-03-26,84.48,No,
915341,247297,2026-03-26,74.96,No,
915342,231259,2026-03-26,67.18,No,
915343,230593,2026-03-26,94.94,No,
915344,200170,2026-03-26,116.81,No,
915345,240128,2026-03-26,104.89,No,
915346,241701,2026-03-26,54.77,No,
915347,224614,2026-03-26,101.33,No,
915348,219375,2026-03-26,100.26,Yes,2026-03-29
915349,230101,2026-03-26,76.67,No,
915350,207680,2026-03-26,20.00,No,
915351,206276,2026-03-26,83.97,No,
915352,225595,2026-03-26,91.46,No,
915353,232630,2026-03-26,87.36,No,
915354,224469,2026-03-26,83.27,No,
915355,210687,2026-03-26,140.33,Yes,2026-03-27
915356,245403,2026-03-26,88.48,No,
915357,238819,2026-03-26,111.47,No,
915358,238456,2026-03-26,95.02,No,
915359,225035,2026-03-26,59.74,No,
915360,210036,2026-03-26,60.30,No,
915361,223814,2026-03-26,77.52,No,
915362,205645,2026-03-27,88.39,No,
915363,242926,2026-03-27,129.69,Yes,2026-03-29
915364,226300,2026-03-27,57.95,Yes,2026-03-27
915365,215730,2026-03-27,79.06,Yes,2026-03-30
915366,247813,2026-03-27,39.09,No,
915367,235304,2026-03-27,56.75,No,
915368,241020,2026-03-27,109.08,Yes,2026-03-27
915369,243640,2026-03-27,169.88,No,
915370,205412,2026-03-27,78.63,No,
915371,204653,2026-03-27,71.57,No,
915372,241976,2026-03-27,86.47,No,
915373,244548,2026-03-27,99.43,Yes,2026-03-30
915374,225198,2026-03-27,84.91,No,
915375,232738,2026-03-27,55.59,No,
915376,207363,2026-03-27,105.62,No,
915377,221484,2026-03-27,81.07,Yes,2026-03-28
915378,210491,2026-03-27,130.37,Yes,2026-03-29
915379,242849,2026-03-27,106.92,No,
915380,234695,2026-03-27,94.90,No,
915381,235024,2026-03-27,71.98,Yes,2026-03-27
915382,223202,2026-03-27,68.35,No,
915383,221263,2026-03-27,128.94,Yes,2026-03-27
915384,246794,2026-03-27,70.87,Yes,2026-03-30
915385,222339,2026-03-27,140.58,No,
915386,239088,2026-03-27,86.54,No,
915387,226590,2026-03-27,75.36,No,
915388,223285,2026-03-27,148.54,No,
915389,230424,2026-03-27,115.37,Yes,2026-03-28
915390,226229,2026-03-27,78.96,Yes,2026-03-30
915391,239948,2026-03-27,64.33,Yes,2026-03-27
915392,237256,2026-03-27,120.15,Yes,2026-03-29
915393,244500,2026-03-27,95.84,No,
915394,207056,2026-03-27,89.17,No,
915395,212595,2026-03-27,65.97,No,
915396,219703,2026-03-27,70.81,No,
915397,240423,2026-03-27,81.20,No,
915398,223493,2026-03-27,94.48,No,
915399,229954,2026-03-27,82.77,No,
915400,227799,2026-03-27,52.24,No,
915401,210758,2026-03-27,53.34,No,
915402,248413,2026-03-27,97.05,No,
915403,218865,2026-03-27,90.17,No,
915404,211852,2026-03-27,57.33,Yes,2026-03-30
915405,211802,2026-03-27,72.83,No,
915406,230796,2026-03-27,87.18,Yes,2026-03-28
915407,242008,2026-03-27,112.12,Yes,2026-03-29
915408,238115,2026-03-27,111.51,No,
915409,232819,2026-03-27,61.47,No,
915410,235691,2026-03-27,97.31,No,
915411,244535,2026-03-27,93.20,No,
915412,235236,2026-03-27,113.12,No,
915413,242709,2026-03-27,68.14,No,
915414,208307,2026-03-27,105.06,No,
915415,212797,2026-03-27,61.61,No,
915416,208462,2026-03-27,44.70,No,
915417,211743,2026-03-27,96.56,No,
915418,237875,2026-03-27,67.85,No,
915419,218855,2026-03-27,101.32,No,
915420,202011,2026-03-27,85.78,Yes,2026-03-27
915421,243854,2026-03-27,102.12,No,
915422,213250,2026-03-27,87.11,Yes,2026-03-28
915423,216259,2026-03-27,62.94,No,
915424,224148,2026-03-27,103.40,No,
915425,204143,2026-03-27,115.48,No,
915426,215673,2026-03-27,78.70,No,
915427,228459,2026-03-27,86.17,No,
915428,236519,2026-03-27,66.17,No,
915429,226331,2026-03-27,104.99,No,
915430,219836,2026-03-27,76.29,Yes,2026-03-30
915431,213093,2026-03-27,82.71,Yes,2026-03-27
915432,230566,2026-03-27,41.50,No,
915433,230501,2026-03-27,83.47,No,
915434,243945,2026-03-27,88.45,No,
915435,210829,2026-03-27,96.95,No,
915436,218819,2026-03-27,101.94,Yes,2026-03-29
915437,220798,2026-03-27,89.08,No,
915438,221335,2026-03-27,89.43,No,
915439,229601,2026-03-27,70.69,No,
915440,211424,2026-03-27,45.12,No,
915441,212535,2026-03-27,101.08,No,
915442,235147,2026-03-27,45.46,Yes,2026-03-28
915443,220088,2026-03-27,85.22,No,
915444,206309,2026-03-27,58.43,No,
915445,210152,2026-03-27,115.47,No,
915446,224598,2026-03-27,68.55,No,
915447,215162,2026-03-27,92.47,No,
915448,233599,2026-03-27,75.34,No,
915449,239533,2026-03-27,95.04,No,
915450,234881,2026-03-27,73.34,Yes,2026-03-29
915451,220073,2026-03-27,47.25,No,
915452,224002,2026-03-27,59.98,No,
915453,239221,2026-03-27,69.11,No,
915454,229967,2026-03-27,51.08,No,
915455,226823,2026-03-27,70.72,Yes,2026-03-28
915456,225450,2026-03-27,45.69,Yes,2026-03-30
915457,245809,2026-03-27,130.76,No,
915458,201029,2026-03-27,110.75,Yes,2026-03-29
915459,240584,2026-03-27,110.38,Yes,2026-03-28
915460,241146,2026-03-27,95.89,Yes,2026-03-28
915461,211548,2026-03-27,65.22,No,
915462,235866,2026-03-27,37.91,No,
915463,243142,2026-03-27,79.00,No,
915464,244164,2026-03-27,152.37,No,
915465,202469,2026-03-27,68.38,Yes,2026-03-29
915466,202441,2026-03-27,70.13,Yes,2026-03-29
915467,224118,2026-03-27,80.17,No,
915468,209326,2026-03-27,35.25,Yes,2026-03-28
915469,225899,2026-03-27,103.33,No,
915470,237384,2026-03-27,49.78,No,
915471,248421,2026-03-27,64.89,No,
915472,215641,2026-03-27,83.26,No,
915473,229407,2026-03-27,58.85,No,
915474,210203,2026-03-27,108.68,No,
915475,204407,2026-03-27,61.00,No,
915476,232251,2026-03-27,74.10,No,
915477,238404,2026-03-27,100.68,No,
915478,231501,2026-03-27,53.22,No,
915479,212642,2026-03-27,77.23,Yes,2026-03-29
915480,215820,2026-03-27,48.85,Yes,2026-03-27
915481,244530,2026-03-27,63.50,No,
915482,208635,2026-03-27,105.46,No,
915483,217481,2026-03-27,71.45,No,
915484,237123,2026-03-27,38.31,No,
915485,206758,2026-03-27,47.80,No,
915486,239666,2026-03-27,111.27,No,
915487,238283,2026-03-27,98.20,No,
915488,218145,2026-03-27,110.50,No,
915489,241159,2026-03-27,96.51,No,
915490,215862,2026-03-27,64.55,No,
915491,213545,2026-03-27,92.63,No,
915492,242647,2026-03-27,127.97,No,
915493,213932,2026-03-27,67.87,No,
915494,215740,2026-03-27,139.65,No,
915495,201060,2026-03-27,97.54,No,
915496,233037,2026-03-27,49.08,No,
915497,233509,2026-03-27,71.40,No,
915498,239344,2026-03-27,35.42,No,
915499,238152,2026-03-27,89.25,No,
915500,240794,2026-03-27,84.75,Yes,2026-03-30
915501,241059,2026-03-27,58.34,No,
915502,233743,2026-03-27,92.97,No,
915503,225031,2026-03-27,92.64,Yes,2026-03-29
915504,235123,2026-03-27,57.09,No,
915505,225710,2026-03-27,48.79,No,
915506,203221,2026-03-27,48.31,No,
915507,232236,2026-03-27,85.19,No,
915508,203961,2026-03-27,64.06,No,
915509,244805,2026-03-27,120.07,No,
915510,202843,2026-03-27,58.04,Yes,2026-03-27
915511,238960,2026-03-28,105.23,No,
915512,215722,2026-03-28,95.89,No,
915513,215300,2026-03-28,90.52,No,
915514,227457,2026-03-28,67.10,No,
915515,229855,2026-03-28,70.86,No,
915516,243395,2026-03-28,105.73,Yes,2026-03-30
915517,217891,2026-03-28,59.44,Yes,2026-03-28
915518,234510,2026-03-28,71.95,Yes,2026-03-28
915519,222962,2026-03-28,56.23,No,
915520,202679,2026-03-28,81.17,Yes,2026-03-28
915521,228966,2026-03-28,94.56,Yes,2026-03-28
915522,219714,2026-03-28,125.32,No,
915523,205388,2026-03-28,79.31,Yes,2026-03-28
915524,247075,2026-03-28,39.98,No,
915525,227948,2026-03-28,99.60,No,
915526,248386,2026-03-28,91.58,Yes,2026-03-30
915527,213258,2026-03-28,57.05,No,
915528,210868,2026-03-28,33.70,No,
915529,246634,2026-03-28,96.34,No,
915530,213711,2026-03-28,84.70,No,
915531,235237,2026-03-28,66.51,Yes,2026-03-31
915532,201587,2026-03-28,65.86,No,
915533,228537,2026-03-28,58.96,No,
915534,234784,2026-03-28,80.84,No,
915535,208881,2026-03-28,74.74,No,
915536,243656,2026-03-28,93.59,No,
915537,227083,2026-03-28,76.21,No,
915538,211935,2026-03-28,69.92,No,
915539,202546,2026-03-28,86.83,No,
915540,225940,2026-03-28,98.73,No,
915541,217855,2026-03-28,85.22,No,
915542,233763,2026-03-28,72.29,No,
915543,234818,2026-03-28,96.79,No,
915544,203551,2026-03-28,61.87,No,
915545,222188,2026-03-28,96.13,No,
915546,245594,2026-03-28,78.48,No,
915547,236660,2026-03-28,126.75,Yes,2026-03-29
915548,223319,2026-03-28,98.20,No,
915549,201516,2026-03-28,91.30,Yes,2026-03-31
915550,241253,2026-03-28,71.82,No,
915551,206987,2026-03-28,77.63,No,
915552,211058,2026-03-28,98.41,No,
915553,234648,2026-03-28,66.30,Yes,2026-03-30
915554,234812,2026-03-28,34.04,No,
915555,234184,2026-03-28,66.82,Yes,2026-03-30
915556,211965,2026-03-28,66.97,No,
915557,240027,2026-03-28,49.05,No,
915558,202885,2026-03-28,68.74,No,
915559,205244,2026-03-28,62.58,No,
915560,215867,2026-03-28,74.91,No,
915561,201401,2026-03-28,79.88,No,
915562,233607,2026-03-28,60.58,Yes,2026-03-30
915563,213415,2026-03-28,117.80,Yes,2026-03-28
915564,233994,2026-03-28,91.06,No,
915565,247842,2026-03-28,87.18,Yes,2026-03-29
915566,245223,2026-03-28,81.48,No,
915567,214642,2026-03-28,117.93,No,
915568,239914,2026-03-28,112.51,No,
915569,208303,2026-03-28,108.05,No,
915570,218599,2026-03-28,115.98,Yes,2026-03-31
915571,210978,2026-03-28,100.67,Yes,2026-03-30
915572,222933,2026-03-28,88.60,No,
915573,224681,2026-03-28,126.37,No,
915574,212277,2026-03-28,86.90,No,
915575,206258,2026-03-28,80.46,No,
915576,228992,2026-03-28,64.38,No,
915577,212527,2026-03-28,73.71,No,
915578,231259,2026-03-28,83.33,Yes,2026-03-29
915579,218771,2026-03-28,72.06,No,
915580,232888,2026-03-28,57.37,No,
915581,219727,2026-03-28,102.15,No,
915582,243822,2026-03-28,60.77,No,
915583,230467,2026-03-28,39.31,No,
915584,246346,2026-03-28,51.28,Yes,2026-03-28
915585,217573,2026-03-28,65.29,No,
915586,234869,2026-03-28,68.77,Yes,2026-03-28
915587,246444,2026-03-28,78.55,No,
915588,230083,2026-03-28,91.24,No,
915589,216377,2026-03-28,93.15,Yes,2026-03-28
915590,218685,2026-03-28,83.80,No,
915591,246329,2026-03-28,75.12,No,
915592,223850,2026-03-28,89.27,No,
915593,201443,2026-03-28,96.20,No,
915594,210060,2026-03-28,99.73,No,
915595,218477,2026-03-28,58.68,No,
915596,201045,2026-03-28,49.09,No,
915597,211449,2026-03-28,92.80,Yes,2026-03-28
915598,205677,2026-03-28,78.79,Yes,2026-03-31
915599,242536,2026-03-28,78.93,Yes,2026-03-30
915600,239793,2026-03-28,101.31,No,
915601,216639,2026-03-28,93.08,Yes,2026-03-28
915602,224310,2026-03-28,52.99,Yes,2026-03-28
915603,215351,2026-03-28,59.14,Yes,2026-03-28
915604,240843,2026-03-28,105.08,No,
915605,201956,2026-03-28,77.57,Yes,2026-03-29
915606,220609,2026-03-28,122.08,Yes,2026-03-29
915607,205224,2026-03-28,54.99,No,
915608,222235,2026-03-28,125.01,Yes,2026-03-31
915609,241831,2026-03-28,121.37,No,
915610,201956,2026-03-28,107.62,Yes,2026-03-30
915611,224406,2026-03-28,80.12,No,
915612,239924,2026-03-28,85.80,No,
915613,208643,2026-03-28,90.16,No,
915614,234609,2026-03-28,97.55,Yes,2026-03-30
915615,245852,2026-03-28,51.33,No,
915616,211859,2026-03-28,81.47,No,
915617,227907,2026-03-28,37.90,No,
915618,232409,2026-03-28,115.13,No,
915619,203567,2026-03-28,77.79,No,
915620,240730,2026-03-28,55.44,No,
915621,211036,2026-03-28,85.68,No,
915622,232145,2026-03-28,72.49,No,
915623,223975,2026-03-28,87.10,No,
915624,221524,2026-03-28,104.29,No,
915625,242938,2026-03-28,119.12,No,
915626,210497,2026-03-28,51.20,No,
915627,245359,2026-03-28,66.90,Yes,2026-03-31
915628,204649,2026-03-28,107.72,No,
915629,226290,2026-03-28,57.30,No,
915630,219852,2026-03-28,35.40,Yes,2026-03-31
915631,242672,2026-03-28,20.00,No,
915632,206268,2026-03-28,95.42,Yes,2026-03-28
915633,233531,2026-03-28,102.23,No,
915634,211526,2026-03-28,77.75,No,
915635,226243,2026-03-28,44.07,No,
915636,212021,2026-03-28,96.24,No,
915637,222529,2026-03-28,56.52,No,
915638,246060,2026-03-28,83.84,No,
915639,232898,2026-03-28,87.34,No,
915640,218989,2026-03-28,48.81,No,
915641,232954,2026-03-28,43.22,No,
915642,230506,2026-03-28,73.76,Yes,2026-03-30
915643,242005,2026-03-28,67.67,No,
915644,214366,2026-03-28,81.02,No,
915645,204759,2026-03-28,30.90,No,
915646,207447,2026-03-28,37.12,Yes,2026-03-29
915647,224624,2026-03-28,97.06,No,
915648,221596,2026-03-28,33.45,No,
915649,211913,2026-03-28,42.50,Yes,2026-03-29
915650,224016,2026-03-28,83.42,No,
915651,248044,2026-03-28,79.93,Yes,2026-03-31
915652,204687,2026-03-28,101.51,No,
915653,248004,2026-03-28,104.38,No,
915654,209078,2026-03-28,61.59,No,
915655,239270,2026-03-28,59.90,No,
915656,226617,2026-03-28,66.00,No,
915657,231596,2026-03-29,115.80,No,
915658,206181,2026-03-29,76.55,No,
915659,228315,2026-03-29,86.46,No,
915660,212675,2026-03-29,92.55,Yes,2026-03-31
915661,228645,2026-03-29,35.78,No,
915662,209418,2026-03-29,80.01,No,
915663,246083,2026-03-29,73.64,No,
915664,220544,2026-03-29,57.44,No,
915665,224810,2026-03-29,97.92,No,
915666,229494,2026-03-29,81.61,No,
915667,219723,2026-03-29,70.20,No,
915668,238645,2026-03-29,85.70,No,
915669,227635,2026-03-29,45.08,Yes,2026-04-01
915670,225767,2026-03-29,52.80,No,
915671,221187,2026-03-29,35.21,No,
915672,203476,2026-03-29,70.04,No,
915673,245984,2026-03-29,57.45,No,
915674,242920,2026-03-29,105.42,No,
915675,246109,2026-03-29,118.00,No,
915676,228149,2026-03-29,86.99,No,
915677,225257,2026-03-29,108.95,No,
915678,239240,2026-03-29,131.24,No,
915679,202013,2026-03-29,72.08,Yes,2026-03-31
915680,200928,2026-03-29,78.71,Yes,2026-03-29
915681,239849,2026-03-29,122.55,No,
915682,247746,2026-03-29,127.39,No,
915683,213091,2026-03-29,75.32,No,
915684,222780,2026-03-29,43.04,No,
915685,236431,2026-03-29,87.35,No,
915686,236969,2026-03-29,107.70,Yes,2026-04-01
915687,220325,2026-03-29,97.72,No,
915688,211751,2026-03-29,120.40,No,
915689,246384,2026-03-29,95.96,No,
915690,217544,2026-03-29,92.77,No,
915691,242520,2026-03-29,116.18,Yes,2026-03-31
915692,215260,2026-03-29,60.62,Yes,2026-03-29
915693,215987,2026-03-29,89.00,No,
915694,223345,2026-03-29,85.24,Yes,2026-03-29
915695,202765,2026-03-29,103.04,No,
915696,225596,2026-03-29,70.97,No,
915697,242226,2026-03-29,107.74,Yes,2026-03-31
915698,222739,2026-03-29,80.94,Yes,2026-03-30
915699,215980,2026-03-29,103.35,Yes,2026-03-30
915700,204642,2026-03-29,76.92,No,
915701,240881,2026-03-29,60.49,Yes,2026-03-30
915702,231805,2026-03-29,68.30,No,
915703,218440,2026-03-29,106.68,No,
915704,226977,2026-03-29,91.51,No,
915705,209996,2026-03-29,84.29,No,
915706,215215,2026-03-29,86.24,No,
915707,231963,2026-03-29,98.27,No,
915708,213961,2026-03-29,48.20,No,
915709,229371,2026-03-29,106.28,Yes,2026-04-01
915710,204532,2026-03-29,88.39,No,
915711,229023,2026-03-29,74.77,No,
915712,246563,2026-03-29,86.87,No,
915713,241429,2026-03-29,125.47,Yes,2026-04-01
915714,202841,2026-03-29,88.03,No,
915715,219638,2026-03-29,34.81,Yes,2026-03-31
915716,245280,2026-03-29,95.41,No,
915717,223878,2026-03-29,166.64,No,
915718,234736,2026-03-29,73.65,No,
915719,204597,2026-03-29,50.44,No,
915720,217360,2026-03-29,92.26,No,
915721,243839,2026-03-29,84.16,No,
915722,232219,2026-03-29,102.55,No,
915723,216598,2026-03-29,135.02,No,
915724,227073,2026-03-29,84.27,No,
915725,226793,2026-03-29,94.94,No,
915726,238932,2026-03-29,77.09,No,
915727,246588,2026-03-29,96.80,No,
915728,201386,2026-03-29,99.96,Yes,2026-04-01
915729,234089,2026-03-29,44.77,No,
915730,233986,2026-03-29,45.82,No,
915731,200534,2026-03-29,98.53,No,
915732,238425,2026-03-29,102.27,No,
915733,225866,2026-03-29,72.62,No,
915734,242931,2026-03-29,78.22,No,
915735,200560,2026-03-29,93.20,Yes,2026-03-30
915736,208319,2026-03-29,158.72,No,
915737,235249,2026-03-29,90.46,No,
915738,242158,2026-03-29,112.08,No,
915739,236883,2026-03-29,77.54,No,
915740,246817,2026-03-29,62.08,No,
915741,229901,2026-03-29,83.60,Yes,2026-04-01
915742,212335,2026-03-29,85.86,No,
915743,232641,2026-03-29,37.24,No,
915744,243761,2026-03-29,96.58,No,
915745,214001,2026-03-29,88.45,No,
915746,215791,2026-03-29,113.64,Yes,2026-03-31
915747,231555,2026-03-29,59.44,Yes,2026-03-30
915748,205016,2026-03-29,100.05,No,
915749,202958,2026-03-29,84.96,Yes,2026-03-29
915750,232674,2026-03-29,143.94,No,
915751,201588,2026-03-29,65.50,Yes,2026-03-30
915752,202406,2026-03-29,48.70,No,
915753,203012,2026-03-29,107.85,No,
915754,225596,2026-03-29,95.27,Yes,2026-03-29
915755,217433,2026-03-29,85.45,No,
915756,214532,2026-03-29,55.91,No,
915757,205937,2026-03-29,45.74,No,
915758,226133,2026-03-29,116.66,No,
915759,248084,2026-03-29,88.32,No,
915760,243045,2026-03-29,41.83,Yes,2026-03-30
915761,242747,2026-03-29,84.09,No,
915762,216757,2026-03-29,85.32,Yes,2026-04-01
915763,204773,2026-03-29,47.07,No,
915764,233826,2026-03-29,108.44,Yes,2026-04-01
915765,204297,2026-03-29,97.02,No,
915766,210056,2026-03-29,100.79,No,
915767,245215,2026-03-29,63.82,No,
915768,218034,2026-03-29,99.67,Yes,2026-03-29
915769,248394,2026-03-29,73.44,No,
915770,237373,2026-03-29,118.70,No,
915771,238615,2026-03-29,101.88,No,
915772,210623,2026-03-29,78.22,Yes,2026-04-01
915773,220299,2026-03-29,110.90,No,
915774,206195,2026-03-29,40.28,No,
915775,215967,2026-03-29,89.77,No,
915776,227815,2026-03-29,55.15,No,
915777,200974,2026-03-29,101.02,No,
915778,224640,2026-03-29,109.10,Yes,2026-04-01
915779,215576,2026-03-29,115.60,No,
915780,212341,2026-03-29,70.46,No,
915781,205920,2026-03-29,100.30,No,
915782,216706,2026-03-29,84.75,No,
915783,208823,2026-03-29,59.12,No,
915784,202154,2026-03-29,56.70,Yes,2026-04-01
915785,247119,2026-03-29,137.16,No,
915786,246886,2026-03-29,76.43,No,
915787,233587,2026-03-29,95.15,No,
915788,207778,2026-03-29,117.50,No,
915789,207440,2026-03-29,93.82,Yes,2026-03-31
915790,209659,2026-03-29,83.05,No,
915791,228342,2026-03-29,53.55,No,
915792,231909,2026-03-29,70.06,No,
915793,228166,2026-03-29,93.11,No,
915794,237497,2026-03-29,122.48,No,
915795,203761,2026-03-29,59.25,No,
915796,238112,2026-03-29,68.99,No,
915797,223424,2026-03-29,75.24,Yes,2026-03-29
915798,227928,2026-03-29,86.02,No,
915799,244002,2026-03-29,115.38,No,
915800,223690,2026-03-29,81.23,No,
915801,234422,2026-03-29,96.55,No,
915802,208172,2026-03-29,74.13,Yes,2026-03-29
915803,228150,2026-03-29,115.68,No,
915804,224998,2026-03-29,128.44,No,
915805,246731,2026-03-29,102.60,Yes,2026-04-01
915806,227064,2026-03-29,100.62,No,
915807,203791,2026-03-29,71.60,No,
915808,220643,2026-03-29,93.75,No,
915809,230988,2026-03-29,72.00,No,
915810,242666,2026-03-29,74.40,No,
915811,221916,2026-03-29,44.31,No,
915812,234182,2026-03-30,78.26,No,
915813,205864,2026-03-30,92.62,No,
915814,248345,2026-03-30,90.13,No,
915815,222323,2026-03-30,91.55,No,
915816,214465,2026-03-30,69.86,No,
915817,204805,2026-03-30,127.12,No,
915818,240344,2026-03-30,69.37,No,
915819,237349,2026-03-30,64.99,No,
915820,238666,2026-03-30,119.28,No,
915821,230307,2026-03-30,76.90,No,
915822,219911,2026-03-30,77.05,No,
915823,215555,2026-03-30,76.80,No,
915824,226408,2026-03-30,95.44,No,
915825,232440,2026-03-30,74.36,Yes,2026-04-01
915826,242273,2026-03-30,74.39,No,
915827,246491,2026-03-30,81.09,Yes,2026-04-02
915828,214803,2026-03-30,89.66,No,
915829,206132,2026-03-30,85.95,No,
915830,220114,2026-03-30,119.79,No,
915831,219493,2026-03-30,73.16,No,
915832,233428,2026-03-30,77.14,No,
915833,203244,2026-03-30,59.21,No,
915834,222437,2026-03-30,67.72,Yes,2026-04-02
915835,229834,2026-03-30,103.81,Yes,2026-03-30
915836,209031,2026-03-30,35.10,No,
915837,222240,2026-03-30,70.34,Yes,2026-03-30
915838,220922,2026-03-30,50.22,Yes,2026-03-31
915839,236854,2026-03-30,44.89,No,
915840,238565,2026-03-30,80.14,No,
915841,238571,2026-03-30,105.47,No,
915842,230699,2026-03-30,53.01,No,
915843,223054,2026-03-30,59.74,Yes,2026-03-31
915844,215022,2026-03-30,88.72,Yes,2026-04-02
915845,211630,2026-03-30,103.76,Yes,2026-03-30
915846,223722,2026-03-30,68.66,No,
915847,235645,2026-03-30,90.89,No,
915848,242811,2026-03-30,86.13,No,
915849,207511,2026-03-30,29.84,No,
915850,234767,2026-03-30,83.00,No,
915851,239513,2026-03-30,75.09,No,
915852,241988,2026-03-30,90.23,No,
915853,217834,2026-03-30,92.19,No,
915854,217263,2026-03-30,117.86,No,
915855,212335,2026-03-30,45.39,No,
915856,227553,2026-03-30,93.98,No,
915857,210014,2026-03-30,85.95,No,
915858,242097,2026-03-30,77.10,No,
915859,240771,2026-03-30,47.62,No,
915860,204282,2026-03-30,101.56,No,
915861,245113,2026-03-30,102.96,Yes,2026-03-30
915862,226876,2026-03-30,83.29,Yes,2026-04-01
915863,241659,2026-03-30,85.85,No,
915864,243847,2026-03-30,104.65,No,
915865,217854,2026-03-30,116.02,Yes,2026-03-31
915866,215499,2026-03-30,102.02,No,
915867,232438,2026-03-30,55.63,No,
915868,228002,2026-03-30,108.66,No,
915869,217288,2026-03-30,115.14,No,
915870,203626,2026-03-30,90.28,Yes,2026-03-31
915871,229847,2026-03-30,72.25,No,
915872,204346,2026-03-30,42.08,No,
915873,238717,2026-03-30,106.39,Yes,2026-04-01
915874,229791,2026-03-30,88.90,Yes,2026-04-02
915875,201103,2026-03-30,72.62,No,
915876,239957,2026-03-30,111.13,No,
915877,214254,2026-03-30,58.20,No,
915878,236909,2026-03-30,58.43,No,
915879,226103,2026-03-30,55.59,No,
915880,215340,2026-03-30,79.00,No,
915881,206193,2026-03-30,69.05,Yes,2026-04-02
915882,204883,2026-03-30,59.94,No,
915883,217270,2026-03-30,82.55,No,
915884,233872,2026-03-30,51.29,No,
915885,244863,2026-03-30,36.95,No,
915886,205875,2026-03-30,70.86,No,
915887,220256,2026-03-30,83.79,No,
915888,234872,2026-03-30,90.87,No,
915889,205771,2026-03-30,61.79,No,
915890,241069,2026-03-30,83.90,No,
915891,227967,2026-03-30,92.13,Yes,2026-04-02
915892,230450,2026-03-30,94.37,No,
915893,225336,2026-03-30,90.46,No,
915894,219336,2026-03-30,107.94,Yes,2026-04-01
915895,238629,2026-03-30,70.85,No,
915896,214101,2026-03-30,78.96,No,
915897,224731,2026-03-30,55.52,No,
915898,206025,2026-03-30,112.80,No,
915899,238280,2026-03-30,74.56,Yes,2026-04-02
915900,246089,2026-03-30,87.42,No,
915901,247620,2026-03-30,75.84,No,
915902,244094,2026-03-30,48.99,No,
915903,216356,2026-03-30,76.12,No,
915904,215732,2026-03-30,51.21,Yes,2026-03-30
915905,236840,2026-03-30,110.29,Yes,2026-04-02
915906,223829,2026-03-30,69.07,No,
915907,233936,2026-03-30,161.13,No,
915908,212468,2026-03-30,62.32,No,
915909,203892,2026-03-30,26.53,Yes,2026-04-02
915910,223680,2026-03-30,81.37,Yes,2026-03-31
915911,236857,2026-03-30,97.57,No,
915912,236612,2026-03-30,69.26,No,
915913,230186,2026-03-30,96.68,Yes,2026-03-30
915914,235428,2026-03-30,58.24,Yes,2026-03-31
915915,243685,2026-03-30,85.84,No,
915916,226426,2026-03-30,113.10,No,
915917,205380,2026-03-30,63.27,No,
915918,208605,2026-03-30,54.87,No,
915919,239268,2026-03-30,72.11,Yes,2026-03-31
915920,229163,2026-03-30,119.02,Yes,2026-04-02
915921,205486,2026-03-30,47.86,No,
915922,246086,2026-03-30,32.94,No,
915923,220797,2026-03-30,29.58,Yes,2026-04-01
915924,203302,2026-03-30,49.95,No,
915925,231428,2026-03-30,83.45,No,
915926,222866,2026-03-30,81.19,No,
915927,225960,2026-03-30,104.45,No,
915928,245248,2026-03-30,77.85,Yes,2026-03-30
915929,241641,2026-03-30,81.73,Yes,2026-03-30
915930,234734,2026-03-30,94.38,No,
915931,209435,2026-03-30,125.13,No,
915932,214546,2026-03-30,59.95,Yes,2026-04-01
915933,217808,2026-03-30,68.68,No,
915934,233742,2026-03-30,104.32,No,
915935,225954,2026-03-30,102.37,No,
915936,245270,2026-03-30,99.13,No,
915937,219538,2026-03-30,97.20,No,
915938,238558,2026-03-30,42.25,Yes,2026-03-31
915939,212699,2026-03-30,103.64,No,
915940,241987,2026-03-30,95.73,No,
915941,214993,2026-03-30,90.07,Yes,2026-03-30
915942,221392,2026-03-30,101.55,Yes,2026-03-31
915943,221355,2026-03-30,83.41,No,
915944,212569,2026-03-30,106.85,No,
915945,239487,2026-03-30,85.96,No,
915946,222596,2026-03-30,78.85,No,
915947,241647,2026-03-30,50.61,No,
915948,205793,2026-03-30,127.94,Yes,2026-04-01
915949,245992,2026-03-30,95.55,No,
915950,220651,2026-03-30,87.99,No,
915951,246205,2026-03-30,78.35,No,
915952,236329,2026-03-30,63.32,No,
915953,229634,2026-03-30,87.37,No,
915954,240171,2026-03-30,95.84,No,
915955,235806,2026-03-30,52.48,No,
915956,230742,2026-03-30,60.66,No,
915957,239476,2026-03-30,49.84,Yes,2026-03-31
915958,231875,2026-03-30,93.00,No,
915959,204430,2026-03-30,78.51,No,
915960,236216,2026-03-30,118.50,No,
915961,223781,2026-03-30,107.69,No,
915962,218654,2026-03-31,49.98,Yes,2026-04-02
915963,205160,2026-03-31,95.34,No,
915964,233282,2026-03-31,112.77,No,
915965,212580,2026-03-31,114.66,No,
915966,215612,2026-03-31,56.96,No,
915967,218150,2026-03-31,109.32,No,
915968,204850,2026-03-31,112.40,No,
915969,242537,2026-03-31,144.22,No,
915970,234093,2026-03-31,98.58,No,
915971,221354,2026-03-31,55.52,No,
915972,223582,2026-03-31,113.31,No,
915973,218664,2026-03-31,108.81,No,
915974,218078,2026-03-31,63.65,No,
915975,216647,2026-03-31,54.73,No,
915976,202616,2026-03-31,86.55,Yes,2026-04-02
915977,219114,2026-03-31,47.95,No,
915978,204023,2026-03-31,46.47,Yes,2026-04-03
915979,245561,2026-03-31,61.54,No,
915980,230957,2026-03-31,61.77,No,
915981,203269,2026-03-31,70.42,No,
915982,203079,2026-03-31,37.40,No,
915983,205641,2026-03-31,126.33,No,
915984,238945,2026-03-31,96.88,Yes,2026-04-02
915985,201158,2026-03-31,71.15,No,
915986,225534,2026-03-31,147.32,No,
915987,227984,2026-03-31,56.05,No,
915988,204917,2026-03-31,57.37,No,
915989,209708,2026-03-31,63.47,No,
915990,240926,2026-03-31,36.25,No,
915991,206247,2026-03-31,75.63,No,
915992,208877,2026-03-31,86.14,No,
915993,212278,2026-03-31,123.49,Yes,2026-04-03
915994,245009,2026-03-31,58.58,Yes,2026-03-31
915995,231951,2026-03-31,146.87,No,
915996,209635,2026-03-31,73.72,No,
915997,248099,2026-03-31,79.56,No,
915998,242188,2026-03-31,103.59,No,
915999,242964,2026-03-31,87.63,No,
916000,238465,2026-03-31,75.86,Yes,2026-04-02
916001,223709,2026-03-31,61.78,No,
916002,236107,2026-03-31,42.99,No,
916003,214789,2026-03-31,89.98,No,
916004,236665,2026-03-31,44.66,No,
916005,228610,2026-03-31,58.53,No,
916006,205324,2026-03-31,68.10,No,
916007,242508,2026-03-31,70.54,No,
916008,223839,2026-03-31,81.09,Yes,2026-04-01
916009,246085,2026-03-31,82.83,No,
916010,245581,2026-03-31,98.67,No,
916011,228117,2026-03-31,87.44,Yes,2026-04-03
916012,232241,2026-03-31,118.20,Yes,2026-04-03
916013,223683,2026-03-31,58.51,No,
916014,217780,2026-03-31,56.45,Yes,2026-04-01
916015,232808,2026-03-31,116.30,No,
916016,203864,2026-03-31,105.64,No,
916017,231518,2026-03-31,65.91,No,
916018,202304,2026-03-31,82.34,No,
916019,216172,2026-03-31,67.26,Yes,2026-03-31
916020,207815,2026-03-31,73.27,Yes,2026-04-03
916021,236084,2026-03-31,41.49,No,
916022,226440,2026-03-31,70.58,No,
916023,205183,2026-03-31,45.86,No,
916024,244507,2026-03-31,144.57,Yes,2026-03-31
916025,205557,2026-03-31,142.50,No,
916026,202553,2026-03-31,77.52,No,
916027,220919,2026-03-31,73.11,No,
916028,221045,2026-03-31,103.69,No,
916029,243859,2026-03-31,34.40,No,
916030,245434,2026-03-31,62.24,No,
916031,239941,2026-03-31,95.50,No,
916032,219660,2026-03-31,98.62,No,
916033,209929,2026-03-31,69.77,No,
916034,220400,2026-03-31,44.20,No,
916035,242712,2026-03-31,35.65,No,
916036,212900,2026-03-31,60.93,No,
916037,243876,2026-03-31,66.80,No,
916038,235732,2026-03-31,70.54,No,
916039,231528,2026-03-31,62.39,No,
916040,239533,2026-03-31,33.19,No,
916041,239749,2026-03-31,78.97,No,
916042,213853,2026-03-31,73.66,No,
916043,243329,2026-03-31,43.37,No,
916044,245320,2026-03-31,97.04,No,
916045,238267,2026-03-31,110.21,No,
916046,240545,2026-03-31,54.07,Yes,2026-03-31
916047,232492,2026-03-31,100.57,No,
916048,218838,2026-03-31,113.29,No,
916049,215734,2026-03-31,91.91,Yes,2026-04-01
916050,242549,2026-03-31,70.54,No,
916051,228105,2026-03-31,89.63,No,
916052,225478,2026-03-31,92.39,No,
916053,214059,2026-03-31,120.36,No,
916054,234421,2026-03-31,59.00,No,
916055,244001,2026-03-31,54.22,Yes,2026-04-02
916056,208642,2026-03-31,120.09,Yes,2026-04-01
916057,222996,2026-03-31,124.16,No,
916058,224866,2026-03-31,86.92,No,
916059,238839,2026-03-31,80.32,No,
916060,242092,2026-03-31,85.03,No,
916061,214178,2026-03-31,33.57,No,
916062,205263,2026-03-31,79.24,No,
916063,219483,2026-03-31,100.41,No,
916064,207237,2026-03-31,99.47,No,
916065,232465,2026-03-31,131.98,No,
916066,215417,2026-03-31,54.10,Yes,2026-04-01
916067,224130,2026-03-31,55.06,No,
916068,221200,2026-03-31,96.27,Yes,2026-04-01
916069,220335,2026-03-31,24.68,Yes,2026-04-03
916070,211521,2026-03-31,98.29,No,
916071,225269,2026-03-31,69.57,Yes,2026-03-31
916072,204956,2026-03-31,41.19,Yes,2026-04-01
916073,239411,2026-03-31,48.99,No,
916074,242592,2026-03-31,100.90,No,
916075,240854,2026-03-31,66.97,Yes,2026-04-01
916076,240454,2026-03-31,78.58,No,
916077,228884,2026-03-31,83.45,No,
916078,202769,2026-03-31,68.80,Yes,2026-04-02
916079,238206,2026-03-31,109.30,No,
916080,203016,2026-03-31,78.31,Yes,2026-04-01
916081,227391,2026-03-31,110.08,No,
916082,204454,2026-03-31,73.46,Yes,2026-04-03
916083,215165,2026-03-31,109.18,Yes,2026-04-03
916084,200982,2026-03-31,67.84,No,
916085,217823,2026-03-31,118.36,Yes,2026-04-01
916086,232634,2026-03-31,50.60,Yes,2026-04-02
916087,237710,2026-03-31,84.05,No,
916088,211972,2026-03-31,77.21,No,
916089,223293,2026-03-31,115.77,No,
916090,207589,2026-03-31,104.60,No,
916091,226823,2026-03-31,88.26,No,
916092,236177,2026-03-31,82.30,No,
916093,214724,2026-03-31,92.84,Yes,2026-03-31
916094,244858,2026-03-31,39.44,No,
916095,247076,2026-03-31,44.32,Yes,2026-03-31
916096,239611,2026-04-01,52.26,No,
916097,216929,2026-04-01,71.09,No,
916098,225920,2026-04-01,96.47,No,
916099,208130,2026-04-01,95.14,No,
916100,242995,2026-04-01,113.25,No,
916101,214602,2026-04-01,104.58,No,
916102,233232,2026-04-01,110.60,No,
916103,216270,2026-04-01,94.53,No,
916104,244441,2026-04-01,80.97,Yes,2026-04-04
916105,201750,2026-04-01,102.98,No,
916106,228641,2026-04-01,68.53,No,
916107,204541,2026-04-01,85.48,Yes,2026-04-02
916108,242961,2026-04-01,91.61,No,
916109,230722,2026-04-01,88.34,No,
916110,240015,2026-04-01,85.81,Yes,2026-04-01
916111,245665,2026-04-01,94.65,No,
916112,227384,2026-04-01,20.00,No,
916113,238568,2026-04-01,102.24,No,
916114,219665,2026-04-01,74.65,No,
916115,215432,2026-04-01,45.34,Yes,2026-04-01
916116,241395,2026-04-01,80.81,No,
916117,229702,2026-04-01,76.65,No,
916118,233039,2026-04-01,55.07,No,
916119,207304,2026-04-01,95.70,No,
916120,208841,2026-04-01,95.10,No,
916121,223070,2026-04-01,99.87,No,
916122,233621,2026-04-01,116.38,No,
916123,225760,2026-04-01,72.70,Yes,2026-04-04
916124,246923,2026-04-01,115.40,Yes,2026-04-03
916125,214438,2026-04-01,67.50,No,
916126,216282,2026-04-01,83.81,No,
916127,236477,2026-04-01,72.69,Yes,2026-04-02
916128,225918,2026-04-01,41.55,Yes,2026-04-01
916129,235016,2026-04-01,72.94,No,
916130,241429,2026-04-01,74.04,No,
916131,247021,2026-04-01,92.71,No,
916132,244213,2026-04-01,126.53,No,
916133,241473,2026-04-01,44.94,Yes,2026-04-02
916134,205057,2026-04-01,100.15,No,
916135,218531,2026-04-01,82.79,Yes,2026-04-01
916136,242888,2026-04-01,68.18,No,
916137,237646,2026-04-01,132.24,No,
916138,208922,2026-04-01,92.36,No,
916139,223674,2026-04-01,40.65,Yes,2026-04-03
916140,202760,2026-04-01,71.61,No,
916141,225561,2026-04-01,58.17,No,
916142,231688,2026-04-01,82.49,No,
916143,247756,2026-04-01,89.21,No,
916144,242631,2026-04-01,91.18,No,
916145,242148,2026-04-01,66.84,No,
916146,245115,2026-04-01,120.62,No,
916147,242622,2026-04-01,97.08,No,
916148,209822,2026-04-01,65.39,Yes,2026-04-02
916149,203945,2026-04-01,70.31,No,
916150,223093,2026-04-01,62.92,No,
916151,234727,2026-04-01,106.35,No,
916152,206678,2026-04-01,91.27,No,
916153,242424,2026-04-01,81.90,No,
916154,206075,2026-04-01,74.88,Yes,2026-04-03
916155,234615,2026-04-01,97.57,Yes,2026-04-03
916156,241142,2026-04-01,75.37,Yes,2026-04-01
916157,238345,2026-04-01,66.96,No,
916158,243126,2026-04-01,93.18,Yes,2026-04-02
916159,242479,2026-04-01,58.64,No,
916160,245713,2026-04-01,57.55,No,
916161,243067,2026-04-01,70.61,No,
916162,200481,2026-04-01,92.60,No,
916163,248389,2026-04-01,91.59,No,
916164,210098,2026-04-01,96.35,No,
916165,205082,2026-04-01,57.45,No,
916166,227221,2026-04-01,94.42,No,
916167,219109,2026-04-01,138.70,No,
916168,219192,2026-04-01,96.20,No,
916169,224190,2026-04-01,93.76,No,
916170,206111,2026-04-01,104.73,No,
916171,210312,2026-04-01,77.80,No,
916172,218319,2026-04-01,121.85,No,
916173,202114,2026-04-01,101.26,No,
916174,202697,2026-04-01,81.71,No,
916175,229474,2026-04-01,92.00,No,
916176,241438,2026-04-01,77.16,Yes,2026-04-02
916177,222977,2026-04-01,74.44,No,
916178,242052,2026-04-01,82.38,No,
916179,237125,2026-04-01,66.36,No,
916180,224642,2026-04-01,110.94,No,
916181,231284,2026-04-01,50.77,Yes,2026-04-04
916182,219221,2026-04-01,69.07,No,
916183,243643,2026-04-01,116.24,No,
916184,244810,2026-04-01,89.44,No,
916185,209162,2026-04-01,59.90,No,
916186,203972,2026-04-01,109.56,No,
916187,224316,2026-04-01,66.49,No,
916188,209094,2026-04-01,86.02,Yes,2026-04-03
916189,224006,2026-04-01,98.72,No,
916190,213657,2026-04-01,102.96,No,
916191,244112,2026-04-01,66.07,Yes,2026-04-01
916192,208950,2026-04-01,85.95,No,
916193,208080,2026-04-01,64.84,No,
916194,246773,2026-04-01,70.70,No,
916195,203861,2026-04-01,90.01,No,
916196,229573,2026-04-01,37.44,No,
916197,238443,2026-04-01,97.26,No,
916198,216130,2026-04-01,68.69,Yes,2026-04-02
916199,238861,2026-04-01,100.67,Yes,2026-04-03
916200,240561,2026-04-01,39.91,No,
916201,238205,2026-04-01,21.60,No,
916202,221080,2026-04-01,132.97,Yes,2026-04-01
916203,223986,2026-04-01,73.36,No,
916204,221294,2026-04-01,143.76,Yes,2026-04-03
916205,202548,2026-04-01,77.86,No,
916206,239306,2026-04-01,76.65,Yes,2026-04-04
916207,224421,2026-04-01,90.06,Yes,2026-04-03
916208,246783,2026-04-01,54.80,No,
916209,229323,2026-04-01,99.96,No,
916210,237070,2026-04-01,50.50,No,
916211,240864,2026-04-01,86.85,Yes,2026-04-01
916212,217888,2026-04-01,101.50,No,
916213,217853,2026-04-01,71.66,Yes,2026-04-04
916214,222392,2026-04-01,99.37,No,
916215,208279,2026-04-01,85.49,No,
916216,236615,2026-04-01,114.96,Yes,2026-04-01
916217,212440,2026-04-01,58.50,No,
916218,229371,2026-04-01,93.97,No,
916219,246273,2026-04-01,72.19,No,
916220,227835,2026-04-01,96.31,Yes,2026-04-02
916221,235152,2026-04-01,96.98,No,
916222,247142,2026-04-01,81.43,No,
916223,208677,2026-04-01,104.36,No,
916224,233549,2026-04-01,54.55,No,
916225,207502,2026-04-01,106.68,No,
916226,206515,2026-04-01,59.16,Yes,2026-04-02
916227,239152,2026-04-02,88.00,No,
916228,240306,2026-04-02,80.39,No,
916229,213212,2026-04-02,57.36,No,
916230,212399,2026-04-02,85.69,No,
916231,214413,2026-04-02,74.40,Yes,2026-04-02
916232,239608,2026-04-02,54.45,Yes,2026-04-02
916233,246975,2026-04-02,70.66,No,
916234,227746,2026-04-02,41.15,No,
916235,212491,2026-04-02,85.43,Yes,2026-04-04
916236,218548,2026-04-02,117.77,No,
916237,214365,2026-04-02,24.11,No,
916238,240108,2026-04-02,87.02,Yes,2026-04-04
916239,221484,2026-04-02,78.81,Yes,2026-04-04
916240,219461,2026-04-02,56.31,No,
916241,240346,2026-04-02,20.00,Yes,2026-04-02
916242,217124,2026-04-02,107.80,No,
916243,213137,2026-04-02,100.46,No,
916244,218161,2026-04-02,118.04,No,
916245,210469,2026-04-02,57.25,No,
916246,213663,2026-04-02,65.39,No,
916247,225036,2026-04-02,63.45,No,
916248,231752,2026-04-02,64.05,No,
916249,211254,2026-04-02,118.40,No,
916250,206034,2026-04-02,71.50,No,
916251,239938,2026-04-02,120.65,No,
916252,224105,2026-04-02,81.19,No,
916253,237758,2026-04-02,74.97,No,
916254,217576,2026-04-02,76.31,No,
916255,246317,2026-04-02,93.42,No,
916256,210266,2026-04-02,111.16,No,
916257,235641,2026-04-02,65.32,No,
916258,204818,2026-04-02,75.90,No,
916259,203259,2026-04-02,89.92,No,
916260,233838,2026-04-02,59.28,No,
916261,220304,2026-04-02,72.83,No,
916262,244513,2026-04-02,60.83,No,
916263,213571,2026-04-02,95.47,No,
916264,225618,2026-04-02,105.91,No,
916265,226060,2026-04-02,64.45,No,
916266,244409,2026-04-02,37.25,No,
916267,242100,2026-04-02,79.40,No,
916268,215744,2026-04-02,61.66,No,
916269,226968,2026-04-02,103.49,No,
916270,226965,2026-04-02,64.61,No,
916271,229492,2026-04-02,37.22,Yes,2026-04-04
916272,246092,2026-04-02,74.09,No,
916273,242024,2026-04-02,75.79,No,
916274,230831,2026-04-02,64.32,No,
916275,243932,2026-04-02,160.05,No,
916276,219820,2026-04-02,62.26,No,
916277,243871,2026-04-02,101.45,No,
916278,246094,2026-04-02,98.65,No,
916279,235318,2026-04-02,59.89,Yes,2026-04-04
916280,240500,2026-04-02,20.00,No,
916281,238469,2026-04-02,146.85,No,
916282,202637,2026-04-02,68.69,Yes,2026-04-02
916283,208703,2026-04-02,102.58,No,
916284,244287,2026-04-02,106.05,No,
916285,232613,2026-04-02,67.40,No,
916286,236107,2026-04-02,70.79,No,
916287,222558,2026-04-02,69.60,Yes,2026-04-02
916288,228762,2026-04-02,62.37,Yes,2026-04-02
916289,239907,2026-04-02,70.34,No,
916290,248216,2026-04-02,73.62,No,
916291,204484,2026-04-02,66.91,No,
916292,221459,2026-04-02,101.81,No,
916293,232338,2026-04-02,83.26,No,
916294,232588,2026-04-02,66.82,No,
916295,229205,2026-04-02,113.51,Yes,2026-04-05
916296,203563,2026-04-02,43.92,Yes,2026-04-02
916297,239377,2026-04-02,75.50,No,
916298,205085,2026-04-02,68.24,Yes,2026-04-04
916299,211543,2026-04-02,72.29,No,
916300,243999,2026-04-02,80.93,No,
916301,204969,2026-04-02,105.07,Yes,2026-04-03
916302,203719,2026-04-02,86.99,No,
916303,219987,2026-04-02,79.34,No,
916304,227517,2026-04-02,79.31,No,
916305,233729,2026-04-02,80.76,No,
916306,221477,2026-04-02,93.73,No,
916307,212933,2026-04-02,87.57,Yes,2026-04-03
916308,220143,2026-04-02,101.58,No,
916309,223456,2026-04-02,86.31,No,
916310,225669,2026-04-02,96.24,No,
916311,205631,2026-04-02,47.33,No,
916312,216811,2026-04-02,75.33,No,
916313,218196,2026-04-02,85.49,No,
916314,240780,2026-04-02,131.81,No,
916315,230856,2026-04-02,90.28,No,
916316,235936,2026-04-02,133.91,No,
916317,217772,2026-04-02,64.17,No,
916318,205964,2026-04-02,155.09,Yes,2026-04-05
916319,237286,2026-04-02,106.37,No,
916320,208328,2026-04-02,112.54,No,
916321,207490,2026-04-02,88.85,No,
916322,247916,2026-04-02,81.80,Yes,2026-04-04
916323,204270,2026-04-02,82.98,No,
916324,202514,2026-04-02,80.34,No,
916325,202321,2026-04-02,95.12,No,
916326,216050,2026-04-02,86.67,No,
916327,207922,2026-04-02,64.36,No,
916328,202410,2026-04-02,46.23,Yes,2026-04-05
916329,228300,2026-04-02,98.35,No,
916330,203335,2026-04-02,67.33,No,
916331,240388,2026-04-02,76.08,No,
916332,223793,2026-04-02,81.25,Yes,2026-04-02
916333,244880,2026-04-02,132.54,Yes,2026-04-03
916334,210686,2026-04-02,106.90,Yes,2026-04-04
916335,231584,2026-04-02,41.42,No,
916336,202837,2026-04-02,133.53,Yes,2026-04-02
916337,206142,2026-04-02,83.62,No,
916338,211869,2026-04-02,126.55,No,
916339,215548,2026-04-02,20.00,No,
916340,236180,2026-04-02,27.03,No,
916341,235609,2026-04-02,97.18,No,
916342,246960,2026-04-02,70.10,No,
916343,233905,2026-04-02,87.29,No,
916344,211615,2026-04-02,38.81,No,
916345,232285,2026-04-02,94.42,No,
916346,220103,2026-04-02,108.07,No,
916347,243209,2026-04-02,56.19,Yes,2026-04-03
916348,234941,2026-04-02,79.94,No,
916349,201370,2026-04-02,75.73,No,
916350,244471,2026-04-02,84.82,No,
916351,237098,2026-04-02,112.52,No,
916352,200722,2026-04-02,95.28,Yes,2026-04-03
916353,224424,2026-04-02,92.87,Yes,2026-04-04
916354,237798,2026-04-02,112.94,No,
916355,241577,2026-04-02,83.36,No,
916356,214988,2026-04-02,95.50,No,
916357,247494,2026-04-02,81.72,Yes,2026-04-02
916358,221811,2026-04-02,92.39,No,
916359,247029,2026-04-02,82.82,No,
916360,223789,2026-04-02,125.68,No,
916361,237961,2026-04-02,96.76,No,
916362,242716,2026-04-02,82.72,No,
916363,226597,2026-04-02,55.12,No,
916364,222050,2026-04-02,91.28,No,
916365,227643,2026-04-02,78.24,No,
916366,203466,2026-04-02,111.52,No,
916367,223349,2026-04-02,109.54,Yes,2026-04-05
916368,206775,2026-04-02,34.18,No,
916369,230421,2026-04-02,78.77,Yes,2026-04-02
916370,216544,2026-04-02,68.64,Yes,2026-04-03
916371,215450,2026-04-02,100.73,No,
916372,204023,2026-04-02,80.63,No,
916373,245806,2026-04-02,79.11,No,
916374,245564,2026-04-02,79.92,No,
916375,230133,2026-04-02,110.28,No,
916376,202829,2026-04-02,49.71,No,
916377,237170,2026-04-03,93.05,Yes,2026-04-05
916378,212924,2026-04-03,74.08,Yes,2026-04-03
916379,247009,2026-04-03,114.23,Yes,2026-04-05
916380,245746,2026-04-03,61.29,No,
916381,228775,2026-04-03,103.31,No,
916382,211807,2026-04-03,82.35,Yes,2026-04-05
916383,201940,2026-04-03,101.46,No,
916384,213665,2026-04-03,60.25,Yes,2026-04-06
916385,239103,2026-04-03,46.67,No,
916386,242323,2026-04-03,55.98,No,
916387,200351,2026-04-03,79.15,Yes,2026-04-03
916388,223675,2026-04-03,60.46,Yes,2026-04-04
916389,223208,2026-04-03,109.70,No,
916390,201524,2026-04-03,107.28,Yes,2026-04-05
916391,231493,2026-04-03,71.34,Yes,2026-04-06
916392,228679,2026-04-03,132.53,No,
916393,229927,2026-04-03,70.30,No,
916394,247847,2026-04-03,66.26,No,
916395,223359,2026-04-03,47.84,No,
916396,218971,2026-04-03,74.34,No,
916397,205335,2026-04-03,79.40,No,
916398,234593,2026-04-03,88.38,No,
916399,245036,2026-04-03,75.48,Yes,2026-04-03
916400,218321,2026-04-03,111.07,No,
916401,221536,2026-04-03,98.25,No,
916402,231605,2026-04-03,55.26,No,
916403,248106,2026-04-03,86.26,No,
916404,215286,2026-04-03,80.88,Yes,2026-04-03
916405,242127,2026-04-03,116.06,No,
916406,227444,2026-04-03,85.19,No,
916407,219963,2026-04-03,88.83,No,
916408,243652,2026-04-03,109.11,No,
916409,207545,2026-04-03,60.24,Yes,2026-04-03
916410,224509,2026-04-03,94.09,Yes,2026-04-03
916411,224531,2026-04-03,65.79,Yes,2026-04-03
916412,201686,2026-04-03,82.42,No,
916413,214204,2026-04-03,96.37,No,
916414,221212,2026-04-03,61.08,Yes,2026-04-05
916415,245465,2026-04-03,79.76,No,
916416,200472,2026-04-03,79.68,Yes,2026-04-04
916417,214320,2026-04-03,84.49,No,
916418,230306,2026-04-03,77.70,Yes,2026-04-04
916419,212607,2026-04-03,74.85,No,
916420,213080,2026-04-03,112.44,No,
916421,246432,2026-04-03,85.10,No,
916422,215608,2026-04-03,117.47,Yes,2026-04-06
916423,237249,2026-04-03,66.60,Yes,2026-04-05
916424,229888,2026-04-03,103.36,No,
916425,205202,2026-04-03,78.73,No,
916426,226679,2026-04-03,64.25,No,
916427,222499,2026-04-03,137.04,No,
916428,211150,2026-04-03,36.50,No,
916429,212046,2026-04-03,91.19,No,
916430,248439,2026-04-03,103.07,Yes,2026-04-06
916431,243516,2026-04-03,90.78,No,
916432,225352,2026-04-03,102.83,Yes,2026-04-04
916433,224508,2026-04-03,71.82,No,
916434,219906,2026-04-03,68.20,No,
916435,239363,2026-04-03,104.48,No,
916436,202701,2026-04-03,111.95,No,
916437,223503,2026-04-03,108.19,No,
916438,232698,2026-04-03,95.78,Yes,2026-04-04
916439,225714,2026-04-03,49.44,No,
916440,231649,2026-04-03,31.82,Yes,2026-04-04
916441,236591,2026-04-03,124.02,Yes,2026-04-03
916442,235870,2026-04-03,80.52,No,
916443,218350,2026-04-03,93.48,No,
916444,246069,2026-04-03,80.80,No,
916445,242198,2026-04-03,66.66,No,
916446,212263,2026-04-03,81.07,No,
916447,214352,2026-04-03,93.48,No,
916448,226868,2026-04-03,62.00,No,
916449,241908,2026-04-03,102.72,Yes,2026-04-03
916450,224765,2026-04-03,104.82,No,
916451,233776,2026-04-03,83.60,No,
916452,226534,2026-04-03,91.63,Yes,2026-04-03
916453,222632,2026-04-03,83.85,No,
916454,244798,2026-04-03,58.00,No,
916455,228629,2026-04-03,78.75,No,
916456,234975,2026-04-03,97.43,Yes,2026-04-03
916457,218157,2026-04-03,108.32,No,
916458,224899,2026-04-03,63.25,No,
916459,229034,2026-04-03,66.63,Yes,2026-04-04
916460,220288,2026-04-03,87.94,No,
916461,209656,2026-04-03,78.41,No,
916462,242332,2026-04-03,91.19,No,
916463,241876,2026-04-03,98.20,No,
916464,237788,2026-04-03,107.90,Yes,2026-04-06
916465,246633,2026-04-03,84.10,No,
916466,205460,2026-04-03,55.19,Yes,2026-04-06
916467,235602,2026-04-03,86.36,Yes,2026-04-05
916468,204613,2026-04-03,134.33,Yes,2026-04-03
916469,237915,2026-04-03,79.20,No,
916470,246890,2026-04-03,71.32,No,
916471,235871,2026-04-03,127.44,No,
916472,243358,2026-04-03,91.45,Yes,2026-04-04
916473,246986,2026-04-03,49.75,No,
916474,223397,2026-04-03,62.15,Yes,2026-04-03
916475,213160,2026-04-03,85.80,Yes,2026-04-03
916476,242324,2026-04-03,67.10,No,
916477,247857,2026-04-03,64.50,No,
916478,212741,2026-04-03,87.03,No,
916479,235116,2026-04-03,89.07,No,
916480,239853,2026-04-03,53.68,No,
916481,239773,2026-04-03,73.26,No,
916482,206305,2026-04-03,152.04,Yes,2026-04-06
916483,242427,2026-04-03,65.27,No,
916484,223165,2026-04-03,106.86,No,
916485,227398,2026-04-03,83.58,Yes,2026-04-05
916486,204426,2026-04-03,124.08,Yes,2026-04-03
916487,243011,2026-04-03,56.38,No,
916488,224503,2026-04-03,122.10,Yes,2026-04-03
916489,239612,2026-04-03,46.53,Yes,2026-04-04
916490,211073,2026-04-03,85.99,No,
916491,241292,2026-04-03,57.99,No,
916492,241690,2026-04-03,71.84,No,
916493,235885,2026-04-03,127.18,Yes,2026-04-05
916494,240777,2026-04-03,60.14,No,
916495,209515,2026-04-03,104.67,Yes,2026-04-06
916496,220378,2026-04-03,27.43,Yes,2026-04-04
916497,214753,2026-04-03,34.88,Yes,2026-04-04
916498,237884,2026-04-03,65.84,No,
916499,213128,2026-04-03,102.22,No,
916500,245751,2026-04-03,69.99,No,
916501,241068,2026-04-03,70.76,No,
916502,246135,2026-04-03,114.81,No,
916503,244982,2026-04-03,86.91,No,
916504,231338,2026-04-03,106.43,No,
916505,245207,2026-04-03,57.73,Yes,2026-04-06
916506,213955,2026-04-03,67.03,No,
916507,215570,2026-04-03,55.69,No,
916508,220679,2026-04-03,111.67,No,
916509,239998,2026-04-03,85.87,Yes,2026-04-04
916510,212402,2026-04-03,75.34,No,
916511,212707,2026-04-03,76.04,No,
916512,205101,2026-04-03,86.03,No,
916513,238814,2026-04-03,85.38,No,
916514,207706,2026-04-03,147.89,No,
916515,244846,2026-04-03,114.36,No,
916516,214075,2026-04-03,98.12,No,
916517,203721,2026-04-03,99.92,No,
916518,238987,2026-04-03,56.01,No,
916519,232495,2026-04-03,74.47,No,
916520,234280,2026-04-03,85.74,Yes,2026-04-04
916521,224830,2026-04-03,115.55,No,
916522,224823,2026-04-03,84.79,No,
916523,226394,2026-04-04,68.29,No,
916524,241438,2026-04-04,108.45,No,
916525,212646,2026-04-04,98.32,No,
916526,215020,2026-04-04,131.28,No,
916527,236468,2026-04-04,125.35,Yes,2026-04-05
916528,246237,2026-04-04,32.85,Yes,2026-04-07
916529,224956,2026-04-04,74.11,Yes,2026-04-04
916530,212150,2026-04-04,35.53,No,
916531,229412,2026-04-04,123.10,No,
916532,217220,2026-04-04,38.76,No,
916533,205870,2026-04-04,86.40,Yes,2026-04-06
916534,238502,2026-04-04,49.78,No,
916535,236887,2026-04-04,82.41,No,
916536,212465,2026-04-04,24.98,No,
916537,223190,2026-04-04,114.55,No,
916538,233451,2026-04-04,95.38,No,
916539,220468,2026-04-04,50.97,No,
916540,221689,2026-04-04,111.27,No,
916541,226921,2026-04-04,58.97,No,
916542,237891,2026-04-04,53.08,No,
916543,218062,2026-04-04,66.97,No,
916544,247315,2026-04-04,125.99,No,
916545,204086,2026-04-04,66.95,No,
916546,211283,2026-04-04,85.73,No,
916547,223434,2026-04-04,91.98,No,
916548,200915,2026-04-04,88.95,No,
916549,248285,2026-04-04,80.70,No,
916550,222639,2026-04-04,102.97,No,
916551,214140,2026-04-04,60.16,No,
916552,238911,2026-04-04,69.68,Yes,2026-04-06
916553,240418,2026-04-04,108.25,Yes,2026-04-05
916554,223971,2026-04-04,108.10,No,
916555,240178,2026-04-04,58.48,No,
916556,209263,2026-04-04,91.00,No,
916557,237186,2026-04-04,56.04,No,
916558,205358,2026-04-04,50.79,No,
916559,236084,2026-04-04,95.51,Yes,2026-04-07
916560,239781,2026-04-04,68.55,No,
916561,238742,2026-04-04,54.65,Yes,2026-04-04
916562,243177,2026-04-04,108.51,No,
916563,235668,2026-04-04,60.69,Yes,2026-04-05
916564,219208,2026-04-04,88.10,Yes,2026-04-04
916565,210271,2026-04-04,73.00,No,
916566,245582,2026-04-04,105.42,No,
916567,215747,2026-04-04,86.85,No,
916568,226953,2026-04-04,86.26,Yes,2026-04-04
916569,233075,2026-04-04,20.00,No,
916570,214864,2026-04-04,77.01,No,
916571,236196,2026-04-04,67.01,No,
916572,206069,2026-04-04,20.00,No,
916573,228292,2026-04-04,92.93,Yes,2026-04-05
916574,245811,2026-04-04,94.73,No,
916575,241346,2026-04-04,68.11,No,
916576,237236,2026-04-04,160.03,No,
916577,211429,2026-04-04,118.06,No,
916578,242552,2026-04-04,110.95,No,
916579,205256,2026-04-04,83.48,Yes,2026-04-05
916580,215676,2026-04-04,81.41,No,
916581,218403,2026-04-04,123.53,No,
916582,221398,2026-04-04,75.91,Yes,2026-04-05
916583,226253,2026-04-04,42.71,No,
916584,227186,2026-04-04,106.14,No,
916585,232050,2026-04-04,115.89,No,
916586,233861,2026-04-04,68.20,No,
916587,220855,2026-04-04,78.70,No,
916588,219409,2026-04-04,72.39,No,
916589,246140,2026-04-04,100.72,Yes,2026-04-06
916590,247833,2026-04-04,71.23,No,
916591,216128,2026-04-04,78.43,No,
916592,232764,2026-04-04,43.31,No,
916593,228807,2026-04-04,49.05,No,
916594,202413,2026-04-04,83.39,No,
916595,233748,2026-04-04,79.61,No,
916596,235061,2026-04-04,76.08,No,
916597,220376,2026-04-04,40.48,No,
916598,225059,2026-04-04,61.08,No,
916599,234493,2026-04-04,67.19,No,
916600,223929,2026-04-04,37.25,No,
916601,244444,2026-04-04,49.65,No,
916602,242156,2026-04-04,94.15,No,
916603,247646,2026-04-04,67.94,No,
916604,206298,2026-04-04,136.12,No,
916605,204605,2026-04-04,110.23,Yes,2026-04-04
916606,226384,2026-04-04,94.55,No,
916607,216113,2026-04-04,86.22,Yes,2026-04-05
916608,248349,2026-04-04,67.64,No,
916609,237901,2026-04-04,99.97,No,
916610,245696,2026-04-04,63.57,Yes,2026-04-07
916611,214656,2026-04-04,114.70,No,
916612,237345,2026-04-04,20.00,Yes,2026-04-06
916613,209034,2026-04-04,43.17,No,
916614,244096,2026-04-04,99.26,No,
916615,239752,2026-04-04,56.33,No,
916616,224666,2026-04-04,87.64,No,
916617,200796,2026-04-04,91.00,No,
916618,200315,2026-04-04,103.10,No,
916619,201112,2026-04-04,92.93,Yes,2026-04-06
916620,231262,2026-04-04,20.00,No,
916621,216355,2026-04-04,62.10,Yes,2026-04-04
916622,208103,2026-04-04,69.61,No,
916623,245760,2026-04-04,127.89,Yes,2026-04-06
916624,219146,2026-04-04,65.31,Yes,2026-04-05
916625,242967,2026-04-04,105.26,No,
916626,212216,2026-04-04,70.76,Yes,2026-04-07
916627,226946,2026-04-04,75.12,No,
916628,229151,2026-04-04,83.15,No,
916629,208378,2026-04-04,70.17,No,
916630,205834,2026-04-04,91.81,No,
916631,226569,2026-04-04,74.95,Yes,2026-04-04
916632,231958,2026-04-04,96.56,No,
916633,204946,2026-04-04,51.95,Yes,2026-04-06
916634,220918,2026-04-04,86.26,No,
916635,229566,2026-04-04,136.25,No,
916636,203844,2026-04-04,111.01,No,
916637,242727,2026-04-04,39.79,No,
916638,205130,2026-04-04,83.08,Yes,2026-04-06
916639,226820,2026-04-04,93.13,No,
916640,225797,2026-04-04,59.83,No,
916641,210032,2026-04-04,112.22,No,
916642,244728,2026-04-04,84.88,No,
916643,209143,2026-04-04,101.33,No,
916644,203977,2026-04-04,74.29,Yes,2026-04-07
916645,248196,2026-04-04,100.62,No,
916646,205203,2026-04-04,86.51,No,
916647,228627,2026-04-04,38.93,Yes,2026-04-05
916648,211228,2026-04-04,76.42,No,
916649,219093,2026-04-04,131.97,No,
916650,216183,2026-04-04,53.63,No,
916651,239986,2026-04-04,133.40,Yes,2026-04-07
916652,219543,2026-04-04,86.71,No,
916653,222676,2026-04-04,90.34,No,
916654,207808,2026-04-04,54.55,No,
916655,220717,2026-04-04,75.35,No,
916656,205211,2026-04-04,81.14,No,
916657,228208,2026-04-04,128.31,Yes,2026-04-04
916658,225201,2026-04-04,114.86,No,
916659,238083,2026-04-04,72.20,No,
916660,237816,2026-04-04,74.70,No,
916661,201037,2026-04-04,101.47,No,
916662,221925,2026-04-04,37.66,No,
916663,231653,2026-04-04,141.58,No,
916664,219439,2026-04-04,81.07,No,
916665,214536,2026-04-04,53.76,Yes,2026-04-07
916666,200351,2026-04-04,52.62,No,
916667,224509,2026-04-04,77.30,No,
916668,237463,2026-04-04,63.42,No,
916669,202722,2026-04-04,76.23,No,
916670,219139,2026-04-04,82.93,Yes,2026-04-04
916671,215588,2026-04-04,100.44,No,
916672,242411,2026-04-04,109.39,No,
916673,212311,2026-04-04,52.79,No,
916674,221055,2026-04-04,64.13,No,
916675,204104,2026-04-04,79.68,No,
916676,240813,2026-04-04,79.92,No,
916677,223078,2026-04-04,77.47,No,
916678,200400,2026-04-04,107.93,Yes,2026-04-06
916679,223667,2026-04-04,135.77,No,
916680,225959,2026-04-04,92.04,No,
916681,233626,2026-04-04,92.67,Yes,2026-04-07
916682,201866,2026-04-04,93.49,No,
916683,235730,2026-04-04,109.67,No,
916684,207520,2026-04-05,75.62,No,
916685,220823,2026-04-05,50.84,No,
916686,211485,2026-04-05,56.34,No,
916687,227909,2026-04-05,123.42,No,
916688,230888,2026-04-05,41.38,No,
916689,230545,2026-04-05,70.93,No,
916690,215584,2026-04-05,108.93,No,
916691,201242,2026-04-05,85.92,Yes,2026-04-07
916692,217943,2026-04-05,46.46,No,
916693,239673,2026-04-05,28.08,No,
916694,226124,2026-04-05,62.81,No,
916695,247034,2026-04-05,54.31,No,
916696,213179,2026-04-05,67.82,No,
916697,218496,2026-04-05,61.98,No,
916698,241830,2026-04-05,53.76,Yes,2026-04-07
916699,232150,2026-04-05,84.85,No,
916700,242502,2026-04-05,68.29,No,
916701,208605,2026-04-05,58.86,No,
916702,204763,2026-04-05,46.89,No,
916703,206795,2026-04-05,60.40,No,
916704,236389,2026-04-05,71.87,No,
916705,247081,2026-04-05,101.80,No,
916706,211515,2026-04-05,72.95,No,
916707,217038,2026-04-05,79.22,No,
916708,241738,2026-04-05,83.64,No,
916709,217576,2026-04-05,95.72,No,
916710,227231,2026-04-05,113.91,No,
916711,231187,2026-04-05,63.07,No,
916712,231233,2026-04-05,100.40,No,
916713,248455,2026-04-05,62.48,No,
916714,217453,2026-04-05,82.32,No,
916715,201525,2026-04-05,63.04,No,
916716,219591,2026-04-05,84.16,Yes,2026-04-05
916717,222955,2026-04-05,65.29,No,
916718,235053,2026-04-05,129.36,No,
916719,200374,2026-04-05,93.51,No,
916720,245754,2026-04-05,92.58,Yes,2026-04-05
916721,221336,2026-04-05,55.60,No,
916722,244319,2026-04-05,124.24,Yes,2026-04-08
916723,204114,2026-04-05,84.88,No,
916724,241479,2026-04-05,60.65,No,
916725,217604,2026-04-05,98.01,Yes,2026-04-07
916726,246596,2026-04-05,58.53,No,
916727,222399,2026-04-05,52.18,No,
916728,244259,2026-04-05,58.49,No,
916729,213178,2026-04-05,56.91,No,
916730,214150,2026-04-05,60.77,No,
916731,230145,2026-04-05,101.63,No,
916732,217074,2026-04-05,62.01,No,
916733,224303,2026-04-05,68.50,Yes,2026-04-06
916734,208608,2026-04-05,138.53,No,
916735,218034,2026-04-05,103.30,Yes,2026-04-05
916736,233726,2026-04-05,107.68,No,
916737,221762,2026-04-05,112.05,No,
916738,243064,2026-04-05,70.98,Yes,2026-04-07
916739,205664,2026-04-05,77.16,No,
916740,230873,2026-04-05,92.78,No,
916741,243812,2026-04-05,76.72,No,
916742,244498,2026-04-05,41.10,No,
916743,246203,2026-04-05,126.86,Yes,2026-04-07
916744,235690,2026-04-05,108.32,Yes,2026-04-08
916745,245070,2026-04-05,110.96,No,
916746,244652,2026-04-05,118.86,No,
916747,237369,2026-04-05,81.12,No,
916748,238060,2026-04-05,84.76,No,
916749,234997,2026-04-05,80.86,Yes,2026-04-08
916750,241904,2026-04-05,71.16,No,
916751,246389,2026-04-05,75.32,No,
916752,234195,2026-04-05,76.19,No,
916753,228277,2026-04-05,91.78,No,
916754,221590,2026-04-05,107.21,No,
916755,216401,2026-04-05,112.32,No,
916756,247415,2026-04-05,108.42,No,
916757,230591,2026-04-05,109.58,No,
916758,201898,2026-04-05,42.98,No,
916759,201155,2026-04-05,78.25,No,
916760,213422,2026-04-05,82.76,No,
916761,246141,2026-04-05,125.82,No,
916762,203910,2026-04-05,115.87,No,
916763,217587,2026-04-05,103.92,Yes,2026-04-07
916764,201030,2026-04-05,111.65,No,
916765,237777,2026-04-05,148.34,No,
916766,225752,2026-04-05,72.56,No,
916767,230488,2026-04-05,60.22,No,
916768,232618,2026-04-05,34.13,No,
916769,247899,2026-04-05,90.90,Yes,2026-04-08
916770,238616,2026-04-05,79.97,No,
916771,216155,2026-04-05,83.67,No,
916772,242064,2026-04-05,64.87,No,
916773,246438,2026-04-05,48.97,No,
916774,237626,2026-04-05,85.72,No,
916775,211220,2026-04-05,112.05,Yes,2026-04-06
916776,245560,2026-04-05,110.54,No,
916777,226826,2026-04-05,135.08,Yes,2026-04-07
916778,225421,2026-04-05,99.58,Yes,2026-04-07
916779,233091,2026-04-05,64.57,No,
916780,236741,2026-04-05,23.57,No,
916781,229422,2026-04-05,61.75,No,
916782,225869,2026-04-05,81.93,No,
916783,208124,2026-04-05,82.09,Yes,2026-04-07
916784,242312,2026-04-05,123.74,No,
916785,239437,2026-04-05,94.51,No,
916786,240757,2026-04-05,44.47,No,
916787,224597,2026-04-05,36.07,No,
916788,242397,2026-04-05,82.33,No,
916789,238867,2026-04-05,62.76,No,
916790,234062,2026-04-05,142.85,No,
916791,227824,2026-04-05,92.81,No,
916792,211753,2026-04-05,54.20,Yes,2026-04-07
916793,225421,2026-04-05,100.26,No,
916794,215323,2026-04-05,50.46,No,
916795,236216,2026-04-05,52.03,No,
916796,222247,2026-04-05,93.39,No,
916797,245895,2026-04-05,118.52,No,
916798,237613,2026-04-05,96.96,No,
916799,218654,2026-04-05,71.27,No,
916800,231417,2026-04-05,118.59,No,
916801,230110,2026-04-05,85.95,Yes,2026-04-07
916802,225122,2026-04-05,88.61,Yes,2026-04-07
916803,237457,2026-04-05,99.51,No,
916804,213304,2026-04-05,64.63,Yes,2026-04-07
916805,223373,2026-04-05,89.59,No,
916806,205446,2026-04-05,61.93,Yes,2026-04-06
916807,207594,2026-04-05,81.55,No,
916808,242602,2026-04-05,77.91,No,
916809,231755,2026-04-05,126.25,No,
916810,212092,2026-04-05,73.91,Yes,2026-04-06
916811,226420,2026-04-05,46.43,No,
916812,224240,2026-04-05,104.40,Yes,2026-04-07
916813,246522,2026-04-05,100.27,No,
916814,215349,2026-04-05,89.80,No,
916815,236806,2026-04-05,117.06,No,
916816,200739,2026-04-05,115.94,No,
916817,233597,2026-04-05,83.33,No,
916818,210145,2026-04-05,77.49,Yes,2026-04-06
916819,235325,2026-04-05,69.53,Yes,2026-04-07
916820,228661,2026-04-05,41.15,No,
916821,230830,2026-04-05,75.76,No,
916822,203153,2026-04-05,61.39,No,
916823,233611,2026-04-05,121.66,No,
916824,217362,2026-04-05,99.83,No,
916825,226604,2026-04-05,77.18,Yes,2026-04-06
916826,233105,2026-04-05,37.93,Yes,2026-04-07
916827,236498,2026-04-05,79.35,No,
916828,212007,2026-04-05,83.20,No,
916829,234386,2026-04-05,77.50,No,
916830,242532,2026-04-05,80.05,No,
916831,242193,2026-04-05,93.51,No,
916832,229265,2026-04-05,109.38,No,
916833,225430,2026-04-05,83.82,No,
916834,246452,2026-04-05,91.08,No,
916835,218369,2026-04-06,75.27,No,
916836,224962,2026-04-06,79.11,No,
916837,246700,2026-04-06,103.05,No,
916838,204481,2026-04-06,75.59,No,
916839,230705,2026-04-06,74.13,No,
916840,229145,2026-04-06,73.32,No,
916841,207467,2026-04-06,112.15,No,
916842,244951,2026-04-06,64.09,No,
916843,239173,2026-04-06,86.69,No,
916844,241319,2026-04-06,88.31,No,
916845,247905,2026-04-06,53.96,No,
916846,201819,2026-04-06,95.04,No,
916847,240909,2026-04-06,69.99,Yes,2026-04-09
916848,237147,2026-04-06,69.94,No,
916849,227716,2026-04-06,61.47,No,
916850,246010,2026-04-06,75.82,No,
916851,230734,2026-04-06,36.54,Yes,2026-04-07
916852,241198,2026-04-06,39.38,No,
916853,230862,2026-04-06,86.46,No,
916854,223361,2026-04-06,52.53,No,
916855,210795,2026-04-06,58.16,No,
916856,228507,2026-04-06,80.70,No,
916857,227719,2026-04-06,69.06,No,
916858,219440,2026-04-06,114.67,No,
916859,219127,2026-04-06,109.34,Yes,2026-04-07
916860,213608,2026-04-06,79.54,Yes,2026-04-06
916861,231317,2026-04-06,83.08,No,
916862,201051,2026-04-06,61.49,No,
916863,238776,2026-04-06,68.70,No,
916864,219561,2026-04-06,102.44,Yes,2026-04-06
916865,224648,2026-04-06,85.90,No,
916866,223832,2026-04-06,61.46,No,
916867,207176,2026-04-06,39.73,Yes,2026-04-07
916868,240875,2026-04-06,65.62,No,
916869,246962,2026-04-06,81.11,No,
916870,244440,2026-04-06,71.33,No,
916871,227755,2026-04-06,95.91,No,
916872,206772,2026-04-06,95.74,Yes,2026-04-08
916873,239584,2026-04-06,61.94,No,
916874,210718,2026-04-06,67.01,No,
916875,238253,2026-04-06,65.65,No,
916876,207014,2026-04-06,96.06,No,
916877,205536,2026-04-06,118.93,No,
916878,208162,2026-04-06,62.51,Yes,2026-04-06
916879,245775,2026-04-06,92.70,No,
916880,201033,2026-04-06,91.54,No,
916881,219450,2026-04-06,64.42,No,
916882,223850,2026-04-06,68.70,No,
916883,244737,2026-04-06,69.93,No,
916884,202180,2026-04-06,88.78,Yes,2026-04-08
916885,205266,2026-04-06,109.93,No,
916886,233430,2026-04-06,108.01,Yes,2026-04-07
916887,246097,2026-04-06,101.30,No,
916888,206311,2026-04-06,67.53,Yes,2026-04-08
916889,225433,2026-04-06,71.88,No,
916890,201786,2026-04-06,76.87,Yes,2026-04-06
916891,233924,2026-04-06,86.66,No,
916892,226857,2026-04-06,104.75,Yes,2026-04-07
916893,229818,2026-04-06,77.66,No,
916894,212901,2026-04-06,108.86,No,
916895,239740,2026-04-06,56.53,No,
916896,202863,2026-04-06,97.69,No,
916897,242327,2026-04-06,78.75,Yes,2026-04-06
916898,216756,2026-04-06,73.15,No,
916899,233637,2026-04-06,20.53,No,
916900,214815,2026-04-06,53.26,No,
916901,201715,2026-04-06,121.45,No,
916902,225159,2026-04-06,30.83,Yes,2026-04-06
916903,228726,2026-04-06,87.91,No,
916904,248202,2026-04-06,103.59,Yes,2026-04-09
916905,200863,2026-04-06,66.37,Yes,2026-04-07
916906,229335,2026-04-06,82.57,No,
916907,238204,2026-04-06,63.12,No,
916908,243500,2026-04-06,44.61,No,
916909,214480,2026-04-06,121.10,No,
916910,248309,2026-04-06,41.74,No,
916911,205015,2026-04-06,65.87,Yes,2026-04-09
916912,241262,2026-04-06,97.59,No,
916913,200752,2026-04-06,113.82,Yes,2026-04-06
916914,242637,2026-04-06,82.45,No,
916915,246125,2026-04-06,73.28,No,
916916,205473,2026-04-06,62.47,No,
916917,237755,2026-04-06,102.77,No,
916918,245126,2026-04-06,43.80,Yes,2026-04-07
916919,246373,2026-04-06,34.10,No,
916920,213226,2026-04-06,77.47,No,
916921,232648,2026-04-06,79.84,No,
916922,233070,2026-04-06,84.95,No,
916923,244440,2026-04-06,95.26,No,
916924,240926,2026-04-06,80.32,No,
916925,247829,2026-04-06,125.53,No,
916926,230847,2026-04-06,97.68,No,
916927,200469,2026-04-06,64.22,No,
916928,225190,2026-04-06,91.34,No,
916929,205729,2026-04-06,97.32,No,
916930,227115,2026-04-06,100.21,Yes,2026-04-06
916931,226254,2026-04-06,61.70,Yes,2026-04-09
916932,245295,2026-04-06,78.82,No,
916933,218182,2026-04-06,119.32,No,
916934,218895,2026-04-06,65.63,No,
916935,246334,2026-04-06,60.29,No,
916936,239761,2026-04-06,62.69,No,
916937,202855,2026-04-06,108.23,Yes,2026-04-08
916938,211735,2026-04-06,92.58,No,
916939,223902,2026-04-06,74.18,No,
916940,240044,2026-04-06,52.11,Yes,2026-04-07
916941,221865,2026-04-06,20.00,Yes,2026-04-06
916942,228228,2026-04-06,120.36,No,
916943,230534,2026-04-06,88.13,No,
916944,208096,2026-04-06,46.30,No,
916945,202066,2026-04-06,79.28,No,
916946,247300,2026-04-06,107.12,No,
916947,203782,2026-04-06,85.32,Yes,2026-04-08
916948,219095,2026-04-06,57.00,No,
916949,243654,2026-04-06,107.26,No,
916950,242292,2026-04-06,20.00,No,
916951,215536,2026-04-06,100.35,Yes,2026-04-07
916952,216498,2026-04-06,55.48,No,
916953,245942,2026-04-06,88.22,No,
916954,200518,2026-04-06,71.53,No,
916955,220761,2026-04-06,52.61,Yes,2026-04-08
916956,247911,2026-04-06,65.92,No,
916957,243935,2026-04-06,76.26,No,
916958,222304,2026-04-06,92.73,No,
916959,234315,2026-04-06,64.61,Yes,2026-04-08
916960,240748,2026-04-06,114.06,No,
916961,245139,2026-04-06,88.48,No,
916962,214225,2026-04-06,20.00,No,
916963,236498,2026-04-06,93.13,No,
916964,246555,2026-04-06,108.37,No,
916965,200036,2026-04-06,62.99,No,
916966,203551,2026-04-06,93.13,Yes,2026-04-08
916967,224815,2026-04-06,39.17,Yes,2026-04-08
916968,202753,2026-04-07,131.86,No,
916969,216291,2026-04-07,88.61,No,
916970,223981,2026-04-07,68.86,No,
916971,226684,2026-04-07,65.53,No,
916972,228957,2026-04-07,82.36,No,
916973,221514,2026-04-07,111.21,Yes,2026-04-07
916974,232828,2026-04-07,52.28,Yes,2026-04-08
916975,206210,2026-04-07,118.64,No,
916976,221122,2026-04-07,101.89,No,
916977,213084,2026-04-07,73.20,Yes,2026-04-07
916978,225205,2026-04-07,107.36,Yes,2026-04-09
916979,240112,2026-04-07,126.20,No,
916980,216878,2026-04-07,124.14,No,
916981,230604,2026-04-07,105.27,No,
916982,207705,2026-04-07,71.33,No,
916983,216237,2026-04-07,72.06,No,
916984,245171,2026-04-07,91.89,No,
916985,228134,2026-04-07,95.07,No,
916986,215540,2026-04-07,64.20,No,
916987,222532,2026-04-07,82.38,Yes,2026-04-07
916988,243269,2026-04-07,81.74,Yes,2026-04-08
916989,240421,2026-04-07,62.75,No,
916990,206359,2026-04-07,53.32,No,
916991,232911,2026-04-07,90.92,No,
916992,224526,2026-04-07,138.65,Yes,2026-04-07
916993,205102,2026-04-07,109.79,No,
916994,215126,2026-04-07,101.95,No,
916995,218704,2026-04-07,78.59,No,
916996,232505,2026-04-07,101.26,Yes,2026-04-09
916997,244909,2026-04-07,78.08,No,
916998,211622,2026-04-07,56.39,No,
916999,245257,2026-04-07,80.02,No,
917000,241438,2026-04-07,73.26,Yes,2026-04-10
917001,200940,2026-04-07,94.34,No,
917002,237495,2026-04-07,108.82,No,
917003,234716,2026-04-07,70.85,No,
917004,207967,2026-04-07,125.18,No,
917005,207168,2026-04-07,135.97,No,
917006,231154,2026-04-07,99.45,No,
917007,220211,2026-04-07,128.02,No,
917008,239004,2026-04-07,57.82,No,
917009,235126,2026-04-07,62.74,No,
917010,207840,2026-04-07,50.07,Yes,2026-04-09
917011,226759,2026-04-07,98.19,No,
917012,229848,2026-04-07,75.36,Yes,2026-04-10
917013,229795,2026-04-07,94.19,No,
917014,210765,2026-04-07,104.30,Yes,2026-04-10
917015,248001,2026-04-07,79.88,No,
917016,232082,2026-04-07,51.27,No,
917017,212300,2026-04-07,40.60,No,
917018,216855,2026-04-07,139.06,No,
917019,218520,2026-04-07,74.74,No,
917020,203680,2026-04-07,53.21,No,
917021,214574,2026-04-07,61.28,Yes,2026-04-09
917022,213528,2026-04-07,76.62,No,
917023,215153,2026-04-07,101.40,No,
917024,201228,2026-04-07,71.07,No,
917025,202635,2026-04-07,77.04,No,
917026,228961,2026-04-07,113.73,No,
917027,228639,2026-04-07,31.72,No,
917028,225015,2026-04-07,58.87,Yes,2026-04-10
917029,202589,2026-04-07,48.22,No,
917030,203202,2026-04-07,131.05,No,
917031,209068,2026-04-07,80.04,No,
917032,215308,2026-04-07,85.19,No,
917033,213744,2026-04-07,73.43,No,
917034,234190,2026-04-07,97.68,No,
917035,241557,2026-04-07,114.72,No,
917036,238672,2026-04-07,121.09,No,
917037,208059,2026-04-07,129.91,Yes,2026-04-08
917038,236999,2026-04-07,68.50,No,
917039,215406,2026-04-07,105.96,Yes,2026-04-07
917040,214239,2026-04-07,28.72,No,
917041,226583,2026-04-07,44.63,No,
917042,216659,2026-04-07,78.07,No,
917043,244342,2026-04-07,52.61,No,
917044,246721,2026-04-07,85.90,No,
917045,228131,2026-04-07,47.46,Yes,2026-04-09
917046,242220,2026-04-07,105.33,No,
917047,207653,2026-04-07,90.64,No,
917048,212091,2026-04-07,112.20,Yes,2026-04-09
917049,225291,2026-04-07,62.87,No,
917050,231226,2026-04-07,110.30,No,
917051,222584,2026-04-07,59.80,No,
917052,238371,2026-04-07,89.71,No,
917053,221767,2026-04-07,72.97,No,
917054,227114,2026-04-07,72.02,No,
917055,232297,2026-04-07,55.09,Yes,2026-04-10
917056,206791,2026-04-07,56.93,Yes,2026-04-07
917057,230846,2026-04-07,70.99,No,
917058,206081,2026-04-07,94.65,No,
917059,241595,2026-04-07,95.46,No,
917060,202474,2026-04-07,83.98,No,
917061,217266,2026-04-07,61.94,Yes,2026-04-07
917062,234043,2026-04-07,109.82,No,
917063,235298,2026-04-07,117.31,Yes,2026-04-07
917064,214155,2026-04-07,80.26,Yes,2026-04-08
917065,216122,2026-04-07,89.06,No,
917066,215477,2026-04-07,75.44,No,
917067,211015,2026-04-07,59.61,No,
917068,241922,2026-04-07,86.11,Yes,2026-04-09
917069,244276,2026-04-07,40.42,Yes,2026-04-10
917070,209353,2026-04-07,62.58,No,
917071,215692,2026-04-07,82.18,No,
917072,236119,2026-04-07,114.29,No,
917073,247972,2026-04-07,107.41,No,
917074,212367,2026-04-07,61.16,No,
917075,202013,2026-04-07,148.56,No,
917076,238718,2026-04-07,73.13,No,
917077,221077,2026-04-07,57.87,No,
917078,218154,2026-04-07,66.54,No,
917079,214998,2026-04-07,104.76,No,
917080,238346,2026-04-07,73.65,Yes,2026-04-09
917081,244556,2026-04-07,114.98,Yes,2026-04-10
917082,205230,2026-04-07,76.64,No,
917083,206022,2026-04-07,54.87,Yes,2026-04-09
917084,245850,2026-04-07,105.48,No,
917085,228572,2026-04-07,79.68,No,
917086,206576,2026-04-07,60.38,No,
917087,225237,2026-04-07,62.31,No,
917088,242533,2026-04-07,103.22,No,
917089,207562,2026-04-07,100.86,No,
917090,229763,2026-04-07,39.70,No,
917091,226912,2026-04-07,83.33,No,
917092,222291,2026-04-07,76.04,No,
917093,211591,2026-04-07,114.81,No,
917094,233707,2026-04-07,129.60,No,
917095,246184,2026-04-07,80.48,No,
917096,235733,2026-04-07,80.76,Yes,2026-04-10
917097,217063,2026-04-07,81.23,Yes,2026-04-10
917098,240832,2026-04-07,82.63,Yes,2026-04-09
917099,236010,2026-04-07,92.73,No,
917100,203069,2026-04-07,85.95,No,
917101,202781,2026-04-07,153.23,No,
917102,223453,2026-04-07,122.69,Yes,2026-04-08
917103,247773,2026-04-07,94.41,No,
917104,224744,2026-04-07,109.06,No,
917105,242486,2026-04-07,54.20,No,
917106,237191,2026-04-07,107.86,No,
917107,201053,2026-04-07,106.73,No,
917108,241257,2026-04-07,55.85,No,
917109,232946,2026-04-07,55.04,Yes,2026-04-07
917110,232850,2026-04-08,50.17,No,
917111,222603,2026-04-08,39.56,No,
917112,201940,2026-04-08,95.25,No,
917113,236898,2026-04-08,96.02,No,
917114,217354,2026-04-08,57.67,No,
917115,223315,2026-04-08,64.57,Yes,2026-04-10
917116,245302,2026-04-08,94.91,No,
917117,209927,2026-04-08,38.21,No,
917118,212523,2026-04-08,54.99,Yes,2026-04-09
917119,232667,2026-04-08,70.65,No,
917120,210547,2026-04-08,54.49,No,
917121,232934,2026-04-08,55.76,Yes,2026-04-08
917122,225231,2026-04-08,89.40,No,
917123,200158,2026-04-08,58.34,No,
917124,225159,2026-04-08,82.43,No,
917125,241279,2026-04-08,48.20,No,
917126,239352,2026-04-08,79.04,No,
917127,204794,2026-04-08,94.75,Yes,2026-04-09
917128,238517,2026-04-08,94.55,No,
917129,211310,2026-04-08,98.26,No,
917130,228276,2026-04-08,83.60,Yes,2026-04-10
917131,220123,2026-04-08,46.49,No,
917132,207010,2026-04-08,90.23,Yes,2026-04-11
917133,202670,2026-04-08,107.86,Yes,2026-04-10
917134,226646,2026-04-08,115.48,No,
917135,246287,2026-04-08,78.45,No,
917136,245913,2026-04-08,87.72,No,
917137,236247,2026-04-08,34.29,No,
917138,202194,2026-04-08,86.80,No,
917139,201697,2026-04-08,76.04,No,
917140,233611,2026-04-08,79.34,No,
917141,201855,2026-04-08,90.90,No,
917142,231564,2026-04-08,93.77,Yes,2026-04-09
917143,204891,2026-04-08,74.42,No,
917144,204447,2026-04-08,42.86,No,
917145,232905,2026-04-08,57.31,No,
917146,217730,2026-04-08,113.53,Yes,2026-04-08
917147,211225,2026-04-08,41.45,No,
917148,247880,2026-04-08,47.61,No,
917149,219966,2026-04-08,47.83,No,
917150,202728,2026-04-08,66.82,Yes,2026-04-10
917151,201835,2026-04-08,118.32,No,
917152,226613,2026-04-08,80.08,No,
917153,219457,2026-04-08,77.55,Yes,2026-04-11
917154,241363,2026-04-08,81.55,No,
917155,224124,2026-04-08,86.07,No,
917156,211030,2026-04-08,96.76,No,
917157,223158,2026-04-08,63.47,Yes,2026-04-08
917158,223966,2026-04-08,91.78,No,
917159,206563,2026-04-08,92.17,Yes,2026-04-09
917160,208955,2026-04-08,81.78,No,
917161,232769,2026-04-08,59.47,No,
917162,243808,2026-04-08,87.75,No,
917163,211228,2026-04-08,67.00,No,
917164,218486,2026-04-08,67.57,No,
917165,240998,2026-04-08,103.34,No,
917166,231400,2026-04-08,108.56,No,
917167,218047,2026-04-08,68.67,No,
917168,207042,2026-04-08,39.69,No,
917169,244475,2026-04-08,125.63,Yes,2026-04-11
917170,225668,2026-04-08,106.72,No,
917171,205746,2026-04-08,111.88,No,
917172,231395,2026-04-08,103.09,No,
917173,214213,2026-04-08,101.49,No,
917174,223485,2026-04-08,75.50,No,
917175,246779,2026-04-08,85.12,No,
917176,217435,2026-04-08,62.24,No,
917177,209880,2026-04-08,73.32,Yes,2026-04-11
917178,222899,2026-04-08,123.30,No,
917179,233703,2026-04-08,105.59,Yes,2026-04-09
917180,213662,2026-04-08,66.71,No,
917181,235352,2026-04-08,90.62,Yes,2026-04-08
917182,241998,2026-04-08,64.53,Yes,2026-04-08
917183,222074,2026-04-08,114.89,No,
917184,212840,2026-04-08,69.81,No,
917185,211014,2026-04-08,65.78,No,
917186,211477,2026-04-08,114.01,No,
917187,202139,2026-04-08,94.55,Yes,2026-04-10
917188,221154,2026-04-08,37.81,No,
917189,205484,2026-04-08,39.52,No,
917190,205332,2026-04-08,75.64,No,
917191,232857,2026-04-08,51.04,No,
917192,241344,2026-04-08,95.23,No,
917193,214539,2026-04-08,96.59,Yes,2026-04-11
917194,223071,2026-04-08,146.73,Yes,2026-04-09
917195,216870,2026-04-08,80.59,No,
917196,220822,2026-04-08,92.96,No,
917197,222024,2026-04-08,92.37,No,
917198,230677,2026-04-08,49.35,No,
917199,225964,2026-04-08,46.59,Yes,2026-04-11
917200,223718,2026-04-08,83.56,No,
917201,247718,2026-04-08,73.16,No,
917202,206932,2026-04-08,80.39,No,
917203,245023,2026-04-08,88.03,No,
917204,245822,2026-04-08,75.64,No,
917205,246342,2026-04-08,99.05,No,
917206,206876,2026-04-08,59.00,No,
917207,241854,2026-04-08,40.20,No,
917208,225756,2026-04-08,117.67,Yes,2026-04-08
917209,222795,2026-04-08,111.50,No,
917210,218261,2026-04-08,97.43,No,
917211,229036,2026-04-08,74.91,No,
917212,223882,2026-04-08,101.70,No,
917213,232950,2026-04-08,129.04,No,
917214,222159,2026-04-08,58.29,No,
917215,236598,2026-04-08,85.61,Yes,2026-04-09
917216,231836,2026-04-08,86.36,No,
917217,207842,2026-04-08,45.88,No,
917218,239934,2026-04-08,77.62,No,
917219,211195,2026-04-08,68.71,Yes,2026-04-08
917220,208014,2026-04-08,52.44,No,
917221,225989,2026-04-08,68.42,No,
917222,200022,2026-04-08,77.92,No,
917223,244801,2026-04-08,125.05,No,
917224,231757,2026-04-08,91.42,No,
917225,217224,2026-04-08,22.36,No,
917226,232793,2026-04-08,73.01,No,
917227,245429,2026-04-08,54.22,No,
917228,227053,2026-04-08,44.28,No,
917229,247306,2026-04-08,40.30,No,
917230,225140,2026-04-08,68.79,Yes,2026-04-11
917231,212769,2026-04-08,26.27,No,
917232,216021,2026-04-08,62.66,No,
917233,224826,2026-04-08,65.42,No,
917234,208521,2026-04-08,81.94,Yes,2026-04-09
917235,243789,2026-04-08,117.14,No,
917236,206585,2026-04-08,80.32,Yes,2026-04-08
917237,203303,2026-04-08,95.20,Yes,2026-04-11
917238,229004,2026-04-08,75.79,No,
917239,227809,2026-04-08,62.55,No,
917240,200333,2026-04-08,54.25,Yes,2026-04-09
917241,221638,2026-04-08,32.23,Yes,2026-04-11
917242,233940,2026-04-08,93.39,No,
917243,204765,2026-04-08,101.49,No,
917244,234281,2026-04-08,104.88,No,
917245,206829,2026-04-08,81.96,No,
917246,209749,2026-04-08,84.60,No,
917247,204024,2026-04-08,68.14,No,
917248,219430,2026-04-08,78.00,No,
917249,217222,2026-04-08,98.50,No,
917250,208408,2026-04-08,47.13,No,
917251,202191,2026-04-08,118.25,No,
917252,244753,2026-04-08,109.18,No,
917253,226449,2026-04-08,103.81,Yes,2026-04-11
917254,201450,2026-04-08,120.37,No,
917255,202495,2026-04-08,63.62,Yes,2026-04-10
917256,239437,2026-04-08,41.34,No,
917257,238089,2026-04-08,93.65,No,
917258,225677,2026-04-08,88.98,No,
917259,240532,2026-04-08,60.96,Yes,2026-04-08
917260,216598,2026-04-09,90.52,No,
917261,219489,2026-04-09,80.06,No,
917262,221389,2026-04-09,37.71,Yes,2026-04-10
917263,210830,2026-04-09,68.51,No,
917264,219998,2026-04-09,100.42,No,
917265,216133,2026-04-09,103.40,No,
917266,216619,2026-04-09,67.30,No,
917267,223501,2026-04-09,39.14,No,
917268,220558,2026-04-09,86.77,No,
917269,247428,2026-04-09,124.49,No,
917270,212934,2026-04-09,64.56,Yes,2026-04-09
917271,230776,2026-04-09,96.15,No,
917272,209667,2026-04-09,114.71,No,
917273,223358,2026-04-09,65.76,No,
917274,227798,2026-04-09,116.87,Yes,2026-04-11
917275,224702,2026-04-09,56.80,No,
917276,236325,2026-04-09,51.83,Yes,2026-04-09
917277,210971,2026-04-09,111.30,No,
917278,214778,2026-04-09,97.76,No,
917279,207055,2026-04-09,87.62,Yes,2026-04-11
917280,216523,2026-04-09,91.25,No,
917281,217125,2026-04-09,82.92,No,
917282,244599,2026-04-09,105.72,No,
917283,207522,2026-04-09,87.56,Yes,2026-04-11
917284,236682,2026-04-09,119.06,No,
917285,239592,2026-04-09,110.11,No,
917286,225107,2026-04-09,68.07,No,
917287,234263,2026-04-09,92.74,No,
917288,216813,2026-04-09,112.84,No,
917289,226074,2026-04-09,46.97,No,
917290,203336,2026-04-09,87.10,No,
917291,226112,2026-04-09,73.53,No,
917292,242353,2026-04-09,93.86,No,
917293,202306,2026-04-09,66.13,No,
917294,224969,2026-04-09,88.27,No,
917295,217909,2026-04-09,87.82,No,
917296,208132,2026-04-09,109.80,No,
917297,246346,2026-04-09,57.25,Yes,2026-04-09
917298,245392,2026-04-09,52.80,No,
917299,248445,2026-04-09,52.10,No,
917300,216961,2026-04-09,66.28,No,
917301,200624,2026-04-09,117.30,No,
917302,224564,2026-04-09,123.09,No,
917303,212325,2026-04-09,70.53,No,
917304,209859,2026-04-09,79.08,No,
917305,230310,2026-04-09,51.79,Yes,2026-04-09
917306,217301,2026-04-09,93.24,Yes,2026-04-09
917307,207882,2026-04-09,63.41,No,
917308,217904,2026-04-09,67.56,No,
917309,230011,2026-04-09,27.83,No,
917310,218307,2026-04-09,101.89,Yes,2026-04-11
917311,211251,2026-04-09,75.96,No,
917312,204059,2026-04-09,91.19,No,
917313,200108,2026-04-09,84.48,No,
917314,224844,2026-04-09,98.40,Yes,2026-04-10
917315,221926,2026-04-09,100.07,No,
917316,244983,2026-04-09,80.39,No,
917317,225008,2026-04-09,71.80,Yes,2026-04-10
917318,208891,2026-04-09,110.25,No,
917319,238835,2026-04-09,123.55,No,
917320,247479,2026-04-09,74.94,No,
917321,216736,2026-04-09,88.29,Yes,2026-04-10
917322,236691,2026-04-09,96.66,No,
917323,219095,2026-04-09,45.30,No,
917324,219225,2026-04-09,84.22,No,
917325,217787,2026-04-09,93.55,Yes,2026-04-11
917326,230002,2026-04-09,77.73,No,
917327,242973,2026-04-09,70.98,No,
917328,213584,2026-04-09,80.72,No,
917329,204525,2026-04-09,94.82,No,
917330,208817,2026-04-09,57.80,No,
917331,215321,2026-04-09,58.87,No,
917332,205293,2026-04-09,113.40,Yes,2026-04-11
917333,218262,2026-04-09,81.25,No,
917334,244361,2026-04-09,100.47,No,
917335,223603,2026-04-09,51.04,No,
917336,230614,2026-04-09,89.31,No,
917337,228608,2026-04-09,71.85,No,
917338,215399,2026-04-09,91.51,No,
917339,238882,2026-04-09,129.97,No,
917340,221701,2026-04-09,79.40,Yes,2026-04-09
917341,209329,2026-04-09,78.40,No,
917342,247857,2026-04-09,126.21,Yes,2026-04-12
917343,210559,2026-04-09,76.94,Yes,2026-04-10
917344,216441,2026-04-09,48.36,No,
917345,246966,2026-04-09,78.37,No,
917346,224753,2026-04-09,71.35,No,
917347,243647,2026-04-09,106.62,No,
917348,227421,2026-04-09,80.32,No,
917349,246650,2026-04-09,71.94,No,
917350,216072,2026-04-09,99.51,No,
917351,248068,2026-04-09,87.12,Yes,2026-04-12
917352,205463,2026-04-09,82.92,No,
917353,231233,2026-04-09,134.45,No,
917354,239577,2026-04-09,72.90,No,
917355,237963,2026-04-09,79.91,No,
917356,209607,2026-04-09,80.53,No,
917357,200640,2026-04-09,124.27,Yes,2026-04-12
917358,229567,2026-04-09,76.42,Yes,2026-04-11
917359,210714,2026-04-09,105.96,No,
917360,216567,2026-04-09,121.61,No,
917361,230178,2026-04-09,62.80,No,
917362,217999,2026-04-09,136.26,No,
917363,242847,2026-04-09,103.80,No,
917364,211769,2026-04-09,81.25,Yes,2026-04-09
917365,216629,2026-04-09,115.92,No,
917366,240269,2026-04-09,62.95,No,
917367,200230,2026-04-09,51.38,No,
917368,202049,2026-04-09,57.72,No,
917369,228436,2026-04-09,63.83,No,
917370,244836,2026-04-09,104.63,No,
917371,218689,2026-04-09,40.43,No,
917372,212408,2026-04-09,72.63,No,
917373,215513,2026-04-09,51.80,No,
917374,225564,2026-04-09,76.31,No,
917375,217059,2026-04-09,46.52,No,
917376,230329,2026-04-09,88.67,No,
917377,244746,2026-04-09,72.74,No,
917378,216968,2026-04-09,59.77,No,
917379,219725,2026-04-09,47.54,Yes,2026-04-11
917380,234008,2026-04-09,94.25,Yes,2026-04-10
917381,202382,2026-04-09,81.03,No,
917382,230073,2026-04-09,66.29,No,
917383,232361,2026-04-09,106.02,No,
917384,222703,2026-04-09,53.04,No,
917385,204655,2026-04-09,66.01,No,
917386,247021,2026-04-09,79.65,No,
917387,210000,2026-04-09,69.10,No,
917388,219931,2026-04-09,80.30,No,
917389,205507,2026-04-09,90.68,No,
917390,219800,2026-04-09,88.20,Yes,2026-04-09
917391,222370,2026-04-09,84.29,No,
917392,204233,2026-04-09,130.10,No,
917393,209163,2026-04-09,128.35,No,
917394,230008,2026-04-09,73.61,No,
917395,245485,2026-04-09,69.62,No,
917396,242066,2026-04-09,97.15,No,
917397,208993,2026-04-09,65.21,No,
917398,209229,2026-04-09,82.88,No,
917399,210792,2026-04-10,68.82,Yes,2026-04-13
917400,200109,2026-04-10,89.89,No,
917401,202987,2026-04-10,165.52,Yes,2026-04-12
917402,234511,2026-04-10,44.88,No,
917403,245040,2026-04-10,96.03,No,
917404,203264,2026-04-10,51.75,No,
917405,234407,2026-04-10,90.23,No,
917406,213112,2026-04-10,84.78,No,
917407,220296,2026-04-10,68.70,No,
917408,206040,2026-04-10,103.98,No,
917409,230587,2026-04-10,114.77,Yes,2026-04-11
917410,202612,2026-04-10,95.90,Yes,2026-04-13
917411,224784,2026-04-10,70.72,No,
917412,213534,2026-04-10,67.70,Yes,2026-04-10
917413,232713,2026-04-10,116.25,No,
917414,231670,2026-04-10,50.28,No,
917415,204383,2026-04-10,94.98,No,
917416,219445,2026-04-10,108.48,No,
917417,201706,2026-04-10,117.33,No,
917418,211194,2026-04-10,89.67,No,
917419,247369,2026-04-10,113.96,Yes,2026-04-12
917420,227056,2026-04-10,116.44,No,
917421,214603,2026-04-10,107.34,No,
917422,228380,2026-04-10,80.16,No,
917423,216797,2026-04-10,52.21,No,
917424,214962,2026-04-10,67.81,No,
917425,221514,2026-04-10,44.66,Yes,2026-04-12
917426,220338,2026-04-10,31.06,No,
917427,226585,2026-04-10,72.22,No,
917428,246737,2026-04-10,82.89,No,
917429,231280,2026-04-10,93.23,Yes,2026-04-10
917430,232272,2026-04-10,69.77,No,
917431,222489,2026-04-10,113.93,No,
917432,248478,2026-04-10,100.92,Yes,2026-04-11
917433,229205,2026-04-10,73.30,Yes,2026-04-11
917434,201762,2026-04-10,53.43,No,
917435,227244,2026-04-10,118.88,No,
917436,230261,2026-04-10,68.40,No,
917437,232540,2026-04-10,88.51,No,
917438,214355,2026-04-10,68.63,No,
917439,215886,2026-04-10,77.10,Yes,2026-04-12
917440,217308,2026-04-10,128.99,No,
917441,207496,2026-04-10,106.03,No,
917442,241370,2026-04-10,94.82,Yes,2026-04-11
917443,205615,2026-04-10,98.33,Yes,2026-04-11
917444,242696,2026-04-10,84.20,No,
917445,209897,2026-04-10,101.10,No,
917446,217327,2026-04-10,67.89,No,
917447,236090,2026-04-10,67.10,Yes,2026-04-12
917448,210815,2026-04-10,50.76,No,
917449,231866,2026-04-10,118.85,No,
917450,203075,2026-04-10,71.85,No,
917451,213517,2026-04-10,74.21,No,
917452,246764,2026-04-10,87.06,No,
917453,219305,2026-04-10,111.46,Yes,2026-04-12
917454,222031,2026-04-10,74.10,No,
917455,216309,2026-04-10,60.05,No,
917456,211676,2026-04-10,81.99,Yes,2026-04-13
917457,202477,2026-04-10,88.80,No,
917458,241401,2026-04-10,77.30,No,
917459,234220,2026-04-10,110.06,No,
917460,221909,2026-04-10,101.29,Yes,2026-04-10
917461,233464,2026-04-10,111.66,No,
917462,238013,2026-04-10,90.40,No,
917463,218964,2026-04-10,45.31,Yes,2026-04-11
917464,245000,2026-04-10,91.93,Yes,2026-04-11
917465,211721,2026-04-10,128.92,No,
917466,228783,2026-04-10,59.48,No,
917467,213961,2026-04-10,81.49,Yes,2026-04-12
917468,238221,2026-04-10,76.80,Yes,2026-04-12
917469,225745,2026-04-10,94.20,Yes,2026-04-12
917470,219537,2026-04-10,58.28,No,
917471,222438,2026-04-10,83.56,No,
917472,237969,2026-04-10,85.37,No,
917473,211319,2026-04-10,96.72,Yes,2026-04-13
917474,224561,2026-04-10,66.10,Yes,2026-04-11
917475,222539,2026-04-10,20.00,No,
917476,241526,2026-04-10,92.63,Yes,2026-04-11
917477,212395,2026-04-10,101.29,No,
917478,215019,2026-04-10,104.26,No,
917479,206310,2026-04-10,68.26,Yes,2026-04-13
917480,242729,2026-04-10,81.41,Yes,2026-04-13
917481,243809,2026-04-10,63.47,No,
917482,210391,2026-04-10,87.58,No,
917483,221448,2026-04-10,130.05,No,
917484,206291,2026-04-10,87.50,No,
917485,240253,2026-04-10,137.40,Yes,2026-04-12
917486,209428,2026-04-10,45.94,No,
917487,230051,2026-04-10,93.61,No,
917488,219372,2026-04-10,69.58,Yes,2026-04-11
917489,202259,2026-04-10,90.88,No,
917490,232663,2026-04-10,59.71,Yes,2026-04-10
917491,214454,2026-04-10,63.58,No,
917492,245830,2026-04-10,114.95,Yes,2026-04-13
917493,208791,2026-04-10,66.42,No,
917494,216771,2026-04-10,90.12,No,
917495,244955,2026-04-10,104.12,No,
917496,213176,2026-04-10,112.88,No,
917497,247737,2026-04-10,63.28,Yes,2026-04-12
917498,209031,2026-04-10,58.66,No,
917499,215302,2026-04-10,61.09,Yes,2026-04-13
917500,234724,2026-04-10,51.82,Yes,2026-04-10
917501,209483,2026-04-10,95.89,No,
917502,237147,2026-04-10,64.67,No,
917503,241638,2026-04-10,88.81,No,
917504,209716,2026-04-10,95.51,No,
917505,215316,2026-04-10,137.29,No,
917506,219694,2026-04-10,65.23,Yes,2026-04-11
917507,201348,2026-04-10,91.33,No,
917508,208710,2026-04-10,80.17,Yes,2026-04-10
917509,240447,2026-04-10,62.99,No,
917510,232672,2026-04-10,105.45,No,
917511,207709,2026-04-10,69.17,No,
917512,221970,2026-04-10,51.40,Yes,2026-04-13
917513,213941,2026-04-10,69.65,No,
917514,244884,2026-04-10,94.46,Yes,2026-04-13
917515,232677,2026-04-10,55.45,No,
917516,214180,2026-04-10,99.76,No,
917517,240730,2026-04-10,55.06,Yes,2026-04-11
917518,222169,2026-04-10,120.55,Yes,2026-04-10
917519,231545,2026-04-10,87.41,Yes,2026-04-10
917520,213618,2026-04-10,90.56,Yes,2026-04-11
917521,200594,2026-04-10,51.76,No,
917522,238601,2026-04-10,83.29,No,
917523,226797,2026-04-10,126.23,No,
917524,244188,2026-04-10,94.99,Yes,2026-04-12
917525,213991,2026-04-10,31.54,Yes,2026-04-11
917526,219201,2026-04-10,90.06,No,
917527,218462,2026-04-10,124.05,No,
917528,239075,2026-04-10,50.65,No,
917529,238594,2026-04-10,75.34,Yes,2026-04-10
917530,228307,2026-04-10,51.25,No,
917531,232077,2026-04-10,81.39,No,
917532,200751,2026-04-10,92.86,No,
917533,238175,2026-04-10,65.69,No,
917534,220315,2026-04-10,111.44,No,
917535,200912,2026-04-10,111.70,Yes,2026-04-12
917536,207568,2026-04-10,84.56,No,
917537,209833,2026-04-10,68.64,Yes,2026-04-12
917538,200476,2026-04-10,83.67,No,
917539,232217,2026-04-10,81.78,No,
917540,207272,2026-04-10,105.12,No,
917541,227341,2026-04-10,99.88,No,
917542,230101,2026-04-10,72.30,No,
917543,204680,2026-04-10,98.93,No,
917544,232398,2026-04-10,77.98,No,
917545,203497,2026-04-11,93.55,No,
917546,233144,2026-04-11,77.18,No,
917547,222580,2026-04-11,39.24,No,
917548,206105,2026-04-11,128.09,No,
917549,230579,2026-04-11,128.29,No,
917550,248446,2026-04-11,60.45,No,
917551,211621,2026-04-11,91.84,Yes,2026-04-13
917552,234074,2026-04-11,73.71,No,
917553,214434,2026-04-11,76.68,Yes,2026-04-11
917554,218103,2026-04-11,133.95,Yes,2026-04-12
917555,223377,2026-04-11,98.41,Yes,2026-04-13
917556,202027,2026-04-11,72.97,Yes,2026-04-13
917557,226198,2026-04-11,59.75,No,
917558,246947,2026-04-11,84.88,Yes,2026-04-12
917559,224647,2026-04-11,136.19,Yes,2026-04-12
917560,239468,2026-04-11,58.65,No,
917561,226963,2026-04-11,20.00,Yes,2026-04-12
917562,231834,2026-04-11,83.95,No,
917563,216636,2026-04-11,90.63,No,
917564,207239,2026-04-11,72.97,No,
917565,239637,2026-04-11,100.88,No,
917566,238205,2026-04-11,51.68,No,
917567,210704,2026-04-11,92.53,No,
917568,234398,2026-04-11,89.37,No,
917569,218873,2026-04-11,93.31,Yes,2026-04-12
917570,232955,2026-04-11,104.19,No,
917571,217972,2026-04-11,123.63,No,
917572,211756,2026-04-11,104.12,No,
917573,203629,2026-04-11,39.97,No,
917574,247623,2026-04-11,69.91,No,
917575,209950,2026-04-11,86.54,No,
917576,242453,2026-04-11,122.23,No,
917577,230413,2026-04-11,109.26,No,
917578,234390,2026-04-11,54.16,Yes,2026-04-11
917579,201365,2026-04-11,99.92,Yes,2026-04-14
917580,246108,2026-04-11,81.25,No,
917581,219368,2026-04-11,69.44,No,
917582,242157,2026-04-11,61.77,No,
917583,243235,2026-04-11,97.65,No,
917584,215315,2026-04-11,60.57,No,
917585,205705,2026-04-11,93.67,Yes,2026-04-14
917586,218784,2026-04-11,79.98,No,
917587,229907,2026-04-11,56.56,Yes,2026-04-13
917588,203617,2026-04-11,111.78,No,
917589,215193,2026-04-11,89.29,No,
917590,234757,2026-04-11,93.64,No,
917591,208962,2026-04-11,43.04,No,
917592,237802,2026-04-11,114.74,No,
917593,235777,2026-04-11,78.82,No,
917594,225502,2026-04-11,69.31,No,
917595,211052,2026-04-11,33.28,No,
917596,230287,2026-04-11,99.80,No,
917597,224567,2026-04-11,70.21,No,
917598,220977,2026-04-11,94.79,No,
917599,213887,2026-04-11,26.36,No,
917600,238748,2026-04-11,89.17,No,
917601,230533,2026-04-11,83.60,No,
917602,240264,2026-04-11,44.65,No,
917603,215351,2026-04-11,87.21,No,
917604,229499,2026-04-11,105.20,No,
917605,248404,2026-04-11,76.43,No,
917606,238780,2026-04-11,104.50,No,
917607,209072,2026-04-11,40.72,Yes,2026-04-12
917608,229246,2026-04-11,97.61,No,
917609,237619,2026-04-11,56.89,Yes,2026-04-11
917610,238180,2026-04-11,104.35,Yes,2026-04-12
917611,240538,2026-04-11,89.73,No,
917612,243673,2026-04-11,59.89,No,
917613,225636,2026-04-11,71.45,No,
917614,238989,2026-04-11,64.37,No,
917615,208329,2026-04-11,100.13,Yes,2026-04-11
917616,228327,2026-04-11,72.65,Yes,2026-04-13
917617,235121,2026-04-11,47.57,No,
917618,227361,2026-04-11,69.85,No,
917619,212730,2026-04-11,124.46,No,
917620,241870,2026-04-11,129.85,Yes,2026-04-11
917621,200834,2026-04-11,41.20,No,
917622,209020,2026-04-11,43.69,No,
917623,205466,2026-04-11,47.11,No,
917624,230234,2026-04-11,81.79,Yes,2026-04-11
917625,238165,2026-04-11,63.68,No,
917626,232050,2026-04-11,119.76,No,
917627,235188,2026-04-11,43.42,No,
917628,236324,2026-04-11,92.07,No,
917629,235851,2026-04-11,45.14,No,
917630,227959,2026-04-11,67.06,No,
917631,220573,2026-04-11,53.76,No,
917632,214421,2026-04-11,92.43,Yes,2026-04-11
917633,209895,2026-04-11,66.84,No,
917634,200651,2026-04-11,96.14,No,
917635,218808,2026-04-11,80.36,No,
917636,246825,2026-04-11,86.04,Yes,2026-04-11
917637,201738,2026-04-11,132.67,No,
917638,226965,2026-04-11,94.17,No,
917639,208812,2026-04-11,105.78,No,
917640,208360,2026-04-11,76.68,No,
917641,216531,2026-04-11,100.79,Yes,2026-04-13
917642,207028,2026-04-11,81.19,No,
917643,220478,2026-04-11,58.04,No,
917644,208846,2026-04-11,90.21,Yes,2026-04-11
917645,202534,2026-04-11,95.45,No,
917646,242886,2026-04-11,93.73,No,
917647,212962,2026-04-11,64.82,Yes,2026-04-11
917648,231146,2026-04-11,58.41,No,
917649,240668,2026-04-11,51.58,No,
917650,222114,2026-04-11,47.36,Yes,2026-04-14
917651,226688,2026-04-11,125.33,No,
917652,238843,2026-04-11,22.29,No,
917653,240034,2026-04-11,53.23,No,
917654,231536,2026-04-11,74.02,No,
917655,209837,2026-04-11,53.97,Yes,2026-04-14
917656,230128,2026-04-11,56.87,No,
917657,233358,2026-04-11,112.29,No,
917658,232063,2026-04-11,71.90,No,
917659,209952,2026-04-11,111.16,No,
917660,220711,2026-04-11,78.73,No,
917661,206929,2026-04-11,77.82,No,
917662,207764,2026-04-11,57.07,No,
917663,204965,2026-04-11,83.79,No,
917664,206006,2026-04-11,80.91,No,
917665,219933,2026-04-11,77.38,No,
917666,213662,2026-04-11,82.62,No,
917667,245856,2026-04-11,102.98,No,
917668,207728,2026-04-11,103.99,No,
917669,222773,2026-04-11,82.36,Yes,2026-04-12
917670,243804,2026-04-11,115.34,No,
917671,234013,2026-04-11,122.18,No,
917672,222862,2026-04-11,72.33,No,
917673,248426,2026-04-11,43.52,No,
917674,204214,2026-04-11,43.16,No,
917675,241623,2026-04-11,96.42,No,
917676,236790,2026-04-11,127.71,No,
917677,212927,2026-04-11,89.56,No,
917678,239711,2026-04-11,120.78,No,
917679,247848,2026-04-11,60.52,Yes,2026-04-14
917680,237171,2026-04-11,76.32,No,
917681,206916,2026-04-11,73.91,No,
917682,204537,2026-04-11,28.62,No,
917683,214991,2026-04-11,94.55,No,
917684,220998,2026-04-11,69.43,No,
917685,248364,2026-04-11,134.85,No,
917686,215274,2026-04-11,54.17,No,
917687,235772,2026-04-11,83.95,Yes,2026-04-14
917688,214319,2026-04-11,116.99,No,
917689,203847,2026-04-11,39.94,No,
917690,209681,2026-04-11,85.49,No,
917691,201107,2026-04-11,90.37,No,
917692,238594,2026-04-11,101.78,No,
917693,200994,2026-04-11,73.34,No,
917694,231207,2026-04-11,77.65,No,
917695,234525,2026-04-11,96.74,No,
917696,228361,2026-04-11,79.43,Yes,2026-04-11
917697,216595,2026-04-11,67.77,No,
917698,202450,2026-04-11,98.46,No,
917699,242154,2026-04-11,82.65,No,
917700,206073,2026-04-11,89.19,No,
917701,223226,2026-04-11,90.66,No,
917702,231234,2026-04-11,115.24,No,
917703,203659,2026-04-11,111.51,No,
917704,235513,2026-04-11,83.71,No,
917705,204979,2026-04-11,125.41,No,
917706,247935,2026-04-11,82.00,No,
917707,234862,2026-04-12,129.23,Yes,2026-04-13
917708,242426,2026-04-12,104.71,Yes,2026-04-13
917709,238221,2026-04-12,116.03,No,
917710,236681,2026-04-12,78.10,No,
917711,227655,2026-04-12,77.74,No,
917712,225609,2026-04-12,112.14,No,
917713,239708,2026-04-12,94.93,No,
917714,236644,2026-04-12,97.46,Yes,2026-04-12
917715,202074,2026-04-12,60.16,Yes,2026-04-12
917716,210376,2026-04-12,130.23,No,
917717,218656,2026-04-12,106.49,Yes,2026-04-15
917718,245908,2026-04-12,60.17,No,
917719,230292,2026-04-12,63.99,No,
917720,238747,2026-04-12,67.28,No,
917721,207490,2026-04-12,73.28,No,
917722,205157,2026-04-12,67.45,Yes,2026-04-14
917723,215743,2026-04-12,96.70,Yes,2026-04-13
917724,227626,2026-04-12,83.01,Yes,2026-04-13
917725,228473,2026-04-12,103.26,No,
917726,213563,2026-04-12,74.45,No,
917727,211573,2026-04-12,50.89,Yes,2026-04-15
917728,214103,2026-04-12,86.98,No,
917729,229325,2026-04-12,20.74,No,
917730,240333,2026-04-12,91.24,No,
917731,218921,2026-04-12,20.00,No,
917732,212490,2026-04-12,102.62,No,
917733,213810,2026-04-12,100.52,No,
917734,238969,2026-04-12,90.15,Yes,2026-04-14
917735,212713,2026-04-12,163.36,No,
917736,231700,2026-04-12,86.15,No,
917737,216542,2026-04-12,67.82,No,
917738,218416,2026-04-12,97.72,No,
917739,219104,2026-04-12,50.33,No,
917740,202262,2026-04-12,95.62,No,
917741,224268,2026-04-12,76.20,No,
917742,210663,2026-04-12,102.24,No,
917743,246433,2026-04-12,58.66,No,
917744,236006,2026-04-12,61.04,No,
917745,234438,2026-04-12,77.29,No,
917746,216127,2026-04-12,64.54,No,
917747,200114,2026-04-12,95.75,Yes,2026-04-13
917748,240098,2026-04-12,95.97,No,
917749,208361,2026-04-12,92.75,No,
917750,200521,2026-04-12,60.77,No,
917751,205432,2026-04-12,72.94,No,
917752,204545,2026-04-12,55.67,No,
917753,213179,2026-04-12,86.35,No,
917754,239067,2026-04-12,127.18,Yes,2026-04-15
917755,239015,2026-04-12,74.50,No,
917756,232128,2026-04-12,76.06,No,
917757,218493,2026-04-12,70.71,No,
917758,235720,2026-04-12,104.42,Yes,2026-04-14
917759,229844,2026-04-12,69.50,No,
917760,205050,2026-04-12,79.25,No,
917761,229996,2026-04-12,80.05,No,
917762,230353,2026-04-12,104.51,No,
917763,202468,2026-04-12,44.30,No,
917764,205519,2026-04-12,127.25,Yes,2026-04-13
917765,240218,2026-04-12,76.70,Yes,2026-04-14
917766,243136,2026-04-12,56.53,Yes,2026-04-12
917767,217261,2026-04-12,90.99,No,
917768,211292,2026-04-12,84.78,No,
917769,205176,2026-04-12,80.94,No,
917770,234441,2026-04-12,27.75,No,
917771,243435,2026-04-12,88.66,No,
917772,246336,2026-04-12,78.47,No,
917773,236313,2026-04-12,23.67,No,
917774,209759,2026-04-12,71.26,Yes,2026-04-13
917775,207621,2026-04-12,71.61,No,
917776,202089,2026-04-12,95.38,No,
917777,200551,2026-04-12,120.19,Yes,2026-04-15
917778,217633,2026-04-12,49.51,No,
917779,209479,2026-04-12,137.76,No,
917780,226529,2026-04-12,120.14,Yes,2026-04-13
917781,223451,2026-04-12,92.05,No,
917782,209042,2026-04-12,61.38,No,
917783,223751,2026-04-12,149.39,No,
917784,239985,2026-04-12,105.26,No,
917785,214768,2026-04-12,98.57,No,
917786,234740,2026-04-12,57.26,No,
917787,229077,2026-04-12,106.25,No,
917788,209550,2026-04-12,60.54,Yes,2026-04-14
917789,236510,2026-04-12,107.00,No,
917790,229177,2026-04-12,111.02,No,
917791,209117,2026-04-12,133.82,No,
917792,201327,2026-04-12,96.07,No,
917793,235773,2026-04-12,92.28,No,
917794,215370,2026-04-12,90.04,No,
917795,238627,2026-04-12,37.77,No,
917796,217530,2026-04-12,107.76,No,
917797,221797,2026-04-12,108.40,No,
917798,244767,2026-04-12,86.68,No,
917799,233369,2026-04-12,43.47,Yes,2026-04-14
917800,247787,2026-04-12,62.55,No,
917801,242388,2026-04-12,65.16,No,
917802,205104,2026-04-12,107.37,Yes,2026-04-13
917803,234531,2026-04-12,98.19,Yes,2026-04-12
917804,216722,2026-04-12,122.65,No,
917805,200090,2026-04-12,86.13,No,
917806,225150,2026-04-12,47.71,Yes,2026-04-12
917807,229790,2026-04-12,75.18,No,
917808,211493,2026-04-12,109.07,Yes,2026-04-12
917809,217992,2026-04-12,57.43,Yes,2026-04-12
917810,205530,2026-04-12,94.12,No,
917811,240227,2026-04-12,107.98,No,
917812,220154,2026-04-12,66.64,Yes,2026-04-15
917813,213035,2026-04-12,84.10,No,
917814,218398,2026-04-12,77.81,No,
917815,218816,2026-04-12,92.15,Yes,2026-04-15
917816,217320,2026-04-12,116.61,No,
917817,208311,2026-04-12,68.23,No,
917818,201300,2026-04-12,96.18,No,
917819,217378,2026-04-12,117.50,No,
917820,220902,2026-04-12,107.98,Yes,2026-04-14
917821,235859,2026-04-12,91.03,No,
917822,210342,2026-04-12,98.78,No,
917823,218217,2026-04-12,20.00,No,
917824,247902,2026-04-12,84.77,No,
917825,222345,2026-04-12,54.76,No,
917826,236867,2026-04-12,104.79,No,
917827,246816,2026-04-12,122.36,No,
917828,209578,2026-04-12,78.25,No,
917829,224241,2026-04-12,105.57,No,
917830,237919,2026-04-12,77.98,No,
917831,207544,2026-04-12,69.79,No,
917832,242424,2026-04-12,76.05,No,
917833,204750,2026-04-12,122.42,Yes,2026-04-14
917834,201158,2026-04-12,73.15,Yes,2026-04-13
917835,225972,2026-04-12,92.15,No,
917836,242893,2026-04-12,105.59,No,
917837,230525,2026-04-12,46.54,No,
917838,246776,2026-04-12,69.91,Yes,2026-04-14
917839,243379,2026-04-12,94.72,No,
917840,206773,2026-04-12,49.74,No,
917841,222830,2026-04-12,59.27,No,
917842,242368,2026-04-12,90.65,Yes,2026-04-12
917843,213721,2026-04-12,72.27,No,
917844,222038,2026-04-13,49.21,Yes,2026-04-13
917845,208158,2026-04-13,50.30,No,
917846,234146,2026-04-13,140.31,No,
917847,236566,2026-04-13,82.68,Yes,2026-04-13
917848,228322,2026-04-13,153.16,No,
917849,231047,2026-04-13,62.56,No,
917850,230812,2026-04-13,64.77,No,
917851,210112,2026-04-13,84.15,No,
917852,211988,2026-04-13,27.46,No,
917853,222825,2026-04-13,42.96,No,
917854,238019,2026-04-13,93.32,No,
917855,246007,2026-04-13,114.40,No,
917856,240534,2026-04-13,92.73,No,
917857,230239,2026-04-13,111.72,No,
917858,203879,2026-04-13,104.86,No,
917859,226438,2026-04-13,110.79,No,
917860,242991,2026-04-13,79.21,No,
917861,235021,2026-04-13,80.13,No,
917862,221403,2026-04-13,75.60,No,
917863,219734,2026-04-13,96.23,Yes,2026-04-16
917864,208816,2026-04-13,108.16,No,
917865,208330,2026-04-13,59.01,No,
917866,203553,2026-04-13,44.10,No,
917867,200579,2026-04-13,56.20,Yes,2026-04-13
917868,243352,2026-04-13,82.04,No,
917869,210609,2026-04-13,73.49,No,
917870,212087,2026-04-13,107.89,No,
917871,202578,2026-04-13,62.31,No,
917872,231580,2026-04-13,101.58,No,
917873,226730,2026-04-13,107.15,Yes,2026-04-13
917874,236067,2026-04-13,69.01,Yes,2026-04-14
917875,237409,2026-04-13,90.19,Yes,2026-04-13
917876,212966,2026-04-13,79.19,No,
917877,244617,2026-04-13,65.32,No,
917878,215292,2026-04-13,95.50,No,
917879,230798,2026-04-13,80.83,No,
917880,238038,2026-04-13,63.34,No,
917881,210367,2026-04-13,100.06,No,
917882,202714,2026-04-13,74.40,No,
917883,200964,2026-04-13,124.27,Yes,2026-04-16
917884,208177,2026-04-13,62.51,Yes,2026-04-13
917885,245396,2026-04-13,81.33,Yes,2026-04-13
917886,211278,2026-04-13,88.61,Yes,2026-04-13
917887,239340,2026-04-13,42.89,No,
917888,200329,2026-04-13,61.09,No,
917889,229089,2026-04-13,109.75,No,
917890,219224,2026-04-13,93.23,No,
917891,204708,2026-04-13,72.57,No,
917892,226111,2026-04-13,126.34,Yes,2026-04-16
917893,236735,2026-04-13,85.08,No,
917894,211104,2026-04-13,109.44,No,
917895,228286,2026-04-13,96.62,No,
917896,237712,2026-04-13,120.37,Yes,2026-04-15
917897,217571,2026-04-13,81.87,Yes,2026-04-15
917898,226000,2026-04-13,103.10,No,
917899,210193,2026-04-13,108.10,No,
917900,200839,2026-04-13,89.54,No,
917901,211762,2026-04-13,75.76,No,
917902,231730,2026-04-13,75.75,No,
917903,205556,2026-04-13,125.54,Yes,2026-04-14
917904,202839,2026-04-13,81.34,No,
917905,220137,2026-04-13,71.26,No,
917906,228099,2026-04-13,20.07,No,
917907,217305,2026-04-13,80.08,No,
917908,218436,2026-04-13,74.75,No,
917909,229739,2026-04-13,42.99,No,
917910,210827,2026-04-13,85.56,No,
917911,239816,2026-04-13,71.24,No,
917912,221835,2026-04-13,76.72,No,
917913,215304,2026-04-13,71.82,No,
917914,201750,2026-04-13,96.41,No,
917915,222435,2026-04-13,68.81,No,
917916,212055,2026-04-13,52.80,No,
917917,245641,2026-04-13,89.79,Yes,2026-04-16
917918,212209,2026-04-13,105.02,Yes,2026-04-14
917919,229802,2026-04-13,65.45,No,
917920,206699,2026-04-13,108.68,No,
917921,235141,2026-04-13,99.97,No,
917922,215693,2026-04-13,92.30,No,
917923,231195,2026-04-13,112.34,No,
917924,213635,2026-04-13,130.29,No,
917925,224067,2026-04-13,75.24,No,
917926,231209,2026-04-13,76.76,Yes,2026-04-14
917927,246624,2026-04-13,76.86,No,
917928,222693,2026-04-13,42.16,No,
917929,207664,2026-04-13,45.57,No,
917930,236294,2026-04-13,74.69,No,
917931,233339,2026-04-13,60.96,No,
917932,221827,2026-04-13,82.26,No,
917933,245656,2026-04-13,64.66,No,
917934,210064,2026-04-13,85.84,Yes,2026-04-14
917935,215819,2026-04-13,83.45,No,
917936,204271,2026-04-13,82.47,No,
917937,237973,2026-04-13,65.03,No,
917938,227999,2026-04-13,61.79,No,
917939,210783,2026-04-13,76.19,No,
917940,211586,2026-04-13,43.29,No,
917941,223758,2026-04-13,88.23,No,
917942,247130,2026-04-13,44.79,Yes,2026-04-13
917943,239447,2026-04-13,104.19,No,
917944,213777,2026-04-13,97.04,No,
917945,202219,2026-04-13,77.93,No,
917946,242561,2026-04-13,104.67,No,
917947,200674,2026-04-13,56.03,No,
917948,247832,2026-04-13,105.00,No,
917949,230742,2026-04-13,22.66,Yes,2026-04-13
917950,232705,2026-04-13,102.50,Yes,2026-04-13
917951,242693,2026-04-13,62.03,No,
917952,220855,2026-04-13,78.98,No,
917953,222384,2026-04-13,98.25,Yes,2026-04-16
917954,231728,2026-04-13,89.54,No,
917955,241068,2026-04-13,72.94,No,
917956,213484,2026-04-13,85.66,No,
917957,211400,2026-04-13,115.65,No,
917958,209970,2026-04-13,88.51,No,
917959,215057,2026-04-13,61.23,Yes,2026-04-15
917960,216243,2026-04-13,53.62,No,
917961,235153,2026-04-13,115.80,No,
917962,203161,2026-04-13,78.86,No,
917963,228180,2026-04-13,47.76,No,
917964,226937,2026-04-13,48.15,No,
917965,230135,2026-04-13,68.51,No,
917966,230831,2026-04-13,126.23,No,
917967,238058,2026-04-13,53.15,No,
917968,245461,2026-04-13,67.12,No,
917969,237571,2026-04-13,102.94,No,
917970,223972,2026-04-13,113.63,Yes,2026-04-13
917971,226448,2026-04-13,79.75,No,
917972,223213,2026-04-13,78.34,Yes,2026-04-14
917973,215745,2026-04-13,133.10,No,
917974,234176,2026-04-13,109.67,No,
917975,212352,2026-04-13,129.18,No,
917976,225670,2026-04-13,69.60,No,
917977,208094,2026-04-13,76.21,No,
917978,229863,2026-04-13,82.72,No,
917979,202532,2026-04-13,104.22,No,
917980,236587,2026-04-13,49.57,No,
917981,241291,2026-04-14,78.99,No,
917982,205842,2026-04-14,71.24,No,
917983,235570,2026-04-14,75.61,No,
917984,218898,2026-04-14,108.99,No,
917985,227995,2026-04-14,84.99,No,
917986,207366,2026-04-14,87.01,No,
917987,232208,2026-04-14,111.11,Yes,2026-04-17
917988,247501,2026-04-14,68.41,Yes,2026-04-17
917989,239359,2026-04-14,51.66,No,
917990,202373,2026-04-14,79.79,No,
917991,242681,2026-04-14,97.60,Yes,2026-04-17
917992,221380,2026-04-14,98.22,No,
917993,205406,2026-04-14,83.11,No,
917994,239925,2026-04-14,92.69,No,
917995,230809,2026-04-14,80.54,Yes,2026-04-14
917996,207470,2026-04-14,126.55,No,
917997,241055,2026-04-14,54.96,No,
917998,248373,2026-04-14,139.24,No,
917999,230946,2026-04-14,125.49,No,
918000,223117,2026-04-14,102.62,No,
918001,237825,2026-04-14,111.04,No,
918002,231225,2026-04-14,75.67,No,
918003,202964,2026-04-14,54.87,No,
918004,217640,2026-04-14,37.06,No,
918005,227447,2026-04-14,62.36,Yes,2026-04-15
918006,219141,2026-04-14,67.53,Yes,2026-04-16
918007,219003,2026-04-14,59.91,No,
918008,215350,2026-04-14,90.55,No,
918009,239643,2026-04-14,100.56,No,
918010,200549,2026-04-14,141.69,No,
918011,208279,2026-04-14,73.73,No,
918012,239405,2026-04-14,104.32,No,
918013,219919,2026-04-14,99.26,No,
918014,231386,2026-04-14,105.87,No,
918015,216126,2026-04-14,72.74,Yes,2026-04-16
918016,209635,2026-04-14,123.38,No,
918017,240493,2026-04-14,97.63,Yes,2026-04-17
918018,247900,2026-04-14,103.94,No,
918019,212765,2026-04-14,73.32,No,
918020,228142,2026-04-14,98.92,No,
918021,241242,2026-04-14,63.92,No,
918022,231664,2026-04-14,42.23,No,
918023,215060,2026-04-14,54.53,Yes,2026-04-15
918024,203091,2026-04-14,91.42,No,
918025,210188,2026-04-14,98.61,No,
918026,234499,2026-04-14,79.39,No,
918027,236777,2026-04-14,47.05,No,
918028,230377,2026-04-14,35.37,Yes,2026-04-15
918029,239945,2026-04-14,86.61,No,
918030,240826,2026-04-14,58.10,No,
918031,245275,2026-04-14,50.67,No,
918032,229564,2026-04-14,30.12,No,
918033,214399,2026-04-14,88.57,No,
918034,231274,2026-04-14,95.04,Yes,2026-04-16
918035,204000,2026-04-14,96.97,No,
918036,232292,2026-04-14,79.19,Yes,2026-04-14
918037,214291,2026-04-14,70.47,No,
918038,245494,2026-04-14,94.77,Yes,2026-04-17
918039,230964,2026-04-14,52.74,No,
918040,230509,2026-04-14,59.58,No,
918041,222114,2026-04-14,20.00,Yes,2026-04-14
918042,226431,2026-04-14,128.86,No,
918043,228102,2026-04-14,104.00,No,
918044,237157,2026-04-14,113.94,Yes,2026-04-15
918045,210924,2026-04-14,87.59,No,
918046,211738,2026-04-14,85.56,No,
918047,209950,2026-04-14,114.89,Yes,2026-04-16
918048,200299,2026-04-14,110.92,Yes,2026-04-14
918049,239291,2026-04-14,95.16,No,
918050,227839,2026-04-14,41.54,No,
918051,237649,2026-04-14,97.76,No,
918052,226456,2026-04-14,77.86,No,
918053,245857,2026-04-14,54.85,No,
918054,240386,2026-04-14,51.37,Yes,2026-04-15
918055,237650,2026-04-14,116.16,No,
918056,244791,2026-04-14,42.87,No,
918057,218484,2026-04-14,74.26,No,
918058,204053,2026-04-14,112.97,No,
918059,218617,2026-04-14,90.55,Yes,2026-04-17
918060,227624,2026-04-14,83.79,No,
918061,229831,2026-04-14,93.37,No,
918062,211871,2026-04-14,99.37,No,
918063,247763,2026-04-14,99.15,No,
918064,225536,2026-04-14,92.79,Yes,2026-04-15
918065,246270,2026-04-14,78.50,Yes,2026-04-17
918066,237048,2026-04-14,78.78,No,
918067,216986,2026-04-14,45.87,No,
918068,210392,2026-04-14,99.86,No,
918069,233925,2026-04-14,115.69,No,
918070,227152,2026-04-14,77.09,No,
918071,243902,2026-04-14,111.39,Yes,2026-04-16
918072,233727,2026-04-14,103.30,Yes,2026-04-17
918073,224623,2026-04-14,99.57,Yes,2026-04-15
918074,202441,2026-04-14,86.88,No,
918075,229333,2026-04-14,75.54,No,
918076,220108,2026-04-14,85.30,Yes,2026-04-17
918077,231775,2026-04-14,73.16,Yes,2026-04-15
918078,230559,2026-04-14,72.15,No,
918079,223110,2026-04-14,61.05,No,
918080,233315,2026-04-14,70.78,No,
918081,206600,2026-04-14,56.88,No,
918082,223347,2026-04-14,124.72,Yes,2026-04-14
918083,225414,2026-04-14,106.39,No,
918084,236198,2026-04-14,83.11,Yes,2026-04-14
918085,200218,2026-04-14,108.87,No,
918086,231424,2026-04-14,85.42,No,
918087,237420,2026-04-14,89.05,No,
918088,209756,2026-04-14,98.35,No,
918089,238057,2026-04-14,107.10,Yes,2026-04-14
918090,232691,2026-04-14,89.16,No,
918091,246693,2026-04-14,103.76,No,
918092,224883,2026-04-14,69.42,No,
918093,246684,2026-04-14,55.92,Yes,2026-04-16
918094,210488,2026-04-14,104.60,No,
918095,202792,2026-04-14,51.22,Yes,2026-04-16
918096,240545,2026-04-14,70.78,No,
918097,245229,2026-04-14,96.07,No,
918098,231610,2026-04-14,128.76,Yes,2026-04-17
918099,221048,2026-04-14,67.12,No,
918100,204159,2026-04-14,55.08,No,
918101,201228,2026-04-14,77.76,No,
918102,209300,2026-04-14,79.65,No,
918103,203762,2026-04-14,84.42,Yes,2026-04-14
918104,223881,2026-04-14,95.16,No,
918105,227505,2026-04-14,85.16,No,
918106,232378,2026-04-14,61.59,No,
918107,225107,2026-04-14,36.83,No,
918108,227153,2026-04-14,76.48,No,
918109,228653,2026-04-14,49.98,No,
918110,220618,2026-04-14,74.92,No,
918111,213243,2026-04-14,94.05,Yes,2026-04-15
918112,218068,2026-04-14,70.81,No,
918113,237531,2026-04-14,40.75,No,
918114,229288,2026-04-14,85.87,No,
918115,238700,2026-04-14,96.62,No,
918116,204515,2026-04-14,71.30,No,
918117,234094,2026-04-14,82.66,No,
918118,209478,2026-04-14,60.53,No,
918119,220411,2026-04-14,110.94,No,
918120,206660,2026-04-14,90.82,Yes,2026-04-16
918121,241684,2026-04-14,75.76,Yes,2026-04-14
918122,242065,2026-04-14,70.02,No,
918123,248325,2026-04-14,77.88,Yes,2026-04-15
918124,218716,2026-04-14,92.29,No,
918125,208836,2026-04-14,147.53,No,
918126,215947,2026-04-14,72.51,No,
918127,232382,2026-04-14,110.34,No,
918128,211635,2026-04-14,125.17,No,
918129,211833,2026-04-14,84.23,No,
918130,227252,2026-04-14,105.50,No,
918131,241621,2026-04-14,78.40,Yes,2026-04-15
918132,232882,2026-04-14,94.40,Yes,2026-04-14
918133,246887,2026-04-14,128.51,No,
918134,235418,2026-04-14,82.11,Yes,2026-04-14
918135,217100,2026-04-15,75.75,No,
918136,211990,2026-04-15,97.25,No,
918137,208047,2026-04-15,65.23,Yes,2026-04-16
918138,234687,2026-04-15,118.02,No,
918139,221187,2026-04-15,112.36,Yes,2026-04-17
918140,239280,2026-04-15,65.18,No,
918141,241374,2026-04-15,74.71,Yes,2026-04-16
918142,209852,2026-04-15,48.59,No,
918143,203634,2026-04-15,89.30,No,
918144,236718,2026-04-15,123.11,No,
918145,222130,2026-04-15,68.03,No,
918146,209742,2026-04-15,77.77,No,
918147,229161,2026-04-15,48.04,Yes,2026-04-15
918148,200362,2026-04-15,128.04,Yes,2026-04-18
918149,202628,2026-04-15,66.59,Yes,2026-04-18
918150,216969,2026-04-15,112.29,No,
918151,238443,2026-04-15,62.94,No,
918152,221520,2026-04-15,69.17,Yes,2026-04-18
918153,203319,2026-04-15,54.06,No,
918154,247831,2026-04-15,110.78,No,
918155,239595,2026-04-15,85.38,No,
918156,200832,2026-04-15,65.23,Yes,2026-04-15
918157,235684,2026-04-15,66.47,No,
918158,229176,2026-04-15,84.85,No,
918159,245612,2026-04-15,76.76,Yes,2026-04-16
918160,244857,2026-04-15,75.56,No,
918161,217123,2026-04-15,39.26,Yes,2026-04-15
918162,234299,2026-04-15,92.84,No,
918163,204563,2026-04-15,59.71,No,
918164,231536,2026-04-15,83.84,No,
918165,243957,2026-04-15,81.65,No,
918166,200933,2026-04-15,96.07,No,
918167,207027,2026-04-15,63.35,No,
918168,236979,2026-04-15,99.49,No,
918169,213120,2026-04-15,110.35,No,
918170,210877,2026-04-15,105.43,Yes,2026-04-18
918171,238715,2026-04-15,91.99,No,
918172,212483,2026-04-15,79.67,No,
918173,247783,2026-04-15,100.81,No,
918174,202752,2026-04-15,90.62,Yes,2026-04-16
918175,243633,2026-04-15,104.40,No,
918176,202430,2026-04-15,54.94,No,
918177,208157,2026-04-15,47.20,Yes,2026-04-15
918178,207709,2026-04-15,86.01,No,
918179,222670,2026-04-15,85.84,No,
918180,245293,2026-04-15,109.74,No,
918181,230041,2026-04-15,104.67,No,
918182,202432,2026-04-15,125.27,No,
918183,222791,2026-04-15,76.22,Yes,2026-04-15
918184,234408,2026-04-15,58.82,No,
918185,238592,2026-04-15,62.39,No,
918186,243242,2026-04-15,114.67,No,
918187,210711,2026-04-15,94.43,No,
918188,222941,2026-04-15,134.30,Yes,2026-04-15
918189,207612,2026-04-15,93.69,No,
918190,210423,2026-04-15,100.03,Yes,2026-04-18
918191,245013,2026-04-15,78.64,No,
918192,245027,2026-04-15,90.42,No,
918193,240016,2026-04-15,108.39,No,
918194,220460,2026-04-15,75.44,No,
918195,242024,2026-04-15,110.16,No,
918196,222221,2026-04-15,114.17,Yes,2026-04-15
918197,235680,2026-04-15,132.41,No,
918198,208851,2026-04-15,25.56,No,
918199,225244,2026-04-15,85.40,Yes,2026-04-15
918200,243544,2026-04-15,46.74,No,
918201,214843,2026-04-15,67.28,No,
918202,233951,2026-04-15,79.87,Yes,2026-04-18
918203,236741,2026-04-15,94.78,Yes,2026-04-17
918204,229557,2026-04-15,70.81,Yes,2026-04-16
918205,211941,2026-04-15,75.69,No,
918206,226643,2026-04-15,68.80,No,
918207,241991,2026-04-15,44.44,No,
918208,202894,2026-04-15,106.89,No,
918209,220669,2026-04-15,76.08,No,
918210,243892,2026-04-15,76.25,No,
918211,245375,2026-04-15,81.63,No,
918212,220211,2026-04-15,94.16,No,
918213,216032,2026-04-15,66.21,No,
918214,204147,2026-04-15,39.29,No,
918215,240940,2026-04-15,55.00,No,
918216,232502,2026-04-15,68.79,No,
918217,207850,2026-04-15,123.39,Yes,2026-04-16
918218,236092,2026-04-15,40.61,No,
918219,210855,2026-04-15,96.78,Yes,2026-04-18
918220,239045,2026-04-15,90.17,No,
918221,239589,2026-04-15,106.96,No,
918222,202393,2026-04-15,110.76,No,
918223,246024,2026-04-15,72.13,Yes,2026-04-18
918224,202831,2026-04-15,125.80,No,
918225,238259,2026-04-15,63.70,No,
918226,225740,2026-04-15,56.05,No,
918227,246126,2026-04-15,36.60,No,
918228,207149,2026-04-15,73.20,No,
918229,216891,2026-04-15,55.04,No,
918230,201290,2026-04-15,119.95,No,
918231,246887,2026-04-15,56.65,No,
918232,220232,2026-04-15,61.25,No,
918233,222214,2026-04-15,111.14,Yes,2026-04-18
918234,213225,2026-04-15,133.86,No,
918235,248244,2026-04-15,117.06,No,
918236,200479,2026-04-15,83.58,Yes,2026-04-16
918237,220092,2026-04-15,89.60,No,
918238,235306,2026-04-15,85.81,No,
918239,206592,2026-04-15,129.85,No,
918240,220886,2026-04-15,120.33,No,
918241,235144,2026-04-15,101.48,No,
918242,240065,2026-04-15,104.03,No,
918243,229025,2026-04-15,146.33,Yes,2026-04-16
918244,242902,2026-04-15,89.67,No,
918245,206129,2026-04-15,101.52,No,
918246,221082,2026-04-15,89.66,No,
918247,242836,2026-04-15,116.13,Yes,2026-04-15
918248,201260,2026-04-15,60.96,No,
918249,238633,2026-04-15,67.36,No,
918250,235890,2026-04-15,88.44,No,
918251,245942,2026-04-15,133.36,No,
918252,221971,2026-04-15,76.59,No,
918253,234581,2026-04-15,79.95,No,
918254,231753,2026-04-15,93.08,No,
918255,204777,2026-04-15,112.68,No,
918256,206780,2026-04-15,75.10,No,
918257,207468,2026-04-15,62.38,No,
918258,227284,2026-04-15,101.20,No,
918259,210154,2026-04-15,94.87,Yes,2026-04-17
918260,215979,2026-04-15,89.76,No,
918261,233710,2026-04-15,88.49,No,
918262,232389,2026-04-15,88.66,No,
918263,225216,2026-04-15,45.23,Yes,2026-04-17
918264,202505,2026-04-15,92.95,No,
918265,201871,2026-04-15,100.67,No,
918266,238148,2026-04-15,77.80,No,
918267,212728,2026-04-15,66.21,Yes,2026-04-17
918268,246620,2026-04-15,21.45,No,
918269,207923,2026-04-15,67.50,No,
918270,247479,2026-04-15,72.78,No,
918271,207653,2026-04-15,66.93,No,
918272,208808,2026-04-15,83.09,Yes,2026-04-17
918273,213058,2026-04-15,115.77,No,
918274,244990,2026-04-15,98.95,No,
918275,217431,2026-04-15,62.23,Yes,2026-04-17
918276,201587,2026-04-15,119.46,No,
918277,208207,2026-04-15,84.70,No,
918278,232062,2026-04-15,88.93,No,
918279,228602,2026-04-15,110.45,No,
918280,231322,2026-04-16,83.29,No,
918281,214774,2026-04-16,114.20,No,
918282,222972,2026-04-16,49.17,No,
918283,210531,2026-04-16,108.11,No,
918284,233880,2026-04-16,114.64,No,
918285,242286,2026-04-16,85.74,No,
918286,214179,2026-04-16,91.03,No,
918287,212965,2026-04-16,105.37,No,
918288,205118,2026-04-16,84.94,No,
918289,233510,2026-04-16,52.51,No,
918290,207980,2026-04-16,72.61,No,
918291,243128,2026-04-16,100.18,No,
918292,208312,2026-04-16,91.49,Yes,2026-04-18
918293,221966,2026-04-16,79.32,No,
918294,202545,2026-04-16,87.28,No,
918295,221576,2026-04-16,76.19,Yes,2026-04-17
918296,213072,2026-04-16,68.86,Yes,2026-04-17
918297,202239,2026-04-16,71.23,Yes,2026-04-16
918298,225972,2026-04-16,79.38,No,
918299,245020,2026-04-16,109.66,No,
918300,243494,2026-04-16,63.86,No,
918301,247582,2026-04-16,104.29,Yes,2026-04-16
918302,210585,2026-04-16,109.02,No,
918303,211384,2026-04-16,70.24,No,
918304,224408,2026-04-16,115.59,Yes,2026-04-17
918305,238933,2026-04-16,61.72,No,
918306,201976,2026-04-16,116.97,No,
918307,200561,2026-04-16,104.79,Yes,2026-04-19
918308,201975,2026-04-16,91.65,No,
918309,228922,2026-04-16,50.49,Yes,2026-04-19
918310,221077,2026-04-16,88.55,No,
918311,204447,2026-04-16,80.29,Yes,2026-04-19
918312,247951,2026-04-16,90.09,Yes,2026-04-19
918313,207786,2026-04-16,127.81,No,
918314,242366,2026-04-16,112.11,No,
918315,202968,2026-04-16,103.30,Yes,2026-04-16
918316,234610,2026-04-16,89.97,No,
918317,205408,2026-04-16,105.49,Yes,2026-04-17
918318,224660,2026-04-16,20.00,No,
918319,206198,2026-04-16,66.17,No,
918320,218252,2026-04-16,108.21,No,
918321,217291,2026-04-16,52.07,Yes,2026-04-16
918322,223817,2026-04-16,66.26,Yes,2026-04-19
918323,227884,2026-04-16,120.09,No,
918324,218901,2026-04-16,82.12,No,
918325,204828,2026-04-16,108.16,No,
918326,201842,2026-04-16,74.99,No,
918327,247240,2026-04-16,71.85,No,
918328,200587,2026-04-16,119.14,No,
918329,204171,2026-04-16,92.70,Yes,2026-04-18
918330,241520,2026-04-16,60.60,No,
918331,220832,2026-04-16,88.28,No,
918332,234193,2026-04-16,94.43,No,
918333,208255,2026-04-16,155.95,No,
918334,246272,2026-04-16,88.29,Yes,2026-04-18
918335,203311,2026-04-16,69.04,No,
918336,211159,2026-04-16,85.62,No,
918337,248052,2026-04-16,35.61,Yes,2026-04-18
918338,221026,2026-04-16,36.27,Yes,2026-04-18
918339,226837,2026-04-16,96.61,No,
918340,232312,2026-04-16,94.48,No,
918341,227719,2026-04-16,62.02,Yes,2026-04-17
918342,241194,2026-04-16,50.08,No,
918343,220302,2026-04-16,103.91,No,
918344,242866,2026-04-16,96.07,No,
918345,234397,2026-04-16,82.60,No,
918346,231551,2026-04-16,109.95,Yes,2026-04-17
918347,246045,2026-04-16,104.67,No,
918348,221425,2026-04-16,147.18,No,
918349,200447,2026-04-16,124.12,No,
918350,224614,2026-04-16,33.78,No,
918351,230309,2026-04-16,114.02,Yes,2026-04-19
918352,215771,2026-04-16,51.82,No,
918353,200834,2026-04-16,96.41,Yes,2026-04-19
918354,203622,2026-04-16,106.82,Yes,2026-04-17
918355,213745,2026-04-16,99.29,No,
918356,206693,2026-04-16,127.45,No,
918357,209997,2026-04-16,114.32,Yes,2026-04-19
918358,236181,2026-04-16,125.44,Yes,2026-04-16
918359,241451,2026-04-16,93.01,No,
918360,237140,2026-04-16,65.90,No,
918361,204372,2026-04-16,86.02,No,
918362,235737,2026-04-16,99.09,Yes,2026-04-18
918363,239312,2026-04-16,75.45,Yes,2026-04-17
918364,204418,2026-04-16,61.01,No,
918365,234665,2026-04-16,68.24,Yes,2026-04-16
918366,222855,2026-04-16,83.41,No,
918367,217820,2026-04-16,70.31,No,
918368,231586,2026-04-16,91.96,No,
918369,203851,2026-04-16,93.37,No,
918370,213691,2026-04-16,64.17,No,
918371,228296,2026-04-16,85.19,No,
918372,211706,2026-04-16,61.79,No,
918373,202288,2026-04-16,81.42,Yes,2026-04-18
918374,223583,2026-04-16,65.39,No,
918375,204262,2026-04-16,79.91,No,
918376,220936,2026-04-16,158.63,No,
918377,205486,2026-04-16,81.11,No,
918378,246188,2026-04-16,111.87,No,
918379,244206,2026-04-16,70.68,Yes,2026-04-16
918380,218234,2026-04-16,115.96,No,
918381,225552,2026-04-16,80.18,No,
918382,217408,2026-04-16,33.72,No,
918383,242884,2026-04-16,134.83,No,
918384,227432,2026-04-16,48.12,No,
918385,205358,2026-04-16,108.89,Yes,2026-04-16
918386,223570,2026-04-16,46.85,No,
918387,247910,2026-04-16,69.48,No,
918388,200046,2026-04-16,92.79,No,
918389,243678,2026-04-16,91.19,Yes,2026-04-16
918390,223176,2026-04-16,69.12,No,
918391,244994,2026-04-16,92.44,No,
918392,226721,2026-04-16,107.86,No,
918393,242649,2026-04-16,71.81,Yes,2026-04-18
918394,221383,2026-04-16,89.30,No,
918395,235124,2026-04-16,69.27,No,
918396,206172,2026-04-16,119.59,No,
918397,223138,2026-04-16,90.94,No,
918398,216384,2026-04-16,121.69,No,
918399,240272,2026-04-16,40.68,Yes,2026-04-19
918400,241795,2026-04-16,82.01,Yes,2026-04-16
918401,241895,2026-04-16,92.51,Yes,2026-04-16
918402,216643,2026-04-16,93.89,Yes,2026-04-19
918403,203430,2026-04-16,127.68,No,
918404,241967,2026-04-16,109.82,No,
918405,218826,2026-04-16,93.14,No,
918406,211511,2026-04-16,63.34,No,
918407,233965,2026-04-16,74.95,No,
918408,207965,2026-04-16,63.52,No,
918409,218479,2026-04-16,72.58,No,
918410,214430,2026-04-16,92.29,No,
918411,207232,2026-04-16,109.25,No,
918412,202612,2026-04-16,104.47,No,
918413,225051,2026-04-16,103.75,No,
918414,220063,2026-04-16,79.02,Yes,2026-04-19
918415,209984,2026-04-17,52.58,No,
918416,201255,2026-04-17,94.87,No,
918417,241922,2026-04-17,120.35,No,
918418,221976,2026-04-17,55.49,No,
918419,219373,2026-04-17,61.43,No,
918420,201319,2026-04-17,92.23,No,
918421,225513,2026-04-17,61.85,No,
918422,242437,2026-04-17,62.60,No,
918423,242851,2026-04-17,89.31,No,
918424,205736,2026-04-17,48.94,No,
918425,202223,2026-04-17,54.00,No,
918426,214935,2026-04-17,70.21,Yes,2026-04-17
918427,242693,2026-04-17,77.94,No,
918428,208123,2026-04-17,29.31,Yes,2026-04-20
918429,203104,2026-04-17,72.35,Yes,2026-04-20
918430,228888,2026-04-17,68.86,Yes,2026-04-20
918431,222783,2026-04-17,87.77,No,
918432,207182,2026-04-17,113.87,No,
918433,206028,2026-04-17,45.28,No,
918434,227134,2026-04-17,63.90,No,
918435,219345,2026-04-17,116.73,No,
918436,244316,2026-04-17,102.58,No,
918437,239785,2026-04-17,69.19,Yes,2026-04-17
918438,211583,2026-04-17,76.40,No,
918439,219908,2026-04-17,20.57,No,
918440,210971,2026-04-17,70.81,Yes,2026-04-20
918441,213651,2026-04-17,63.64,No,
918442,235054,2026-04-17,75.01,Yes,2026-04-19
918443,247663,2026-04-17,74.96,No,
918444,214329,2026-04-17,90.23,No,
918445,206775,2026-04-17,115.52,No,
918446,209316,2026-04-17,84.12,No,
918447,248429,2026-04-17,68.12,No,
918448,241864,2026-04-17,96.45,No,
918449,210787,2026-04-17,60.43,No,
918450,227281,2026-04-17,89.70,No,
918451,212525,2026-04-17,82.93,No,
918452,218982,2026-04-17,81.13,No,
918453,227170,2026-04-17,100.98,No,
918454,211881,2026-04-17,103.29,Yes,2026-04-19
918455,222382,2026-04-17,89.44,Yes,2026-04-19
918456,203716,2026-04-17,84.21,No,
918457,240733,2026-04-17,94.01,No,
918458,235607,2026-04-17,113.99,No,
918459,238238,2026-04-17,95.70,Yes,2026-04-19
918460,226178,2026-04-17,104.32,No,
918461,218869,2026-04-17,38.68,Yes,2026-04-20
918462,243894,2026-04-17,67.15,No,
918463,240262,2026-04-17,100.89,No,
918464,229800,2026-04-17,61.02,No,
918465,210958,2026-04-17,82.57,No,
918466,233360,2026-04-17,111.39,No,
918467,214086,2026-04-17,59.57,Yes,2026-04-17
918468,242643,2026-04-17,95.93,Yes,2026-04-20
918469,239491,2026-04-17,99.98,No,
918470,209699,2026-04-17,83.07,No,
918471,214520,2026-04-17,102.59,No,
918472,204758,2026-04-17,61.35,No,
918473,230602,2026-04-17,85.81,No,
918474,214188,2026-04-17,76.34,Yes,2026-04-17
918475,203423,2026-04-17,126.41,No,
918476,226041,2026-04-17,51.40,No,
918477,225230,2026-04-17,69.43,No,
918478,201382,2026-04-17,101.66,No,
918479,204710,2026-04-17,98.19,No,
918480,213778,2026-04-17,131.84,Yes,2026-04-17
918481,203422,2026-04-17,99.25,No,
918482,247852,2026-04-17,138.49,No,
918483,236385,2026-04-17,77.57,No,
918484,221498,2026-04-17,92.63,No,
918485,245354,2026-04-17,84.41,Yes,2026-04-19
918486,248323,2026-04-17,119.16,No,
918487,228337,2026-04-17,88.70,No,
918488,206186,2026-04-17,59.52,No,
918489,236740,2026-04-17,68.40,No,
918490,235882,2026-04-17,86.01,No,
918491,217513,2026-04-17,76.82,No,
918492,220808,2026-04-17,118.19,No,
918493,231461,2026-04-17,87.48,No,
918494,215743,2026-04-17,60.79,Yes,2026-04-18
918495,245464,2026-04-17,75.95,No,
918496,221061,2026-04-17,117.74,Yes,2026-04-19
918497,239150,2026-04-17,45.19,Yes,2026-04-17
918498,239789,2026-04-17,96.51,No,
918499,202698,2026-04-17,79.17,No,
918500,220401,2026-04-17,70.17,No,
918501,214896,2026-04-17,86.16,No,
918502,209563,2026-04-17,74.85,No,
918503,218312,2026-04-17,89.77,No,
918504,215848,2026-04-17,88.24,No,
918505,203676,2026-04-17,96.70,No,
918506,247178,2026-04-17,68.61,No,
918507,244315,2026-04-17,49.41,No,
918508,212798,2026-04-17,93.14,No,
918509,246848,2026-04-17,47.76,No,
918510,210556,2026-04-17,79.16,No,
918511,226001,2026-04-17,107.76,No,
918512,221411,2026-04-17,94.21,No,
918513,225819,2026-04-17,112.09,No,
918514,243554,2026-04-17,81.21,Yes,2026-04-17
918515,215712,2026-04-17,47.00,No,
918516,204894,2026-04-17,71.63,No,
918517,211546,2026-04-17,70.91,No,
918518,230235,2026-04-17,54.20,No,
918519,243004,2026-04-17,96.90,No,
918520,200226,2026-04-17,135.66,No,
918521,237254,2026-04-17,20.00,Yes,2026-04-20
918522,236999,2026-04-17,114.07,No,
918523,215383,2026-04-17,119.32,No,
918524,226369,2026-04-17,71.11,No,
918525,218448,2026-04-17,97.94,No,
918526,223876,2026-04-17,82.50,No,
918527,212254,2026-04-17,100.03,No,
918528,226895,2026-04-17,65.88,Yes,2026-04-19
918529,227068,2026-04-17,74.10,No,
918530,208889,2026-04-17,81.13,No,
918531,244953,2026-04-17,63.82,Yes,2026-04-20
918532,222078,2026-04-17,68.96,Yes,2026-04-20
918533,246875,2026-04-17,76.90,No,
918534,206929,2026-04-17,61.22,No,
918535,248279,2026-04-17,89.18,No,
918536,236007,2026-04-17,85.79,No,
918537,237825,2026-04-17,68.22,No,
918538,223808,2026-04-17,91.50,Yes,2026-04-17
918539,205163,2026-04-17,67.12,No,
918540,242308,2026-04-17,68.01,No,
918541,221094,2026-04-17,74.06,No,
918542,224194,2026-04-17,78.17,No,
918543,216523,2026-04-17,93.27,No,
918544,229339,2026-04-17,86.69,No,
918545,224193,2026-04-17,76.96,Yes,2026-04-19
918546,211899,2026-04-17,78.31,No,
918547,213868,2026-04-17,95.20,Yes,2026-04-20
918548,238223,2026-04-17,115.09,No,
918549,248400,2026-04-17,87.94,No,
918550,242259,2026-04-17,65.14,No,
918551,218396,2026-04-17,97.61,No,
918552,221070,2026-04-17,102.30,No,
918553,209678,2026-04-17,53.51,Yes,2026-04-19
918554,245433,2026-04-17,40.35,Yes,2026-04-20
918555,201453,2026-04-17,87.29,No,
918556,222745,2026-04-17,63.87,No,
918557,210824,2026-04-17,76.82,No,
918558,218391,2026-04-17,43.75,Yes,2026-04-19
918559,215518,2026-04-17,59.32,Yes,2026-04-19
918560,229029,2026-04-17,106.23,No,
918561,203512,2026-04-17,61.97,Yes,2026-04-19
918562,230753,2026-04-17,68.52,No,
918563,237302,2026-04-17,83.96,No,
918564,224241,2026-04-17,42.17,No,
918565,233936,2026-04-17,69.82,Yes,2026-04-19
918566,202104,2026-04-17,60.14,No,
918567,232234,2026-04-17,48.46,No,
918568,201569,2026-04-17,58.47,No,
918569,233285,2026-04-17,101.88,No,
918570,213218,2026-04-17,71.92,No,
918571,238579,2026-04-17,82.00,No,
918572,208315,2026-04-17,104.15,No,
918573,223161,2026-04-17,108.37,Yes,2026-04-19
918574,235360,2026-04-17,76.42,No,
918575,200722,2026-04-17,102.68,No,
918576,213165,2026-04-17,69.54,No,
918577,227219,2026-04-17,104.29,No,
918578,201705,2026-04-17,57.14,Yes,2026-04-20
918579,225699,2026-04-17,75.35,Yes,2026-04-20
918580,244131,2026-04-18,58.84,No,
918581,214259,2026-04-18,85.03,No,
918582,232913,2026-04-18,61.49,No,
918583,241612,2026-04-18,73.21,No,
918584,217921,2026-04-18,69.52,No,
918585,235410,2026-04-18,59.58,Yes,2026-04-20
918586,221179,2026-04-18,131.83,Yes,2026-04-19
918587,221816,2026-04-18,124.97,No,
918588,225606,2026-04-18,33.61,Yes,2026-04-21
918589,245496,2026-04-18,91.80,No,
918590,221952,2026-04-18,104.29,Yes,2026-04-21
918591,215586,2026-04-18,85.58,No,
918592,217474,2026-04-18,99.47,No,
918593,225417,2026-04-18,93.54,No,
918594,228202,2026-04-18,89.29,No,
918595,226068,2026-04-18,108.43,No,
918596,225517,2026-04-18,100.14,No,
918597,212951,2026-04-18,120.41,No,
918598,234315,2026-04-18,111.53,No,
918599,222046,2026-04-18,52.99,No,
918600,223077,2026-04-18,71.03,No,
918601,214878,2026-04-18,69.89,No,
918602,200128,2026-04-18,88.84,No,
918603,235404,2026-04-18,83.71,No,
918604,209749,2026-04-18,70.58,No,
918605,213521,2026-04-18,88.81,No,
918606,213565,2026-04-18,50.48,No,
918607,226019,2026-04-18,148.45,No,
918608,239512,2026-04-18,47.27,Yes,2026-04-20
918609,231101,2026-04-18,113.48,Yes,2026-04-21
918610,222519,2026-04-18,57.40,Yes,2026-04-21
918611,201151,2026-04-18,82.37,No,
918612,248374,2026-04-18,130.89,No,
918613,233998,2026-04-18,118.97,No,
918614,239264,2026-04-18,77.58,No,
918615,226479,2026-04-18,100.43,No,
918616,218140,2026-04-18,101.31,No,
918617,208175,2026-04-18,96.68,No,
918618,207752,2026-04-18,69.15,Yes,2026-04-21
918619,207812,2026-04-18,55.67,Yes,2026-04-19
918620,234132,2026-04-18,106.25,No,
918621,222234,2026-04-18,82.17,No,
918622,226371,2026-04-18,62.81,No,
918623,233242,2026-04-18,99.17,No,
918624,240619,2026-04-18,90.15,Yes,2026-04-21
918625,228317,2026-04-18,59.66,Yes,2026-04-19
918626,244948,2026-04-18,20.00,No,
918627,230399,2026-04-18,81.64,No,
918628,226558,2026-04-18,78.72,No,
918629,237635,2026-04-18,86.62,No,
918630,228386,2026-04-18,77.40,No,
918631,209542,2026-04-18,66.17,Yes,2026-04-18
918632,217516,2026-04-18,67.24,No,
918633,220063,2026-04-18,74.44,No,
918634,203877,2026-04-18,74.62,Yes,2026-04-18
918635,234627,2026-04-18,59.81,No,
918636,226142,2026-04-18,139.05,No,
918637,237383,2026-04-18,31.40,No,
918638,200183,2026-04-18,93.97,No,
918639,217850,2026-04-18,65.50,No,
918640,204265,2026-04-18,54.09,No,
918641,200236,2026-04-18,62.75,Yes,2026-04-20
918642,228175,2026-04-18,104.84,Yes,2026-04-20
918643,245373,2026-04-18,114.15,No,
918644,224196,2026-04-18,76.70,Yes,2026-04-19
918645,232749,2026-04-18,119.94,No,
918646,209498,2026-04-18,98.68,No,
918647,236665,2026-04-18,104.71,No,
918648,218116,2026-04-18,119.91,Yes,2026-04-19
918649,245737,2026-04-18,129.17,No,
918650,234178,2026-04-18,99.06,No,
918651,205506,2026-04-18,36.82,No,
918652,212277,2026-04-18,85.43,No,
918653,244531,2026-04-18,52.28,No,
918654,231178,2026-04-18,50.76,No,
918655,235234,2026-04-18,64.41,No,
918656,217821,2026-04-18,69.26,No,
918657,222791,2026-04-18,65.83,No,
918658,225515,2026-04-18,88.05,No,
918659,237381,2026-04-18,110.39,Yes,2026-04-20
918660,221437,2026-04-18,78.39,No,
918661,210266,2026-04-18,103.91,No,
918662,229042,2026-04-18,74.31,No,
918663,234678,2026-04-18,20.00,No,
918664,237145,2026-04-18,119.48,No,
918665,216420,2026-04-18,64.44,No,
918666,219154,2026-04-18,78.78,No,
918667,207489,2026-04-18,78.62,No,
918668,221292,2026-04-18,79.72,No,
918669,241163,2026-04-18,93.31,No,
918670,223624,2026-04-18,51.12,No,
918671,222293,2026-04-18,76.94,No,
918672,217883,2026-04-18,75.46,No,
918673,203698,2026-04-18,21.29,No,
918674,213243,2026-04-18,51.82,Yes,2026-04-21
918675,210740,2026-04-18,72.49,Yes,2026-04-21
918676,245490,2026-04-18,33.09,No,
918677,244379,2026-04-18,86.73,No,
918678,240276,2026-04-18,39.10,No,
918679,209465,2026-04-18,133.71,Yes,2026-04-21
918680,223564,2026-04-18,73.77,No,
918681,207911,2026-04-18,74.32,No,
918682,223942,2026-04-18,100.69,No,
918683,229891,2026-04-18,105.44,Yes,2026-04-18
918684,222488,2026-04-18,74.27,No,
918685,204174,2026-04-18,73.12,Yes,2026-04-20
918686,225034,2026-04-18,86.98,No,
918687,208941,2026-04-18,74.88,No,
918688,208085,2026-04-18,72.11,No,
918689,232032,2026-04-18,52.56,Yes,2026-04-21
918690,246580,2026-04-18,80.17,No,
918691,228809,2026-04-18,51.97,No,
918692,228988,2026-04-18,134.03,Yes,2026-04-21
918693,247793,2026-04-18,134.73,No,
918694,246762,2026-04-18,85.20,No,
918695,233113,2026-04-18,80.07,No,
918696,207026,2026-04-18,101.96,No,
918697,218157,2026-04-18,91.67,No,
918698,203851,2026-04-18,112.97,No,
918699,202318,2026-04-18,78.92,No,
918700,212850,2026-04-18,115.08,No,
918701,213972,2026-04-18,137.79,No,
918702,220640,2026-04-18,153.56,No,
918703,223369,2026-04-18,98.16,Yes,2026-04-21
918704,225061,2026-04-18,120.98,No,
918705,243187,2026-04-18,59.26,No,
918706,215292,2026-04-18,90.13,No,
918707,239897,2026-04-18,77.33,Yes,2026-04-19
918708,217899,2026-04-18,85.52,No,
918709,204965,2026-04-18,64.03,No,
918710,236216,2026-04-18,77.15,No,
918711,234109,2026-04-18,76.36,No,
918712,230848,2026-04-18,100.11,Yes,2026-04-19
918713,227997,2026-04-18,99.97,No,
918714,232325,2026-04-18,112.94,Yes,2026-04-18
918715,221922,2026-04-18,36.20,No,
918716,209499,2026-04-18,49.43,No,
918717,209520,2026-04-18,89.49,No,
918718,209128,2026-04-18,112.89,No,
918719,233658,2026-04-18,56.76,Yes,2026-04-18
918720,243095,2026-04-18,65.11,Yes,2026-04-21
918721,208211,2026-04-18,84.84,No,
918722,232662,2026-04-18,131.52,No,
918723,246815,2026-04-18,124.22,No,
918724,203437,2026-04-18,56.18,No,
918725,248162,2026-04-18,55.37,No,
918726,217786,2026-04-18,82.53,No,
918727,243763,2026-04-18,121.88,Yes,2026-04-20
918728,227830,2026-04-18,52.11,No,
918729,220722,2026-04-18,31.84,No,
918730,231410,2026-04-18,71.49,No,
918731,223334,2026-04-18,100.78,No,
918732,220258,2026-04-18,101.92,No,
918733,246493,2026-04-18,78.01,Yes,2026-04-19
918734,225482,2026-04-18,68.26,No,
918735,211488,2026-04-18,41.18,No,
918736,238272,2026-04-18,99.30,No,
918737,236804,2026-04-18,56.93,No,
918738,217568,2026-04-18,66.31,No,
918739,211314,2026-04-19,77.74,No,
918740,203628,2026-04-19,134.08,No,
918741,202219,2026-04-19,59.47,No,
918742,207002,2026-04-19,46.94,No,
918743,214930,2026-04-19,99.10,No,
918744,230083,2026-04-19,20.00,No,
918745,232900,2026-04-19,89.16,No,
918746,239636,2026-04-19,55.95,No,
918747,234526,2026-04-19,77.98,No,
918748,238350,2026-04-19,20.48,No,
918749,240174,2026-04-19,91.50,No,
918750,244014,2026-04-19,101.82,No,
918751,235262,2026-04-19,82.65,No,
918752,204777,2026-04-19,58.39,Yes,2026-04-19
918753,222367,2026-04-19,87.56,No,
918754,207227,2026-04-19,76.37,Yes,2026-04-21
918755,240088,2026-04-19,87.62,No,
918756,234768,2026-04-19,96.64,Yes,2026-04-19
918757,203793,2026-04-19,73.17,Yes,2026-04-22
918758,245830,2026-04-19,64.55,No,
918759,238531,2026-04-19,108.98,Yes,2026-04-19
918760,242708,2026-04-19,110.35,No,
918761,210668,2026-04-19,106.93,Yes,2026-04-19
918762,206680,2026-04-19,55.88,No,
918763,204372,2026-04-19,124.22,No,
918764,238668,2026-04-19,82.05,No,
918765,236398,2026-04-19,74.39,No,
918766,238495,2026-04-19,98.84,No,
918767,220612,2026-04-19,51.74,No,
918768,218088,2026-04-19,112.03,No,
918769,231415,2026-04-19,92.53,No,
918770,215865,2026-04-19,113.46,No,
918771,208306,2026-04-19,111.68,Yes,2026-04-21
918772,240387,2026-04-19,91.69,No,
918773,225153,2026-04-19,78.50,No,
918774,239705,2026-04-19,36.82,No,
918775,248445,2026-04-19,95.07,No,
918776,204645,2026-04-19,119.38,No,
918777,237333,2026-04-19,76.41,No,
918778,248039,2026-04-19,98.98,No,
918779,218942,2026-04-19,79.89,No,
918780,227993,2026-04-19,134.10,No,
918781,244984,2026-04-19,54.90,Yes,2026-04-22
918782,204143,2026-04-19,93.72,No,
918783,223526,2026-04-19,102.44,No,
918784,246359,2026-04-19,106.59,No,
918785,213080,2026-04-19,74.94,No,
918786,213228,2026-04-19,61.39,Yes,2026-04-20
918787,245852,2026-04-19,77.43,No,
918788,235940,2026-04-19,100.92,No,
918789,200469,2026-04-19,85.06,Yes,2026-04-22
918790,200055,2026-04-19,69.96,No,
918791,204553,2026-04-19,91.39,No,
918792,233056,2026-04-19,59.14,No,
918793,229599,2026-04-19,57.09,No,
918794,236966,2026-04-19,71.00,No,
918795,214784,2026-04-19,108.67,Yes,2026-04-21
918796,200852,2026-04-19,54.72,No,
918797,208994,2026-04-19,73.69,No,
918798,201779,2026-04-19,64.93,Yes,2026-04-21
918799,216189,2026-04-19,65.12,No,
918800,218730,2026-04-19,103.64,Yes,2026-04-22
918801,228525,2026-04-19,76.18,No,
918802,218406,2026-04-19,74.45,No,
918803,232274,2026-04-19,75.76,No,
918804,220421,2026-04-19,54.23,No,
918805,215394,2026-04-19,62.39,No,
918806,246484,2026-04-19,99.77,No,
918807,245577,2026-04-19,55.95,No,
918808,239891,2026-04-19,100.55,No,
918809,234909,2026-04-19,94.50,Yes,2026-04-19
918810,216888,2026-04-19,98.76,Yes,2026-04-21
918811,245398,2026-04-19,69.45,No,
918812,229307,2026-04-19,70.23,No,
918813,241420,2026-04-19,64.84,No,
918814,221061,2026-04-19,79.94,No,
918815,226907,2026-04-19,42.32,Yes,2026-04-19
918816,208900,2026-04-19,81.47,No,
918817,237711,2026-04-19,52.63,No,
918818,228489,2026-04-19,104.43,Yes,2026-04-19
918819,213215,2026-04-19,111.67,Yes,2026-04-20
918820,228166,2026-04-19,76.43,No,
918821,231916,2026-04-19,98.13,No,
918822,224835,2026-04-19,107.56,No,
918823,234846,2026-04-19,110.99,No,
918824,211621,2026-04-19,83.26,No,
918825,206600,2026-04-19,77.42,No,
918826,247010,2026-04-19,59.71,No,
918827,213809,2026-04-19,107.75,No,
918828,227144,2026-04-19,28.86,No,
918829,218748,2026-04-19,116.35,No,
918830,240616,2026-04-19,57.84,No,
918831,239224,2026-04-19,116.24,Yes,2026-04-21
918832,241176,2026-04-19,86.12,No,
918833,211788,2026-04-19,135.49,No,
918834,216647,2026-04-19,74.84,No,
918835,208842,2026-04-19,69.51,Yes,2026-04-22
918836,233166,2026-04-19,81.99,No,
918837,237779,2026-04-19,68.57,Yes,2026-04-21
918838,226048,2026-04-19,20.31,Yes,2026-04-21
918839,202918,2026-04-19,62.15,No,
918840,242534,2026-04-19,46.83,No,
918841,203745,2026-04-19,81.50,No,
918842,239946,2026-04-19,91.15,No,
918843,204704,2026-04-19,110.40,No,
918844,240520,2026-04-19,78.11,Yes,2026-04-20
918845,245907,2026-04-19,105.89,No,
918846,225669,2026-04-19,38.44,No,
918847,247095,2026-04-19,46.96,Yes,2026-04-22
918848,203976,2026-04-19,68.67,Yes,2026-04-22
918849,226259,2026-04-19,43.99,No,
918850,246597,2026-04-19,86.51,No,
918851,230704,2026-04-19,77.86,No,
918852,244885,2026-04-19,94.74,No,
918853,217357,2026-04-19,58.35,No,
918854,227684,2026-04-19,79.38,No,
918855,231578,2026-04-19,91.52,No,
918856,211463,2026-04-19,97.72,No,
918857,201033,2026-04-19,102.33,No,
918858,202281,2026-04-19,83.38,No,
918859,210233,2026-04-19,64.99,No,
918860,220003,2026-04-19,37.28,No,
918861,209495,2026-04-19,97.00,No,
918862,220687,2026-04-19,92.95,Yes,2026-04-21
918863,213706,2026-04-19,94.84,No,
918864,209992,2026-04-19,114.54,No,
918865,229185,2026-04-19,94.02,No,
918866,226180,2026-04-19,106.97,No,
918867,209616,2026-04-19,68.18,No,
918868,207325,2026-04-19,84.15,No,
918869,242271,2026-04-19,39.80,No,
918870,223792,2026-04-19,106.35,No,
918871,246418,2026-04-19,75.09,No,
918872,211658,2026-04-19,56.74,No,
918873,210584,2026-04-19,68.00,Yes,2026-04-19
918874,222374,2026-04-19,88.94,No,
918875,201091,2026-04-19,46.55,No,
918876,200359,2026-04-19,61.66,No,
918877,232516,2026-04-19,79.22,No,
918878,234070,2026-04-19,106.06,Yes,2026-04-22
918879,200736,2026-04-19,86.11,No,
918880,221356,2026-04-19,82.57,Yes,2026-04-19
918881,213858,2026-04-19,91.47,No,
918882,231224,2026-04-19,126.04,Yes,2026-04-22
918883,241523,2026-04-19,70.47,No,
918884,217700,2026-04-19,45.71,Yes,2026-04-22
918885,209777,2026-04-19,121.52,No,
918886,211729,2026-04-19,37.40,Yes,2026-04-21
918887,243741,2026-04-19,109.56,No,
918888,241517,2026-04-20,67.42,No,
918889,218574,2026-04-20,115.17,No,
918890,233167,2026-04-20,105.65,No,
918891,236398,2026-04-20,81.46,No,
918892,231281,2026-04-20,88.32,No,
918893,232104,2026-04-20,80.86,Yes,2026-04-22
918894,231603,2026-04-20,107.96,No,
918895,204347,2026-04-20,121.57,Yes,2026-04-22
918896,226991,2026-04-20,64.75,No,
918897,218197,2026-04-20,67.21,No,
918898,201404,2026-04-20,95.90,Yes,2026-04-20
918899,220580,2026-04-20,66.57,No,
918900,226204,2026-04-20,97.71,No,
918901,230988,2026-04-20,32.11,Yes,2026-04-20
918902,208300,2026-04-20,75.36,No,
918903,235997,2026-04-20,104.32,No,
918904,237900,2026-04-20,85.67,No,
918905,243453,2026-04-20,20.00,No,
918906,210177,2026-04-20,71.31,No,
918907,241867,2026-04-20,133.47,No,
918908,233674,2026-04-20,88.66,Yes,2026-04-21
918909,224704,2026-04-20,86.40,No,
918910,230108,2026-04-20,56.58,No,
918911,203935,2026-04-20,99.28,Yes,2026-04-22
918912,228169,2026-04-20,106.77,No,
918913,234820,2026-04-20,71.90,No,
918914,201968,2026-04-20,89.03,No,
918915,200367,2026-04-20,70.98,No,
918916,246014,2026-04-20,61.63,No,
918917,234566,2026-04-20,95.64,Yes,2026-04-23
918918,207450,2026-04-20,97.22,No,
918919,244387,2026-04-20,134.35,Yes,2026-04-22
918920,233183,2026-04-20,88.10,No,
918921,204557,2026-04-20,126.12,No,
918922,224640,2026-04-20,49.03,No,
918923,201842,2026-04-20,31.78,No,
918924,208025,2026-04-20,69.73,No,
918925,244671,2026-04-20,63.72,No,
918926,201101,2026-04-20,73.93,No,
918927,244144,2026-04-20,62.27,No,
918928,238347,2026-04-20,75.27,No,
918929,216142,2026-04-20,131.40,No,
918930,241610,2026-04-20,72.69,No,
918931,213244,2026-04-20,61.53,Yes,2026-04-20
918932,243556,2026-04-20,68.05,No,
918933,210324,2026-04-20,92.76,No,
918934,240234,2026-04-20,134.96,No,
918935,203915,2026-04-20,82.03,No,
918936,243811,2026-04-20,74.95,No,
918937,217271,2026-04-20,113.59,No,
918938,202791,2026-04-20,66.07,No,
918939,246724,2026-04-20,100.86,No,
918940,236887,2026-04-20,69.49,Yes,2026-04-22
918941,200756,2026-04-20,99.82,Yes,2026-04-23
918942,200980,2026-04-20,67.67,No,
918943,227897,2026-04-20,76.19,Yes,2026-04-21
918944,225608,2026-04-20,43.96,No,
918945,234345,2026-04-20,84.49,No,
918946,242914,2026-04-20,102.15,No,
918947,212386,2026-04-20,82.13,No,
918948,230120,2026-04-20,101.11,No,
918949,218215,2026-04-20,57.54,No,
918950,211659,2026-04-20,97.50,No,
918951,240363,2026-04-20,114.26,No,
918952,239111,2026-04-20,43.22,No,
918953,241912,2026-04-20,99.86,No,
918954,231969,2026-04-20,103.64,No,
918955,213186,2026-04-20,91.72,No,
918956,235415,2026-04-20,35.46,No,
918957,230240,2026-04-20,127.82,No,
918958,219339,2026-04-20,60.39,No,
918959,231370,2026-04-20,49.24,No,
918960,232697,2026-04-20,64.05,No,
918961,222197,2026-04-20,88.46,No,
918962,236114,2026-04-20,70.33,No,
918963,213719,2026-04-20,65.01,Yes,2026-04-21
918964,225266,2026-04-20,86.00,Yes,2026-04-20
918965,213237,2026-04-20,43.54,No,
918966,237534,2026-04-20,103.58,No,
918967,221625,2026-04-20,66.18,No,
918968,214316,2026-04-20,124.16,No,
918969,221179,2026-04-20,122.85,No,
918970,219438,2026-04-20,107.10,No,
918971,241915,2026-04-20,84.97,No,
918972,203107,2026-04-20,120.23,No,
918973,203546,2026-04-20,57.37,No,
918974,232731,2026-04-20,75.37,No,
918975,221774,2026-04-20,64.35,Yes,2026-04-20
918976,237640,2026-04-20,75.41,No,
918977,214392,2026-04-20,63.42,Yes,2026-04-21
918978,225351,2026-04-20,63.19,Yes,2026-04-23
918979,221651,2026-04-20,46.70,No,
918980,203209,2026-04-20,76.99,No,
918981,244301,2026-04-20,53.07,No,
918982,246443,2026-04-20,74.02,No,
918983,221436,2026-04-20,81.12,No,
918984,226879,2026-04-20,78.40,Yes,2026-04-23
918985,219086,2026-04-20,51.21,No,
918986,208444,2026-04-20,68.53,No,
918987,243943,2026-04-20,71.60,No,
918988,232441,2026-04-20,103.19,No,
918989,208594,2026-04-20,95.73,No,
918990,210196,2026-04-20,89.48,No,
918991,221561,2026-04-20,60.05,No,
918992,234394,2026-04-20,36.95,No,
918993,213392,2026-04-20,107.31,No,
918994,241753,2026-04-20,69.75,No,
918995,232497,2026-04-20,64.70,Yes,2026-04-20
918996,219970,2026-04-20,87.19,No,
918997,225571,2026-04-20,27.65,No,
918998,230417,2026-04-20,39.47,No,
918999,224440,2026-04-20,72.72,No,
919000,240788,2026-04-20,60.80,No,
919001,221520,2026-04-20,101.55,No,
919002,245640,2026-04-20,90.78,No,
919003,224481,2026-04-20,67.00,No,
919004,223773,2026-04-20,112.52,Yes,2026-04-22
919005,211123,2026-04-20,86.88,Yes,2026-04-20
919006,236097,2026-04-20,79.68,No,
919007,221038,2026-04-20,67.95,No,
919008,222748,2026-04-20,99.30,No,
919009,215933,2026-04-20,25.31,No,
919010,207951,2026-04-20,126.52,Yes,2026-04-21
919011,230831,2026-04-20,64.26,Yes,2026-04-21
919012,207138,2026-04-20,52.07,No,
919013,210400,2026-04-20,66.41,No,
919014,234993,2026-04-20,113.33,Yes,2026-04-23
919015,235596,2026-04-20,66.78,No,
919016,213437,2026-04-20,85.15,No,
919017,231468,2026-04-20,82.34,No,
919018,200176,2026-04-20,89.78,No,
919019,243259,2026-04-20,71.19,No,
919020,233320,2026-04-20,104.93,No,
919021,240170,2026-04-20,73.55,No,
919022,245105,2026-04-20,93.35,No,
919023,200927,2026-04-20,72.05,No,
919024,232362,2026-04-20,84.62,Yes,2026-04-23
919025,226656,2026-04-20,113.72,No,
919026,211226,2026-04-20,76.38,No,
919027,217664,2026-04-20,86.00,No,
919028,235412,2026-04-20,92.22,No,
919029,223141,2026-04-20,91.09,No,
919030,216401,2026-04-20,88.76,No,
919031,227959,2026-04-20,64.44,No,
919032,237114,2026-04-20,73.14,No,
919033,215029,2026-04-20,90.50,No,
919034,237585,2026-04-20,134.06,No,
919035,229147,2026-04-21,73.77,No,
919036,209575,2026-04-21,74.84,No,
919037,235491,2026-04-21,63.53,No,
919038,210859,2026-04-21,80.13,No,
919039,241562,2026-04-21,107.77,No,
919040,231290,2026-04-21,40.93,No,
919041,226459,2026-04-21,61.27,No,
919042,243854,2026-04-21,125.66,Yes,2026-04-21
919043,235234,2026-04-21,121.27,No,
919044,210348,2026-04-21,108.19,No,
919045,219534,2026-04-21,73.25,No,
919046,233708,2026-04-21,70.58,Yes,2026-04-24
919047,209689,2026-04-21,72.15,No,
919048,201234,2026-04-21,62.42,Yes,2026-04-22
919049,234243,2026-04-21,69.31,No,
919050,241585,2026-04-21,72.12,No,
919051,221593,2026-04-21,113.10,Yes,2026-04-23
919052,200535,2026-04-21,100.26,Yes,2026-04-23
919053,200688,2026-04-21,67.88,No,
919054,224878,2026-04-21,63.71,No,
919055,218658,2026-04-21,118.95,No,
919056,238487,2026-04-21,66.76,No,
919057,211345,2026-04-21,52.06,Yes,2026-04-22
919058,204382,2026-04-21,104.23,Yes,2026-04-24
919059,236792,2026-04-21,55.69,No,
919060,232309,2026-04-21,107.68,No,
919061,241298,2026-04-21,61.11,No,
919062,202674,2026-04-21,100.30,No,
919063,232275,2026-04-21,105.66,No,
919064,228117,2026-04-21,82.97,No,
919065,244382,2026-04-21,39.51,Yes,2026-04-21
919066,237895,2026-04-21,116.69,No,
919067,237504,2026-04-21,101.48,Yes,2026-04-23
919068,230783,2026-04-21,47.06,No,
919069,231990,2026-04-21,93.59,No,
919070,244874,2026-04-21,55.62,No,
919071,208329,2026-04-21,89.03,No,
919072,223181,2026-04-21,84.15,Yes,2026-04-21
919073,236177,2026-04-21,44.07,No,
919074,212363,2026-04-21,108.25,No,
919075,213993,2026-04-21,69.94,Yes,2026-04-22
919076,219950,2026-04-21,70.27,No,
919077,209908,2026-04-21,67.22,No,
919078,213653,2026-04-21,84.13,No,
919079,211687,2026-04-21,117.24,No,
919080,212822,2026-04-21,55.55,No,
919081,244706,2026-04-21,60.25,No,
919082,203295,2026-04-21,84.06,Yes,2026-04-21
919083,225670,2026-04-21,94.34,Yes,2026-04-21
919084,236360,2026-04-21,107.18,No,
919085,202255,2026-04-21,79.14,Yes,2026-04-22
919086,211296,2026-04-21,71.91,No,
919087,228165,2026-04-21,107.82,No,
919088,240912,2026-04-21,54.17,No,
919089,224796,2026-04-21,103.42,Yes,2026-04-22
919090,240480,2026-04-21,81.10,Yes,2026-04-24
919091,232415,2026-04-21,134.39,No,
919092,239548,2026-04-21,82.66,Yes,2026-04-23
919093,213738,2026-04-21,102.38,No,
919094,206479,2026-04-21,70.71,No,
919095,232322,2026-04-21,80.61,No,
919096,224859,2026-04-21,78.92,No,
919097,216363,2026-04-21,81.86,Yes,2026-04-24
919098,222881,2026-04-21,52.97,No,
919099,228535,2026-04-21,82.78,No,
919100,246214,2026-04-21,65.22,No,
919101,234368,2026-04-21,44.87,Yes,2026-04-21
919102,246565,2026-04-21,87.86,No,
919103,235194,2026-04-21,85.74,No,
919104,239001,2026-04-21,82.09,No,
919105,246685,2026-04-21,116.10,No,
919106,221460,2026-04-21,138.16,No,
919107,209228,2026-04-21,43.38,No,
919108,223881,2026-04-21,98.77,No,
919109,209774,2026-04-21,42.68,No,
919110,221321,2026-04-21,54.61,No,
919111,213925,2026-04-21,51.37,Yes,2026-04-24
919112,237824,2026-04-21,46.50,Yes,2026-04-21
919113,242775,2026-04-21,95.93,No,
919114,219272,2026-04-21,45.53,Yes,2026-04-24
919115,228376,2026-04-21,25.06,No,
919116,200148,2026-04-21,53.26,No,
919117,247538,2026-04-21,84.90,No,
919118,202555,2026-04-21,79.00,No,
919119,245753,2026-04-21,55.56,No,
919120,220801,2026-04-21,74.62,No,
919121,244032,2026-04-21,50.29,No,
919122,231756,2026-04-21,44.28,Yes,2026-04-23
919123,235164,2026-04-21,82.92,No,
919124,221793,2026-04-21,70.80,No,
919125,235834,2026-04-21,60.44,Yes,2026-04-22
919126,220682,2026-04-21,74.26,Yes,2026-04-22
919127,232154,2026-04-21,98.02,No,
919128,219559,2026-04-21,107.30,Yes,2026-04-23
919129,220649,2026-04-21,60.56,No,
919130,230016,2026-04-21,106.30,Yes,2026-04-23
919131,200511,2026-04-21,77.70,Yes,2026-04-23
919132,201721,2026-04-21,69.50,No,
919133,211186,2026-04-21,96.89,Yes,2026-04-23
919134,229739,2026-04-21,102.40,No,
919135,239276,2026-04-21,117.20,No,
919136,204418,2026-04-21,121.07,Yes,2026-04-23
919137,223268,2026-04-21,95.23,No,
919138,229733,2026-04-21,85.85,No,
919139,227403,2026-04-21,96.63,No,
919140,214108,2026-04-21,83.64,No,
919141,230943,2026-04-21,67.75,No,
919142,248078,2026-04-21,66.55,Yes,2026-04-21
919143,203655,2026-04-21,94.42,No,
919144,245488,2026-04-21,42.10,Yes,2026-04-24
919145,236716,2026-04-21,105.46,No,
919146,210169,2026-04-21,78.06,No,
919147,247151,2026-04-21,29.90,No,
919148,204909,2026-04-21,82.00,No,
919149,202025,2026-04-21,87.94,No,
919150,222659,2026-04-21,63.55,No,
919151,212583,2026-04-21,96.12,No,
919152,222336,2026-04-21,76.67,No,
919153,215034,2026-04-21,47.89,No,
919154,206857,2026-04-21,54.93,No,
919155,214874,2026-04-21,103.57,No,
919156,213224,2026-04-21,92.41,Yes,2026-04-21
919157,226271,2026-04-21,102.96,No,
919158,211720,2026-04-21,45.82,Yes,2026-04-24
919159,207269,2026-04-21,93.90,Yes,2026-04-24
919160,221031,2026-04-21,96.60,Yes,2026-04-24
919161,201204,2026-04-21,102.43,Yes,2026-04-23
919162,240357,2026-04-21,66.81,No,
919163,230159,2026-04-21,86.60,No,
919164,238358,2026-04-21,80.33,Yes,2026-04-21
919165,234750,2026-04-22,125.46,No,
919166,236566,2026-04-22,70.64,Yes,2026-04-23
919167,222892,2026-04-22,105.16,No,
919168,238485,2026-04-22,40.94,Yes,2026-04-24
919169,232876,2026-04-22,66.81,No,
919170,239054,2026-04-22,70.22,Yes,2026-04-25
919171,230536,2026-04-22,97.89,No,
919172,244990,2026-04-22,71.96,No,
919173,242309,2026-04-22,126.50,No,
919174,211248,2026-04-22,73.53,Yes,2026-04-23
919175,215920,2026-04-22,89.06,No,
919176,226580,2026-04-22,59.15,No,
919177,228456,2026-04-22,79.74,No,
919178,226969,2026-04-22,104.63,Yes,2026-04-24
919179,208438,2026-04-22,90.51,No,
919180,229225,2026-04-22,85.32,Yes,2026-04-23
919181,244407,2026-04-22,99.01,Yes,2026-04-22
919182,215962,2026-04-22,103.17,Yes,2026-04-24
919183,219987,2026-04-22,71.45,No,
919184,244481,2026-04-22,54.16,No,
919185,211378,2026-04-22,95.38,No,
919186,225537,2026-04-22,84.05,No,
919187,202128,2026-04-22,112.22,Yes,2026-04-23
919188,223654,2026-04-22,106.85,No,
919189,230536,2026-04-22,136.79,No,
919190,212708,2026-04-22,56.17,No,
919191,224233,2026-04-22,79.05,No,
919192,239934,2026-04-22,118.47,No,
919193,219099,2026-04-22,97.55,Yes,2026-04-25
919194,246118,2026-04-22,116.91,No,
919195,200889,2026-04-22,110.69,No,
919196,211205,2026-04-22,94.30,No,
919197,234379,2026-04-22,61.99,No,
919198,219923,2026-04-22,73.96,No,
919199,239630,2026-04-22,37.32,No,
919200,224487,2026-04-22,78.10,No,
919201,214566,2026-04-22,100.05,No,
919202,205882,2026-04-22,76.21,No,
919203,217861,2026-04-22,65.58,No,
919204,238968,2026-04-22,43.50,No,
919205,213365,2026-04-22,106.90,No,
919206,207150,2026-04-22,87.84,Yes,2026-04-23
919207,205384,2026-04-22,124.61,No,
919208,207461,2026-04-22,60.02,No,
919209,214189,2026-04-22,136.74,No,
919210,223242,2026-04-22,70.07,Yes,2026-04-22
919211,236821,2026-04-22,85.00,No,
919212,241135,2026-04-22,50.97,No,
919213,230196,2026-04-22,130.80,No,
919214,204791,2026-04-22,118.11,No,
919215,222942,2026-04-22,47.73,No,
919216,223127,2026-04-22,101.14,No,
919217,208301,2026-04-22,83.72,No,
919218,209988,2026-04-22,37.35,No,
919219,237816,2026-04-22,97.06,No,
919220,233204,2026-04-22,29.30,Yes,2026-04-22
919221,206623,2026-04-22,78.71,No,
919222,223310,2026-04-22,83.45,No,
919223,210395,2026-04-22,76.06,No,
919224,200566,2026-04-22,102.35,No,
919225,211576,2026-04-22,80.32,No,
919226,239294,2026-04-22,55.58,No,
919227,214960,2026-04-22,80.94,No,
919228,200110,2026-04-22,40.32,No,
919229,200037,2026-04-22,51.83,No,
919230,231252,2026-04-22,76.53,No,
919231,242520,2026-04-22,65.13,No,
919232,238296,2026-04-22,36.72,No,
919233,222915,2026-04-22,81.50,No,
919234,210606,2026-04-22,73.56,Yes,2026-04-24
919235,227992,2026-04-22,84.06,No,
919236,226221,2026-04-22,96.98,No,
919237,229320,2026-04-22,20.00,No,
919238,201356,2026-04-22,93.70,No,
919239,223483,2026-04-22,125.53,No,
919240,218392,2026-04-22,50.93,Yes,2026-04-23
919241,210750,2026-04-22,99.94,No,
919242,227235,2026-04-22,44.56,No,
919243,220682,2026-04-22,98.35,Yes,2026-04-23
919244,243892,2026-04-22,88.23,Yes,2026-04-23
919245,217103,2026-04-22,109.87,No,
919246,200898,2026-04-22,79.38,No,
919247,220774,2026-04-22,104.25,No,
919248,211350,2026-04-22,64.43,No,
919249,228056,2026-04-22,114.14,Yes,2026-04-25
919250,228698,2026-04-22,98.47,No,
919251,234774,2026-04-22,71.30,No,
919252,203181,2026-04-22,65.04,No,
919253,247967,2026-04-22,88.00,No,
919254,209081,2026-04-22,87.68,No,
919255,216029,2026-04-22,59.47,No,
919256,238072,2026-04-22,49.69,Yes,2026-04-25
919257,218179,2026-04-22,80.01,No,
919258,201813,2026-04-22,112.93,No,
919259,225832,2026-04-22,25.60,No,
919260,226295,2026-04-22,94.77,No,
919261,245388,2026-04-22,60.26,No,
919262,228843,2026-04-22,41.73,Yes,2026-04-22
919263,211384,2026-04-22,28.20,Yes,2026-04-24
919264,216014,2026-04-22,99.02,No,
919265,237246,2026-04-22,77.73,No,
919266,207389,2026-04-22,45.00,No,
919267,231600,2026-04-22,102.83,Yes,2026-04-24
919268,212702,2026-04-22,82.32,No,
919269,232578,2026-04-22,85.06,Yes,2026-04-24
919270,220353,2026-04-22,87.96,No,
919271,214550,2026-04-22,89.00,No,
919272,225484,2026-04-22,112.21,No,
919273,217910,2026-04-22,84.93,Yes,2026-04-24
919274,243728,2026-04-22,75.67,Yes,2026-04-24
919275,248044,2026-04-22,66.24,No,
919276,214347,2026-04-22,60.50,No,
919277,203373,2026-04-22,83.60,No,
919278,200877,2026-04-22,123.04,No,
919279,210012,2026-04-22,49.49,No,
919280,235042,2026-04-22,108.00,Yes,2026-04-23
919281,233533,2026-04-22,72.64,No,
919282,208829,2026-04-22,24.47,No,
919283,232283,2026-04-22,45.06,No,
919284,246628,2026-04-22,99.52,Yes,2026-04-24
919285,234946,2026-04-22,121.28,No,
919286,208137,2026-04-22,68.11,No,
919287,205649,2026-04-22,112.28,Yes,2026-04-24
919288,216258,2026-04-22,104.71,No,
919289,210884,2026-04-22,104.34,Yes,2026-04-25
919290,248127,2026-04-22,75.91,Yes,2026-04-23
919291,228910,2026-04-22,125.91,Yes,2026-04-22
919292,242843,2026-04-22,100.66,Yes,2026-04-24
919293,206946,2026-04-22,112.31,No,
919294,201471,2026-04-22,50.96,No,
919295,227885,2026-04-22,122.76,No,
919296,234610,2026-04-22,120.22,No,
919297,210661,2026-04-22,102.28,No,
919298,224433,2026-04-22,89.26,Yes,2026-04-25
919299,202987,2026-04-22,101.84,No,
919300,212397,2026-04-22,49.64,No,
919301,225168,2026-04-22,139.07,No,
919302,210478,2026-04-22,114.47,No,
919303,220571,2026-04-22,88.81,No,
919304,218804,2026-04-22,137.82,No,
919305,242796,2026-04-22,90.14,No,
919306,239517,2026-04-22,82.63,No,
919307,213479,2026-04-22,107.00,No,
919308,222702,2026-04-22,126.49,No,
919309,218752,2026-04-22,54.82,Yes,2026-04-23
919310,207272,2026-04-22,81.95,No,
919311,208146,2026-04-22,86.72,No,
919312,200730,2026-04-22,109.16,No,
919313,220596,2026-04-22,81.79,No,
919314,241513,2026-04-22,98.88,Yes,2026-04-22
919315,203085,2026-04-22,86.20,Yes,2026-04-24
919316,237250,2026-04-22,40.57,Yes,2026-04-22
919317,227546,2026-04-22,118.89,Yes,2026-04-23
919318,207985,2026-04-22,79.23,No,
919319,211448,2026-04-22,88.45,No,
919320,238293,2026-04-22,85.90,No,
919321,222434,2026-04-23,78.85,Yes,2026-04-26
919322,218567,2026-04-23,27.36,Yes,2026-04-24
919323,203299,2026-04-23,95.25,Yes,2026-04-26
919324,239799,2026-04-23,123.75,No,
919325,207239,2026-04-23,107.31,No,
919326,247632,2026-04-23,59.78,Yes,2026-04-24
919327,209502,2026-04-23,106.01,No,
919328,203608,2026-04-23,114.75,No,
919329,218262,2026-04-23,115.23,Yes,2026-04-25
919330,210172,2026-04-23,90.49,No,
919331,201671,2026-04-23,120.14,Yes,2026-04-23
919332,207116,2026-04-23,121.72,No,
919333,234715,2026-04-23,92.80,Yes,2026-04-24
919334,224219,2026-04-23,32.56,No,
919335,229947,2026-04-23,71.83,No,
919336,202859,2026-04-23,58.25,Yes,2026-04-26
919337,217274,2026-04-23,70.36,No,
919338,219008,2026-04-23,107.47,No,
919339,226361,2026-04-23,104.00,No,
919340,210208,2026-04-23,89.54,Yes,2026-04-25
919341,204003,2026-04-23,82.46,No,
919342,240702,2026-04-23,75.29,No,
919343,244305,2026-04-23,78.84,No,
919344,240532,2026-04-23,80.79,No,
919345,237280,2026-04-23,119.64,No,
919346,200505,2026-04-23,98.79,No,
919347,245736,2026-04-23,123.63,No,
919348,209393,2026-04-23,99.30,No,
919349,224547,2026-04-23,50.00,Yes,2026-04-24
919350,203897,2026-04-23,81.47,No,
919351,243412,2026-04-23,109.46,No,
919352,214079,2026-04-23,56.30,No,
919353,204415,2026-04-23,84.50,No,
919354,220485,2026-04-23,112.18,No,
919355,235229,2026-04-23,83.86,No,
919356,226552,2026-04-23,96.22,Yes,2026-04-25
919357,223383,2026-04-23,97.02,No,
919358,201617,2026-04-23,86.49,Yes,2026-04-26
919359,224732,2026-04-23,74.41,No,
919360,242946,2026-04-23,85.77,Yes,2026-04-23
919361,221967,2026-04-23,119.43,No,
919362,239170,2026-04-23,97.63,Yes,2026-04-23
919363,203792,2026-04-23,77.06,Yes,2026-04-24
919364,214308,2026-04-23,84.72,No,
919365,248335,2026-04-23,60.56,No,
919366,200419,2026-04-23,101.12,No,
919367,245851,2026-04-23,92.79,No,
919368,219530,2026-04-23,79.86,No,
919369,205354,2026-04-23,40.21,No,
919370,203852,2026-04-23,77.71,No,
919371,223569,2026-04-23,93.29,No,
919372,220720,2026-04-23,100.89,No,
919373,220085,2026-04-23,122.98,No,
919374,228762,2026-04-23,79.24,No,
919375,244831,2026-04-23,107.47,No,
919376,222907,2026-04-23,143.86,No,
919377,230319,2026-04-23,62.93,No,
919378,228535,2026-04-23,65.53,No,
919379,223694,2026-04-23,82.77,No,
919380,203017,2026-04-23,102.87,No,
919381,217375,2026-04-23,81.64,Yes,2026-04-23
919382,245063,2026-04-23,154.19,No,
919383,211716,2026-04-23,57.74,No,
919384,217650,2026-04-23,90.39,No,
919385,224450,2026-04-23,76.21,No,
919386,206077,2026-04-23,64.21,Yes,2026-04-25
919387,238945,2026-04-23,72.11,No,
919388,221180,2026-04-23,135.86,No,
919389,231600,2026-04-23,67.28,No,
919390,221402,2026-04-23,117.34,Yes,2026-04-23
919391,240622,2026-04-23,94.89,No,
919392,228088,2026-04-23,77.37,No,
919393,226374,2026-04-23,79.90,Yes,2026-04-23
919394,220638,2026-04-23,90.89,No,
919395,240704,2026-04-23,139.78,No,
919396,241231,2026-04-23,83.69,Yes,2026-04-25
919397,219602,2026-04-23,86.92,No,
919398,217851,2026-04-23,64.30,Yes,2026-04-23
919399,205744,2026-04-23,74.23,No,
919400,215552,2026-04-23,56.04,Yes,2026-04-24
919401,242422,2026-04-23,41.63,Yes,2026-04-23
919402,222495,2026-04-23,86.00,No,
919403,239034,2026-04-23,109.99,No,
919404,209778,2026-04-23,20.00,Yes,2026-04-23
919405,205264,2026-04-23,30.29,No,
919406,231054,2026-04-23,80.75,No,
919407,215857,2026-04-23,64.72,No,
919408,224987,2026-04-23,101.53,No,
919409,209975,2026-04-23,24.32,No,
919410,234911,2026-04-23,113.33,No,
919411,229056,2026-04-23,101.42,Yes,2026-04-23
919412,245390,2026-04-23,118.94,No,
919413,236905,2026-04-23,69.19,No,
919414,204726,2026-04-23,54.54,No,
919415,221886,2026-04-23,80.64,No,
919416,200886,2026-04-23,95.04,No,
919417,208071,2026-04-23,96.06,No,
919418,221865,2026-04-23,47.34,Yes,2026-04-26
919419,214093,2026-04-23,82.29,No,
919420,238305,2026-04-23,62.68,No,
919421,221923,2026-04-23,73.77,No,
919422,201659,2026-04-23,88.31,No,
919423,212658,2026-04-23,100.26,No,
919424,232643,2026-04-23,91.71,Yes,2026-04-24
919425,202325,2026-04-23,50.31,No,
919426,241805,2026-04-23,51.55,No,
919427,245009,2026-04-23,107.46,No,
919428,234155,2026-04-23,83.77,Yes,2026-04-26
919429,233900,2026-04-23,80.45,No,
919430,224349,2026-04-23,102.41,No,
919431,243508,2026-04-23,79.80,No,
919432,222222,2026-04-23,100.71,No,
919433,210138,2026-04-23,83.77,No,
919434,209971,2026-04-23,83.48,No,
919435,246185,2026-04-23,77.76,No,
919436,225718,2026-04-23,95.60,Yes,2026-04-25
919437,216902,2026-04-23,76.08,No,
919438,202030,2026-04-23,69.99,No,
919439,239964,2026-04-23,64.58,No,
919440,219396,2026-04-23,77.54,No,
919441,204693,2026-04-23,67.52,No,
919442,209550,2026-04-23,85.22,Yes,2026-04-26
919443,242062,2026-04-23,102.14,No,
919444,201792,2026-04-23,109.81,No,
919445,242767,2026-04-23,110.94,Yes,2026-04-26
919446,222149,2026-04-23,65.17,No,
919447,235145,2026-04-23,104.54,No,
919448,215296,2026-04-23,90.33,No,
919449,221335,2026-04-23,70.81,Yes,2026-04-24
919450,232018,2026-04-23,87.89,No,
919451,203393,2026-04-23,126.85,No,
919452,235263,2026-04-23,124.58,No,
919453,245528,2026-04-23,79.10,No,
919454,248194,2026-04-24,135.78,Yes,2026-04-25
919455,217864,2026-04-24,109.27,Yes,2026-04-25
919456,232670,2026-04-24,107.25,No,
919457,219926,2026-04-24,94.43,No,
919458,210114,2026-04-24,100.12,No,
919459,236698,2026-04-24,140.96,No,
919460,223157,2026-04-24,62.66,No,
919461,223515,2026-04-24,86.89,No,
919462,215450,2026-04-24,82.04,No,
919463,234152,2026-04-24,58.86,Yes,2026-04-27
919464,232474,2026-04-24,131.31,No,
919465,223817,2026-04-24,68.03,No,
919466,214787,2026-04-24,96.85,No,
919467,245831,2026-04-24,67.20,Yes,2026-04-27
919468,213451,2026-04-24,81.18,Yes,2026-04-24
919469,211704,2026-04-24,127.89,No,
919470,201231,2026-04-24,53.22,No,
919471,200490,2026-04-24,111.24,No,
919472,216066,2026-04-24,73.14,No,
919473,212198,2026-04-24,80.01,Yes,2026-04-25
919474,213807,2026-04-24,126.09,No,
919475,247154,2026-04-24,118.50,No,
919476,229979,2026-04-24,124.55,No,
919477,227103,2026-04-24,88.54,Yes,2026-04-26
919478,220201,2026-04-24,104.23,No,
919479,240171,2026-04-24,113.75,No,
919480,221923,2026-04-24,86.91,No,
919481,238118,2026-04-24,78.44,No,
919482,234035,2026-04-24,112.58,No,
919483,243322,2026-04-24,122.79,No,
919484,222402,2026-04-24,130.63,No,
919485,209837,2026-04-24,42.84,No,
919486,206326,2026-04-24,96.53,No,
919487,232135,2026-04-24,47.21,No,
919488,206727,2026-04-24,63.02,No,
919489,220199,2026-04-24,112.67,No,
919490,231770,2026-04-24,112.58,Yes,2026-04-27
919491,243791,2026-04-24,81.97,No,
919492,228394,2026-04-24,88.07,Yes,2026-04-27
919493,218045,2026-04-24,75.21,Yes,2026-04-27
919494,228155,2026-04-24,96.10,No,
919495,230390,2026-04-24,76.09,No,
919496,243163,2026-04-24,86.35,Yes,2026-04-25
919497,207977,2026-04-24,97.58,Yes,2026-04-25
919498,237725,2026-04-24,68.50,No,
919499,231420,2026-04-24,106.60,No,
919500,239084,2026-04-24,94.23,No,
919501,220137,2026-04-24,66.15,Yes,2026-04-25
919502,243099,2026-04-24,81.77,No,
919503,213718,2026-04-24,103.42,No,
919504,232282,2026-04-24,75.87,No,
919505,204279,2026-04-24,129.68,No,
919506,245741,2026-04-24,98.52,No,
919507,225160,2026-04-24,96.41,No,
919508,248384,2026-04-24,90.63,Yes,2026-04-25
919509,212832,2026-04-24,126.19,No,
919510,221466,2026-04-24,59.94,No,
919511,242178,2026-04-24,57.74,Yes,2026-04-25
919512,230510,2026-04-24,114.67,No,
919513,218724,2026-04-24,50.19,No,
919514,212785,2026-04-24,75.13,No,
919515,209415,2026-04-24,84.70,No,
919516,213670,2026-04-24,111.53,No,
919517,216730,2026-04-24,101.06,No,
919518,211383,2026-04-24,69.07,No,
919519,209709,2026-04-24,38.86,No,
919520,227488,2026-04-24,78.98,No,
919521,221696,2026-04-24,71.72,No,
919522,223944,2026-04-24,86.84,No,
919523,206749,2026-04-24,101.26,Yes,2026-04-25
919524,232022,2026-04-24,111.48,No,
919525,233447,2026-04-24,113.71,No,
919526,203276,2026-04-24,99.06,No,
919527,200973,2026-04-24,82.39,No,
919528,225891,2026-04-24,69.89,No,
919529,214093,2026-04-24,87.27,No,
919530,233998,2026-04-24,110.53,Yes,2026-04-26
919531,203044,2026-04-24,118.96,Yes,2026-04-25
919532,238988,2026-04-24,127.09,Yes,2026-04-27
919533,237170,2026-04-24,79.88,No,
919534,238120,2026-04-24,72.30,Yes,2026-04-24
919535,200431,2026-04-24,86.04,No,
919536,215123,2026-04-24,41.15,No,
919537,235699,2026-04-24,78.32,No,
919538,223105,2026-04-24,114.16,No,
919539,213181,2026-04-24,77.75,No,
919540,240112,2026-04-24,105.21,No,
919541,242817,2026-04-24,97.63,No,
919542,224148,2026-04-24,95.85,Yes,2026-04-26
919543,204907,2026-04-24,105.15,No,
919544,201903,2026-04-24,41.80,No,
919545,219887,2026-04-24,135.26,No,
919546,211776,2026-04-24,63.37,No,
919547,229139,2026-04-24,73.24,No,
919548,227293,2026-04-24,77.80,No,
919549,236930,2026-04-24,118.75,Yes,2026-04-27
919550,245797,2026-04-24,50.72,No,
919551,242671,2026-04-24,89.03,No,
919552,246966,2026-04-24,71.07,Yes,2026-04-26
919553,223036,2026-04-24,154.07,No,
919554,239837,2026-04-24,106.04,Yes,2026-04-24
919555,238925,2026-04-24,70.35,No,
919556,203845,2026-04-24,51.76,No,
919557,228433,2026-04-24,103.72,No,
919558,201951,2026-04-24,95.15,No,
919559,200526,2026-04-24,48.55,No,
919560,215672,2026-04-24,104.00,No,
919561,217834,2026-04-24,78.18,Yes,2026-04-26
919562,237848,2026-04-24,68.28,Yes,2026-04-26
919563,239900,2026-04-24,112.36,No,
919564,205857,2026-04-24,104.05,No,
919565,223055,2026-04-24,66.98,No,
919566,204436,2026-04-24,80.89,No,
919567,212798,2026-04-24,126.11,Yes,2026-04-24
919568,220524,2026-04-24,98.53,No,
919569,231356,2026-04-24,76.49,No,
919570,240794,2026-04-24,106.30,No,
919571,204109,2026-04-24,45.90,No,
919572,243321,2026-04-24,34.84,No,
919573,214873,2026-04-24,99.80,No,
919574,222414,2026-04-24,99.43,No,
919575,213256,2026-04-24,60.42,No,
919576,211927,2026-04-24,90.55,No,
919577,226575,2026-04-24,66.42,No,
919578,211631,2026-04-24,77.96,No,
919579,235582,2026-04-24,48.68,No,
919580,226013,2026-04-24,90.61,No,
919581,212657,2026-04-24,92.02,No,
919582,235610,2026-04-24,50.17,No,
919583,224941,2026-04-24,69.94,No,
919584,223230,2026-04-24,71.36,No,
919585,224730,2026-04-24,104.58,Yes,2026-04-26
919586,238301,2026-04-24,90.29,No,
919587,223722,2026-04-24,120.10,No,
919588,240465,2026-04-24,93.03,No,
919589,247900,2026-04-24,115.40,No,
919590,221082,2026-04-24,81.35,No,
919591,223285,2026-04-24,103.86,No,
919592,243433,2026-04-24,127.49,Yes,2026-04-27
919593,227308,2026-04-24,74.30,Yes,2026-04-24
919594,220912,2026-04-24,60.74,No,
919595,237548,2026-04-24,61.66,No,
919596,234295,2026-04-24,108.53,No,
919597,228254,2026-04-24,76.90,No,
919598,202440,2026-04-24,100.19,No,
919599,207795,2026-04-24,98.63,Yes,2026-04-26
919600,243814,2026-04-24,108.80,No,
919601,230368,2026-04-24,54.69,Yes,2026-04-24
919602,235691,2026-04-24,88.28,Yes,2026-04-26
919603,232224,2026-04-24,88.11,No,
919604,247617,2026-04-24,81.70,No,
919605,212172,2026-04-24,100.54,No,
919606,230494,2026-04-24,113.47,No,
919607,228110,2026-04-24,106.27,Yes,2026-04-24
919608,219350,2026-04-24,123.57,No,
919609,248245,2026-04-24,81.79,No,
919610,229852,2026-04-24,50.02,No,
919611,242098,2026-04-24,98.98,No,
919612,225341,2026-04-24,101.96,No,
919613,205338,2026-04-25,73.32,No,
919614,211818,2026-04-25,43.85,No,
919615,226354,2026-04-25,102.36,No,
919616,243826,2026-04-25,59.57,No,
919617,219649,2026-04-25,30.55,No,
919618,214617,2026-04-25,90.35,No,
919619,215483,2026-04-25,93.85,Yes,2026-04-27
919620,208310,2026-04-25,68.30,No,
919621,242392,2026-04-25,79.09,No,
919622,242453,2026-04-25,111.01,No,
919623,242260,2026-04-25,84.86,No,
919624,243476,2026-04-25,67.44,No,
919625,215619,2026-04-25,80.16,No,
919626,229671,2026-04-25,74.31,No,
919627,200870,2026-04-25,89.40,No,
919628,223050,2026-04-25,62.88,No,
919629,216901,2026-04-25,104.31,Yes,2026-04-26
919630,212029,2026-04-25,55.02,No,
919631,228760,2026-04-25,106.10,No,
919632,242391,2026-04-25,82.28,Yes,2026-04-27
919633,205713,2026-04-25,72.56,No,
919634,234066,2026-04-25,86.95,Yes,2026-04-25
919635,215863,2026-04-25,83.04,No,
919636,248242,2026-04-25,67.66,Yes,2026-04-28
919637,233869,2026-04-25,88.17,No,
919638,222104,2026-04-25,119.58,Yes,2026-04-26
919639,208825,2026-04-25,98.61,Yes,2026-04-25
919640,227294,2026-04-25,84.68,No,
919641,201375,2026-04-25,89.58,No,
919642,240578,2026-04-25,67.79,No,
919643,242160,2026-04-25,54.34,No,
919644,222451,2026-04-25,57.90,Yes,2026-04-25
919645,226331,2026-04-25,59.72,No,
919646,211448,2026-04-25,90.69,No,
919647,230239,2026-04-25,74.09,Yes,2026-04-27
919648,216722,2026-04-25,129.22,No,
919649,243443,2026-04-25,20.00,No,
919650,217777,2026-04-25,106.03,No,
919651,237068,2026-04-25,51.48,No,
919652,210469,2026-04-25,86.80,No,
919653,209305,2026-04-25,52.28,Yes,2026-04-25
919654,203038,2026-04-25,50.65,Yes,2026-04-26
919655,213654,2026-04-25,74.30,No,
919656,206559,2026-04-25,110.56,No,
919657,209089,2026-04-25,38.50,No,
919658,208463,2026-04-25,133.08,No,
919659,232922,2026-04-25,65.70,No,
919660,210939,2026-04-25,118.72,No,
919661,241188,2026-04-25,133.09,No,
919662,213777,2026-04-25,119.81,No,
919663,215084,2026-04-25,61.57,No,
919664,210219,2026-04-25,27.44,No,
919665,241507,2026-04-25,35.89,No,
919666,233133,2026-04-25,90.68,Yes,2026-04-27
919667,214513,2026-04-25,66.62,Yes,2026-04-28
919668,225013,2026-04-25,50.07,No,
919669,247184,2026-04-25,47.03,No,
919670,211812,2026-04-25,76.07,No,
919671,201736,2026-04-25,72.86,No,
919672,209801,2026-04-25,88.28,No,
919673,226361,2026-04-25,70.89,No,
919674,225655,2026-04-25,146.33,Yes,2026-04-28
919675,209668,2026-04-25,82.84,No,
919676,201521,2026-04-25,86.53,Yes,2026-04-26
919677,231005,2026-04-25,80.07,No,
919678,216191,2026-04-25,71.72,No,
919679,219935,2026-04-25,85.32,Yes,2026-04-26
919680,216916,2026-04-25,62.53,No,
919681,223333,2026-04-25,50.67,No,
919682,242609,2026-04-25,78.30,No,
919683,211777,2026-04-25,20.00,No,
919684,223823,2026-04-25,91.03,No,
919685,241528,2026-04-25,92.36,No,
919686,215091,2026-04-25,53.67,No,
919687,219546,2026-04-25,49.63,Yes,2026-04-25
919688,216578,2026-04-25,139.23,No,
919689,210659,2026-04-25,134.64,No,
919690,220114,2026-04-25,110.33,No,
919691,211414,2026-04-25,43.61,Yes,2026-04-27
919692,229290,2026-04-25,106.70,No,
919693,227928,2026-04-25,89.95,No,
919694,219939,2026-04-25,76.78,No,
919695,207291,2026-04-25,83.64,No,
919696,202230,2026-04-25,146.58,Yes,2026-04-26
919697,214619,2026-04-25,64.92,No,
919698,217043,2026-04-25,64.64,Yes,2026-04-28
919699,243493,2026-04-25,60.86,No,
919700,203625,2026-04-25,82.15,Yes,2026-04-26
919701,208730,2026-04-25,85.47,Yes,2026-04-28
919702,246951,2026-04-25,76.46,No,
919703,224292,2026-04-25,100.56,No,
919704,225163,2026-04-25,87.28,Yes,2026-04-28
919705,216129,2026-04-25,103.43,No,
919706,212421,2026-04-25,60.51,No,
919707,233466,2026-04-25,44.15,Yes,2026-04-25
919708,219562,2026-04-25,119.65,Yes,2026-04-27
919709,245499,2026-04-25,141.67,No,
919710,200074,2026-04-25,68.06,No,
919711,208110,2026-04-25,100.05,No,
919712,218703,2026-04-25,68.90,No,
919713,243694,2026-04-25,77.06,No,
919714,210214,2026-04-25,88.37,No,
919715,240861,2026-04-25,21.64,No,
919716,201520,2026-04-25,81.91,No,
919717,225396,2026-04-25,136.07,Yes,2026-04-25
919718,244369,2026-04-25,98.76,Yes,2026-04-27
919719,233818,2026-04-25,80.30,No,
919720,244548,2026-04-25,54.41,No,
919721,222927,2026-04-25,68.25,No,
919722,229203,2026-04-25,45.06,Yes,2026-04-27
919723,241911,2026-04-25,92.75,No,
919724,236279,2026-04-25,96.20,No,
919725,237546,2026-04-25,38.34,No,
919726,240536,2026-04-25,63.03,No,
919727,245905,2026-04-25,110.09,Yes,2026-04-27
919728,244421,2026-04-25,87.94,No,
919729,240995,2026-04-25,100.93,No,
919730,204777,2026-04-25,79.39,No,
919731,217953,2026-04-25,106.50,No,
919732,213923,2026-04-25,75.33,No,
919733,223207,2026-04-25,94.96,No,
919734,203873,2026-04-25,107.76,No,
919735,218778,2026-04-25,102.10,No,
919736,248184,2026-04-25,60.84,No,
919737,213525,2026-04-25,90.13,No,
919738,208491,2026-04-25,98.92,No,
919739,225803,2026-04-25,58.77,No,
919740,222116,2026-04-25,75.17,No,
919741,210811,2026-04-25,109.94,No,
919742,223582,2026-04-25,109.47,Yes,2026-04-25
919743,237142,2026-04-25,99.63,No,
919744,207456,2026-04-25,66.91,No,
919745,206462,2026-04-25,110.79,No,
919746,212054,2026-04-25,68.97,No,
919747,237369,2026-04-25,103.19,No,
919748,244954,2026-04-25,85.60,Yes,2026-04-28
919749,205694,2026-04-25,73.35,No,
919750,242604,2026-04-25,50.53,No,
919751,213542,2026-04-25,93.13,No,
919752,243524,2026-04-25,105.80,Yes,2026-04-25
919753,210222,2026-04-25,62.17,No,
919754,222706,2026-04-25,79.47,No,
919755,217573,2026-04-25,67.61,No,
919756,225009,2026-04-25,67.53,No,
919757,247253,2026-04-25,86.93,Yes,2026-04-27
919758,241061,2026-04-25,109.15,No,
919759,202546,2026-04-26,106.94,No,
919760,232799,2026-04-26,92.35,Yes,2026-04-28
919761,214824,2026-04-26,108.82,No,
919762,243938,2026-04-26,106.93,No,
919763,229386,2026-04-26,22.70,No,
919764,240173,2026-04-26,85.62,No,
919765,223098,2026-04-26,74.17,Yes,2026-04-27
919766,247494,2026-04-26,102.26,No,
919767,233331,2026-04-26,93.24,No,
919768,228475,2026-04-26,85.59,No,
919769,241302,2026-04-26,85.97,No,
919770,219079,2026-04-26,40.84,Yes,2026-04-29
919771,247859,2026-04-26,118.39,Yes,2026-04-26
919772,231929,2026-04-26,57.12,No,
919773,204536,2026-04-26,67.44,Yes,2026-04-26
919774,223003,2026-04-26,82.33,No,
919775,208091,2026-04-26,114.20,No,
919776,211458,2026-04-26,89.06,No,
919777,242113,2026-04-26,63.50,No,
919778,214041,2026-04-26,79.05,No,
919779,222221,2026-04-26,74.91,Yes,2026-04-28
919780,226059,2026-04-26,70.76,No,
919781,224798,2026-04-26,77.19,Yes,2026-04-27
919782,244804,2026-04-26,92.54,No,
919783,213563,2026-04-26,82.00,No,
919784,206943,2026-04-26,60.87,Yes,2026-04-29
919785,221279,2026-04-26,55.65,No,
919786,234850,2026-04-26,72.37,No,
919787,222563,2026-04-26,126.16,No,
919788,203376,2026-04-26,59.25,Yes,2026-04-26
919789,231667,2026-04-26,123.45,No,
919790,214820,2026-04-26,59.07,No,
919791,200659,2026-04-26,69.85,No,
919792,206126,2026-04-26,102.29,No,
919793,237513,2026-04-26,42.04,Yes,2026-04-26
919794,210321,2026-04-26,45.71,No,
919795,200180,2026-04-26,111.86,No,
919796,226007,2026-04-26,36.26,No,
919797,214045,2026-04-26,131.38,Yes,2026-04-29
919798,203722,2026-04-26,90.62,Yes,2026-04-26
919799,244295,2026-04-26,58.43,No,
919800,202272,2026-04-26,33.02,No,
919801,236916,2026-04-26,63.91,No,
919802,240612,2026-04-26,75.93,No,
919803,240839,2026-04-26,102.46,No,
919804,204144,2026-04-26,123.99,Yes,2026-04-29
919805,201458,2026-04-26,69.86,No,
919806,248108,2026-04-26,112.77,No,
919807,215352,2026-04-26,92.58,Yes,2026-04-28
919808,226702,2026-04-26,82.23,No,
919809,206493,2026-04-26,37.04,Yes,2026-04-27
919810,210749,2026-04-26,81.10,No,
919811,243538,2026-04-26,87.52,No,
919812,202053,2026-04-26,76.68,No,
919813,201859,2026-04-26,60.50,No,
919814,212386,2026-04-26,63.94,No,
919815,204865,2026-04-26,96.46,No,
919816,223466,2026-04-26,105.74,No,
919817,212322,2026-04-26,89.55,No,
919818,228494,2026-04-26,128.17,No,
919819,217638,2026-04-26,108.70,No,
919820,245963,2026-04-26,111.94,No,
919821,232608,2026-04-26,41.80,No,
919822,234281,2026-04-26,90.07,No,
919823,233624,2026-04-26,79.60,No,
919824,215050,2026-04-26,99.75,Yes,2026-04-29
919825,236773,2026-04-26,107.84,No,
919826,236707,2026-04-26,93.86,No,
919827,228613,2026-04-26,70.64,No,
919828,243165,2026-04-26,82.91,Yes,2026-04-29
919829,200243,2026-04-26,102.51,No,
919830,225568,2026-04-26,48.80,No,
919831,214384,2026-04-26,83.42,No,
919832,224048,2026-04-26,75.06,No,
919833,212096,2026-04-26,65.00,No,
919834,224904,2026-04-26,97.73,No,
919835,212284,2026-04-26,83.91,No,
919836,222496,2026-04-26,62.36,No,
919837,231261,2026-04-26,69.09,No,
919838,238002,2026-04-26,77.38,No,
919839,213024,2026-04-26,92.13,No,
919840,227797,2026-04-26,94.56,No,
919841,203014,2026-04-26,76.03,Yes,2026-04-28
919842,248102,2026-04-26,73.53,No,
919843,243538,2026-04-26,107.27,No,
919844,242639,2026-04-26,82.27,No,
919845,229334,2026-04-26,96.51,No,
919846,237808,2026-04-26,118.02,No,
919847,237652,2026-04-26,96.46,No,
919848,211389,2026-04-26,125.56,Yes,2026-04-28
919849,223760,2026-04-26,67.81,No,
919850,239167,2026-04-26,108.50,No,
919851,242741,2026-04-26,58.01,No,
919852,247993,2026-04-26,80.55,No,
919853,228226,2026-04-26,130.19,No,
919854,201107,2026-04-26,85.41,No,
919855,209000,2026-04-26,116.17,Yes,2026-04-28
919856,232006,2026-04-26,88.52,Yes,2026-04-29
919857,239154,2026-04-26,31.94,No,
919858,202821,2026-04-26,83.76,No,
919859,220103,2026-04-26,96.43,Yes,2026-04-28
919860,247007,2026-04-26,84.66,No,
919861,228258,2026-04-26,161.10,No,
919862,204690,2026-04-26,107.22,No,
919863,204573,2026-04-26,111.47,No,
919864,235117,2026-04-26,60.97,No,
919865,244367,2026-04-26,85.07,No,
919866,234002,2026-04-26,99.55,Yes,2026-04-29
919867,243206,2026-04-26,90.58,No,
919868,244321,2026-04-26,85.66,No,
919869,220393,2026-04-26,77.39,Yes,2026-04-28
919870,209375,2026-04-26,86.94,No,
919871,243174,2026-04-26,112.39,No,
919872,230649,2026-04-26,135.90,No,
919873,243785,2026-04-26,65.06,No,
919874,235771,2026-04-26,99.01,No,
919875,209689,2026-04-26,90.86,No,
919876,222231,2026-04-26,65.47,No,
919877,216171,2026-04-26,91.16,No,
919878,213458,2026-04-26,89.56,No,
919879,200877,2026-04-26,71.09,Yes,2026-04-27
919880,211692,2026-04-26,98.15,Yes,2026-04-29
919881,246163,2026-04-26,56.66,No,
919882,222313,2026-04-26,51.42,No,
919883,245138,2026-04-26,110.67,No,
919884,228707,2026-04-26,97.00,No,
919885,214148,2026-04-26,84.70,No,
919886,211359,2026-04-26,62.24,No,
919887,226808,2026-04-26,100.81,Yes,2026-04-27
919888,220593,2026-04-26,101.05,No,
919889,219457,2026-04-26,115.08,Yes,2026-04-26
919890,211959,2026-04-26,110.95,Yes,2026-04-29
919891,223947,2026-04-26,65.70,Yes,2026-04-29
919892,223832,2026-04-26,114.76,No,
919893,242605,2026-04-26,59.45,No,
919894,218240,2026-04-26,123.63,No,
919895,222994,2026-04-26,100.62,Yes,2026-04-26
919896,204763,2026-04-26,53.67,No,
919897,225192,2026-04-26,41.62,No,
919898,205721,2026-04-26,57.47,No,
919899,217370,2026-04-26,86.84,No,
919900,207575,2026-04-26,71.27,No,
919901,218870,2026-04-26,68.00,No,
919902,226853,2026-04-26,98.38,No,
919903,226685,2026-04-26,128.09,No,
919904,215880,2026-04-26,76.70,No,
919905,230647,2026-04-26,123.20,Yes,2026-04-27
919906,208151,2026-04-26,97.83,Yes,2026-04-26
919907,243463,2026-04-26,97.35,No,
919908,211739,2026-04-26,72.20,No,
919909,231968,2026-04-26,69.49,No,
919910,234489,2026-04-26,70.49,No,
919911,202874,2026-04-26,87.73,No,
919912,220301,2026-04-26,97.87,No,
919913,222247,2026-04-26,85.33,No,
919914,221599,2026-04-26,64.15,No,
919915,210061,2026-04-26,65.01,No,
919916,223120,2026-04-27,101.36,No,
919917,240094,2026-04-27,39.89,No,
919918,217312,2026-04-27,36.81,No,
919919,200148,2026-04-27,51.97,No,
919920,241385,2026-04-27,102.61,No,
919921,217843,2026-04-27,97.54,No,
919922,218158,2026-04-27,102.71,Yes,2026-04-30
919923,200958,2026-04-27,138.45,No,
919924,241267,2026-04-27,98.44,No,
919925,235198,2026-04-27,81.32,Yes,2026-04-27
919926,247257,2026-04-27,100.46,No,
919927,228275,2026-04-27,81.72,No,
919928,242259,2026-04-27,89.57,No,
919929,215667,2026-04-27,131.70,No,
919930,201134,2026-04-27,35.29,Yes,2026-04-27
919931,233780,2026-04-27,56.34,No,
919932,223559,2026-04-27,53.90,No,
919933,236464,2026-04-27,86.90,No,
919934,235152,2026-04-27,75.26,No,
919935,232781,2026-04-27,96.14,No,
919936,238460,2026-04-27,61.62,Yes,2026-04-30
919937,228299,2026-04-27,78.09,No,
919938,224584,2026-04-27,72.98,No,
919939,208206,2026-04-27,119.59,No,
919940,236809,2026-04-27,96.02,No,
919941,219268,2026-04-27,44.21,No,
919942,234346,2026-04-27,96.54,No,
919943,245806,2026-04-27,76.29,No,
919944,232323,2026-04-27,89.13,Yes,2026-04-30
919945,207687,2026-04-27,86.48,No,
919946,225688,2026-04-27,80.22,No,
919947,201533,2026-04-27,31.82,Yes,2026-04-29
919948,235701,2026-04-27,92.64,No,
919949,229622,2026-04-27,108.80,Yes,2026-04-29
919950,220012,2026-04-27,67.35,Yes,2026-04-29
919951,204921,2026-04-27,114.70,No,
919952,205312,2026-04-27,93.21,No,
919953,234289,2026-04-27,118.92,No,
919954,211644,2026-04-27,94.18,No,
919955,228983,2026-04-27,122.51,No,
919956,227401,2026-04-27,93.44,No,
919957,201652,2026-04-27,96.09,No,
919958,215261,2026-04-27,123.43,Yes,2026-04-30
919959,227526,2026-04-27,68.71,Yes,2026-04-30
919960,219870,2026-04-27,134.94,No,
919961,232883,2026-04-27,28.91,No,
919962,217048,2026-04-27,47.19,Yes,2026-04-28
919963,231556,2026-04-27,62.66,No,
919964,226698,2026-04-27,61.96,Yes,2026-04-28
919965,235259,2026-04-27,102.47,No,
919966,200346,2026-04-27,114.70,Yes,2026-04-30
919967,222921,2026-04-27,69.12,Yes,2026-04-29
919968,233559,2026-04-27,95.51,No,
919969,230724,2026-04-27,93.75,No,
919970,245046,2026-04-27,164.74,No,
919971,240306,2026-04-27,95.41,Yes,2026-04-30
919972,239750,2026-04-27,83.35,No,
919973,227349,2026-04-27,118.74,No,
919974,210721,2026-04-27,116.73,No,
919975,235634,2026-04-27,73.13,No,
919976,209538,2026-04-27,77.51,Yes,2026-04-30
919977,203451,2026-04-27,66.56,No,
919978,239868,2026-04-27,57.73,No,
919979,240398,2026-04-27,54.90,No,
919980,236534,2026-04-27,71.59,No,
919981,212854,2026-04-27,56.14,No,
919982,232401,2026-04-27,83.51,Yes,2026-04-30
919983,230126,2026-04-27,77.37,No,
919984,210812,2026-04-27,37.44,No,
919985,237355,2026-04-27,119.55,No,
919986,242891,2026-04-27,102.11,No,
919987,215017,2026-04-27,141.49,Yes,2026-04-29
919988,214297,2026-04-27,103.65,No,
919989,220579,2026-04-27,83.68,No,
919990,229351,2026-04-27,87.15,Yes,2026-04-30
919991,228577,2026-04-27,55.21,No,
919992,207692,2026-04-27,57.21,No,
919993,228755,2026-04-27,80.43,Yes,2026-04-29
919994,218172,2026-04-27,122.94,No,
919995,233296,2026-04-27,108.69,Yes,2026-04-29
919996,214338,2026-04-27,92.53,Yes,2026-04-30
919997,248444,2026-04-27,100.15,No,
919998,231955,2026-04-27,60.41,No,
919999,229335,2026-04-27,114.23,No,
920000,245705,2026-04-27,100.16,No,
920001,224649,2026-04-27,87.09,No,
920002,204383,2026-04-27,72.92,No,
920003,236978,2026-04-27,46.88,No,
920004,215901,2026-04-27,39.30,No,
920005,219442,2026-04-27,50.91,Yes,2026-04-30
920006,209570,2026-04-27,120.87,No,
920007,212515,2026-04-27,50.38,No,
920008,243419,2026-04-27,98.99,No,
920009,247584,2026-04-27,109.77,No,
920010,200225,2026-04-27,91.54,Yes,2026-04-29
920011,226253,2026-04-27,81.76,Yes,2026-04-29
920012,201024,2026-04-27,61.62,No,
920013,214545,2026-04-27,63.06,No,
920014,235665,2026-04-27,94.65,Yes,2026-04-29
920015,246088,2026-04-27,71.37,No,
920016,205372,2026-04-27,102.37,No,
920017,240425,2026-04-27,99.99,No,
920018,202827,2026-04-27,123.04,No,
920019,230078,2026-04-27,58.98,No,
920020,208323,2026-04-27,98.95,No,
920021,244807,2026-04-27,91.29,Yes,2026-04-27
920022,201524,2026-04-27,123.22,No,
920023,222148,2026-04-27,69.30,No,
920024,230906,2026-04-27,72.93,No,
920025,227757,2026-04-27,119.99,No,
920026,216976,2026-04-27,69.92,No,
920027,242733,2026-04-27,66.20,No,
920028,219242,2026-04-27,130.15,No,
920029,242685,2026-04-27,90.50,No,
920030,216225,2026-04-27,145.03,No,
920031,223901,2026-04-27,102.25,No,
920032,218830,2026-04-27,54.78,Yes,2026-04-27
920033,208475,2026-04-27,89.15,No,
920034,239561,2026-04-27,82.12,Yes,2026-04-27
920035,242864,2026-04-27,83.82,No,
920036,231506,2026-04-27,91.79,No,
920037,224011,2026-04-27,95.18,No,
920038,220142,2026-04-27,79.67,No,
920039,233340,2026-04-27,98.51,No,
920040,213251,2026-04-27,71.76,No,
920041,219504,2026-04-27,118.23,No,
920042,210063,2026-04-27,122.15,No,
920043,202974,2026-04-27,99.26,No,
920044,243199,2026-04-27,111.75,Yes,2026-04-27
920045,227704,2026-04-27,108.86,No,
920046,248393,2026-04-27,59.36,No,
920047,217232,2026-04-27,49.12,No,
920048,223307,2026-04-27,116.67,No,
920049,212506,2026-04-28,95.71,No,
920050,226602,2026-04-28,92.71,No,
920051,229047,2026-04-28,59.08,No,
920052,224632,2026-04-28,57.12,No,
920053,225451,2026-04-28,73.50,No,
920054,237774,2026-04-28,115.86,No,
920055,203938,2026-04-28,143.22,No,
920056,211676,2026-04-28,40.71,No,
920057,241792,2026-04-28,83.88,No,
920058,238217,2026-04-28,101.13,No,
920059,223803,2026-04-28,60.01,Yes,2026-04-30
920060,203029,2026-04-28,73.14,No,
920061,211731,2026-04-28,20.04,Yes,2026-04-30
920062,236981,2026-04-28,70.72,No,
920063,227705,2026-04-28,60.55,No,
920064,225208,2026-04-28,106.48,No,
920065,244740,2026-04-28,88.72,No,
920066,226863,2026-04-28,60.70,No,
920067,237253,2026-04-28,58.97,Yes,2026-04-28
920068,242194,2026-04-28,91.06,Yes,2026-04-30
920069,229858,2026-04-28,57.77,No,
920070,235896,2026-04-28,105.47,No,
920071,214789,2026-04-28,92.64,Yes,2026-05-01
920072,207998,2026-04-28,99.54,No,
920073,238356,2026-04-28,71.20,No,
920074,240525,2026-04-28,107.69,No,
920075,218795,2026-04-28,74.56,No,
920076,247946,2026-04-28,107.92,No,
920077,201183,2026-04-28,89.68,Yes,2026-04-30
920078,209333,2026-04-28,80.23,No,
920079,245675,2026-04-28,121.00,No,
920080,239517,2026-04-28,101.74,No,
920081,221773,2026-04-28,53.29,No,
920082,214518,2026-04-28,90.01,No,
920083,226260,2026-04-28,97.03,No,
920084,218387,2026-04-28,55.73,Yes,2026-04-29
920085,210199,2026-04-28,101.77,No,
920086,208041,2026-04-28,56.81,Yes,2026-04-28
920087,206232,2026-04-28,78.61,No,
920088,215958,2026-04-28,43.63,No,
920089,237245,2026-04-28,97.28,No,
920090,212838,2026-04-28,98.89,No,
920091,203440,2026-04-28,63.71,No,
920092,226943,2026-04-28,113.31,No,
920093,242342,2026-04-28,40.84,No,
920094,240263,2026-04-28,90.44,No,
920095,228628,2026-04-28,87.53,No,
920096,229216,2026-04-28,84.03,No,
920097,216584,2026-04-28,42.64,Yes,2026-04-28
920098,224437,2026-04-28,54.84,No,
920099,210759,2026-04-28,81.23,No,
920100,226798,2026-04-28,67.23,No,
920101,220476,2026-04-28,72.30,Yes,2026-04-28
920102,206926,2026-04-28,56.87,No,
920103,234272,2026-04-28,119.05,No,
920104,219674,2026-04-28,29.41,No,
920105,208231,2026-04-28,62.45,Yes,2026-05-01
920106,246375,2026-04-28,57.42,Yes,2026-05-01
920107,229992,2026-04-28,54.33,No,
920108,212016,2026-04-28,44.96,Yes,2026-05-01
920109,213547,2026-04-28,70.24,No,
920110,214284,2026-04-28,97.33,No,
920111,227769,2026-04-28,95.47,No,
920112,221422,2026-04-28,79.24,Yes,2026-04-28
920113,215991,2026-04-28,95.53,No,
920114,200195,2026-04-28,86.61,No,
920115,209350,2026-04-28,81.26,No,
920116,246267,2026-04-28,71.70,No,
920117,225693,2026-04-28,98.41,No,
920118,204201,2026-04-28,55.67,No,
920119,210935,2026-04-28,86.25,No,
920120,247237,2026-04-28,25.80,No,
920121,209881,2026-04-28,51.62,No,
920122,220866,2026-04-28,110.08,No,
920123,235305,2026-04-28,60.73,No,
920124,240839,2026-04-28,126.88,No,
920125,200497,2026-04-28,90.06,No,
920126,225170,2026-04-28,84.71,No,
920127,229080,2026-04-28,77.60,No,
920128,202183,2026-04-28,76.82,No,
920129,209469,2026-04-28,79.97,No,
920130,221279,2026-04-28,56.95,Yes,2026-04-29
920131,245111,2026-04-28,83.46,No,
920132,214288,2026-04-28,90.28,No,
920133,221094,2026-04-28,117.76,No,
920134,236473,2026-04-28,82.47,No,
920135,245008,2026-04-28,72.57,Yes,2026-04-29
920136,232187,2026-04-28,71.56,No,
920137,234409,2026-04-28,130.68,Yes,2026-04-29
920138,237509,2026-04-28,113.58,No,
920139,237181,2026-04-28,42.09,Yes,2026-04-28
920140,243503,2026-04-28,76.63,No,
920141,232671,2026-04-28,82.03,No,
920142,208559,2026-04-28,64.99,No,
920143,217553,2026-04-28,60.29,No,
920144,228865,2026-04-28,83.67,Yes,2026-04-29
920145,240790,2026-04-28,80.80,No,
920146,230858,2026-04-28,48.15,No,
920147,226031,2026-04-28,44.21,No,
920148,231519,2026-04-28,89.23,No,
920149,245627,2026-04-28,66.52,No,
920150,239158,2026-04-28,63.66,Yes,2026-04-28
920151,211153,2026-04-28,59.01,Yes,2026-04-30
920152,241390,2026-04-28,94.04,No,
920153,227643,2026-04-28,80.37,Yes,2026-04-29
920154,229493,2026-04-28,83.62,No,
920155,208835,2026-04-28,111.46,No,
920156,234648,2026-04-28,58.45,No,
920157,244520,2026-04-28,49.31,No,
920158,208481,2026-04-28,49.44,No,
920159,221031,2026-04-28,52.58,No,
920160,204587,2026-04-28,82.75,No,
920161,224390,2026-04-28,114.57,No,
920162,201479,2026-04-28,69.97,Yes,2026-04-30
920163,222737,2026-04-28,92.63,No,
920164,222340,2026-04-28,57.21,Yes,2026-04-28
920165,228320,2026-04-28,26.58,No,
920166,238597,2026-04-28,107.36,No,
920167,215121,2026-04-28,69.63,Yes,2026-04-29
920168,247695,2026-04-28,110.28,Yes,2026-04-28
920169,212667,2026-04-28,145.72,Yes,2026-05-01
920170,224079,2026-04-28,72.17,No,
920171,235283,2026-04-28,41.28,No,
920172,234555,2026-04-28,73.89,Yes,2026-04-28
920173,224727,2026-04-28,71.15,Yes,2026-04-30
920174,204061,2026-04-28,68.74,No,
920175,226573,2026-04-28,101.41,No,
920176,224294,2026-04-28,106.64,Yes,2026-05-01
920177,245219,2026-04-28,59.85,No,
920178,224100,2026-04-28,114.18,No,
920179,225688,2026-04-28,70.95,No,
920180,216715,2026-04-28,62.41,No,
920181,203354,2026-04-28,48.27,No,
920182,231372,2026-04-28,42.37,No,
920183,244501,2026-04-28,109.11,No,
920184,229670,2026-04-28,75.23,No,
920185,229442,2026-04-28,91.09,No,
920186,209322,2026-04-28,95.11,No,
920187,241327,2026-04-28,115.74,No,
920188,246497,2026-04-28,157.23,Yes,2026-04-28
920189,207312,2026-04-28,86.64,No,
920190,209991,2026-04-28,23.14,Yes,2026-05-01
920191,218746,2026-04-28,25.56,No,
920192,242728,2026-04-28,83.84,No,
920193,213762,2026-04-28,66.36,No,
920194,243850,2026-04-28,117.00,No,
920195,227253,2026-04-28,53.14,Yes,2026-04-28
920196,222257,2026-04-28,114.47,No,
920197,215547,2026-04-29,87.07,No,
920198,210782,2026-04-29,117.14,No,
920199,236873,2026-04-29,97.87,No,
920200,217264,2026-04-29,67.69,No,
920201,248239,2026-04-29,40.59,No,
920202,244346,2026-04-29,69.42,No,
920203,219796,2026-04-29,78.53,No,
920204,230852,2026-04-29,91.27,No,
920205,223050,2026-04-29,100.82,No,
920206,204441,2026-04-29,67.44,No,
920207,244915,2026-04-29,115.92,No,
920208,218060,2026-04-29,99.44,No,
920209,211986,2026-04-29,59.59,Yes,2026-05-02
920210,226917,2026-04-29,80.54,Yes,2026-05-02
920211,214546,2026-04-29,72.63,No,
920212,227879,2026-04-29,101.22,No,
920213,246586,2026-04-29,78.07,No,
920214,209134,2026-04-29,116.90,No,
920215,219434,2026-04-29,142.51,Yes,2026-05-01
920216,207984,2026-04-29,38.10,Yes,2026-05-01
920217,201855,2026-04-29,29.45,No,
920218,216543,2026-04-29,87.14,No,
920219,246628,2026-04-29,63.37,Yes,2026-04-30
920220,245795,2026-04-29,80.42,No,
920221,239332,2026-04-29,70.32,Yes,2026-05-01
920222,244266,2026-04-29,80.04,No,
920223,217860,2026-04-29,66.31,No,
920224,230194,2026-04-29,118.84,Yes,2026-04-29
920225,215946,2026-04-29,101.66,No,
920226,233193,2026-04-29,135.24,No,
920227,209091,2026-04-29,70.97,Yes,2026-04-29
920228,242217,2026-04-29,80.69,Yes,2026-04-30
920229,245305,2026-04-29,88.18,No,
920230,204227,2026-04-29,88.51,No,
920231,242360,2026-04-29,102.74,No,
920232,219495,2026-04-29,66.88,No,
920233,230895,2026-04-29,97.03,No,
920234,229422,2026-04-29,80.83,No,
920235,243326,2026-04-29,116.54,Yes,2026-05-01
920236,222870,2026-04-29,68.94,No,
920237,222198,2026-04-29,41.75,No,
920238,241032,2026-04-29,83.81,Yes,2026-05-01
920239,203677,2026-04-29,39.53,Yes,2026-04-30
920240,240393,2026-04-29,75.28,No,
920241,241431,2026-04-29,98.82,No,
920242,226628,2026-04-29,109.47,No,
920243,233809,2026-04-29,100.85,Yes,2026-05-01
920244,210858,2026-04-29,98.31,Yes,2026-04-29
920245,215937,2026-04-29,46.02,No,
920246,217169,2026-04-29,77.62,No,
920247,211474,2026-04-29,66.28,No,
920248,228543,2026-04-29,109.43,No,
920249,221459,2026-04-29,101.64,No,
920250,238338,2026-04-29,123.62,No,
920251,200768,2026-04-29,73.68,No,
920252,244473,2026-04-29,102.49,No,
920253,231456,2026-04-29,78.27,Yes,2026-05-02
920254,212358,2026-04-29,63.39,No,
920255,216898,2026-04-29,78.85,Yes,2026-05-01
920256,241211,2026-04-29,40.89,No,
920257,210172,2026-04-29,47.00,Yes,2026-05-01
920258,230222,2026-04-29,69.01,Yes,2026-05-02
920259,201009,2026-04-29,93.64,No,
920260,216478,2026-04-29,120.69,No,
920261,242325,2026-04-29,99.81,No,
920262,202846,2026-04-29,45.54,Yes,2026-05-01
920263,213944,2026-04-29,69.85,No,
920264,242934,2026-04-29,96.28,No,
920265,219595,2026-04-29,64.01,No,
920266,227149,2026-04-29,74.55,No,
920267,234343,2026-04-29,87.00,No,
920268,244856,2026-04-29,99.33,No,
920269,211246,2026-04-29,70.18,No,
920270,224406,2026-04-29,70.37,No,
920271,222621,2026-04-29,47.22,No,
920272,216070,2026-04-29,97.92,No,
920273,232666,2026-04-29,96.58,No,
920274,241072,2026-04-29,53.93,No,
920275,236995,2026-04-29,106.76,Yes,2026-04-29
920276,204406,2026-04-29,67.39,No,
920277,238815,2026-04-29,64.96,No,
920278,244215,2026-04-29,97.55,No,
920279,201830,2026-04-29,101.84,No,
920280,223414,2026-04-29,103.47,No,
920281,217749,2026-04-29,64.48,No,
920282,214445,2026-04-29,76.66,No,
920283,212878,2026-04-29,57.72,Yes,2026-04-30
920284,218085,2026-04-29,139.33,No,
920285,221716,2026-04-29,82.66,No,
920286,212604,2026-04-29,69.78,No,
920287,219589,2026-04-29,77.04,No,
920288,245675,2026-04-29,69.02,No,
920289,228303,2026-04-29,86.76,No,
920290,230914,2026-04-29,71.21,No,
920291,208584,2026-04-29,69.54,Yes,2026-04-30
920292,201098,2026-04-29,91.05,No,
920293,212196,2026-04-29,79.19,No,
920294,229594,2026-04-29,104.60,No,
920295,206286,2026-04-29,52.75,No,
920296,237011,2026-04-29,29.45,Yes,2026-05-02
920297,237893,2026-04-29,79.12,No,
920298,219455,2026-04-29,108.12,No,
920299,205788,2026-04-29,76.09,Yes,2026-04-30
920300,238381,2026-04-29,62.76,No,
920301,210585,2026-04-29,90.42,No,
920302,209692,2026-04-29,39.79,No,
920303,220192,2026-04-29,84.20,No,
920304,246835,2026-04-29,82.13,No,
920305,235065,2026-04-29,140.48,No,
920306,225874,2026-04-29,62.07,Yes,2026-04-29
920307,214150,2026-04-29,47.35,Yes,2026-04-29
920308,243132,2026-04-29,64.24,No,
920309,215837,2026-04-29,68.10,No,
920310,226154,2026-04-29,103.69,Yes,2026-05-02
920311,227383,2026-04-29,79.31,No,
920312,247338,2026-04-29,87.69,No,
920313,247230,2026-04-29,55.88,Yes,2026-05-01
920314,245804,2026-04-29,81.54,Yes,2026-05-01
920315,230356,2026-04-29,73.63,No,
920316,221186,2026-04-29,73.08,No,
920317,240404,2026-04-29,77.97,No,
920318,200829,2026-04-29,85.34,No,
920319,202393,2026-04-29,108.85,No,
920320,203269,2026-04-29,31.34,No,
920321,242981,2026-04-29,124.92,No,
920322,227015,2026-04-29,20.00,No,
920323,236004,2026-04-29,77.33,No,
920324,205466,2026-04-29,71.11,Yes,2026-04-30
920325,226308,2026-04-29,63.02,No,
920326,217931,2026-04-29,54.35,No,
920327,236632,2026-04-29,63.26,No,
920328,231347,2026-04-29,77.48,Yes,2026-04-29
920329,206641,2026-04-29,124.39,Yes,2026-04-30
920330,216237,2026-04-29,86.64,No,
920331,221376,2026-04-29,82.84,No,
920332,241287,2026-04-29,49.04,No,
920333,213125,2026-04-29,63.00,No,
920334,240719,2026-04-29,68.20,Yes,2026-04-29
920335,215508,2026-04-29,50.08,No,
920336,229526,2026-04-29,86.78,No,
920337,216854,2026-04-29,85.89,No,
920338,236656,2026-04-29,80.77,No,
920339,210617,2026-04-29,71.87,No,
920340,211420,2026-04-29,84.97,No,
920341,218039,2026-04-29,129.17,No,
920342,234309,2026-04-29,83.88,Yes,2026-05-01
920343,211609,2026-04-29,120.95,No,
920344,204724,2026-04-30,91.93,No,
920345,202185,2026-04-30,120.69,Yes,2026-05-02
920346,212938,2026-04-30,109.76,No,
920347,248330,2026-04-30,81.29,No,
920348,211174,2026-04-30,75.37,No,
920349,233931,2026-04-30,74.17,No,
920350,201999,2026-04-30,75.12,Yes,2026-05-03
920351,247501,2026-04-30,78.68,No,
920352,203867,2026-04-30,79.74,No,
920353,226267,2026-04-30,142.23,No,
920354,204227,2026-04-30,112.35,No,
920355,239712,2026-04-30,56.16,No,
920356,232146,2026-04-30,80.89,No,
920357,240364,2026-04-30,87.41,No,
920358,217239,2026-04-30,29.47,No,
920359,221187,2026-04-30,73.28,No,
920360,218898,2026-04-30,66.74,No,
920361,240791,2026-04-30,124.05,No,
920362,231870,2026-04-30,75.23,No,
920363,213558,2026-04-30,63.93,No,
920364,206978,2026-04-30,100.26,Yes,2026-04-30
920365,206806,2026-04-30,93.73,No,
920366,205863,2026-04-30,61.75,No,
920367,234365,2026-04-30,73.46,Yes,2026-04-30
920368,207172,2026-04-30,115.42,No,
920369,201847,2026-04-30,105.09,Yes,2026-04-30
920370,201731,2026-04-30,30.31,No,
920371,205333,2026-04-30,124.64,No,
920372,244667,2026-04-30,53.01,Yes,2026-05-01
920373,211196,2026-04-30,61.16,No,
920374,211985,2026-04-30,108.24,No,
920375,203980,2026-04-30,88.08,Yes,2026-04-30
920376,243166,2026-04-30,104.30,No,
920377,228565,2026-04-30,44.04,Yes,2026-05-02
920378,240181,2026-04-30,62.94,No,
920379,223215,2026-04-30,120.74,No,
920380,215357,2026-04-30,143.14,No,
920381,216990,2026-04-30,104.05,No,
920382,242391,2026-04-30,73.84,No,
920383,203197,2026-04-30,96.90,No,
920384,232567,2026-04-30,105.35,No,
920385,212927,2026-04-30,67.52,No,
920386,216304,2026-04-30,82.12,No,
920387,222990,2026-04-30,76.95,Yes,2026-05-02
920388,220657,2026-04-30,143.05,No,
920389,204563,2026-04-30,81.87,No,
920390,215050,2026-04-30,64.80,No,
920391,234698,2026-04-30,73.17,Yes,2026-05-03
920392,233253,2026-04-30,111.14,No,
920393,224128,2026-04-30,91.01,No,
920394,213757,2026-04-30,76.38,No,
920395,204295,2026-04-30,92.27,Yes,2026-05-01
920396,233068,2026-04-30,83.71,No,
920397,246610,2026-04-30,46.80,Yes,2026-05-02
920398,246550,2026-04-30,114.37,Yes,2026-05-01
920399,239249,2026-04-30,135.67,No,
920400,244022,2026-04-30,104.79,No,
920401,200623,2026-04-30,206.65,No,
920402,221756,2026-04-30,73.46,No,
920403,210221,2026-04-30,113.08,No,
920404,237131,2026-04-30,82.37,No,
920405,203387,2026-04-30,127.69,No,
920406,212352,2026-04-30,75.36,No,
920407,237627,2026-04-30,108.52,No,
920408,225524,2026-04-30,93.76,No,
920409,203264,2026-04-30,84.79,Yes,2026-05-03
920410,216559,2026-04-30,97.92,Yes,2026-04-30
920411,224851,2026-04-30,85.31,No,
920412,202832,2026-04-30,97.54,No,
920413,213804,2026-04-30,74.69,No,
920414,206573,2026-04-30,67.09,No,
920415,236014,2026-04-30,89.01,No,
920416,220503,2026-04-30,96.43,No,
920417,213838,2026-04-30,102.09,No,
920418,230714,2026-04-30,107.25,No,
920419,213016,2026-04-30,64.59,No,
920420,202400,2026-04-30,101.08,No,
920421,230503,2026-04-30,31.60,No,
920422,248309,2026-04-30,99.19,No,
920423,216114,2026-04-30,67.07,No,
920424,220587,2026-04-30,91.27,No,
920425,205774,2026-04-30,101.38,Yes,2026-05-02
920426,222712,2026-04-30,80.37,No,
920427,243272,2026-04-30,49.50,Yes,2026-04-30
920428,247727,2026-04-30,137.79,No,
920429,228928,2026-04-30,115.15,No,
920430,224423,2026-04-30,84.56,Yes,2026-04-30
920431,211618,2026-04-30,57.93,No,
920432,246406,2026-04-30,64.13,No,
920433,223360,2026-04-30,78.36,No,
920434,207483,2026-04-30,88.50,No,
920435,228669,2026-04-30,96.98,Yes,2026-05-01
920436,222236,2026-04-30,88.73,No,
920437,207942,2026-04-30,76.50,No,
920438,224134,2026-04-30,105.62,Yes,2026-04-30
920439,239377,2026-04-30,105.06,No,
920440,247252,2026-04-30,122.92,No,
920441,242327,2026-04-30,86.28,No,
920442,211645,2026-04-30,21.68,Yes,2026-05-02
920443,226512,2026-04-30,127.66,Yes,2026-04-30
920444,221657,2026-04-30,85.22,No,
920445,234200,2026-04-30,67.99,No,
920446,225580,2026-04-30,92.03,No,
920447,204003,2026-04-30,56.54,Yes,2026-05-03
920448,236432,2026-04-30,91.33,No,
920449,227849,2026-04-30,61.99,No,
920450,241551,2026-04-30,121.84,No,
920451,235477,2026-04-30,43.68,No,
920452,212715,2026-04-30,112.50,No,
920453,207858,2026-04-30,102.03,No,
920454,238970,2026-04-30,94.87,No,
920455,225703,2026-04-30,62.20,Yes,2026-05-02
920456,210261,2026-04-30,100.33,No,
920457,213602,2026-04-30,84.83,Yes,2026-05-02
920458,244323,2026-04-30,73.61,Yes,2026-05-02
920459,234177,2026-04-30,117.41,Yes,2026-04-30
920460,214666,2026-04-30,84.61,No,
920461,212055,2026-04-30,108.66,No,
920462,216920,2026-04-30,80.74,No,
920463,228371,2026-04-30,54.08,Yes,2026-05-02
920464,201654,2026-04-30,101.17,No,
920465,241970,2026-04-30,56.04,No,
920466,218233,2026-04-30,117.42,No,
920467,247562,2026-04-30,98.40,No,
920468,213206,2026-04-30,87.34,Yes,2026-05-03
920469,235018,2026-04-30,107.07,No,
920470,200941,2026-04-30,66.88,No,
920471,241099,2026-04-30,71.56,No,
920472,202090,2026-04-30,103.95,No,
920473,229513,2026-04-30,72.37,No,
920474,204694,2026-04-30,124.57,Yes,2026-05-03
920475,242292,2026-04-30,101.18,Yes,2026-04-30
920476,237800,2026-04-30,42.86,Yes,2026-05-03
920477,236909,2026-04-30,48.03,Yes,2026-05-02
920478,218324,2026-04-30,106.13,No,
920479,225533,2026-04-30,63.02,No,
920480,228536,2026-04-30,79.15,No,
920481,212579,2026-04-30,73.25,Yes,2026-05-01
920482,209188,2026-04-30,64.81,Yes,2026-05-01
920483,243734,2026-04-30,109.77,Yes,2026-05-03
920484,201273,2026-04-30,98.87,No,
920485,229443,2026-04-30,52.05,No,
920486,234033,2026-04-30,94.04,No,
920487,244144,2026-04-30,99.65,No,
920488,216187,2026-04-30,75.43,No,
920489,210124,2026-04-30,95.25,Yes,2026-04-30
920490,201846,2026-04-30,98.51,No,
920491,247564,2026-04-30,110.73,No,
920492,232665,2026-04-30,49.14,No,
920493,218845,2026-04-30,93.51,No,
920494,243794,2026-04-30,38.96,No,
920495,237162,2026-04-30,85.49,No,
920496,206852,2026-04-30,81.98,No,
920497,227232,2026-04-30,145.51,No,
920498,237026,2026-04-30,113.10,No,
920499,218351,2026-04-30,107.22,No,
920500,209441,2026-05-01,20.00,No,
920501,238906,2026-05-01,80.83,No,
920502,224456,2026-05-01,53.80,Yes,2026-05-01
920503,214010,2026-05-01,71.89,No,
920504,244449,2026-05-01,61.54,No,
920505,240755,2026-05-01,96.63,No,
920506,247964,2026-05-01,90.66,Yes,2026-05-04
920507,231831,2026-05-01,102.40,No,
920508,214278,2026-05-01,72.70,No,
920509,210888,2026-05-01,85.63,No,
920510,237495,2026-05-01,63.06,No,
920511,244163,2026-05-01,59.95,Yes,2026-05-04
920512,243520,2026-05-01,44.53,Yes,2026-05-04
920513,214039,2026-05-01,42.12,No,
920514,223233,2026-05-01,131.53,No,
920515,221593,2026-05-01,90.26,No,
920516,240589,2026-05-01,72.01,No,
920517,243735,2026-05-01,71.22,No,
920518,201404,2026-05-01,51.82,No,
920519,218682,2026-05-01,57.61,Yes,2026-05-03
920520,227951,2026-05-01,66.97,No,
920521,217611,2026-05-01,89.84,No,
920522,207635,2026-05-01,89.14,No,
920523,242103,2026-05-01,113.27,No,
920524,231301,2026-05-01,102.67,Yes,2026-05-04
920525,248221,2026-05-01,71.62,Yes,2026-05-04
920526,231788,2026-05-01,79.16,Yes,2026-05-02
920527,216250,2026-05-01,110.93,No,
920528,206295,2026-05-01,46.83,No,
920529,238300,2026-05-01,117.86,No,
920530,205557,2026-05-01,80.09,Yes,2026-05-03
920531,238653,2026-05-01,90.80,No,
920532,229106,2026-05-01,77.12,Yes,2026-05-02
920533,239850,2026-05-01,48.06,No,
920534,237826,2026-05-01,73.35,No,
920535,213560,2026-05-01,57.93,No,
920536,213755,2026-05-01,120.69,No,
920537,231967,2026-05-01,78.60,No,
920538,220305,2026-05-01,54.76,No,
920539,248355,2026-05-01,111.65,Yes,2026-05-02
920540,237748,2026-05-01,107.03,Yes,2026-05-01
920541,226826,2026-05-01,94.63,No,
920542,246594,2026-05-01,78.17,No,
920543,238327,2026-05-01,84.23,Yes,2026-05-02
920544,230572,2026-05-01,102.92,No,
920545,209777,2026-05-01,69.40,No,
920546,201876,2026-05-01,67.07,Yes,2026-05-03
920547,239518,2026-05-01,112.89,No,
920548,229696,2026-05-01,74.07,No,
920549,222733,2026-05-01,74.71,No,
920550,236752,2026-05-01,78.64,No,
920551,216979,2026-05-01,98.42,No,
920552,238623,2026-05-01,74.15,No,
920553,202549,2026-05-01,65.07,No,
920554,203789,2026-05-01,115.81,No,
920555,244017,2026-05-01,57.56,No,
920556,203698,2026-05-01,105.67,No,
920557,206802,2026-05-01,113.17,No,
920558,217512,2026-05-01,77.25,Yes,2026-05-04
920559,200152,2026-05-01,82.46,Yes,2026-05-04
920560,200561,2026-05-01,108.78,No,
920561,204272,2026-05-01,88.25,No,
920562,200666,2026-05-01,106.95,Yes,2026-05-02
920563,223876,2026-05-01,107.84,No,
920564,243810,2026-05-01,53.34,No,
920565,220669,2026-05-01,119.62,No,
920566,248278,2026-05-01,119.01,No,
920567,218569,2026-05-01,126.49,No,
920568,211561,2026-05-01,63.86,No,
920569,233086,2026-05-01,82.05,No,
920570,207557,2026-05-01,130.76,No,
920571,245677,2026-05-01,50.90,No,
920572,206072,2026-05-01,110.88,Yes,2026-05-03
920573,242240,2026-05-01,48.71,No,
920574,206588,2026-05-01,84.22,No,
920575,241579,2026-05-01,117.76,No,
920576,232407,2026-05-01,75.11,No,
920577,248123,2026-05-01,53.53,No,
920578,211106,2026-05-01,77.95,No,
920579,238575,2026-05-01,97.05,No,
920580,218537,2026-05-01,78.90,Yes,2026-05-02
920581,212821,2026-05-01,59.33,Yes,2026-05-02
920582,212955,2026-05-01,74.55,No,
920583,207976,2026-05-01,102.85,Yes,2026-05-02
920584,247940,2026-05-01,55.51,No,
920585,215976,2026-05-01,45.53,Yes,2026-05-04
920586,243820,2026-05-01,84.47,No,
920587,234414,2026-05-01,81.16,Yes,2026-05-04
920588,240661,2026-05-01,75.89,No,
920589,219282,2026-05-01,53.55,No,
920590,245517,2026-05-01,94.79,No,
920591,246637,2026-05-01,111.26,No,
920592,243336,2026-05-01,104.96,Yes,2026-05-03
920593,218129,2026-05-01,78.24,No,
920594,220309,2026-05-01,78.94,No,
920595,215273,2026-05-01,95.65,No,
920596,241296,2026-05-01,75.27,Yes,2026-05-04
920597,209224,2026-05-01,52.51,No,
920598,205927,2026-05-01,52.47,No,
920599,216302,2026-05-01,26.40,No,
920600,213203,2026-05-01,82.62,No,
920601,213358,2026-05-01,105.61,No,
920602,219468,2026-05-01,68.17,No,
920603,215849,2026-05-01,50.54,No,
920604,242760,2026-05-01,124.48,Yes,2026-05-04
920605,201087,2026-05-01,96.26,No,
920606,244459,2026-05-01,101.66,No,
920607,233903,2026-05-01,91.55,No,
920608,210352,2026-05-01,58.02,Yes,2026-05-03
920609,214228,2026-05-01,111.06,No,
920610,239009,2026-05-01,100.48,No,
920611,222901,2026-05-01,49.92,Yes,2026-05-03
920612,210255,2026-05-01,85.69,Yes,2026-05-04
920613,216909,2026-05-01,69.80,No,
920614,210972,2026-05-01,71.86,No,
920615,247300,2026-05-01,54.91,No,
920616,202080,2026-05-01,124.39,Yes,2026-05-01
920617,242848,2026-05-01,61.04,Yes,2026-05-01
920618,244621,2026-05-01,83.22,Yes,2026-05-01
920619,207204,2026-05-01,35.37,No,
920620,231763,2026-05-01,122.47,No,
920621,206334,2026-05-01,94.89,Yes,2026-05-01
920622,232916,2026-05-01,85.93,No,
920623,200483,2026-05-01,59.67,Yes,2026-05-04
920624,228409,2026-05-01,58.99,No,
920625,203251,2026-05-01,93.75,Yes,2026-05-03
920626,245617,2026-05-01,93.05,No,
920627,234212,2026-05-01,89.60,Yes,2026-05-01
920628,231814,2026-05-01,41.84,No,
920629,217185,2026-05-01,61.45,No,
920630,204494,2026-05-01,20.08,No,
920631,246645,2026-05-01,90.03,Yes,2026-05-01
920632,213295,2026-05-01,77.43,No,
920633,200067,2026-05-01,79.48,No,
920634,240158,2026-05-01,59.66,No,
920635,236741,2026-05-01,92.79,No,
920636,227830,2026-05-01,102.16,No,
920637,203184,2026-05-01,105.38,Yes,2026-05-01
920638,228467,2026-05-01,95.68,Yes,2026-05-04
920639,227380,2026-05-01,25.61,No,
920640,212998,2026-05-01,94.90,Yes,2026-05-03
920641,213044,2026-05-01,101.04,No,
920642,200955,2026-05-01,76.57,No,
920643,206888,2026-05-01,52.11,Yes,2026-05-02
920644,245959,2026-05-01,115.34,No,
920645,225423,2026-05-01,86.98,Yes,2026-05-01
920646,202391,2026-05-01,78.34,No,
920647,203079,2026-05-01,72.28,No,
920648,202565,2026-05-01,105.45,No,
920649,218704,2026-05-01,79.56,No,
920650,205954,2026-05-01,88.61,No,
920651,226993,2026-05-01,116.03,Yes,2026-05-04
920652,241245,2026-05-01,82.81,No,
920653,240235,2026-05-02,78.73,No,
920654,239181,2026-05-02,85.51,No,
920655,244694,2026-05-02,69.27,Yes,2026-05-03
920656,221954,2026-05-02,80.20,No,
920657,211118,2026-05-02,51.27,No,
920658,234080,2026-05-02,84.53,No,
920659,241731,2026-05-02,41.99,Yes,2026-05-04
920660,220414,2026-05-02,67.08,No,
920661,224839,2026-05-02,85.49,No,
920662,226721,2026-05-02,67.62,No,
920663,216562,2026-05-02,71.84,No,
920664,227904,2026-05-02,52.56,No,
920665,208081,2026-05-02,87.84,Yes,2026-05-03
920666,226902,2026-05-02,84.91,No,
920667,230697,2026-05-02,41.31,No,
920668,204735,2026-05-02,103.45,Yes,2026-05-05
920669,238150,2026-05-02,121.26,Yes,2026-05-05
920670,223430,2026-05-02,119.86,No,
920671,214086,2026-05-02,38.86,No,
920672,239188,2026-05-02,73.26,No,
920673,214636,2026-05-02,113.54,No,
920674,215261,2026-05-02,79.58,No,
920675,235961,2026-05-02,98.20,No,
920676,213103,2026-05-02,110.66,No,
920677,205194,2026-05-02,84.06,Yes,2026-05-05
920678,224710,2026-05-02,74.34,No,
920679,234225,2026-05-02,78.11,No,
920680,242871,2026-05-02,93.82,No,
920681,206222,2026-05-02,113.21,No,
920682,218552,2026-05-02,117.50,No,
920683,228383,2026-05-02,47.81,No,
920684,243664,2026-05-02,61.90,No,
920685,235236,2026-05-02,88.16,Yes,2026-05-03
920686,239774,2026-05-02,79.23,Yes,2026-05-04
920687,202316,2026-05-02,113.57,No,
920688,215789,2026-05-02,80.39,No,
920689,219006,2026-05-02,97.91,No,
920690,240767,2026-05-02,90.97,No,
920691,242803,2026-05-02,96.59,Yes,2026-05-02
920692,234189,2026-05-02,106.73,No,
920693,240416,2026-05-02,69.61,No,
920694,243638,2026-05-02,131.39,Yes,2026-05-04
920695,218857,2026-05-02,108.62,No,
920696,213613,2026-05-02,78.33,No,
920697,215992,2026-05-02,74.42,Yes,2026-05-04
920698,205100,2026-05-02,63.28,No,
920699,220845,2026-05-02,102.74,No,
920700,226233,2026-05-02,114.40,No,
920701,220226,2026-05-02,102.35,No,
920702,200154,2026-05-02,86.26,No,
920703,248027,2026-05-02,62.96,Yes,2026-05-04
920704,206689,2026-05-02,109.22,No,
920705,242021,2026-05-02,63.13,No,
920706,242782,2026-05-02,71.94,No,
920707,245074,2026-05-02,89.16,No,
920708,219679,2026-05-02,77.90,No,
920709,219148,2026-05-02,55.05,No,
920710,240912,2026-05-02,74.39,No,
920711,204837,2026-05-02,42.41,No,
920712,210399,2026-05-02,80.58,No,
920713,218183,2026-05-02,68.31,No,
920714,217698,2026-05-02,88.76,No,
920715,236384,2026-05-02,98.91,No,
920716,236893,2026-05-02,75.57,No,
920717,244699,2026-05-02,118.12,No,
920718,229483,2026-05-02,134.61,No,
920719,218009,2026-05-02,86.85,Yes,2026-05-03
920720,224491,2026-05-02,71.45,No,
920721,223141,2026-05-02,35.41,No,
920722,232096,2026-05-02,72.11,No,
920723,245906,2026-05-02,42.59,No,
920724,203413,2026-05-02,64.60,No,
920725,239613,2026-05-02,113.27,No,
920726,226956,2026-05-02,77.15,No,
920727,206558,2026-05-02,91.57,No,
920728,231321,2026-05-02,70.72,No,
920729,217514,2026-05-02,75.96,No,
920730,219261,2026-05-02,62.05,Yes,2026-05-05
920731,216856,2026-05-02,86.66,No,
920732,247267,2026-05-02,64.94,No,
920733,224957,2026-05-02,64.79,No,
920734,201299,2026-05-02,59.78,No,
920735,217797,2026-05-02,42.96,No,
920736,209701,2026-05-02,51.88,No,
920737,227347,2026-05-02,81.99,No,
920738,215972,2026-05-02,87.52,No,
920739,214203,2026-05-02,136.57,No,
920740,241250,2026-05-02,110.02,No,
920741,224098,2026-05-02,65.99,No,
920742,236341,2026-05-02,45.12,No,
920743,215291,2026-05-02,83.68,No,
920744,217705,2026-05-02,44.44,No,
920745,208487,2026-05-02,130.78,Yes,2026-05-03
920746,205658,2026-05-02,77.24,No,
920747,206025,2026-05-02,98.56,No,
920748,226435,2026-05-02,59.97,No,
920749,212978,2026-05-02,57.79,No,
920750,244073,2026-05-02,38.83,No,
920751,238771,2026-05-02,69.54,No,
920752,208178,2026-05-02,123.26,No,
920753,206361,2026-05-02,91.46,No,
920754,244120,2026-05-02,118.60,Yes,2026-05-05
920755,232560,2026-05-02,87.05,Yes,2026-05-03
920756,247974,2026-05-02,81.37,No,
920757,246823,2026-05-02,54.18,No,
920758,228613,2026-05-02,100.68,Yes,2026-05-03
920759,228464,2026-05-02,113.13,No,
920760,215750,2026-05-02,94.66,No,
920761,229910,2026-05-02,83.97,No,
920762,238373,2026-05-02,87.95,Yes,2026-05-05
920763,205766,2026-05-02,24.69,No,
920764,233810,2026-05-02,86.78,No,
920765,208755,2026-05-02,93.36,No,
920766,241644,2026-05-02,104.24,No,
920767,203676,2026-05-02,45.63,No,
920768,223442,2026-05-02,74.03,No,
920769,238787,2026-05-02,46.19,No,
920770,227972,2026-05-02,95.65,No,
920771,239294,2026-05-02,110.55,Yes,2026-05-03
920772,244536,2026-05-02,121.46,No,
920773,201262,2026-05-02,58.52,Yes,2026-05-03
920774,206063,2026-05-02,136.34,Yes,2026-05-03
920775,221596,2026-05-02,73.51,No,
920776,223867,2026-05-02,59.22,No,
920777,238939,2026-05-02,116.12,Yes,2026-05-03
920778,223079,2026-05-02,96.68,No,
920779,205797,2026-05-02,67.24,No,
920780,207837,2026-05-02,37.47,No,
920781,243103,2026-05-02,88.03,No,
920782,204882,2026-05-02,111.58,No,
920783,238715,2026-05-02,85.98,Yes,2026-05-05
920784,241808,2026-05-02,115.51,No,
920785,229145,2026-05-02,96.81,No,
920786,236023,2026-05-02,56.91,No,
920787,201587,2026-05-02,87.80,No,
920788,221167,2026-05-02,96.46,No,
920789,219228,2026-05-02,116.33,No,
920790,218680,2026-05-02,68.91,No,
920791,244899,2026-05-02,80.07,No,
920792,245920,2026-05-02,74.85,Yes,2026-05-03
920793,247326,2026-05-02,105.17,No,
920794,205254,2026-05-02,87.78,Yes,2026-05-03
920795,239840,2026-05-02,125.40,No,
920796,207394,2026-05-02,65.37,Yes,2026-05-04
920797,221025,2026-05-02,57.78,No,
920798,203590,2026-05-02,74.32,No,
920799,217564,2026-05-02,60.18,No,
920800,221036,2026-05-02,77.83,No,
920801,202237,2026-05-03,117.93,No,
920802,240280,2026-05-03,77.95,No,
920803,247045,2026-05-03,64.71,No,
920804,228413,2026-05-03,122.46,No,
920805,206301,2026-05-03,91.97,No,
920806,234353,2026-05-03,106.90,No,
920807,221713,2026-05-03,89.52,Yes,2026-05-06
920808,216110,2026-05-03,90.00,No,
920809,243543,2026-05-03,54.98,No,
920810,234877,2026-05-03,81.51,No,
920811,229162,2026-05-03,82.51,No,
920812,215514,2026-05-03,28.10,No,
920813,221244,2026-05-03,64.41,No,
920814,236757,2026-05-03,98.30,No,
920815,221128,2026-05-03,106.35,Yes,2026-05-05
920816,229046,2026-05-03,91.05,No,
920817,204590,2026-05-03,103.21,Yes,2026-05-03
920818,201618,2026-05-03,81.51,No,
920819,240506,2026-05-03,100.41,Yes,2026-05-04
920820,204635,2026-05-03,131.72,No,
920821,204072,2026-05-03,107.76,No,
920822,246440,2026-05-03,49.49,No,
920823,223508,2026-05-03,49.39,No,
920824,240262,2026-05-03,109.27,No,
920825,207350,2026-05-03,74.44,No,
920826,217036,2026-05-03,131.25,Yes,2026-05-06
920827,239508,2026-05-03,42.42,Yes,2026-05-04
920828,212815,2026-05-03,106.64,No,
920829,201429,2026-05-03,79.15,No,
920830,233449,2026-05-03,101.84,No,
920831,238118,2026-05-03,37.74,No,
920832,206176,2026-05-03,87.21,No,
920833,224174,2026-05-03,73.14,No,
920834,240334,2026-05-03,105.69,No,
920835,233119,2026-05-03,83.98,No,
920836,200612,2026-05-03,49.62,No,
920837,216674,2026-05-03,69.28,No,
920838,203903,2026-05-03,89.01,No,
920839,203965,2026-05-03,74.45,Yes,2026-05-06
920840,242071,2026-05-03,79.58,Yes,2026-05-05
920841,223860,2026-05-03,58.56,No,
920842,242350,2026-05-03,85.59,No,
920843,218708,2026-05-03,154.33,No,
920844,223664,2026-05-03,87.09,No,
920845,212956,2026-05-03,96.50,Yes,2026-05-05
920846,224192,2026-05-03,55.17,No,
920847,234302,2026-05-03,51.78,No,
920848,224790,2026-05-03,90.40,No,
920849,220959,2026-05-03,140.83,No,
920850,221803,2026-05-03,83.36,No,
920851,236418,2026-05-03,82.92,No,
920852,209327,2026-05-03,106.88,No,
920853,223993,2026-05-03,88.15,No,
920854,201329,2026-05-03,140.91,Yes,2026-05-03
920855,205629,2026-05-03,56.83,Yes,2026-05-04
920856,245155,2026-05-03,20.53,No,
920857,210762,2026-05-03,64.84,No,
920858,245857,2026-05-03,121.58,Yes,2026-05-05
920859,221673,2026-05-03,121.66,No,
920860,203114,2026-05-03,103.30,No,
920861,206380,2026-05-03,105.85,No,
920862,207526,2026-05-03,133.60,No,
920863,219286,2026-05-03,94.50,No,
920864,238328,2026-05-03,105.18,No,
920865,241115,2026-05-03,104.99,No,
920866,233717,2026-05-03,121.55,No,
920867,208527,2026-05-03,65.93,No,
920868,243722,2026-05-03,84.18,No,
920869,247229,2026-05-03,75.76,No,
920870,208949,2026-05-03,42.28,No,
920871,217816,2026-05-03,101.76,No,
920872,209052,2026-05-03,117.98,No,
920873,223457,2026-05-03,92.04,No,
920874,213512,2026-05-03,61.66,No,
920875,239180,2026-05-03,69.89,Yes,2026-05-05
920876,230324,2026-05-03,71.38,Yes,2026-05-03
920877,247067,2026-05-03,87.67,No,
920878,247608,2026-05-03,85.89,No,
920879,203460,2026-05-03,81.98,Yes,2026-05-05
920880,232335,2026-05-03,122.72,No,
920881,239626,2026-05-03,69.29,Yes,2026-05-03
920882,211981,2026-05-03,73.19,No,
920883,206009,2026-05-03,72.82,Yes,2026-05-06
920884,205497,2026-05-03,130.45,Yes,2026-05-04
920885,207657,2026-05-03,60.79,Yes,2026-05-04
920886,226871,2026-05-03,96.40,No,
920887,200967,2026-05-03,137.36,No,
920888,213120,2026-05-03,127.80,No,
920889,217667,2026-05-03,103.03,No,
920890,239241,2026-05-03,100.04,No,
920891,216984,2026-05-03,73.03,No,
920892,209966,2026-05-03,69.88,No,
920893,210949,2026-05-03,104.80,Yes,2026-05-03
920894,222407,2026-05-03,126.70,Yes,2026-05-04
920895,203441,2026-05-03,44.61,No,
920896,242407,2026-05-03,101.73,Yes,2026-05-06
920897,201086,2026-05-03,108.63,No,
920898,230422,2026-05-03,57.56,No,
920899,213961,2026-05-03,77.14,No,
920900,242717,2026-05-03,63.47,No,
920901,238487,2026-05-03,103.09,No,
920902,235143,2026-05-03,44.47,No,
920903,223887,2026-05-03,44.48,No,
920904,246836,2026-05-03,142.13,No,
920905,203763,2026-05-03,124.66,No,
920906,204751,2026-05-03,145.97,No,
920907,222422,2026-05-03,63.33,No,
920908,246555,2026-05-03,90.93,No,
920909,222660,2026-05-03,86.39,No,
920910,235933,2026-05-03,70.77,Yes,2026-05-03
920911,200389,2026-05-03,147.16,No,
920912,246532,2026-05-03,148.41,No,
920913,235414,2026-05-03,139.49,No,
920914,216499,2026-05-03,87.61,Yes,2026-05-06
920915,222698,2026-05-03,51.70,No,
920916,235400,2026-05-03,75.21,No,
920917,242154,2026-05-03,62.12,Yes,2026-05-06
920918,206804,2026-05-03,81.52,No,
920919,247477,2026-05-03,63.53,No,
920920,243860,2026-05-03,61.33,Yes,2026-05-05
920921,208484,2026-05-03,153.69,No,
920922,237271,2026-05-03,84.80,No,
920923,240486,2026-05-03,50.45,No,
920924,220926,2026-05-03,100.20,Yes,2026-05-04
920925,248318,2026-05-03,104.45,No,
920926,242098,2026-05-03,94.15,No,
920927,229058,2026-05-03,48.21,No,
920928,240523,2026-05-03,91.28,No,
920929,213430,2026-05-03,100.58,No,
920930,206635,2026-05-03,59.31,No,
920931,214069,2026-05-03,57.09,No,
920932,242737,2026-05-03,74.22,No,
920933,226594,2026-05-03,98.72,No,
920934,220458,2026-05-03,73.94,No,
920935,238021,2026-05-03,76.42,No,
920936,244359,2026-05-03,100.51,No,
920937,230686,2026-05-03,94.94,No,
920938,237294,2026-05-03,97.69,No,
920939,231945,2026-05-03,88.11,No,
920940,214849,2026-05-03,111.62,No,
920941,245244,2026-05-03,121.18,No,
920942,234559,2026-05-03,55.40,Yes,2026-05-06
920943,226368,2026-05-03,100.93,No,
920944,233673,2026-05-03,108.99,No,
920945,226240,2026-05-03,133.99,No,
920946,242222,2026-05-03,77.49,No,
920947,213151,2026-05-03,134.86,Yes,2026-05-05
920948,241527,2026-05-03,110.69,Yes,2026-05-04
920949,204461,2026-05-03,116.73,No,
920950,240726,2026-05-04,22.01,No,
920951,227599,2026-05-04,67.13,No,
920952,203774,2026-05-04,49.43,No,
920953,236697,2026-05-04,60.35,Yes,2026-05-05
920954,222689,2026-05-04,101.20,Yes,2026-05-06
920955,208629,2026-05-04,62.62,No,
920956,204518,2026-05-04,80.54,No,
920957,217851,2026-05-04,94.84,No,
920958,201511,2026-05-04,67.95,Yes,2026-05-04
920959,246727,2026-05-04,85.42,No,
920960,236146,2026-05-04,149.25,No,
920961,238136,2026-05-04,72.58,No,
920962,224978,2026-05-04,131.38,Yes,2026-05-04
920963,210670,2026-05-04,119.07,No,
920964,217279,2026-05-04,87.46,Yes,2026-05-05
920965,200134,2026-05-04,107.35,Yes,2026-05-07
920966,245796,2026-05-04,73.79,No,
920967,245429,2026-05-04,82.25,No,
920968,218664,2026-05-04,46.22,No,
920969,232363,2026-05-04,82.10,No,
920970,223215,2026-05-04,69.87,No,
920971,242363,2026-05-04,122.62,Yes,2026-05-04
920972,201091,2026-05-04,94.91,No,
920973,205013,2026-05-04,30.95,No,
920974,239819,2026-05-04,59.44,No,
920975,207650,2026-05-04,99.91,No,
920976,233245,2026-05-04,102.75,No,
920977,222468,2026-05-04,89.39,No,
920978,200585,2026-05-04,113.99,No,
920979,206423,2026-05-04,37.05,No,
920980,215106,2026-05-04,85.36,No,
920981,242882,2026-05-04,116.00,No,
920982,204059,2026-05-04,91.98,Yes,2026-05-07
920983,217031,2026-05-04,90.91,No,
920984,222717,2026-05-04,87.27,No,
920985,244066,2026-05-04,101.97,No,
920986,236740,2026-05-04,89.29,Yes,2026-05-04
920987,239601,2026-05-04,76.80,No,
920988,231782,2026-05-04,84.70,No,
920989,237460,2026-05-04,88.68,No,
920990,211034,2026-05-04,156.69,Yes,2026-05-06
920991,212335,2026-05-04,107.99,No,
920992,227285,2026-05-04,89.02,No,
920993,205175,2026-05-04,29.02,Yes,2026-05-06
920994,241012,2026-05-04,74.67,Yes,2026-05-06
920995,226474,2026-05-04,81.41,No,
920996,243943,2026-05-04,107.69,Yes,2026-05-04
920997,238245,2026-05-04,103.30,Yes,2026-05-06
920998,221367,2026-05-04,111.55,No,
920999,203480,2026-05-04,88.63,No,
921000,204346,2026-05-04,20.00,Yes,2026-05-07
921001,234910,2026-05-04,80.95,No,
921002,218376,2026-05-04,107.58,No,
921003,200216,2026-05-04,97.81,No,
921004,232529,2026-05-04,59.65,No,
921005,242271,2026-05-04,88.19,No,
921006,229862,2026-05-04,93.01,Yes,2026-05-04
921007,225164,2026-05-04,81.60,No,
921008,242411,2026-05-04,64.95,No,
921009,201048,2026-05-04,113.24,No,
921010,230628,2026-05-04,55.44,No,
921011,207372,2026-05-04,101.20,No,
921012,202201,2026-05-04,68.33,No,
921013,232384,2026-05-04,101.35,No,
921014,229248,2026-05-04,96.71,Yes,2026-05-06
921015,220144,2026-05-04,68.97,Yes,2026-05-04
921016,205883,2026-05-04,60.87,Yes,2026-05-04
921017,221312,2026-05-04,36.12,Yes,2026-05-05
921018,204223,2026-05-04,49.95,Yes,2026-05-04
921019,208370,2026-05-04,61.85,Yes,2026-05-06
921020,239836,2026-05-04,41.29,Yes,2026-05-05
921021,207096,2026-05-04,60.20,No,
921022,236101,2026-05-04,124.52,No,
921023,215343,2026-05-04,101.81,No,
921024,213750,2026-05-04,97.65,No,
921025,229492,2026-05-04,105.46,No,
921026,233403,2026-05-04,81.54,No,
921027,224800,2026-05-04,63.34,No,
921028,213711,2026-05-04,133.59,No,
921029,211021,2026-05-04,73.74,No,
921030,237310,2026-05-04,48.40,No,
921031,214422,2026-05-04,43.06,No,
921032,234336,2026-05-04,104.47,No,
921033,244218,2026-05-04,105.00,No,
921034,229238,2026-05-04,120.49,No,
921035,228942,2026-05-04,72.73,No,
921036,229919,2026-05-04,77.30,Yes,2026-05-05
921037,207689,2026-05-04,127.02,Yes,2026-05-07
921038,214423,2026-05-04,80.67,No,
921039,236629,2026-05-04,82.19,No,
921040,234528,2026-05-04,130.51,No,
921041,207425,2026-05-04,45.46,Yes,2026-05-05
921042,247391,2026-05-04,94.72,No,
921043,205171,2026-05-04,91.57,No,
921044,243284,2026-05-04,56.67,No,
921045,218505,2026-05-04,86.88,No,
921046,244350,2026-05-04,80.88,No,
921047,231756,2026-05-04,39.75,No,
921048,234971,2026-05-04,94.78,No,
921049,201232,2026-05-04,40.55,No,
921050,205828,2026-05-04,82.04,No,
921051,213198,2026-05-04,46.42,No,
921052,213376,2026-05-04,29.11,No,
921053,239543,2026-05-04,94.96,Yes,2026-05-06
921054,240864,2026-05-04,71.03,No,
921055,206188,2026-05-04,92.01,Yes,2026-05-05
921056,243036,2026-05-04,102.96,No,
921057,230719,2026-05-04,128.62,No,
921058,246449,2026-05-04,71.64,Yes,2026-05-04
921059,209743,2026-05-04,82.52,No,
921060,202845,2026-05-04,44.04,No,
921061,219672,2026-05-04,115.97,No,
921062,207813,2026-05-04,80.14,No,
921063,223942,2026-05-04,83.36,No,
921064,230190,2026-05-04,50.46,No,
921065,208515,2026-05-04,20.00,No,
921066,232958,2026-05-04,97.75,No,
921067,212531,2026-05-04,90.66,No,
921068,226961,2026-05-04,108.67,No,
921069,212817,2026-05-04,74.54,No,
921070,200100,2026-05-04,100.51,No,
921071,228164,2026-05-04,62.47,No,
921072,242196,2026-05-04,33.55,No,
921073,222764,2026-05-04,71.00,Yes,2026-05-05
921074,218263,2026-05-04,40.54,No,
921075,237979,2026-05-04,90.95,Yes,2026-05-06
921076,210560,2026-05-04,64.40,No,
921077,236124,2026-05-04,107.98,No,
921078,213835,2026-05-04,100.66,No,
921079,236039,2026-05-04,97.86,No,
921080,209254,2026-05-04,50.09,Yes,2026-05-06
921081,245052,2026-05-04,83.99,Yes,2026-05-05
921082,215545,2026-05-04,52.86,No,
921083,225716,2026-05-04,87.45,Yes,2026-05-06
921084,230621,2026-05-04,60.28,No,
921085,204106,2026-05-04,51.81,No,
921086,220963,2026-05-04,72.10,No,
921087,203446,2026-05-04,80.02,No,
921088,219394,2026-05-04,49.48,No,
921089,219229,2026-05-04,72.07,Yes,2026-05-06
921090,239457,2026-05-04,68.23,No,
921091,213979,2026-05-04,86.84,Yes,2026-05-06
921092,208098,2026-05-04,80.98,Yes,2026-05-07
921093,241230,2026-05-04,52.10,No,
921094,213783,2026-05-04,118.15,No,
921095,230640,2026-05-04,93.35,Yes,2026-05-06
921096,246331,2026-05-04,73.66,No,
921097,228279,2026-05-04,94.47,Yes,2026-05-07
921098,228172,2026-05-04,81.00,No,
921099,222935,2026-05-04,131.47,No,
921100,230248,2026-05-04,86.32,No,
921101,228709,2026-05-04,81.54,No,
921102,214749,2026-05-04,38.42,No,
921103,241101,2026-05-05,48.60,No,
921104,248157,2026-05-05,74.31,No,
921105,246327,2026-05-05,91.81,No,
921106,216012,2026-05-05,76.85,No,
921107,216722,2026-05-05,62.08,No,
921108,220642,2026-05-05,72.27,No,
921109,223937,2026-05-05,78.74,No,
921110,220109,2026-05-05,86.67,No,
921111,230590,2026-05-05,113.86,No,
921112,214039,2026-05-05,58.43,No,
921113,240096,2026-05-05,75.16,No,
921114,232026,2026-05-05,35.90,No,
921115,223361,2026-05-05,115.14,No,
921116,212789,2026-05-05,122.86,No,
921117,202573,2026-05-05,120.42,Yes,2026-05-08
921118,227445,2026-05-05,109.56,No,
921119,246262,2026-05-05,101.77,Yes,2026-05-08
921120,247396,2026-05-05,74.80,No,
921121,215940,2026-05-05,89.37,No,
921122,248292,2026-05-05,103.29,No,
921123,201112,2026-05-05,64.62,No,
921124,209161,2026-05-05,86.33,Yes,2026-05-05
921125,219675,2026-05-05,104.29,No,
921126,236364,2026-05-05,71.97,No,
921127,219698,2026-05-05,82.07,No,
921128,210150,2026-05-05,89.87,No,
921129,237371,2026-05-05,78.57,No,
921130,233540,2026-05-05,72.55,No,
921131,234054,2026-05-05,97.10,No,
921132,240646,2026-05-05,86.27,No,
921133,218125,2026-05-05,85.57,Yes,2026-05-06
921134,201202,2026-05-05,108.67,Yes,2026-05-08
921135,223953,2026-05-05,115.91,No,
921136,239655,2026-05-05,59.96,No,
921137,242828,2026-05-05,97.52,No,
921138,236953,2026-05-05,70.26,Yes,2026-05-06
921139,223654,2026-05-05,114.90,No,
921140,211537,2026-05-05,66.74,No,
921141,227766,2026-05-05,103.00,No,
921142,205755,2026-05-05,67.26,No,
921143,232797,2026-05-05,119.68,No,
921144,238106,2026-05-05,78.90,No,
921145,237397,2026-05-05,104.81,No,
921146,216983,2026-05-05,93.41,Yes,2026-05-05
921147,208097,2026-05-05,32.93,No,
921148,232426,2026-05-05,93.48,No,
921149,211921,2026-05-05,67.61,No,
921150,231630,2026-05-05,73.99,Yes,2026-05-07
921151,221036,2026-05-05,53.33,No,
921152,246152,2026-05-05,61.61,Yes,2026-05-08
921153,227887,2026-05-05,107.95,No,
921154,233361,2026-05-05,122.98,No,
921155,200867,2026-05-05,96.24,No,
921156,219593,2026-05-05,90.84,No,
921157,236272,2026-05-05,82.13,No,
921158,211181,2026-05-05,81.48,No,
921159,210635,2026-05-05,44.56,No,
921160,225985,2026-05-05,137.93,No,
921161,241921,2026-05-05,54.66,No,
921162,208088,2026-05-05,74.84,No,
921163,231378,2026-05-05,141.14,Yes,2026-05-07
921164,239177,2026-05-05,88.55,Yes,2026-05-07
921165,243428,2026-05-05,118.26,No,
921166,202246,2026-05-05,47.22,No,
921167,244038,2026-05-05,85.63,No,
921168,248363,2026-05-05,91.14,No,
921169,206967,2026-05-05,60.41,No,
921170,239782,2026-05-05,110.52,No,
921171,235187,2026-05-05,71.37,No,
921172,215313,2026-05-05,104.05,No,
921173,217072,2026-05-05,123.21,Yes,2026-05-05
921174,215262,2026-05-05,88.09,No,
921175,224967,2026-05-05,44.69,No,
921176,215533,2026-05-05,106.64,Yes,2026-05-05
921177,212131,2026-05-05,54.48,No,
921178,234529,2026-05-05,78.66,No,
921179,232721,2026-05-05,108.99,No,
921180,226171,2026-05-05,89.79,No,
921181,239559,2026-05-05,30.88,No,
921182,224537,2026-05-05,84.32,No,
921183,229374,2026-05-05,98.19,Yes,2026-05-07
921184,207925,2026-05-05,68.95,No,
921185,226102,2026-05-05,78.72,No,
921186,219055,2026-05-05,93.23,No,
921187,231285,2026-05-05,56.98,No,
921188,243175,2026-05-05,102.19,No,
921189,236763,2026-05-05,75.10,No,
921190,245039,2026-05-05,105.91,No,
921191,222534,2026-05-05,59.40,No,
921192,216341,2026-05-05,66.65,No,
921193,216147,2026-05-05,119.56,No,
921194,218095,2026-05-05,84.22,Yes,2026-05-06
921195,234401,2026-05-05,70.50,No,
921196,219505,2026-05-05,64.95,No,
921197,221190,2026-05-05,61.26,No,
921198,239913,2026-05-05,106.31,No,
921199,203412,2026-05-05,38.63,No,
921200,205059,2026-05-05,92.65,Yes,2026-05-05
921201,211984,2026-05-05,55.88,No,
921202,204761,2026-05-05,99.01,No,
921203,221375,2026-05-05,100.97,No,
921204,206355,2026-05-05,108.24,No,
921205,222382,2026-05-05,65.52,No,
921206,231600,2026-05-05,94.22,No,
921207,246250,2026-05-05,47.59,No,
921208,245674,2026-05-05,73.55,No,
921209,212658,2026-05-05,49.91,No,
921210,227276,2026-05-05,89.81,Yes,2026-05-07
921211,222496,2026-05-05,58.79,Yes,2026-05-08
921212,228148,2026-05-05,61.73,No,
921213,207698,2026-05-05,70.94,No,
921214,209790,2026-05-05,98.89,Yes,2026-05-05
921215,237313,2026-05-05,71.40,Yes,2026-05-07
921216,237472,2026-05-05,37.36,No,
921217,232498,2026-05-05,102.92,No,
921218,240325,2026-05-05,49.21,Yes,2026-05-07
921219,224849,2026-05-05,57.82,Yes,2026-05-06
921220,238863,2026-05-05,100.76,No,
921221,223117,2026-05-05,112.78,Yes,2026-05-05
921222,204291,2026-05-05,81.71,No,
921223,205469,2026-05-05,94.55,No,
921224,242582,2026-05-05,101.06,No,
921225,235371,2026-05-05,61.33,No,
921226,211449,2026-05-05,70.60,No,
921227,211925,2026-05-05,67.78,No,
921228,226999,2026-05-05,90.77,No,
921229,213939,2026-05-05,68.83,Yes,2026-05-06
921230,210513,2026-05-05,63.91,No,
921231,215372,2026-05-05,54.22,No,
921232,237528,2026-05-05,53.93,Yes,2026-05-07
921233,238132,2026-05-05,51.94,No,
921234,227299,2026-05-05,59.98,No,
921235,205015,2026-05-05,72.60,No,
921236,232755,2026-05-05,83.65,No,
921237,241497,2026-05-05,81.74,No,
921238,247949,2026-05-05,118.69,Yes,2026-05-08
921239,239465,2026-05-05,89.99,Yes,2026-05-05
921240,229093,2026-05-05,48.10,No,
921241,203676,2026-05-05,116.17,No,
921242,243735,2026-05-05,88.61,No,
921243,229194,2026-05-05,90.07,Yes,2026-05-06
921244,226099,2026-05-05,68.00,Yes,2026-05-06
921245,228254,2026-05-05,57.29,No,
921246,227890,2026-05-05,76.22,No,
921247,215008,2026-05-05,89.25,No,
921248,217174,2026-05-05,105.91,No,
921249,235673,2026-05-06,20.00,No,
921250,233531,2026-05-06,100.27,No,
921251,202597,2026-05-06,53.49,Yes,2026-05-06
921252,241052,2026-05-06,95.54,Yes,2026-05-06
921253,216974,2026-05-06,149.78,No,
921254,245534,2026-05-06,41.81,No,
921255,236611,2026-05-06,86.96,No,
921256,208909,2026-05-06,94.62,No,
921257,208525,2026-05-06,95.22,Yes,2026-05-08
921258,201892,2026-05-06,84.13,No,
921259,212257,2026-05-06,74.34,Yes,2026-05-09
921260,213686,2026-05-06,39.53,Yes,2026-05-09
921261,231906,2026-05-06,136.46,No,
921262,209925,2026-05-06,102.18,No,
921263,233642,2026-05-06,34.40,No,
921264,213439,2026-05-06,72.12,No,
921265,248327,2026-05-06,112.75,Yes,2026-05-06
921266,208077,2026-05-06,76.38,No,
921267,242857,2026-05-06,80.95,No,
921268,204151,2026-05-06,76.94,No,
921269,222281,2026-05-06,85.42,Yes,2026-05-06
921270,231054,2026-05-06,64.80,Yes,2026-05-09
921271,220220,2026-05-06,71.42,No,
921272,212905,2026-05-06,103.96,Yes,2026-05-09
921273,220791,2026-05-06,75.06,No,
921274,208851,2026-05-06,119.98,No,
921275,234231,2026-05-06,119.23,No,
921276,204443,2026-05-06,49.42,Yes,2026-05-07
921277,244562,2026-05-06,80.53,Yes,2026-05-08
921278,246282,2026-05-06,85.00,No,
921279,227782,2026-05-06,66.64,No,
921280,240482,2026-05-06,67.19,No,
921281,232646,2026-05-06,78.17,No,
921282,248368,2026-05-06,22.78,No,
921283,209555,2026-05-06,97.75,No,
921284,232183,2026-05-06,110.14,Yes,2026-05-08
921285,229445,2026-05-06,106.18,No,
921286,248103,2026-05-06,86.58,Yes,2026-05-09
921287,223784,2026-05-06,88.60,No,
921288,221114,2026-05-06,118.72,No,
921289,227384,2026-05-06,95.31,No,
921290,246308,2026-05-06,69.16,No,
921291,236323,2026-05-06,69.99,Yes,2026-05-07
921292,225090,2026-05-06,76.68,No,
921293,233363,2026-05-06,118.59,No,
921294,231282,2026-05-06,103.06,No,
921295,243005,2026-05-06,137.26,No,
921296,201418,2026-05-06,89.62,No,
921297,224669,2026-05-06,66.29,No,
921298,224296,2026-05-06,80.84,Yes,2026-05-07
921299,210354,2026-05-06,93.94,Yes,2026-05-08
921300,215879,2026-05-06,83.96,No,
921301,223629,2026-05-06,118.65,No,
921302,243980,2026-05-06,74.79,Yes,2026-05-08
921303,222441,2026-05-06,106.57,No,
921304,213193,2026-05-06,103.55,No,
921305,239024,2026-05-06,151.59,No,
921306,237120,2026-05-06,104.35,Yes,2026-05-07
921307,230685,2026-05-06,76.07,No,
921308,215434,2026-05-06,71.06,No,
921309,201927,2026-05-06,74.85,No,
921310,221250,2026-05-06,101.49,No,
921311,218089,2026-05-06,96.95,No,
921312,211852,2026-05-06,93.21,Yes,2026-05-09
921313,238343,2026-05-06,97.33,No,
921314,215443,2026-05-06,79.69,No,
921315,226932,2026-05-06,89.45,No,
921316,221924,2026-05-06,93.47,No,
921317,222417,2026-05-06,56.41,No,
921318,205109,2026-05-06,99.26,Yes,2026-05-06
921319,235454,2026-05-06,92.11,No,
921320,200046,2026-05-06,52.09,Yes,2026-05-07
921321,231813,2026-05-06,116.28,No,
921322,202942,2026-05-06,106.88,Yes,2026-05-09
921323,217412,2026-05-06,54.08,No,
921324,206127,2026-05-06,113.03,Yes,2026-05-09
921325,231692,2026-05-06,72.25,No,
921326,216776,2026-05-06,136.20,Yes,2026-05-08
921327,229229,2026-05-06,102.52,No,
921328,204002,2026-05-06,124.88,Yes,2026-05-07
921329,206568,2026-05-06,88.95,No,
921330,248206,2026-05-06,115.80,No,
921331,227038,2026-05-06,117.64,No,
921332,235140,2026-05-06,115.12,No,
921333,219096,2026-05-06,100.16,No,
921334,216357,2026-05-06,65.52,No,
921335,221865,2026-05-06,92.77,Yes,2026-05-09
921336,222948,2026-05-06,82.23,No,
921337,233720,2026-05-06,79.39,No,
921338,237666,2026-05-06,115.15,No,
921339,211669,2026-05-06,61.85,No,
921340,243422,2026-05-06,109.36,No,
921341,204732,2026-05-06,121.69,No,
921342,223787,2026-05-06,104.64,No,
921343,244913,2026-05-06,129.19,No,
921344,220397,2026-05-06,93.74,No,
921345,235607,2026-05-06,72.39,No,
921346,226471,2026-05-06,84.60,No,
921347,244127,2026-05-06,58.15,Yes,2026-05-07
921348,201542,2026-05-06,98.92,No,
921349,228206,2026-05-06,33.01,No,
921350,235741,2026-05-06,81.47,No,
921351,210688,2026-05-06,49.43,No,
921352,216237,2026-05-06,89.84,Yes,2026-05-06
921353,229802,2026-05-06,39.38,No,
921354,248046,2026-05-06,135.85,No,
921355,218562,2026-05-06,84.58,Yes,2026-05-09
921356,234798,2026-05-06,70.34,No,
921357,238261,2026-05-06,100.98,No,
921358,246686,2026-05-06,39.55,Yes,2026-05-09
921359,221194,2026-05-06,64.50,Yes,2026-05-08
921360,218491,2026-05-06,104.18,No,
921361,201289,2026-05-06,58.43,No,
921362,209481,2026-05-06,72.96,No,
921363,205150,2026-05-06,64.54,No,
921364,241230,2026-05-06,121.98,No,
921365,239463,2026-05-06,113.58,No,
921366,244579,2026-05-06,110.71,No,
921367,234603,2026-05-06,88.71,No,
921368,211097,2026-05-06,95.54,No,
921369,202163,2026-05-06,120.11,Yes,2026-05-07
921370,211438,2026-05-06,67.01,No,
921371,216804,2026-05-06,79.00,Yes,2026-05-09
921372,236722,2026-05-06,66.87,Yes,2026-05-09
921373,243383,2026-05-06,80.16,No,
921374,212555,2026-05-06,59.93,Yes,2026-05-09
921375,247016,2026-05-06,116.44,Yes,2026-05-06
921376,234962,2026-05-06,84.73,No,
921377,243895,2026-05-06,70.98,No,
921378,236753,2026-05-06,132.23,Yes,2026-05-06
921379,244121,2026-05-06,85.06,Yes,2026-05-09
921380,217299,2026-05-06,56.32,Yes,2026-05-09
921381,236110,2026-05-06,92.93,Yes,2026-05-09
921382,239741,2026-05-06,79.16,No,
921383,225833,2026-05-06,95.81,No,
921384,247961,2026-05-06,28.26,No,
921385,241030,2026-05-06,81.38,No,
921386,221498,2026-05-06,101.40,Yes,2026-05-08
921387,213039,2026-05-06,94.71,Yes,2026-05-06
921388,221519,2026-05-06,68.35,Yes,2026-05-08
921389,242311,2026-05-06,59.69,No,
921390,202416,2026-05-06,133.96,No,
921391,246148,2026-05-06,75.60,No,
921392,241578,2026-05-06,102.59,No,
921393,239943,2026-05-06,118.92,Yes,2026-05-09
921394,216354,2026-05-06,62.88,Yes,2026-05-08
921395,240888,2026-05-06,90.98,No,
921396,220286,2026-05-06,123.66,No,
921397,239121,2026-05-06,99.49,No,
921398,202237,2026-05-06,71.94,No,
921399,211884,2026-05-06,92.35,No,
921400,229487,2026-05-06,103.19,No,
921401,210780,2026-05-07,69.66,No,
921402,226644,2026-05-07,124.05,No,
921403,217144,2026-05-07,88.13,No,
921404,231218,2026-05-07,24.81,No,
921405,224762,2026-05-07,68.57,No,
921406,245924,2026-05-07,93.55,No,
921407,222068,2026-05-07,91.27,No,
921408,204429,2026-05-07,100.01,No,
921409,202687,2026-05-07,83.27,No,
921410,215617,2026-05-07,89.44,No,
921411,204725,2026-05-07,106.59,No,
921412,200973,2026-05-07,92.63,No,
921413,215528,2026-05-07,112.63,No,
921414,206272,2026-05-07,87.37,No,
921415,229232,2026-05-07,49.05,Yes,2026-05-08
921416,229145,2026-05-07,82.48,No,
921417,200474,2026-05-07,89.07,No,
921418,244678,2026-05-07,107.71,No,
921419,213828,2026-05-07,115.35,No,
921420,241547,2026-05-07,108.34,No,
921421,213193,2026-05-07,122.77,Yes,2026-05-10
921422,232716,2026-05-07,111.78,No,
921423,243665,2026-05-07,76.92,No,
921424,229717,2026-05-07,20.15,No,
921425,226914,2026-05-07,95.60,No,
921426,241603,2026-05-07,54.62,No,
921427,206847,2026-05-07,71.85,Yes,2026-05-10
921428,221905,2026-05-07,58.06,No,
921429,248321,2026-05-07,134.47,Yes,2026-05-07
921430,234025,2026-05-07,93.67,No,
921431,226023,2026-05-07,83.70,Yes,2026-05-07
921432,221531,2026-05-07,88.94,Yes,2026-05-09
921433,240233,2026-05-07,61.94,No,
921434,238025,2026-05-07,34.08,No,
921435,231469,2026-05-07,93.83,Yes,2026-05-07
921436,200757,2026-05-07,48.93,Yes,2026-05-10
921437,232160,2026-05-07,83.90,No,
921438,233264,2026-05-07,30.97,No,
921439,211146,2026-05-07,86.27,No,
921440,240287,2026-05-07,110.50,No,
921441,202478,2026-05-07,63.48,No,
921442,220525,2026-05-07,102.26,No,
921443,239457,2026-05-07,89.80,No,
921444,237561,2026-05-07,117.72,No,
921445,218460,2026-05-07,86.93,No,
921446,221291,2026-05-07,113.66,No,
921447,247208,2026-05-07,125.34,No,
921448,231127,2026-05-07,62.83,Yes,2026-05-10
921449,230399,2026-05-07,80.49,No,
921450,235428,2026-05-07,76.41,Yes,2026-05-08
921451,207759,2026-05-07,75.71,No,
921452,243273,2026-05-07,77.31,No,
921453,207071,2026-05-07,79.90,Yes,2026-05-09
921454,212586,2026-05-07,62.53,No,
921455,230862,2026-05-07,47.31,No,
921456,201058,2026-05-07,72.48,Yes,2026-05-08
921457,240356,2026-05-07,84.85,No,
921458,211214,2026-05-07,71.35,No,
921459,238664,2026-05-07,116.74,No,
921460,231029,2026-05-07,105.27,Yes,2026-05-09
921461,244363,2026-05-07,92.83,Yes,2026-05-07
921462,209076,2026-05-07,89.81,Yes,2026-05-07
921463,212057,2026-05-07,85.58,Yes,2026-05-08
921464,232157,2026-05-07,57.82,No,
921465,247245,2026-05-07,105.29,No,
921466,239499,2026-05-07,48.70,No,
921467,244098,2026-05-07,86.45,Yes,2026-05-08
921468,240547,2026-05-07,41.92,No,
921469,223010,2026-05-07,127.93,Yes,2026-05-10
921470,246652,2026-05-07,59.27,Yes,2026-05-08
921471,206630,2026-05-07,105.99,No,
921472,232847,2026-05-07,73.73,Yes,2026-05-08
921473,239556,2026-05-07,80.91,No,
921474,220970,2026-05-07,113.52,Yes,2026-05-09
921475,213175,2026-05-07,83.06,No,
921476,246248,2026-05-07,113.93,No,
921477,214076,2026-05-07,60.57,Yes,2026-05-08
921478,210866,2026-05-07,90.28,Yes,2026-05-09
921479,242112,2026-05-07,115.49,No,
921480,202046,2026-05-07,87.05,Yes,2026-05-08
921481,213891,2026-05-07,83.62,No,
921482,240320,2026-05-07,96.85,Yes,2026-05-08
921483,228543,2026-05-07,48.75,Yes,2026-05-09
921484,230216,2026-05-07,112.74,Yes,2026-05-10
921485,244516,2026-05-07,92.97,No,
921486,224188,2026-05-07,70.58,Yes,2026-05-07
921487,222574,2026-05-07,72.60,Yes,2026-05-09
921488,235941,2026-05-07,20.00,Yes,2026-05-08
921489,247163,2026-05-07,101.34,Yes,2026-05-10
921490,217960,2026-05-07,109.93,No,
921491,212019,2026-05-07,56.13,No,
921492,204120,2026-05-07,63.53,No,
921493,231553,2026-05-07,103.32,Yes,2026-05-09
921494,202894,2026-05-07,66.11,No,
921495,212385,2026-05-07,74.66,No,
921496,237318,2026-05-07,90.67,No,
921497,247970,2026-05-07,97.99,No,
921498,244040,2026-05-07,67.91,No,
921499,222378,2026-05-07,104.60,No,
921500,213395,2026-05-07,95.52,No,
921501,201106,2026-05-07,63.16,No,
921502,239482,2026-05-07,103.36,No,
921503,245454,2026-05-07,43.33,Yes,2026-05-10
921504,216612,2026-05-07,108.75,No,
921505,213093,2026-05-07,118.88,No,
921506,209603,2026-05-07,93.23,Yes,2026-05-08
921507,200186,2026-05-07,95.64,Yes,2026-05-08
921508,225508,2026-05-07,103.78,No,
921509,248419,2026-05-07,109.95,Yes,2026-05-08
921510,225952,2026-05-07,61.25,No,
921511,248463,2026-05-07,65.64,No,
921512,217842,2026-05-07,138.01,No,
921513,218528,2026-05-07,75.83,Yes,2026-05-07
921514,232870,2026-05-07,99.17,No,
921515,236066,2026-05-07,61.69,No,
921516,200830,2026-05-07,47.03,No,
921517,244307,2026-05-07,105.11,No,
921518,247766,2026-05-07,100.41,Yes,2026-05-08
921519,219019,2026-05-07,75.53,No,
921520,226762,2026-05-07,78.16,No,
921521,203920,2026-05-07,98.33,No,
921522,203517,2026-05-07,100.37,No,
921523,222116,2026-05-07,108.79,No,
921524,235937,2026-05-07,104.30,No,
921525,248009,2026-05-07,79.57,No,
921526,209653,2026-05-07,114.15,No,
921527,235625,2026-05-07,95.93,No,
921528,210134,2026-05-07,124.54,No,
921529,222443,2026-05-07,82.32,No,
921530,223124,2026-05-07,43.37,Yes,2026-05-09
921531,211940,2026-05-07,90.40,No,
921532,208225,2026-05-07,80.77,No,
921533,228545,2026-05-07,110.71,Yes,2026-05-09
921534,201176,2026-05-07,70.05,No,
921535,244755,2026-05-07,92.32,No,
921536,237797,2026-05-07,121.55,No,
921537,236596,2026-05-07,101.44,No,
921538,220198,2026-05-07,56.91,No,
921539,207809,2026-05-07,95.68,No,
921540,209055,2026-05-07,124.14,No,
921541,204068,2026-05-07,140.66,Yes,2026-05-10
921542,201060,2026-05-07,95.74,No,
921543,236316,2026-05-07,128.32,No,
921544,228761,2026-05-07,97.30,No,
921545,209839,2026-05-07,39.57,No,
921546,214225,2026-05-07,88.97,No,
921547,225308,2026-05-07,119.45,No,
921548,217592,2026-05-07,83.89,No,
921549,246581,2026-05-07,51.03,No,
921550,202172,2026-05-07,85.04,No,
921551,213737,2026-05-07,109.28,No,
921552,224184,2026-05-07,74.66,Yes,2026-05-07
921553,227599,2026-05-07,80.49,No,
921554,246864,2026-05-08,99.25,No,
921555,217829,2026-05-08,106.70,Yes,2026-05-09
921556,239128,2026-05-08,63.79,Yes,2026-05-09
921557,213507,2026-05-08,77.29,Yes,2026-05-09
921558,225944,2026-05-08,61.03,Yes,2026-05-11
921559,201862,2026-05-08,94.79,Yes,2026-05-08
921560,200587,2026-05-08,147.13,No,
921561,222534,2026-05-08,106.70,No,
921562,241552,2026-05-08,90.23,No,
921563,238318,2026-05-08,88.24,No,
921564,229117,2026-05-08,65.16,No,
921565,206049,2026-05-08,73.52,No,
921566,237163,2026-05-08,72.83,No,
921567,239509,2026-05-08,133.53,No,
921568,229455,2026-05-08,69.24,No,
921569,218648,2026-05-08,103.10,No,
921570,245726,2026-05-08,36.40,No,
921571,232809,2026-05-08,92.55,No,
921572,243611,2026-05-08,121.47,No,
921573,248062,2026-05-08,56.28,No,
921574,201252,2026-05-08,55.31,No,
921575,221883,2026-05-08,107.47,No,
921576,207160,2026-05-08,108.12,No,
921577,242516,2026-05-08,58.43,No,
921578,223904,2026-05-08,98.61,No,
921579,235581,2026-05-08,106.94,Yes,2026-05-09
921580,224013,2026-05-08,101.47,Yes,2026-05-10
921581,233852,2026-05-08,99.38,Yes,2026-05-11
921582,230685,2026-05-08,103.22,No,
921583,248050,2026-05-08,102.51,No,
921584,204140,2026-05-08,133.63,Yes,2026-05-09
921585,219964,2026-05-08,94.70,Yes,2026-05-10
921586,230021,2026-05-08,64.64,No,
921587,231292,2026-05-08,126.84,No,
921588,218147,2026-05-08,126.32,Yes,2026-05-11
921589,224164,2026-05-08,91.94,No,
921590,201910,2026-05-08,108.61,No,
921591,233983,2026-05-08,83.69,Yes,2026-05-09
921592,233667,2026-05-08,89.78,Yes,2026-05-11
921593,214525,2026-05-08,106.62,Yes,2026-05-08
921594,246317,2026-05-08,94.39,No,
921595,225131,2026-05-08,59.59,No,
921596,242411,2026-05-08,46.36,No,
921597,212763,2026-05-08,103.84,Yes,2026-05-09
921598,220537,2026-05-08,70.61,No,
921599,202108,2026-05-08,116.50,No,
921600,216645,2026-05-08,89.96,No,
921601,228867,2026-05-08,81.34,No,
921602,238042,2026-05-08,93.48,No,
921603,204411,2026-05-08,106.99,Yes,2026-05-10
921604,237639,2026-05-08,98.68,No,
921605,212092,2026-05-08,42.54,No,
921606,240492,2026-05-08,96.53,No,
921607,238992,2026-05-08,72.68,Yes,2026-05-08
921608,246577,2026-05-08,124.92,No,
921609,239112,2026-05-08,89.17,Yes,2026-05-08
921610,207705,2026-05-08,88.87,No,
921611,233251,2026-05-08,94.21,No,
921612,230056,2026-05-08,85.77,No,
921613,229563,2026-05-08,25.17,No,
921614,212083,2026-05-08,75.51,Yes,2026-05-11
921615,203899,2026-05-08,85.01,No,
921616,204382,2026-05-08,75.67,Yes,2026-05-10
921617,237638,2026-05-08,101.22,No,
921618,212019,2026-05-08,125.49,No,
921619,246482,2026-05-08,48.37,Yes,2026-05-09
921620,237182,2026-05-08,81.67,No,
921621,210040,2026-05-08,116.28,Yes,2026-05-11
921622,222656,2026-05-08,69.56,No,
921623,204051,2026-05-08,86.50,Yes,2026-05-10
921624,233047,2026-05-08,118.35,Yes,2026-05-10
921625,219699,2026-05-08,95.39,Yes,2026-05-10
921626,216996,2026-05-08,65.15,No,
921627,208244,2026-05-08,79.55,No,
921628,211550,2026-05-08,86.15,No,
921629,213829,2026-05-08,42.39,Yes,2026-05-11
921630,201446,2026-05-08,125.33,No,
921631,239884,2026-05-08,90.43,No,
921632,224253,2026-05-08,113.01,No,
921633,230340,2026-05-08,100.20,No,
921634,247759,2026-05-08,85.14,No,
921635,229420,2026-05-08,128.11,No,
921636,218147,2026-05-08,109.81,No,
921637,235968,2026-05-08,90.68,No,
921638,203153,2026-05-08,120.92,Yes,2026-05-09
921639,237151,2026-05-08,59.49,No,
921640,200425,2026-05-08,76.36,No,
921641,246671,2026-05-08,136.44,Yes,2026-05-11
921642,246736,2026-05-08,47.14,No,
921643,225998,2026-05-08,86.34,No,
921644,206545,2026-05-08,121.43,No,
921645,216341,2026-05-08,71.40,No,
921646,229102,2026-05-08,20.00,No,
921647,244543,2026-05-08,118.54,Yes,2026-05-11
921648,210753,2026-05-08,126.96,No,
921649,219633,2026-05-08,72.69,Yes,2026-05-11
921650,221345,2026-05-08,68.74,Yes,2026-05-08
921651,238887,2026-05-08,74.99,No,
921652,213768,2026-05-08,46.77,No,
921653,210850,2026-05-08,104.28,Yes,2026-05-10
921654,201002,2026-05-08,64.02,No,
921655,212369,2026-05-08,106.58,No,
921656,227808,2026-05-08,105.52,No,
921657,212629,2026-05-08,69.39,No,
921658,246387,2026-05-08,41.70,No,
921659,214719,2026-05-08,123.19,No,
921660,242199,2026-05-08,104.29,No,
921661,204213,2026-05-08,138.12,No,
921662,216013,2026-05-08,58.57,No,
921663,228603,2026-05-08,93.19,Yes,2026-05-10
921664,217002,2026-05-08,112.07,No,
921665,240505,2026-05-08,95.62,No,
921666,238498,2026-05-08,120.42,No,
921667,215212,2026-05-08,88.47,No,
921668,212102,2026-05-08,90.63,No,
921669,239118,2026-05-08,55.92,No,
921670,223839,2026-05-08,44.67,No,
921671,227667,2026-05-08,82.52,No,
921672,207439,2026-05-08,89.07,No,
921673,217138,2026-05-08,79.99,Yes,2026-05-10
921674,233869,2026-05-08,72.45,No,
921675,248487,2026-05-08,88.46,Yes,2026-05-08
921676,235888,2026-05-08,138.45,No,
921677,203817,2026-05-08,64.92,Yes,2026-05-08
921678,220258,2026-05-08,105.41,No,
921679,216490,2026-05-08,109.72,No,
921680,237345,2026-05-08,89.70,Yes,2026-05-11
921681,217372,2026-05-08,76.30,Yes,2026-05-08
921682,228451,2026-05-08,77.54,Yes,2026-05-08
921683,225542,2026-05-08,135.57,No,
921684,236256,2026-05-08,57.90,No,
921685,246431,2026-05-08,68.25,No,
921686,232224,2026-05-08,79.05,Yes,2026-05-11
921687,214351,2026-05-08,79.15,Yes,2026-05-08
921688,223982,2026-05-08,56.20,No,
921689,229192,2026-05-08,106.94,Yes,2026-05-11
921690,247666,2026-05-08,112.38,Yes,2026-05-11
921691,242290,2026-05-08,80.87,No,
921692,235368,2026-05-08,87.22,No,
921693,220487,2026-05-08,59.85,No,
921694,202843,2026-05-08,73.13,No,
921695,238254,2026-05-08,125.87,No,
921696,221188,2026-05-08,89.41,Yes,2026-05-11
921697,243476,2026-05-08,84.37,No,
921698,218960,2026-05-08,111.55,No,
921699,230127,2026-05-08,76.23,No,
921700,215031,2026-05-08,70.81,No,
921701,233897,2026-05-08,58.65,No,
921702,230578,2026-05-08,96.60,No,
921703,233783,2026-05-08,48.51,Yes,2026-05-10
921704,238675,2026-05-08,83.73,No,
921705,237123,2026-05-08,49.36,No,
921706,241979,2026-05-08,114.68,No,
921707,233543,2026-05-08,42.32,Yes,2026-05-11
921708,204112,2026-05-08,88.71,No,
921709,205792,2026-05-08,94.14,No,
921710,222670,2026-05-08,77.58,No,
921711,229743,2026-05-08,130.92,No,
921712,242005,2026-05-08,100.09,No,
921713,208271,2026-05-08,44.92,No,
921714,223651,2026-05-09,67.31,No,
921715,202989,2026-05-09,75.17,No,
921716,242929,2026-05-09,84.85,No,
921717,227267,2026-05-09,60.32,No,
921718,211861,2026-05-09,112.03,No,
921719,229895,2026-05-09,110.55,Yes,2026-05-11
921720,200307,2026-05-09,112.30,Yes,2026-05-09
921721,221427,2026-05-09,73.51,Yes,2026-05-10
921722,218302,2026-05-09,83.60,Yes,2026-05-11
921723,230880,2026-05-09,34.07,No,
921724,224198,2026-05-09,76.07,No,
921725,213051,2026-05-09,110.76,No,
921726,215136,2026-05-09,45.08,No,
921727,222680,2026-05-09,87.88,No,
921728,236516,2026-05-09,108.21,No,
921729,242502,2026-05-09,114.90,No,
921730,214541,2026-05-09,94.06,Yes,2026-05-10
921731,232282,2026-05-09,87.98,No,
921732,203817,2026-05-09,83.69,No,
921733,244225,2026-05-09,124.10,No,
921734,244674,2026-05-09,34.27,No,
921735,242204,2026-05-09,66.46,No,
921736,221885,2026-05-09,73.56,No,
921737,218892,2026-05-09,98.98,No,
921738,212873,2026-05-09,76.53,No,
921739,238783,2026-05-09,112.88,Yes,2026-05-11
921740,237889,2026-05-09,41.83,Yes,2026-05-12
921741,204691,2026-05-09,111.41,No,
921742,242660,2026-05-09,57.90,Yes,2026-05-10
921743,201158,2026-05-09,70.79,No,
921744,200458,2026-05-09,85.09,No,
921745,240066,2026-05-09,122.27,Yes,2026-05-09
921746,243690,2026-05-09,80.25,No,
921747,218519,2026-05-09,80.11,No,
921748,217961,2026-05-09,53.13,No,
921749,209525,2026-05-09,56.27,No,
921750,233269,2026-05-09,100.72,Yes,2026-05-10
921751,200381,2026-05-09,106.70,No,
921752,231214,2026-05-09,74.07,Yes,2026-05-09
921753,237244,2026-05-09,87.56,Yes,2026-05-10
921754,200492,2026-05-09,110.85,No,
921755,207057,2026-05-09,75.92,No,
921756,221434,2026-05-09,111.77,No,
921757,240411,2026-05-09,72.21,No,
921758,228000,2026-05-09,71.58,Yes,2026-05-09
921759,201637,2026-05-09,103.14,No,
921760,234357,2026-05-09,104.77,No,
921761,210114,2026-05-09,89.09,No,
921762,247738,2026-05-09,63.51,No,
921763,209129,2026-05-09,129.42,No,
921764,204986,2026-05-09,72.93,No,
921765,229907,2026-05-09,65.13,Yes,2026-05-11
921766,245047,2026-05-09,130.21,No,
921767,207473,2026-05-09,54.89,No,
921768,230837,2026-05-09,89.74,No,
921769,202466,2026-05-09,95.86,No,
921770,246701,2026-05-09,61.03,No,
921771,200228,2026-05-09,74.45,No,
921772,247138,2026-05-09,120.79,No,
921773,241283,2026-05-09,105.93,No,
921774,243989,2026-05-09,99.65,No,
921775,230426,2026-05-09,91.22,No,
921776,233434,2026-05-09,96.82,Yes,2026-05-10
921777,207285,2026-05-09,55.85,Yes,2026-05-11
921778,236787,2026-05-09,89.48,No,
921779,216044,2026-05-09,56.14,No,
921780,209172,2026-05-09,58.55,Yes,2026-05-11
921781,220177,2026-05-09,86.19,Yes,2026-05-09
921782,236574,2026-05-09,98.03,No,
921783,208658,2026-05-09,45.35,Yes,2026-05-11
921784,208386,2026-05-09,96.98,Yes,2026-05-09
921785,239956,2026-05-09,74.47,No,
921786,218174,2026-05-09,97.98,No,
921787,242694,2026-05-09,116.87,No,
921788,214809,2026-05-09,122.89,No,
921789,228627,2026-05-09,101.90,No,
921790,209772,2026-05-09,103.49,No,
921791,208006,2026-05-09,72.59,No,
921792,223033,2026-05-09,20.00,No,
921793,230427,2026-05-09,81.35,No,
921794,238981,2026-05-09,90.17,No,
921795,247020,2026-05-09,68.37,No,
921796,205577,2026-05-09,93.91,No,
921797,214960,2026-05-09,91.29,No,
921798,243981,2026-05-09,109.75,No,
921799,204141,2026-05-09,133.93,No,
921800,207054,2026-05-09,89.64,No,
921801,201069,2026-05-09,70.73,No,
921802,211832,2026-05-09,111.47,No,
921803,225378,2026-05-09,87.99,Yes,2026-05-12
921804,224455,2026-05-09,113.82,No,
921805,207777,2026-05-09,99.63,No,
921806,224652,2026-05-09,127.59,No,
921807,245439,2026-05-09,78.39,No,
921808,212488,2026-05-09,75.08,No,
921809,228392,2026-05-09,73.40,No,
921810,239950,2026-05-09,90.38,No,
921811,227026,2026-05-09,91.05,No,
921812,237677,2026-05-09,79.06,No,
921813,243179,2026-05-09,55.26,No,
921814,211994,2026-05-09,71.88,No,
921815,215235,2026-05-09,89.54,No,
921816,214342,2026-05-09,89.64,Yes,2026-05-09
921817,213459,2026-05-09,97.18,No,
921818,234823,2026-05-09,120.18,Yes,2026-05-11
921819,216071,2026-05-09,149.74,Yes,2026-05-12
921820,203482,2026-05-09,63.52,No,
921821,217494,2026-05-09,56.95,Yes,2026-05-10
921822,224992,2026-05-09,113.67,Yes,2026-05-09
921823,229960,2026-05-09,71.00,Yes,2026-05-11
921824,245759,2026-05-09,34.98,Yes,2026-05-09
921825,215554,2026-05-09,90.44,No,
921826,244752,2026-05-09,72.55,No,
921827,235258,2026-05-09,150.51,No,
921828,201196,2026-05-09,138.84,No,
921829,211276,2026-05-09,55.60,No,
921830,205807,2026-05-09,86.57,No,
921831,221413,2026-05-09,127.56,No,
921832,239814,2026-05-09,59.79,No,
921833,222824,2026-05-09,96.50,No,
921834,204316,2026-05-09,114.90,No,
921835,230724,2026-05-09,72.34,Yes,2026-05-09
921836,235841,2026-05-09,68.76,No,
921837,224651,2026-05-09,67.24,No,
921838,204004,2026-05-09,77.31,No,
921839,205581,2026-05-09,131.76,No,
921840,247988,2026-05-09,70.02,Yes,2026-05-10
921841,205668,2026-05-09,100.83,No,
921842,210678,2026-05-09,127.28,Yes,2026-05-10
921843,248248,2026-05-09,83.10,No,
921844,231366,2026-05-09,68.71,Yes,2026-05-09
921845,236031,2026-05-09,72.20,No,
921846,223595,2026-05-09,80.49,No,
921847,203637,2026-05-09,77.51,No,
921848,201149,2026-05-09,83.47,No,
921849,214827,2026-05-09,116.02,Yes,2026-05-12
921850,241965,2026-05-09,82.53,No,
921851,219302,2026-05-09,136.70,No,
921852,244207,2026-05-09,29.04,No,
921853,202223,2026-05-09,70.60,No,
921854,229451,2026-05-09,120.07,No,
921855,215424,2026-05-09,88.07,No,
921856,200303,2026-05-09,72.35,No,
921857,233896,2026-05-09,70.79,No,
921858,209855,2026-05-09,119.40,No,
921859,213830,2026-05-09,65.58,No,
921860,209707,2026-05-09,79.05,No,
921861,237380,2026-05-09,119.47,No,
921862,214134,2026-05-09,107.40,No,
921863,219913,2026-05-09,77.15,No,
921864,201809,2026-05-09,126.90,Yes,2026-05-12
921865,202912,2026-05-09,89.68,No,
921866,214525,2026-05-09,64.19,No,
921867,221568,2026-05-09,59.62,No,
921868,207532,2026-05-09,98.92,Yes,2026-05-12
921869,232251,2026-05-09,25.08,No,
921870,237548,2026-05-09,54.05,No,
921871,242674,2026-05-09,82.09,No,
921872,237045,2026-05-10,117.78,No,
921873,227517,2026-05-10,38.58,Yes,2026-05-13
921874,212363,2026-05-10,101.55,No,
921875,207018,2026-05-10,99.71,No,
921876,234846,2026-05-10,95.43,No,
921877,245591,2026-05-10,84.45,Yes,2026-05-13
921878,224210,2026-05-10,65.90,No,
921879,227982,2026-05-10,88.70,No,
921880,241921,2026-05-10,20.00,No,
921881,209506,2026-05-10,114.16,No,
921882,205164,2026-05-10,48.28,No,
921883,232691,2026-05-10,118.40,No,
921884,230510,2026-05-10,85.13,No,
921885,200511,2026-05-10,77.34,No,
921886,221693,2026-05-10,66.31,No,
921887,203255,2026-05-10,74.67,No,
921888,230719,2026-05-10,90.08,No,
921889,227066,2026-05-10,45.98,No,
921890,233337,2026-05-10,103.70,Yes,2026-05-13
921891,208452,2026-05-10,57.91,No,
921892,245168,2026-05-10,76.13,No,
921893,228662,2026-05-10,56.80,No,
921894,238219,2026-05-10,54.99,No,
921895,208735,2026-05-10,86.84,Yes,2026-05-10
921896,223738,2026-05-10,82.57,No,
921897,236323,2026-05-10,100.21,Yes,2026-05-12
921898,229625,2026-05-10,100.96,Yes,2026-05-11
921899,207511,2026-05-10,86.64,No,
921900,230237,2026-05-10,68.27,No,
921901,237424,2026-05-10,55.49,Yes,2026-05-11
921902,226813,2026-05-10,40.33,No,
921903,213767,2026-05-10,108.53,No,
921904,205244,2026-05-10,28.58,No,
921905,239428,2026-05-10,57.86,No,
921906,208071,2026-05-10,79.62,Yes,2026-05-12
921907,205825,2026-05-10,105.34,Yes,2026-05-11
921908,233750,2026-05-10,98.65,Yes,2026-05-12
921909,235130,2026-05-10,111.97,No,
921910,243722,2026-05-10,64.26,Yes,2026-05-11
921911,204582,2026-05-10,66.53,No,
921912,235588,2026-05-10,59.41,No,
921913,241540,2026-05-10,132.39,No,
921914,200933,2026-05-10,79.07,No,
921915,242579,2026-05-10,88.88,No,
921916,243733,2026-05-10,77.88,No,
921917,243435,2026-05-10,82.60,No,
921918,229223,2026-05-10,77.14,Yes,2026-05-12
921919,248389,2026-05-10,97.69,No,
921920,229142,2026-05-10,44.61,Yes,2026-05-10
921921,209315,2026-05-10,44.99,No,
921922,247101,2026-05-10,73.75,No,
921923,221212,2026-05-10,61.59,Yes,2026-05-10
921924,212176,2026-05-10,79.74,No,
921925,228553,2026-05-10,59.27,No,
921926,201341,2026-05-10,85.76,No,
921927,237639,2026-05-10,52.07,Yes,2026-05-11
921928,233817,2026-05-10,89.19,Yes,2026-05-13
921929,247975,2026-05-10,76.49,No,
921930,212338,2026-05-10,109.26,No,
921931,228060,2026-05-10,149.19,Yes,2026-05-11
921932,241734,2026-05-10,111.44,No,
921933,229957,2026-05-10,71.37,No,
921934,207660,2026-05-10,103.99,Yes,2026-05-12
921935,244246,2026-05-10,91.79,Yes,2026-05-10
921936,243371,2026-05-10,124.22,No,
921937,237877,2026-05-10,69.73,Yes,2026-05-12
921938,218372,2026-05-10,85.69,No,
921939,236714,2026-05-10,86.28,No,
921940,237176,2026-05-10,77.49,No,
921941,208174,2026-05-10,85.27,No,
921942,228123,2026-05-10,97.59,No,
921943,219918,2026-05-10,97.61,No,
921944,214861,2026-05-10,63.15,No,
921945,233570,2026-05-10,79.05,Yes,2026-05-13
921946,224364,2026-05-10,83.58,No,
921947,248191,2026-05-10,54.63,No,
921948,204128,2026-05-10,116.30,No,
921949,243184,2026-05-10,87.17,No,
921950,238010,2026-05-10,68.23,No,
921951,220244,2026-05-10,123.53,No,
921952,220279,2026-05-10,53.17,No,
921953,248474,2026-05-10,76.06,No,
921954,206685,2026-05-10,95.81,Yes,2026-05-11
921955,223691,2026-05-10,105.22,No,
921956,217801,2026-05-10,87.58,No,
921957,206276,2026-05-10,51.58,Yes,2026-05-12
921958,245765,2026-05-10,92.44,Yes,2026-05-10
921959,243551,2026-05-10,108.50,No,
921960,208221,2026-05-10,78.09,Yes,2026-05-13
921961,204512,2026-05-10,60.46,No,
921962,230075,2026-05-10,64.66,No,
921963,231825,2026-05-10,84.42,No,
921964,231146,2026-05-10,86.14,No,
921965,233290,2026-05-10,91.54,No,
921966,228332,2026-05-10,39.70,Yes,2026-05-12
921967,217239,2026-05-10,84.76,No,
921968,208263,2026-05-10,104.23,No,
921969,206009,2026-05-10,71.78,Yes,2026-05-13
921970,217499,2026-05-10,103.01,Yes,2026-05-11
921971,237169,2026-05-10,55.70,No,
921972,215540,2026-05-10,58.65,Yes,2026-05-13
921973,219635,2026-05-10,106.38,No,
921974,237751,2026-05-10,110.56,No,
921975,239090,2026-05-10,71.63,No,
921976,239196,2026-05-10,82.65,No,
921977,231968,2026-05-10,125.04,No,
921978,235943,2026-05-10,113.93,No,
921979,244948,2026-05-10,125.17,No,
921980,216302,2026-05-10,79.71,No,
921981,242347,2026-05-10,74.60,No,
921982,228319,2026-05-10,31.92,Yes,2026-05-13
921983,227568,2026-05-10,50.84,No,
921984,229544,2026-05-10,82.76,Yes,2026-05-11
921985,210579,2026-05-10,108.88,No,
921986,202786,2026-05-10,87.43,No,
921987,219545,2026-05-10,103.87,No,
921988,237917,2026-05-10,96.92,Yes,2026-05-13
921989,214130,2026-05-10,109.99,Yes,2026-05-13
921990,219981,2026-05-10,58.81,No,
921991,220383,2026-05-10,137.67,No,
921992,222148,2026-05-10,82.80,No,
921993,245917,2026-05-10,95.81,No,
921994,203899,2026-05-10,60.06,No,
921995,229259,2026-05-10,80.82,No,
921996,246304,2026-05-10,75.83,No,
921997,237370,2026-05-10,80.28,No,
921998,216614,2026-05-10,71.11,No,
921999,241870,2026-05-10,43.03,No,
922000,246772,2026-05-10,78.58,Yes,2026-05-10
922001,208466,2026-05-10,84.51,Yes,2026-05-13
922002,202460,2026-05-10,84.54,Yes,2026-05-11
922003,245801,2026-05-10,48.56,No,
922004,222444,2026-05-10,63.34,No,
922005,229404,2026-05-10,83.54,No,
922006,233421,2026-05-10,85.31,No,
922007,237887,2026-05-10,78.77,Yes,2026-05-12
922008,205940,2026-05-10,131.35,Yes,2026-05-12
922009,220330,2026-05-10,106.60,No,
922010,210206,2026-05-10,99.74,No,
922011,235590,2026-05-10,69.66,No,
922012,220994,2026-05-10,116.71,No,
922013,200715,2026-05-10,81.94,No,
922014,233715,2026-05-10,31.46,No,
922015,202913,2026-05-10,53.48,No,
922016,240661,2026-05-10,96.16,Yes,2026-05-11
922017,200541,2026-05-10,79.98,No,
922018,243569,2026-05-10,57.64,No,
922019,246066,2026-05-10,69.97,Yes,2026-05-10
922020,233319,2026-05-10,133.51,No,
922021,211295,2026-05-10,75.03,No,
922022,236638,2026-05-10,43.79,Yes,2026-05-12
922023,213721,2026-05-10,34.71,Yes,2026-05-12
922024,200791,2026-05-10,92.34,No,
922025,222006,2026-05-10,98.39,No,
922026,237236,2026-05-10,123.67,No,
922027,202503,2026-05-10,92.76,No,
922028,232247,2026-05-10,86.80,No,
922029,222919,2026-05-10,93.43,No,
922030,210453,2026-05-10,150.75,Yes,2026-05-10
922031,248378,2026-05-10,60.95,Yes,2026-05-10
922032,204967,2026-05-10,130.64,Yes,2026-05-13
922033,245259,2026-05-10,91.30,No,
922034,223098,2026-05-11,64.57,No,
922035,240020,2026-05-11,90.17,No,
922036,220055,2026-05-11,64.53,No,
922037,236462,2026-05-11,86.06,Yes,2026-05-14
922038,207452,2026-05-11,100.26,No,
922039,243803,2026-05-11,81.19,No,
922040,235640,2026-05-11,111.80,Yes,2026-05-12
922041,236393,2026-05-11,106.19,No,
922042,225419,2026-05-11,87.23,No,
922043,232360,2026-05-11,63.45,No,
922044,216294,2026-05-11,78.27,No,
922045,207948,2026-05-11,91.26,No,
922046,224960,2026-05-11,36.99,No,
922047,214562,2026-05-11,58.02,No,
922048,232181,2026-05-11,61.20,No,
922049,208339,2026-05-11,78.33,Yes,2026-05-12
922050,209560,2026-05-11,95.48,Yes,2026-05-12
922051,220042,2026-05-11,61.83,Yes,2026-05-13
922052,234356,2026-05-11,63.32,No,
922053,246828,2026-05-11,90.65,No,
922054,241408,2026-05-11,57.91,No,
922055,221831,2026-05-11,99.38,No,
922056,237881,2026-05-11,95.41,No,
922057,215675,2026-05-11,87.94,No,
922058,203800,2026-05-11,142.37,No,
922059,241231,2026-05-11,80.77,No,
922060,201303,2026-05-11,79.73,No,
922061,244672,2026-05-11,105.62,No,
922062,227634,2026-05-11,76.30,No,
922063,207893,2026-05-11,71.09,No,
922064,233435,2026-05-11,72.97,No,
922065,224112,2026-05-11,134.09,No,
922066,231239,2026-05-11,70.42,No,
922067,217355,2026-05-11,77.13,No,
922068,204577,2026-05-11,95.37,No,
922069,205143,2026-05-11,91.65,No,
922070,230886,2026-05-11,114.73,No,
922071,216050,2026-05-11,111.66,No,
922072,235298,2026-05-11,84.87,No,
922073,213221,2026-05-11,158.37,No,
922074,234538,2026-05-11,84.39,No,
922075,202777,2026-05-11,69.72,No,
922076,244354,2026-05-11,51.32,No,
922077,208645,2026-05-11,92.64,No,
922078,210873,2026-05-11,128.90,No,
922079,237609,2026-05-11,115.91,No,
922080,223167,2026-05-11,127.65,No,
922081,247403,2026-05-11,66.76,No,
922082,207622,2026-05-11,79.88,No,
922083,247286,2026-05-11,125.24,No,
922084,227402,2026-05-11,104.40,No,
922085,211727,2026-05-11,55.43,No,
922086,215261,2026-05-11,28.19,No,
922087,221227,2026-05-11,85.86,Yes,2026-05-13
922088,215716,2026-05-11,89.88,No,
922089,211577,2026-05-11,90.81,No,
922090,206681,2026-05-11,89.88,No,
922091,222110,2026-05-11,117.44,No,
922092,200331,2026-05-11,65.24,No,
922093,209486,2026-05-11,73.65,Yes,2026-05-11
922094,216268,2026-05-11,132.08,No,
922095,215669,2026-05-11,71.34,No,
922096,224627,2026-05-11,93.63,No,
922097,210916,2026-05-11,100.35,No,
922098,203713,2026-05-11,95.60,No,
922099,229979,2026-05-11,88.18,No,
922100,205381,2026-05-11,103.04,No,
922101,223915,2026-05-11,84.98,No,
922102,228732,2026-05-11,44.99,No,
922103,223398,2026-05-11,69.24,No,
922104,209446,2026-05-11,33.64,No,
922105,215546,2026-05-11,100.83,Yes,2026-05-13
922106,232816,2026-05-11,82.52,Yes,2026-05-12
922107,222972,2026-05-11,86.08,Yes,2026-05-12
922108,204955,2026-05-11,134.55,No,
922109,217895,2026-05-11,55.34,Yes,2026-05-12
922110,241658,2026-05-11,66.94,No,
922111,211744,2026-05-11,98.98,No,
922112,214595,2026-05-11,91.02,Yes,2026-05-11
922113,216944,2026-05-11,106.31,No,
922114,231131,2026-05-11,27.65,Yes,2026-05-14
922115,239471,2026-05-11,132.94,No,
922116,233783,2026-05-11,33.87,No,
922117,226151,2026-05-11,59.87,Yes,2026-05-11
922118,209178,2026-05-11,83.33,Yes,2026-05-14
922119,239919,2026-05-11,58.36,Yes,2026-05-13
922120,205240,2026-05-11,53.89,No,
922121,218830,2026-05-11,63.38,No,
922122,226414,2026-05-11,71.60,No,
922123,244818,2026-05-11,62.33,No,
922124,204785,2026-05-11,94.64,No,
922125,239889,2026-05-11,97.70,No,
922126,215325,2026-05-11,148.90,No,
922127,245706,2026-05-11,38.23,No,
922128,237606,2026-05-11,64.19,Yes,2026-05-12
922129,208898,2026-05-11,120.06,No,
922130,225633,2026-05-11,95.28,No,
922131,228022,2026-05-11,141.79,No,
922132,234142,2026-05-11,93.16,No,
922133,226147,2026-05-11,109.11,No,
922134,240289,2026-05-11,83.00,Yes,2026-05-13
922135,232716,2026-05-11,49.44,No,
922136,200265,2026-05-11,114.84,No,
922137,213701,2026-05-11,121.21,Yes,2026-05-14
922138,206038,2026-05-11,85.02,No,
922139,212211,2026-05-11,60.48,No,
922140,232987,2026-05-11,109.35,Yes,2026-05-14
922141,241014,2026-05-11,61.02,No,
922142,213797,2026-05-11,73.55,No,
922143,240422,2026-05-11,91.94,No,
922144,236974,2026-05-11,92.44,No,
922145,213465,2026-05-11,119.79,No,
922146,201831,2026-05-11,86.84,No,
922147,200462,2026-05-11,86.33,No,
922148,203025,2026-05-11,52.01,No,
922149,226923,2026-05-11,99.33,No,
922150,226878,2026-05-11,33.58,No,
922151,208338,2026-05-11,116.72,No,
922152,224813,2026-05-11,97.90,Yes,2026-05-12
922153,214554,2026-05-11,91.93,No,
922154,210891,2026-05-11,122.00,No,
922155,209703,2026-05-11,53.01,No,
922156,213768,2026-05-11,86.81,No,
922157,239622,2026-05-11,109.81,Yes,2026-05-14
922158,217724,2026-05-11,28.09,Yes,2026-05-12
922159,241084,2026-05-11,70.18,No,
922160,209714,2026-05-11,115.79,No,
922161,202183,2026-05-11,101.23,No,
922162,212911,2026-05-11,83.25,No,
922163,221491,2026-05-11,97.03,No,
922164,234191,2026-05-11,49.41,No,
922165,217273,2026-05-11,92.51,No,
922166,229113,2026-05-11,132.01,No,
922167,222491,2026-05-11,68.08,No,
922168,240533,2026-05-11,100.91,No,
922169,207828,2026-05-11,65.10,No,
922170,232292,2026-05-11,103.91,No,
922171,227178,2026-05-11,82.98,No,
922172,218058,2026-05-11,72.36,No,
922173,229048,2026-05-11,86.58,No,
922174,228820,2026-05-11,108.39,No,
922175,244242,2026-05-11,97.64,Yes,2026-05-11
922176,214729,2026-05-11,65.79,Yes,2026-05-13
922177,241260,2026-05-11,90.79,Yes,2026-05-13
922178,200199,2026-05-11,87.94,Yes,2026-05-14
922179,215345,2026-05-11,119.51,Yes,2026-05-13
922180,229319,2026-05-11,119.90,Yes,2026-05-12
922181,228883,2026-05-11,86.93,No,
922182,212712,2026-05-11,90.30,No,
922183,243361,2026-05-11,87.13,No,
922184,211369,2026-05-11,60.08,No,
922185,211171,2026-05-11,88.12,No,
922186,236554,2026-05-12,75.49,No,
922187,223722,2026-05-12,106.98,No,
922188,203786,2026-05-12,98.36,No,
922189,241288,2026-05-12,74.30,No,
922190,225987,2026-05-12,96.20,Yes,2026-05-13
922191,215238,2026-05-12,62.54,No,
922192,242984,2026-05-12,70.10,No,
922193,216650,2026-05-12,63.39,No,
922194,223734,2026-05-12,103.25,No,
922195,215273,2026-05-12,87.80,No,
922196,241523,2026-05-12,64.05,No,
922197,236251,2026-05-12,101.50,No,
922198,230253,2026-05-12,78.63,No,
922199,225293,2026-05-12,89.91,Yes,2026-05-13
922200,207290,2026-05-12,52.71,Yes,2026-05-12
922201,214269,2026-05-12,75.07,No,
922202,235971,2026-05-12,109.76,Yes,2026-05-12
922203,228153,2026-05-12,52.39,No,
922204,211676,2026-05-12,68.66,No,
922205,219931,2026-05-12,51.02,Yes,2026-05-13
922206,217085,2026-05-12,107.55,No,
922207,246307,2026-05-12,74.05,No,
922208,215892,2026-05-12,95.57,No,
922209,237773,2026-05-12,103.93,No,
922210,243956,2026-05-12,97.21,No,
922211,204184,2026-05-12,130.17,No,
922212,203807,2026-05-12,50.60,No,
922213,230847,2026-05-12,101.53,No,
922214,234830,2026-05-12,71.94,No,
922215,238409,2026-05-12,124.40,No,
922216,229461,2026-05-12,67.09,No,
922217,239130,2026-05-12,94.27,No,
922218,238774,2026-05-12,121.54,No,
922219,235012,2026-05-12,76.01,No,
922220,240971,2026-05-12,47.43,No,
922221,227496,2026-05-12,100.30,No,
922222,232634,2026-05-12,103.53,No,
922223,246912,2026-05-12,53.30,No,
922224,225805,2026-05-12,24.51,No,
922225,213566,2026-05-12,83.67,No,
922226,247340,2026-05-12,25.73,No,
922227,237992,2026-05-12,88.23,No,
922228,222726,2026-05-12,55.64,No,
922229,226980,2026-05-12,62.65,No,
922230,230507,2026-05-12,69.92,No,
922231,225484,2026-05-12,132.66,No,
922232,222698,2026-05-12,105.86,No,
922233,200033,2026-05-12,55.26,Yes,2026-05-14
922234,214135,2026-05-12,112.01,No,
922235,232262,2026-05-12,112.84,No,
922236,238571,2026-05-12,123.80,No,
922237,224918,2026-05-12,112.30,Yes,2026-05-13
922238,232937,2026-05-12,60.93,No,
922239,200331,2026-05-12,87.76,No,
922240,236617,2026-05-12,128.41,No,
922241,245937,2026-05-12,107.73,No,
922242,221916,2026-05-12,58.95,No,
922243,220390,2026-05-12,94.80,No,
922244,201886,2026-05-12,89.87,No,
922245,248407,2026-05-12,105.21,No,
922246,205119,2026-05-12,98.81,No,
922247,232773,2026-05-12,79.00,No,
922248,241597,2026-05-12,66.87,No,
922249,224546,2026-05-12,46.03,No,
922250,213722,2026-05-12,105.65,No,
922251,234628,2026-05-12,90.69,No,
922252,201336,2026-05-12,78.82,No,
922253,233710,2026-05-12,71.09,No,
922254,204402,2026-05-12,105.75,No,
922255,246104,2026-05-12,134.13,No,
922256,204406,2026-05-12,75.35,No,
922257,204531,2026-05-12,28.89,No,
922258,218030,2026-05-12,93.82,No,
922259,227868,2026-05-12,76.95,No,
922260,218308,2026-05-12,91.89,No,
922261,236092,2026-05-12,100.13,No,
922262,203591,2026-05-12,105.80,No,
922263,242633,2026-05-12,55.78,Yes,2026-05-14
922264,242381,2026-05-12,80.41,Yes,2026-05-12
922265,238987,2026-05-12,110.95,Yes,2026-05-12
922266,222568,2026-05-12,69.08,No,
922267,245780,2026-05-12,92.49,No,
922268,224496,2026-05-12,79.36,Yes,2026-05-14
922269,200381,2026-05-12,35.82,No,
922270,238800,2026-05-12,93.70,No,
922271,209110,2026-05-12,54.40,No,
922272,227248,2026-05-12,69.14,Yes,2026-05-13
922273,221745,2026-05-12,107.31,Yes,2026-05-12
922274,228276,2026-05-12,70.35,No,
922275,215414,2026-05-12,97.15,No,
922276,213731,2026-05-12,119.79,No,
922277,205029,2026-05-12,105.09,No,
922278,223346,2026-05-12,89.46,No,
922279,246514,2026-05-12,40.72,No,
922280,201434,2026-05-12,77.16,No,
922281,248109,2026-05-12,72.27,Yes,2026-05-12
922282,226672,2026-05-12,50.88,Yes,2026-05-12
922283,214874,2026-05-12,75.78,No,
922284,206849,2026-05-12,58.66,No,
922285,225975,2026-05-12,62.42,Yes,2026-05-14
922286,218978,2026-05-12,20.00,No,
922287,240016,2026-05-12,68.79,No,
922288,247567,2026-05-12,65.58,No,
922289,207664,2026-05-12,72.79,No,
922290,221261,2026-05-12,107.59,No,
922291,222457,2026-05-12,79.09,No,
922292,245689,2026-05-12,59.23,No,
922293,245127,2026-05-12,60.73,No,
922294,243815,2026-05-12,90.09,No,
922295,244869,2026-05-12,54.00,No,
922296,237919,2026-05-12,75.36,No,
922297,237542,2026-05-12,68.79,No,
922298,215021,2026-05-12,143.84,No,
922299,202382,2026-05-12,84.14,No,
922300,232223,2026-05-12,42.25,Yes,2026-05-12
922301,209016,2026-05-12,111.79,No,
922302,239458,2026-05-12,43.01,No,
922303,213668,2026-05-12,90.07,No,
922304,233225,2026-05-12,68.16,No,
922305,207541,2026-05-12,74.86,No,
922306,242267,2026-05-12,90.45,No,
922307,222766,2026-05-12,70.36,No,
922308,244672,2026-05-12,59.86,No,
922309,238816,2026-05-12,94.02,No,
922310,218095,2026-05-12,77.88,Yes,2026-05-14
922311,214810,2026-05-12,81.03,No,
922312,201876,2026-05-12,123.17,No,
922313,237066,2026-05-12,74.70,No,
922314,243502,2026-05-12,84.59,No,
922315,237450,2026-05-12,103.80,No,
922316,231015,2026-05-12,102.76,No,
922317,203927,2026-05-12,82.94,No,
922318,231879,2026-05-12,99.12,No,
922319,236095,2026-05-12,55.76,No,
922320,227351,2026-05-12,116.15,No,
922321,245175,2026-05-12,45.28,No,
922322,213981,2026-05-12,97.51,No,
922323,231034,2026-05-12,97.66,No,
922324,218909,2026-05-12,83.45,No,
922325,229828,2026-05-12,61.86,No,
922326,215466,2026-05-12,103.98,No,
922327,239468,2026-05-12,83.36,Yes,2026-05-13
922328,248303,2026-05-12,109.28,No,
922329,225465,2026-05-12,99.62,No,
922330,222888,2026-05-12,108.51,Yes,2026-05-13
922331,242435,2026-05-13,84.49,No,
922332,210302,2026-05-13,87.92,No,
922333,247669,2026-05-13,113.74,No,
922334,221094,2026-05-13,123.89,No,
922335,245749,2026-05-13,152.79,No,
922336,200313,2026-05-13,78.94,No,
922337,243417,2026-05-13,103.14,Yes,2026-05-13
922338,218175,2026-05-13,103.24,No,
922339,236960,2026-05-13,86.83,No,
922340,234884,2026-05-13,77.97,Yes,2026-05-14
922341,221880,2026-05-13,88.86,No,
922342,225305,2026-05-13,42.09,No,
922343,243940,2026-05-13,117.54,No,
922344,223490,2026-05-13,57.22,No,
922345,230347,2026-05-13,121.32,No,
922346,223748,2026-05-13,59.70,No,
922347,247129,2026-05-13,72.04,No,
922348,220287,2026-05-13,98.49,Yes,2026-05-13
922349,241926,2026-05-13,99.63,No,
922350,231378,2026-05-13,47.52,No,
922351,200586,2026-05-13,112.78,No,
922352,240774,2026-05-13,91.95,No,
922353,236740,2026-05-13,124.10,No,
922354,229961,2026-05-13,50.97,No,
922355,241409,2026-05-13,143.68,No,
922356,206816,2026-05-13,85.16,No,
922357,222963,2026-05-13,84.25,No,
922358,205764,2026-05-13,105.60,No,
922359,244221,2026-05-13,95.04,No,
922360,202731,2026-05-13,116.85,No,
922361,247182,2026-05-13,41.94,No,
922362,217814,2026-05-13,24.36,No,
922363,203496,2026-05-13,99.57,No,
922364,234044,2026-05-13,116.74,No,
922365,246468,2026-05-13,64.45,Yes,2026-05-13
922366,213765,2026-05-13,76.34,No,
922367,205285,2026-05-13,118.68,No,
922368,240448,2026-05-13,85.54,No,
922369,218402,2026-05-13,121.45,Yes,2026-05-13
922370,228743,2026-05-13,92.25,No,
922371,242591,2026-05-13,56.63,No,
922372,246366,2026-05-13,108.44,No,
922373,229190,2026-05-13,100.65,No,
922374,239095,2026-05-13,86.86,No,
922375,204299,2026-05-13,114.60,No,
922376,245720,2026-05-13,104.86,No,
922377,208238,2026-05-13,83.59,No,
922378,214967,2026-05-13,74.47,No,
922379,212403,2026-05-13,95.25,No,
922380,248408,2026-05-13,67.22,No,
922381,208906,2026-05-13,41.58,No,
922382,237902,2026-05-13,107.24,No,
922383,227926,2026-05-13,83.02,No,
922384,234796,2026-05-13,94.65,No,
922385,226388,2026-05-13,93.32,No,
922386,234054,2026-05-13,113.19,No,
922387,238391,2026-05-13,93.98,Yes,2026-05-14
922388,215827,2026-05-13,90.42,No,
922389,233822,2026-05-13,63.85,No,
922390,208298,2026-05-13,91.50,Yes,2026-05-13
922391,220938,2026-05-13,76.64,No,
922392,225771,2026-05-13,108.39,No,
922393,215365,2026-05-13,68.85,No,
922394,246662,2026-05-13,78.18,No,
922395,210905,2026-05-13,103.83,No,
922396,208308,2026-05-13,96.00,Yes,2026-05-13
922397,209570,2026-05-13,110.16,No,
922398,237984,2026-05-13,93.77,No,
922399,230787,2026-05-13,50.28,No,
922400,224277,2026-05-13,80.87,No,
922401,218216,2026-05-13,32.79,No,
922402,242927,2026-05-13,90.67,No,
922403,247785,2026-05-13,92.07,No,
922404,247972,2026-05-13,80.79,No,
922405,223135,2026-05-13,77.56,Yes,2026-05-14
922406,225743,2026-05-13,92.24,No,
922407,206623,2026-05-13,81.85,Yes,2026-05-14
922408,208066,2026-05-13,99.80,No,
922409,229213,2026-05-13,64.57,No,
922410,236980,2026-05-13,91.91,No,
922411,202311,2026-05-13,104.80,No,
922412,235255,2026-05-13,113.19,No,
922413,226161,2026-05-13,74.37,No,
922414,242055,2026-05-13,76.96,Yes,2026-05-13
922415,241324,2026-05-13,111.37,No,
922416,221001,2026-05-13,83.31,No,
922417,233292,2026-05-13,74.78,Yes,2026-05-13
922418,238744,2026-05-13,85.06,Yes,2026-05-13
922419,206711,2026-05-13,64.24,No,
922420,243842,2026-05-13,91.56,No,
922421,248485,2026-05-13,85.26,Yes,2026-05-13
922422,233504,2026-05-13,73.82,No,
922423,225454,2026-05-13,55.67,No,
922424,212748,2026-05-13,164.95,Yes,2026-05-14
922425,209819,2026-05-13,101.39,Yes,2026-05-13
922426,223672,2026-05-13,106.37,No,
922427,243184,2026-05-13,96.31,No,
922428,226722,2026-05-13,76.30,No,
922429,247407,2026-05-13,88.57,No,
922430,212177,2026-05-13,94.53,No,
922431,208630,2026-05-13,69.50,No,
922432,228446,2026-05-13,74.37,No,
922433,236018,2026-05-13,92.10,No,
922434,229706,2026-05-13,81.18,No,
922435,237056,2026-05-13,95.53,No,
922436,205778,2026-05-13,69.59,No,
922437,208108,2026-05-13,76.98,No,
922438,203119,2026-05-13,107.09,No,
922439,228788,2026-05-13,81.25,No,
922440,221769,2026-05-13,80.38,No,
922441,217079,2026-05-13,90.48,No,
922442,235324,2026-05-13,89.36,No,
922443,204734,2026-05-13,89.72,No,
922444,223306,2026-05-13,83.60,No,
922445,206669,2026-05-13,74.39,No,
922446,229529,2026-05-13,69.09,No,
922447,225027,2026-05-13,89.06,Yes,2026-05-14
922448,216681,2026-05-13,75.61,No,
922449,204030,2026-05-13,98.94,No,
922450,219920,2026-05-13,80.00,No,
922451,225531,2026-05-13,128.46,No,
922452,227387,2026-05-13,90.69,No,
922453,247855,2026-05-13,58.34,Yes,2026-05-13
922454,231905,2026-05-13,76.77,No,
922455,213978,2026-05-13,92.16,No,
922456,235366,2026-05-13,25.40,No,
922457,236836,2026-05-13,46.24,Yes,2026-05-13
922458,228630,2026-05-13,93.61,No,
922459,226256,2026-05-13,95.90,No,
922460,217663,2026-05-13,135.95,No,
922461,233924,2026-05-13,89.30,Yes,2026-05-14
922462,235940,2026-05-13,53.76,No,
922463,223729,2026-05-13,77.61,No,
922464,229617,2026-05-13,107.92,Yes,2026-05-14
922465,221065,2026-05-13,86.57,Yes,2026-05-13
922466,217004,2026-05-13,84.98,No,
922467,204128,2026-05-13,72.54,No,
922468,228761,2026-05-13,105.91,No,
922469,233533,2026-05-13,72.56,No,
922470,220723,2026-05-13,89.26,No,
922471,220042,2026-05-13,90.25,No,
922472,232474,2026-05-13,103.83,No,
922473,211794,2026-05-13,77.36,No,
922474,212008,2026-05-13,59.69,No,
922475,240895,2026-05-13,41.32,No,
922476,210676,2026-05-13,107.30,No,
922477,228633,2026-05-13,104.34,No,
922478,203881,2026-05-14,98.80,No,
922479,228933,2026-05-14,89.75,No,
922480,202203,2026-05-14,80.95,Yes,2026-05-14
922481,211523,2026-05-14,99.61,No,
922482,235440,2026-05-14,77.80,No,
922483,212710,2026-05-14,57.73,No,
922484,248441,2026-05-14,88.38,No,
922485,232023,2026-05-14,89.55,No,
922486,219759,2026-05-14,81.51,No,
922487,237268,2026-05-14,125.66,No,
922488,220839,2026-05-14,66.38,No,
922489,203663,2026-05-14,69.19,No,
922490,201245,2026-05-14,88.42,No,
922491,207849,2026-05-14,65.49,No,
922492,229387,2026-05-14,89.65,Yes,2026-05-14
922493,232523,2026-05-14,96.50,No,
922494,204458,2026-05-14,82.94,No,
922495,247865,2026-05-14,46.18,No,
922496,222984,2026-05-14,112.83,No,
922497,200288,2026-05-14,113.23,No,
922498,224476,2026-05-14,77.83,No,
922499,201880,2026-05-14,57.32,No,
922500,223851,2026-05-14,89.46,No,
922501,210709,2026-05-14,94.84,No,
922502,211907,2026-05-14,66.72,No,
922503,226795,2026-05-14,103.31,No,
922504,222488,2026-05-14,50.69,No,
922505,204529,2026-05-14,63.86,No,
922506,223187,2026-05-14,78.69,No,
922507,217302,2026-05-14,97.83,No,
922508,240487,2026-05-14,52.40,No,
922509,216683,2026-05-14,59.93,No,
922510,246594,2026-05-14,84.39,No,
922511,216641,2026-05-14,107.50,No,
922512,220018,2026-05-14,76.85,No,
922513,244615,2026-05-14,99.97,No,
922514,247969,2026-05-14,75.98,No,
922515,214833,2026-05-14,65.66,No,
922516,203061,2026-05-14,43.20,No,
922517,208492,2026-05-14,102.53,No,
922518,215489,2026-05-14,90.74,Yes,2026-05-14
922519,219988,2026-05-14,88.58,No,
922520,239756,2026-05-14,125.69,No,
922521,202096,2026-05-14,95.10,No,
922522,208201,2026-05-14,99.82,No,
922523,201572,2026-05-14,88.51,No,
922524,237465,2026-05-14,138.66,No,
922525,234838,2026-05-14,104.15,No,
922526,212840,2026-05-14,56.56,No,
922527,206381,2026-05-14,82.87,No,
922528,232467,2026-05-14,74.62,No,
922529,231217,2026-05-14,137.44,No,
922530,230840,2026-05-14,56.65,No,
922531,205315,2026-05-14,39.09,Yes,2026-05-14
922532,237292,2026-05-14,64.40,No,
922533,230397,2026-05-14,109.94,No,
922534,248462,2026-05-14,96.71,No,
922535,234501,2026-05-14,90.12,No,
922536,245820,2026-05-14,77.20,Yes,2026-05-14
922537,235770,2026-05-14,56.19,No,
922538,235884,2026-05-14,88.06,No,
922539,200732,2026-05-14,67.83,No,
922540,237900,2026-05-14,59.93,No,
922541,214479,2026-05-14,74.92,No,
922542,212442,2026-05-14,71.92,No,
922543,240428,2026-05-14,89.71,No,
922544,232426,2026-05-14,111.64,No,
922545,238142,2026-05-14,111.10,No,
922546,225337,2026-05-14,63.14,No,
922547,239724,2026-05-14,59.56,No,
922548,212113,2026-05-14,103.99,No,
922549,202821,2026-05-14,83.66,No,
922550,218648,2026-05-14,87.38,No,
922551,241105,2026-05-14,90.60,No,
922552,247396,2026-05-14,66.58,No,
922553,221151,2026-05-14,76.91,No,
922554,235282,2026-05-14,81.23,No,
922555,224790,2026-05-14,81.77,No,
922556,221346,2026-05-14,90.84,No,
922557,220926,2026-05-14,53.08,No,
922558,229416,2026-05-14,48.61,No,
922559,216829,2026-05-14,43.01,No,
922560,222937,2026-05-14,113.71,No,
922561,243679,2026-05-14,105.15,No,
922562,215098,2026-05-14,60.79,No,
922563,215149,2026-05-14,62.39,No,
922564,222593,2026-05-14,76.54,No,
922565,208160,2026-05-14,92.05,No,
922566,212564,2026-05-14,56.23,No,
922567,248175,2026-05-14,90.75,No,
922568,245459,2026-05-14,114.86,No,
922569,238805,2026-05-14,66.99,No,
922570,215892,2026-05-14,33.20,No,
922571,227407,2026-05-14,87.65,No,
922572,226366,2026-05-14,76.36,No,
922573,221589,2026-05-14,77.91,No,
922574,202855,2026-05-14,89.82,No,
922575,237711,2026-05-14,56.95,No,
922576,224358,2026-05-14,106.26,No,
922577,226288,2026-05-14,74.63,No,
922578,207800,2026-05-14,74.59,No,
922579,202276,2026-05-14,137.24,No,
922580,233920,2026-05-14,100.76,No,
922581,204606,2026-05-14,99.52,No,
922582,219485,2026-05-14,58.44,No,
922583,223612,2026-05-14,81.62,No,
922584,232068,2026-05-14,127.60,No,
922585,229894,2026-05-14,61.72,No,
922586,240605,2026-05-14,112.20,No,
922587,224314,2026-05-14,111.57,No,
922588,213891,2026-05-14,42.45,No,
922589,240659,2026-05-14,100.55,No,
922590,216494,2026-05-14,81.02,No,
922591,210089,2026-05-14,109.92,No,
922592,223900,2026-05-14,63.36,No,
922593,210390,2026-05-14,52.57,No,
922594,245103,2026-05-14,113.71,No,
922595,217675,2026-05-14,89.25,No,
922596,248107,2026-05-14,63.83,No,
922597,224229,2026-05-14,48.69,No,
922598,224321,2026-05-14,85.92,No,
922599,234884,2026-05-14,88.38,No,
922600,218356,2026-05-14,107.44,No,
922601,223624,2026-05-14,41.44,No,
922602,207440,2026-05-14,97.54,No,
922603,245634,2026-05-14,85.33,No,
922604,229824,2026-05-14,40.01,No,
922605,214369,2026-05-14,83.61,No,
922606,235776,2026-05-14,84.90,Yes,2026-05-14
922607,223787,2026-05-14,98.66,No,
922608,213110,2026-05-14,83.65,No,
922609,205386,2026-05-14,68.72,No,
922610,223105,2026-05-14,98.04,No,
922611,217827,2026-05-14,49.05,No,
922612,213185,2026-05-14,77.05,Yes,2026-05-14
922613,223464,2026-05-14,75.29,No,
922614,228504,2026-05-14,49.32,No,
922615,240796,2026-05-14,91.90,No,
922616,206586,2026-05-14,99.68,No,
922617,240569,2026-05-14,79.39,No,
922618,239463,2026-05-14,110.15,No,
922619,246607,2026-05-14,78.78,No,
922620,226018,2026-05-14,94.25,No,
922621,212753,2026-05-14,117.81,No,
922622,207385,2026-05-14,62.44,No,
922623,230805,2026-05-14,82.79,No,
922624,216852,2026-05-14,84.82,No,
922625,213313,2026-05-14,48.40,No,
922626,242374,2026-05-14,81.01,No,
922627,201586,2026-05-14,92.94,Yes,2026-05-14
922628,239050,2026-05-14,78.13,No,
922629,245857,2026-05-14,78.04,No,
922630,216863,2026-05-14,76.16,Yes,2026-05-14
922631,244758,2026-05-14,67.68,No,
922632,220762,2026-05-14,99.36,No,
922633,208716,2026-05-14,102.21,No,
922634,238884,2026-05-14,114.13,No,
922635,213214,2026-05-14,90.07,No,
922636,213659,2026-05-14,69.29,No,
922637,206380,2026-05-14,105.33,No,
922638,245682,2026-05-14,85.57,No,
