Email name,Subject,Audience,Date sent,Sends,Delivered,Opens,Clicks,Unsubscribes
2025-04-01 Monthly Newsletter (Batch),Monthly news + featured products,All contacts (batch),2025-04-01,23011,22436,3087,385,36
2025-04-01 Cart Abandoners - lifecycle,Still thinking it over? 10% inside,Cart Abandoners,2025-04-01,198,196,37,5,0
2025-04-02 Monthly Newsletter (Batch),Monthly news + featured products,All contacts (batch),2025-04-02,20065,19563,2659,348,31
2025-04-02 Lapsed Customers - lifecycle,We miss you - here's 15% back,Lapsed Customers,2025-04-02,417,409,56,7,0
2025-04-03 Monthly Newsletter (Batch),Monthly news + featured products,All contacts (batch),2025-04-03,21145,20616,2926,334,33
2025-04-03 VIP Loyalists - lifecycle,Early access: your VIP drop is live,VIP Loyalists,2025-04-03,148,145,30,4,0
2025-04-04 Monthly Newsletter (Batch),Monthly news + featured products,All contacts (batch),2025-04-04,21695,21153,2860,350,34
2025-04-04 Lapsed Customers - lifecycle,We miss you - here's 15% back,Lapsed Customers,2025-04-04,401,397,53,7,0
2025-04-05 Monthly Newsletter (Batch),Monthly news + featured products,All contacts (batch),2025-04-05,20019,19519,2754,316,31
2025-04-05 Cart Abandoners - lifecycle,Still thinking it over? 10% inside,Cart Abandoners,2025-04-05,223,218,41,5,0
2025-04-05 First-Time Buyers - lifecycle,How to get the most from your serum,First-Time Buyers,2025-04-05,359,355,55,7,0
2025-04-05 VIP Loyalists - lifecycle,Early access: your VIP drop is live,VIP Loyalists,2025-04-05,143,140,27,4,0
2025-04-06 Monthly Newsletter (Batch),Monthly news + featured products,All contacts (batch),2025-04-06,22788,22218,3112,363,36
2025-04-06 New Leads - lifecycle,Your 3-step routine starts here,New Leads,2025-04-06,691,675,117,15,1
2025-04-06 Cart Abandoners - lifecycle,Still thinking it over? 10% inside,Cart Abandoners,2025-04-06,237,233,42,6,0
2025-04-07 Cart Abandoners - lifecycle,Still thinking it over? 10% inside,Cart Abandoners,2025-04-07,199,195,34,5,0
2025-04-07 First-Time Buyers - lifecycle,How to get the most from your serum,First-Time Buyers,2025-04-07,351,343,53,7,0
2025-04-08 Monthly Newsletter (Batch),Monthly news + featured products,All contacts (batch),2025-04-08,22459,21898,3044,375,35
2025-04-08 VIP Loyalists - lifecycle,Early access: your VIP drop is live,VIP Loyalists,2025-04-08,157,155,33,4,0
2025-04-09 Monthly Newsletter (Batch),Monthly news + featured products,All contacts (batch),2025-04-09,22438,21877,3037,356,35
2025-04-09 New Leads - lifecycle,Your 3-step routine starts here,New Leads,2025-04-09,647,636,105,15,1
2025-04-09 VIP Loyalists - lifecycle,Early access: your VIP drop is live,VIP Loyalists,2025-04-09,150,147,29,4,0
2025-04-10 Monthly Newsletter (Batch),Monthly news + featured products,All contacts (batch),2025-04-10,19641,19150,2667,323,31
2025-04-10 New Leads - lifecycle,Your 3-step routine starts here,New Leads,2025-04-10,594,582,96,13,1
2025-04-11 Monthly Newsletter (Batch),Monthly news + featured products,All contacts (batch),2025-04-11,20519,20006,2733,325,32
2025-04-11 Cart Abandoners - lifecycle,Still thinking it over? 10% inside,Cart Abandoners,2025-04-11,231,226,43,6,0
2025-04-11 Lapsed Customers - lifecycle,We miss you - here's 15% back,Lapsed Customers,2025-04-11,506,494,65,9,0
2025-04-12 Monthly Newsletter (Batch),Monthly news + featured products,All contacts (batch),2025-04-12,21127,20599,2876,355,33
2025-04-13 Monthly Newsletter (Batch),Monthly news + featured products,All contacts (batch),2025-04-13,21215,20685,2769,361,33
2025-04-14 Monthly Newsletter (Batch),Monthly news + featured products,All contacts (batch),2025-04-14,21510,20972,2908,379,34
2025-04-15 Monthly Newsletter (Batch),Monthly news + featured products,All contacts (batch),2025-04-15,23451,22865,3138,411,37
2025-04-15 Cart Abandoners - lifecycle,Still thinking it over? 10% inside,Cart Abandoners,2025-04-15,218,213,41,6,0
2025-04-16 Monthly Newsletter (Batch),Monthly news + featured products,All contacts (batch),2025-04-16,22769,22200,2962,397,36
2025-04-16 New Leads - lifecycle,Your 3-step routine starts here,New Leads,2025-04-16,689,674,120,16,1
2025-04-16 Cart Abandoners - lifecycle,Still thinking it over? 10% inside,Cart Abandoners,2025-04-16,194,191,36,5,0
2025-04-16 First-Time Buyers - lifecycle,How to get the most from your serum,First-Time Buyers,2025-04-16,362,355,57,8,0
2025-04-17 New Leads - lifecycle,Your 3-step routine starts here,New Leads,2025-04-17,601,594,100,14,1
2025-04-17 Lapsed Customers - lifecycle,We miss you - here's 15% back,Lapsed Customers,2025-04-17,445,438,57,8,0
2025-04-18 Monthly Newsletter (Batch),Monthly news + featured products,All contacts (batch),2025-04-18,21616,21076,3004,374,34
2025-04-18 New Leads - lifecycle,Your 3-step routine starts here,New Leads,2025-04-18,642,626,107,15,1
2025-04-18 Lapsed Customers - lifecycle,We miss you - here's 15% back,Lapsed Customers,2025-04-18,490,482,67,9,0
2025-04-18 VIP Loyalists - lifecycle,Early access: your VIP drop is live,VIP Loyalists,2025-04-18,139,136,29,4,0
2025-04-19 Monthly Newsletter (Batch),Monthly news + featured products,All contacts (batch),2025-04-19,22369,21810,2857,385,35
2025-04-20 Monthly Newsletter (Batch),Monthly news + featured products,All contacts (batch),2025-04-20,19093,18616,2446,326,30
2025-04-20 Lapsed Customers - lifecycle,We miss you - here's 15% back,Lapsed Customers,2025-04-20,501,491,70,9,0
2025-04-21 Monthly Newsletter (Batch),Monthly news + featured products,All contacts (batch),2025-04-21,20986,20461,2699,356,33
2025-04-21 First-Time Buyers - lifecycle,How to get the most from your serum,First-Time Buyers,2025-04-21,341,334,54,7,0
2025-04-21 Lapsed Customers - lifecycle,We miss you - here's 15% back,Lapsed Customers,2025-04-21,483,475,62,9,0
2025-04-21 VIP Loyalists - lifecycle,Early access: your VIP drop is live,VIP Loyalists,2025-04-21,146,143,31,5,0
2025-04-22 Monthly Newsletter (Batch),Monthly news + featured products,All contacts (batch),2025-04-22,20606,20091,2825,339,32
2025-04-22 Cart Abandoners - lifecycle,Still thinking it over? 10% inside,Cart Abandoners,2025-04-22,204,199,37,5,0
2025-04-22 Lapsed Customers - lifecycle,We miss you - here's 15% back,Lapsed Customers,2025-04-22,455,447,64,8,0
2025-04-23 Monthly Newsletter (Batch),Monthly news + featured products,All contacts (batch),2025-04-23,21379,20845,3001,383,33
2025-04-23 New Leads - lifecycle,Your 3-step routine starts here,New Leads,2025-04-23,634,621,112,15,1
2025-04-23 First-Time Buyers - lifecycle,How to get the most from your serum,First-Time Buyers,2025-04-23,351,344,56,8,0
2025-04-23 Lapsed Customers - lifecycle,We miss you - here's 15% back,Lapsed Customers,2025-04-23,544,533,76,11,0
2025-04-24 Monthly Newsletter (Batch),Monthly news + featured products,All contacts (batch),2025-04-24,19515,19027,2641,317,30
2025-04-24 New Leads - lifecycle,Your 3-step routine starts here,New Leads,2025-04-24,744,735,125,17,1
2025-04-25 Monthly Newsletter (Batch),Monthly news + featured products,All contacts (batch),2025-04-25,19698,19206,2628,336,31
2025-04-25 New Leads - lifecycle,Your 3-step routine starts here,New Leads,2025-04-25,651,639,111,16,1
2025-04-25 Cart Abandoners - lifecycle,Still thinking it over? 10% inside,Cart Abandoners,2025-04-25,205,202,40,5,0
2025-04-26 Monthly Newsletter (Batch),Monthly news + featured products,All contacts (batch),2025-04-26,21572,21033,2980,349,34
2025-04-27 Monthly Newsletter (Batch),Monthly news + featured products,All contacts (batch),2025-04-27,20910,20387,2778,362,33
2025-04-27 New Leads - lifecycle,Your 3-step routine starts here,New Leads,2025-04-27,722,704,127,18,1
2025-04-27 Cart Abandoners - lifecycle,Still thinking it over? 10% inside,Cart Abandoners,2025-04-27,221,217,41,6,0
2025-04-28 Monthly Newsletter (Batch),Monthly news + featured products,All contacts (batch),2025-04-28,22113,21560,2882,398,34
2025-04-29 New Leads - lifecycle,Your 3-step routine starts here,New Leads,2025-04-29,608,601,104,15,1
2025-04-29 VIP Loyalists - lifecycle,Early access: your VIP drop is live,VIP Loyalists,2025-04-29,165,162,36,5,0
2025-04-30 Monthly Newsletter (Batch),Monthly news + featured products,All contacts (batch),2025-04-30,22322,21764,2897,382,35
2025-04-30 First-Time Buyers - lifecycle,How to get the most from your serum,First-Time Buyers,2025-04-30,409,402,67,9,0
2025-04-30 Lapsed Customers - lifecycle,We miss you - here's 15% back,Lapsed Customers,2025-04-30,537,528,78,11,0
2025-05-01 Monthly Newsletter (Batch),Monthly news + featured products,All contacts (batch),2025-05-01,20317,19809,2611,332,32
2025-05-01 Cart Abandoners - lifecycle,Still thinking it over? 10% inside,Cart Abandoners,2025-05-01,223,219,44,6,0
2025-05-01 Lapsed Customers - lifecycle,We miss you - here's 15% back,Lapsed Customers,2025-05-01,453,448,63,9,0
2025-05-02 Monthly Newsletter (Batch),Monthly news + featured products,All contacts (batch),2025-05-02,20328,19820,2866,370,32
2025-05-02 Lapsed Customers - lifecycle,We miss you - here's 15% back,Lapsed Customers,2025-05-02,497,490,66,10,0
2025-05-03 Monthly Newsletter (Batch),Monthly news + featured products,All contacts (batch),2025-05-03,22322,21764,3081,387,35
2025-05-03 Cart Abandoners - lifecycle,Still thinking it over? 10% inside,Cart Abandoners,2025-05-03,282,277,52,8,0
2025-05-04 Monthly Newsletter (Batch),Monthly news + featured products,All contacts (batch),2025-05-04,19450,18964,2596,329,30
2025-05-05 Monthly Newsletter (Batch),Monthly news + featured products,All contacts (batch),2025-05-05,21633,21092,2869,368,34
2025-05-05 Cart Abandoners - lifecycle,Still thinking it over? 10% inside,Cart Abandoners,2025-05-05,250,244,49,7,0
2025-05-05 VIP Loyalists - lifecycle,Early access: your VIP drop is live,VIP Loyalists,2025-05-05,170,167,38,5,0
2025-05-06 Monthly Newsletter (Batch),Monthly news + featured products,All contacts (batch),2025-05-06,20647,20131,2823,358,32
2025-05-07 Cart Abandoners - lifecycle,Still thinking it over? 10% inside,Cart Abandoners,2025-05-07,239,234,47,7,0
2025-05-07 First-Time Buyers - lifecycle,How to get the most from your serum,First-Time Buyers,2025-05-07,421,416,72,10,0
2025-05-07 Lapsed Customers - lifecycle,We miss you - here's 15% back,Lapsed Customers,2025-05-07,561,552,76,11,0
2025-05-08 Monthly Newsletter (Batch),Monthly news + featured products,All contacts (batch),2025-05-08,19656,19165,2791,357,31
2025-05-08 Lapsed Customers - lifecycle,We miss you - here's 15% back,Lapsed Customers,2025-05-08,456,446,64,9,0
2025-05-09 Monthly Newsletter (Batch),Monthly news + featured products,All contacts (batch),2025-05-09,22064,21512,3110,403,34
2025-05-09 New Leads - lifecycle,Your 3-step routine starts here,New Leads,2025-05-09,810,793,141,20,1
2025-05-09 First-Time Buyers - lifecycle,How to get the most from your serum,First-Time Buyers,2025-05-09,443,438,77,10,0
2025-05-10 Monthly Newsletter (Batch),Monthly news + featured products,All contacts (batch),2025-05-10,19005,18530,2615,341,30
2025-05-10 Cart Abandoners - lifecycle,Still thinking it over? 10% inside,Cart Abandoners,2025-05-10,288,283,59,9,0
2025-05-10 First-Time Buyers - lifecycle,How to get the most from your serum,First-Time Buyers,2025-05-10,455,445,79,11,0
2025-05-10 Lapsed Customers - lifecycle,We miss you - here's 15% back,Lapsed Customers,2025-05-10,545,537,76,11,0
2025-05-11 New Leads - lifecycle,Your 3-step routine starts here,New Leads,2025-05-11,711,700,124,18,1
2025-05-12 Monthly Newsletter (Batch),Monthly news + featured products,All contacts (batch),2025-05-12,21365,20831,3011,367,33
2025-05-12 First-Time Buyers - lifecycle,How to get the most from your serum,First-Time Buyers,2025-05-12,458,452,76,10,0
2025-05-13 Monthly Newsletter (Batch),Monthly news + featured products,All contacts (batch),2025-05-13,20269,19762,2763,358,32
2025-05-13 First-Time Buyers - lifecycle,How to get the most from your serum,First-Time Buyers,2025-05-13,413,403,72,9,0
2025-05-13 Lapsed Customers - lifecycle,We miss you - here's 15% back,Lapsed Customers,2025-05-13,503,492,71,11,0
2025-05-14 Monthly Newsletter (Batch),Monthly news + featured products,All contacts (batch),2025-05-14,21154,20625,2791,387,33
2025-05-14 Cart Abandoners - lifecycle,Still thinking it over? 10% inside,Cart Abandoners,2025-05-14,256,253,50,8,0
2025-05-14 VIP Loyalists - lifecycle,Early access: your VIP drop is live,VIP Loyalists,2025-05-14,183,181,40,6,0
2025-05-15 Monthly Newsletter (Batch),Monthly news + featured products,All contacts (batch),2025-05-15,20010,19510,2720,358,31
2025-05-15 VIP Loyalists - lifecycle,Early access: your VIP drop is live,VIP Loyalists,2025-05-15,170,168,38,6,0
2025-05-16 Monthly Newsletter (Batch),Monthly news + featured products,All contacts (batch),2025-05-16,20796,20276,2871,387,32
2025-05-16 New Leads - lifecycle,Your 3-step routine starts here,New Leads,2025-05-16,797,783,141,20,1
2025-05-16 First-Time Buyers - lifecycle,How to get the most from your serum,First-Time Buyers,2025-05-16,499,490,86,11,0
2025-05-16 Lapsed Customers - lifecycle,We miss you - here's 15% back,Lapsed Customers,2025-05-16,481,473,68,10,0
2025-05-17 First-Time Buyers - lifecycle,How to get the most from your serum,First-Time Buyers,2025-05-17,465,460,81,11,0
2025-05-18 First-Time Buyers - lifecycle,How to get the most from your serum,First-Time Buyers,2025-05-18,421,411,75,10,0
2025-05-18 VIP Loyalists - lifecycle,Early access: your VIP drop is live,VIP Loyalists,2025-05-18,194,192,43,7,0
2025-05-19 Monthly Newsletter (Batch),Monthly news + featured products,All contacts (batch),2025-05-19,20250,19744,2654,351,32
2025-05-19 Lapsed Customers - lifecycle,We miss you - here's 15% back,Lapsed Customers,2025-05-19,583,568,87,12,1
2025-05-20 Monthly Newsletter (Batch),Monthly news + featured products,All contacts (batch),2025-05-20,19471,18984,2563,352,30
2025-05-20 VIP Loyalists - lifecycle,Early access: your VIP drop is live,VIP Loyalists,2025-05-20,206,204,46,7,0
2025-05-21 Monthly Newsletter (Batch),Monthly news + featured products,All contacts (batch),2025-05-21,17960,17511,2514,313,28
2025-05-21 Cart Abandoners - lifecycle,Still thinking it over? 10% inside,Cart Abandoners,2025-05-21,268,262,51,8,0
2025-05-21 First-Time Buyers - lifecycle,How to get the most from your serum,First-Time Buyers,2025-05-21,397,391,69,10,0
2025-05-22 Cart Abandoners - lifecycle,Still thinking it over? 10% inside,Cart Abandoners,2025-05-22,314,306,62,10,0
2025-05-22 Lapsed Customers - lifecycle,We miss you - here's 15% back,Lapsed Customers,2025-05-22,483,476,68,10,0
2025-05-23 Monthly Newsletter (Batch),Monthly news + featured products,All contacts (batch),2025-05-23,18204,17749,2394,335,28
2025-05-23 New Leads - lifecycle,Your 3-step routine starts here,New Leads,2025-05-23,824,808,157,20,1
2025-05-24 New Leads - lifecycle,Your 3-step routine starts here,New Leads,2025-05-24,771,754,137,20,1
2025-05-24 Cart Abandoners - lifecycle,Still thinking it over? 10% inside,Cart Abandoners,2025-05-24,252,249,50,8,0
2025-05-25 Monthly Newsletter (Batch),Monthly news + featured products,All contacts (batch),2025-05-25,20492,19980,2821,359,32
2025-05-25 VIP Loyalists - lifecycle,Early access: your VIP drop is live,VIP Loyalists,2025-05-25,172,169,39,6,0
2025-05-26 Monthly Newsletter (Batch),Monthly news + featured products,All contacts (batch),2025-05-26,19723,19230,2824,358,31
2025-05-26 VIP Loyalists - lifecycle,Early access: your VIP drop is live,VIP Loyalists,2025-05-26,169,166,37,6,0
2025-05-27 Monthly Newsletter (Batch),Monthly news + featured products,All contacts (batch),2025-05-27,19559,19070,2682,334,31
2025-05-27 Lapsed Customers - lifecycle,We miss you - here's 15% back,Lapsed Customers,2025-05-27,585,571,84,13,1
2025-05-28 Monthly Newsletter (Batch),Monthly news + featured products,All contacts (batch),2025-05-28,20129,19626,2754,380,31
2025-05-28 Cart Abandoners - lifecycle,Still thinking it over? 10% inside,Cart Abandoners,2025-05-28,290,287,61,9,0
2025-05-29 Monthly Newsletter (Batch),Monthly news + featured products,All contacts (batch),2025-05-29,18169,17715,2540,333,28
2025-05-29 Cart Abandoners - lifecycle,Still thinking it over? 10% inside,Cart Abandoners,2025-05-29,324,317,67,10,0
2025-05-29 First-Time Buyers - lifecycle,How to get the most from your serum,First-Time Buyers,2025-05-29,450,441,83,10,0
2025-05-29 VIP Loyalists - lifecycle,Early access: your VIP drop is live,VIP Loyalists,2025-05-29,181,178,41,6,0
2025-05-30 Monthly Newsletter (Batch),Monthly news + featured products,All contacts (batch),2025-05-30,20840,20319,2752,371,33
2025-05-30 Cart Abandoners - lifecycle,Still thinking it over? 10% inside,Cart Abandoners,2025-05-30,305,297,62,9,0
2025-05-30 First-Time Buyers - lifecycle,How to get the most from your serum,First-Time Buyers,2025-05-30,512,500,90,12,0
2025-05-30 VIP Loyalists - lifecycle,Early access: your VIP drop is live,VIP Loyalists,2025-05-30,179,177,42,6,0
2025-05-31 New Leads - lifecycle,Your 3-step routine starts here,New Leads,2025-05-31,750,742,149,21,1
2025-06-01 Monthly Newsletter (Batch),Monthly news + featured products,All contacts (batch),2025-06-01,20139,19636,2716,371,31
2025-06-01 Cart Abandoners - lifecycle,Still thinking it over? 10% inside,Cart Abandoners,2025-06-01,267,261,53,9,0
2025-06-02 Monthly Newsletter (Batch),Monthly news + featured products,All contacts (batch),2025-06-02,19659,19168,2743,356,31
2025-06-02 New Leads - lifecycle,Your 3-step routine starts here,New Leads,2025-06-02,710,696,131,20,1
2025-06-02 Cart Abandoners - lifecycle,Still thinking it over? 10% inside,Cart Abandoners,2025-06-02,256,251,55,8,0
2025-06-02 VIP Loyalists - lifecycle,Early access: your VIP drop is live,VIP Loyalists,2025-06-02,211,208,48,8,0
2025-06-03 Monthly Newsletter (Batch),Monthly news + featured products,All contacts (batch),2025-06-03,20341,19832,2781,377,32
2025-06-03 Cart Abandoners - lifecycle,Still thinking it over? 10% inside,Cart Abandoners,2025-06-03,289,284,59,9,0
2025-06-03 Lapsed Customers - lifecycle,We miss you - here's 15% back,Lapsed Customers,2025-06-03,512,502,76,12,0
2025-06-03 VIP Loyalists - lifecycle,Early access: your VIP drop is live,VIP Loyalists,2025-06-03,168,164,37,6,0
2025-06-04 Monthly Newsletter (Batch),Monthly news + featured products,All contacts (batch),2025-06-04,20771,20252,2980,354,32
2025-06-04 New Leads - lifecycle,Your 3-step routine starts here,New Leads,2025-06-04,710,699,139,20,1
2025-06-04 Cart Abandoners - lifecycle,Still thinking it over? 10% inside,Cart Abandoners,2025-06-04,296,292,61,10,0
2025-06-04 VIP Loyalists - lifecycle,Early access: your VIP drop is live,VIP Loyalists,2025-06-04,201,198,46,7,0
2025-06-05 Monthly Newsletter (Batch),Monthly news + featured products,All contacts (batch),2025-06-05,19240,18759,2662,332,30
2025-06-05 Lapsed Customers - lifecycle,We miss you - here's 15% back,Lapsed Customers,2025-06-05,613,604,94,13,1
2025-06-06 Monthly Newsletter (Batch),Monthly news + featured products,All contacts (batch),2025-06-06,20149,19645,2763,362,31
2025-06-06 Lapsed Customers - lifecycle,We miss you - here's 15% back,Lapsed Customers,2025-06-06,503,491,74,11,0
2025-06-07 Monthly Newsletter (Batch),Monthly news + featured products,All contacts (batch),2025-06-07,19371,18887,2631,363,30
2025-06-07 First-Time Buyers - lifecycle,How to get the most from your serum,First-Time Buyers,2025-06-07,429,418,77,10,0
2025-06-07 Lapsed Customers - lifecycle,We miss you - here's 15% back,Lapsed Customers,2025-06-07,551,541,80,12,0
2025-06-07 VIP Loyalists - lifecycle,Early access: your VIP drop is live,VIP Loyalists,2025-06-07,207,202,49,7,0
2025-06-09 Monthly Newsletter (Batch),Monthly news + featured products,All contacts (batch),2025-06-09,20266,19759,2735,347,32
2025-06-10 New Leads - lifecycle,Your 3-step routine starts here,New Leads,2025-06-10,848,832,167,23,1
2025-06-11 Monthly Newsletter (Batch),Monthly news + featured products,All contacts (batch),2025-06-11,19093,18616,2746,357,30
2025-06-11 Cart Abandoners - lifecycle,Still thinking it over? 10% inside,Cart Abandoners,2025-06-11,278,274,59,9,0
2025-06-11 Lapsed Customers - lifecycle,We miss you - here's 15% back,Lapsed Customers,2025-06-11,521,510,79,12,0
2025-06-11 VIP Loyalists - lifecycle,Early access: your VIP drop is live,VIP Loyalists,2025-06-11,203,199,50,7,0
2025-06-12 VIP Loyalists - lifecycle,Early access: your VIP drop is live,VIP Loyalists,2025-06-12,197,194,45,7,0
2025-06-13 Monthly Newsletter (Batch),Monthly news + featured products,All contacts (batch),2025-06-13,17663,17221,2361,324,28
2025-06-13 Cart Abandoners - lifecycle,Still thinking it over? 10% inside,Cart Abandoners,2025-06-13,271,264,57,8,0
2025-06-14 Monthly Newsletter (Batch),Monthly news + featured products,All contacts (batch),2025-06-14,18896,18424,2701,329,29
2025-06-14 New Leads - lifecycle,Your 3-step routine starts here,New Leads,2025-06-14,839,822,169,23,1
2025-06-14 Cart Abandoners - lifecycle,Still thinking it over? 10% inside,Cart Abandoners,2025-06-14,358,354,79,11,0
2025-06-15 Monthly Newsletter (Batch),Monthly news + featured products,All contacts (batch),2025-06-15,16864,16442,2402,295,26
2025-06-15 New Leads - lifecycle,Your 3-step routine starts here,New Leads,2025-06-15,872,852,164,26,1
2025-06-15 VIP Loyalists - lifecycle,Early access: your VIP drop is live,VIP Loyalists,2025-06-15,198,195,49,8,0
2025-06-16 Monthly Newsletter (Batch),Monthly news + featured products,All contacts (batch),2025-06-16,17799,17354,2387,323,28
2025-06-16 New Leads - lifecycle,Your 3-step routine starts here,New Leads,2025-06-16,796,783,150,22,1
2025-06-16 Cart Abandoners - lifecycle,Still thinking it over? 10% inside,Cart Abandoners,2025-06-16,284,280,63,9,0
2025-06-16 Lapsed Customers - lifecycle,We miss you - here's 15% back,Lapsed Customers,2025-06-16,665,653,99,14,1
2025-06-17 Lapsed Customers - lifecycle,We miss you - here's 15% back,Lapsed Customers,2025-06-17,589,574,94,13,1
2025-06-17 VIP Loyalists - lifecycle,Early access: your VIP drop is live,VIP Loyalists,2025-06-17,207,204,50,8,0
2025-06-18 Monthly Newsletter (Batch),Monthly news + featured products,All contacts (batch),2025-06-18,17477,17040,2557,303,27
2025-06-18 Cart Abandoners - lifecycle,Still thinking it over? 10% inside,Cart Abandoners,2025-06-18,361,353,78,11,0
2025-06-18 Lapsed Customers - lifecycle,We miss you - here's 15% back,Lapsed Customers,2025-06-18,579,567,95,13,1
2025-06-19 Monthly Newsletter (Batch),Monthly news + featured products,All contacts (batch),2025-06-19,17657,17216,2465,342,28
2025-06-19 New Leads - lifecycle,Your 3-step routine starts here,New Leads,2025-06-19,770,758,150,23,1
2025-06-19 Cart Abandoners - lifecycle,Still thinking it over? 10% inside,Cart Abandoners,2025-06-19,299,294,65,10,0
2025-06-20 Monthly Newsletter (Batch),Monthly news + featured products,All contacts (batch),2025-06-20,17249,16818,2383,306,27
2025-06-20 First-Time Buyers - lifecycle,How to get the most from your serum,First-Time Buyers,2025-06-20,463,458,87,13,0
2025-06-20 Lapsed Customers - lifecycle,We miss you - here's 15% back,Lapsed Customers,2025-06-20,617,602,94,14,1
2025-06-21 Monthly Newsletter (Batch),Monthly news + featured products,All contacts (batch),2025-06-21,19541,19052,2606,347,30
2025-06-21 New Leads - lifecycle,Your 3-step routine starts here,New Leads,2025-06-21,765,748,158,22,1
2025-06-21 Cart Abandoners - lifecycle,Still thinking it over? 10% inside,Cart Abandoners,2025-06-21,295,289,63,10,0
2025-06-21 VIP Loyalists - lifecycle,Early access: your VIP drop is live,VIP Loyalists,2025-06-21,236,232,56,9,0
2025-06-22 Monthly Newsletter (Batch),Monthly news + featured products,All contacts (batch),2025-06-22,18908,18435,2742,330,29
2025-06-22 New Leads - lifecycle,Your 3-step routine starts here,New Leads,2025-06-22,801,781,150,22,1
2025-06-22 Cart Abandoners - lifecycle,Still thinking it over? 10% inside,Cart Abandoners,2025-06-22,315,308,69,11,0
2025-06-22 Lapsed Customers - lifecycle,We miss you - here's 15% back,Lapsed Customers,2025-06-22,622,612,97,15,1
2025-06-23 Monthly Newsletter (Batch),Monthly news + featured products,All contacts (batch),2025-06-23,19958,19459,2879,372,31
2025-06-23 Cart Abandoners - lifecycle,Still thinking it over? 10% inside,Cart Abandoners,2025-06-23,323,317,67,10,0
2025-06-23 First-Time Buyers - lifecycle,How to get the most from your serum,First-Time Buyers,2025-06-23,577,564,110,15,1
2025-06-24 Monthly Newsletter (Batch),Monthly news + featured products,All contacts (batch),2025-06-24,18321,17863,2493,344,29
2025-06-24 Cart Abandoners - lifecycle,Still thinking it over? 10% inside,Cart Abandoners,2025-06-24,337,333,76,11,0
2025-06-24 Lapsed Customers - lifecycle,We miss you - here's 15% back,Lapsed Customers,2025-06-24,575,564,90,13,1
2025-06-24 VIP Loyalists - lifecycle,Early access: your VIP drop is live,VIP Loyalists,2025-06-24,203,198,49,7,0
2025-06-25 Cart Abandoners - lifecycle,Still thinking it over? 10% inside,Cart Abandoners,2025-06-25,298,291,67,10,0
2025-06-25 First-Time Buyers - lifecycle,How to get the most from your serum,First-Time Buyers,2025-06-25,519,512,98,15,0
2025-06-25 VIP Loyalists - lifecycle,Early access: your VIP drop is live,VIP Loyalists,2025-06-25,220,215,53,9,0
2025-06-26 Cart Abandoners - lifecycle,Still thinking it over? 10% inside,Cart Abandoners,2025-06-26,357,349,75,12,0
2025-06-27 Monthly Newsletter (Batch),Monthly news + featured products,All contacts (batch),2025-06-27,19718,19225,2657,370,31
2025-06-27 VIP Loyalists - lifecycle,Early access: your VIP drop is live,VIP Loyalists,2025-06-27,238,233,60,9,0
2025-06-28 Monthly Newsletter (Batch),Monthly news + featured products,All contacts (batch),2025-06-28,16821,16400,2356,313,26
2025-06-28 New Leads - lifecycle,Your 3-step routine starts here,New Leads,2025-06-28,987,967,192,29,1
2025-06-29 Cart Abandoners - lifecycle,Still thinking it over? 10% inside,Cart Abandoners,2025-06-29,339,332,76,12,0
2025-06-29 VIP Loyalists - lifecycle,Early access: your VIP drop is live,VIP Loyalists,2025-06-29,232,227,57,9,0
2025-06-30 Monthly Newsletter (Batch),Monthly news + featured products,All contacts (batch),2025-06-30,19360,18876,2776,379,30
2025-06-30 Cart Abandoners - lifecycle,Still thinking it over? 10% inside,Cart Abandoners,2025-06-30,303,296,63,10,0
2025-07-01 Monthly Newsletter (Batch),Monthly news + featured products,All contacts (batch),2025-07-01,17412,16977,2337,317,27
2025-07-01 New Leads - lifecycle,Your 3-step routine starts here,New Leads,2025-07-01,846,831,168,27,1
2025-07-01 Lapsed Customers - lifecycle,We miss you - here's 15% back,Lapsed Customers,2025-07-01,646,637,105,16,1
2025-07-01 VIP Loyalists - lifecycle,Early access: your VIP drop is live,VIP Loyalists,2025-07-01,218,213,52,8,0
2025-07-02 VIP Loyalists - lifecycle,Early access: your VIP drop is live,VIP Loyalists,2025-07-02,226,221,54,9,0
2025-07-03 Monthly Newsletter (Batch),Monthly news + featured products,All contacts (batch),2025-07-03,17658,17217,2442,342,28
2025-07-03 First-Time Buyers - lifecycle,How to get the most from your serum,First-Time Buyers,2025-07-03,533,525,108,14,0
2025-07-04 Monthly Newsletter (Batch),Monthly news + featured products,All contacts (batch),2025-07-04,17166,16737,2403,326,27
2025-07-04 Cart Abandoners - lifecycle,Still thinking it over? 10% inside,Cart Abandoners,2025-07-04,311,304,70,11,0
2025-07-04 First-Time Buyers - lifecycle,How to get the most from your serum,First-Time Buyers,2025-07-04,473,461,91,13,0
2025-07-05 Monthly Newsletter (Batch),Monthly news + featured products,All contacts (batch),2025-07-05,17066,16639,2429,333,27
2025-07-05 Cart Abandoners - lifecycle,Still thinking it over? 10% inside,Cart Abandoners,2025-07-05,336,331,71,11,0
2025-07-06 Monthly Newsletter (Batch),Monthly news + featured products,All contacts (batch),2025-07-06,16352,15943,2355,311,26
2025-07-06 Cart Abandoners - lifecycle,Still thinking it over? 10% inside,Cart Abandoners,2025-07-06,321,315,68,11,0
2025-07-07 Monthly Newsletter (Batch),Monthly news + featured products,All contacts (batch),2025-07-07,18029,17578,2563,350,28
2025-07-07 Cart Abandoners - lifecycle,Still thinking it over? 10% inside,Cart Abandoners,2025-07-07,359,351,75,13,0
2025-07-08 Monthly Newsletter (Batch),Monthly news + featured products,All contacts (batch),2025-07-08,16714,16296,2474,317,26
2025-07-08 First-Time Buyers - lifecycle,How to get the most from your serum,First-Time Buyers,2025-07-08,512,501,103,15,0
2025-07-08 VIP Loyalists - lifecycle,Early access: your VIP drop is live,VIP Loyalists,2025-07-08,241,237,61,9,0
2025-07-09 Monthly Newsletter (Batch),Monthly news + featured products,All contacts (batch),2025-07-09,16672,16255,2453,305,26
2025-07-09 New Leads - lifecycle,Your 3-step routine starts here,New Leads,2025-07-09,907,893,185,27,1
2025-07-09 Cart Abandoners - lifecycle,Still thinking it over? 10% inside,Cart Abandoners,2025-07-09,340,336,76,12,0
2025-07-09 First-Time Buyers - lifecycle,How to get the most from your serum,First-Time Buyers,2025-07-09,585,572,109,16,1
2025-07-10 Monthly Newsletter (Batch),Monthly news + featured products,All contacts (batch),2025-07-10,17292,16860,2491,324,27
2025-07-11 Monthly Newsletter (Batch),Monthly news + featured products,All contacts (batch),2025-07-11,16682,16265,2359,308,26
2025-07-11 Cart Abandoners - lifecycle,Still thinking it over? 10% inside,Cart Abandoners,2025-07-11,406,399,87,14,0
2025-07-11 First-Time Buyers - lifecycle,How to get the most from your serum,First-Time Buyers,2025-07-11,501,492,96,14,0
2025-07-11 Lapsed Customers - lifecycle,We miss you - here's 15% back,Lapsed Customers,2025-07-11,668,654,111,16,1
2025-07-12 Monthly Newsletter (Batch),Monthly news + featured products,All contacts (batch),2025-07-12,16482,16070,2278,299,26
2025-07-12 VIP Loyalists - lifecycle,Early access: your VIP drop is live,VIP Loyalists,2025-07-12,202,200,51,9,0
2025-07-13 Monthly Newsletter (Batch),Monthly news + featured products,All contacts (batch),2025-07-13,16190,15785,2356,300,25
2025-07-13 First-Time Buyers - lifecycle,How to get the most from your serum,First-Time Buyers,2025-07-13,563,549,114,16,0
2025-07-14 Monthly Newsletter (Batch),Monthly news + featured products,All contacts (batch),2025-07-14,16334,15926,2376,318,25
2025-07-15 Monthly Newsletter (Batch),Monthly news + featured products,All contacts (batch),2025-07-15,16918,16495,2393,331,26
2025-07-15 VIP Loyalists - lifecycle,Early access: your VIP drop is live,VIP Loyalists,2025-07-15,236,231,62,9,0
2025-07-16 Monthly Newsletter (Batch),Monthly news + featured products,All contacts (batch),2025-07-16,15641,15250,2314,284,24
2025-07-16 Cart Abandoners - lifecycle,Still thinking it over? 10% inside,Cart Abandoners,2025-07-16,392,388,88,15,0
2025-07-16 Lapsed Customers - lifecycle,We miss you - here's 15% back,Lapsed Customers,2025-07-16,695,680,117,18,1
2025-07-17 Monthly Newsletter (Batch),Monthly news + featured products,All contacts (batch),2025-07-17,18175,17721,2667,361,28
2025-07-17 Cart Abandoners - lifecycle,Still thinking it over? 10% inside,Cart Abandoners,2025-07-17,369,360,81,14,0
2025-07-17 First-Time Buyers - lifecycle,How to get the most from your serum,First-Time Buyers,2025-07-17,545,539,106,15,0
2025-07-17 Lapsed Customers - lifecycle,We miss you - here's 15% back,Lapsed Customers,2025-07-17,621,613,109,15,1
2025-07-18 Monthly Newsletter (Batch),Monthly news + featured products,All contacts (batch),2025-07-18,17591,17151,2462,329,27
2025-07-18 New Leads - lifecycle,Your 3-step routine starts here,New Leads,2025-07-18,895,885,178,27,1
2025-07-18 First-Time Buyers - lifecycle,How to get the most from your serum,First-Time Buyers,2025-07-18,523,512,101,14,0
2025-07-19 Monthly Newsletter (Batch),Monthly news + featured products,All contacts (batch),2025-07-19,17054,16628,2459,324,27
2025-07-19 Cart Abandoners - lifecycle,Still thinking it over? 10% inside,Cart Abandoners,2025-07-19,340,337,80,12,0
2025-07-19 First-Time Buyers - lifecycle,How to get the most from your serum,First-Time Buyers,2025-07-19,541,530,110,15,0
2025-07-20 Monthly Newsletter (Batch),Monthly news + featured products,All contacts (batch),2025-07-20,16596,16181,2259,317,26
2025-07-20 Cart Abandoners - lifecycle,Still thinking it over? 10% inside,Cart Abandoners,2025-07-20,398,390,88,14,0
2025-07-20 First-Time Buyers - lifecycle,How to get the most from your serum,First-Time Buyers,2025-07-20,553,541,105,15,0
2025-07-20 VIP Loyalists - lifecycle,Early access: your VIP drop is live,VIP Loyalists,2025-07-20,208,205,52,9,0
2025-07-21 Monthly Newsletter (Batch),Monthly news + featured products,All contacts (batch),2025-07-21,17385,16950,2443,326,27
2025-07-21 VIP Loyalists - lifecycle,Early access: your VIP drop is live,VIP Loyalists,2025-07-21,217,213,54,9,0
2025-07-22 Monthly Newsletter (Batch),Monthly news + featured products,All contacts (batch),2025-07-22,16509,16096,2346,311,26
2025-07-22 First-Time Buyers - lifecycle,How to get the most from your serum,First-Time Buyers,2025-07-22,536,525,110,14,0
2025-07-23 Monthly Newsletter (Batch),Monthly news + featured products,All contacts (batch),2025-07-23,16646,16230,2285,325,26
2025-07-23 New Leads - lifecycle,Your 3-step routine starts here,New Leads,2025-07-23,1121,1103,242,36,1
2025-07-23 Lapsed Customers - lifecycle,We miss you - here's 15% back,Lapsed Customers,2025-07-23,624,615,104,15,1
2025-07-24 Monthly Newsletter (Batch),Monthly news + featured products,All contacts (batch),2025-07-24,17256,16825,2401,336,27
2025-07-24 First-Time Buyers - lifecycle,How to get the most from your serum,First-Time Buyers,2025-07-24,645,635,128,18,1
2025-07-25 New Leads - lifecycle,Your 3-step routine starts here,New Leads,2025-07-25,1009,988,214,34,1
2025-07-25 First-Time Buyers - lifecycle,How to get the most from your serum,First-Time Buyers,2025-07-25,642,634,130,20,1
2025-07-25 Lapsed Customers - lifecycle,We miss you - here's 15% back,Lapsed Customers,2025-07-25,735,723,128,18,1
2025-07-26 Monthly Newsletter (Batch),Monthly news + featured products,All contacts (batch),2025-07-26,16248,15842,2266,302,25
2025-07-26 First-Time Buyers - lifecycle,How to get the most from your serum,First-Time Buyers,2025-07-26,571,564,117,17,1
2025-07-26 Lapsed Customers - lifecycle,We miss you - here's 15% back,Lapsed Customers,2025-07-26,649,633,112,16,1
2025-07-27 New Leads - lifecycle,Your 3-step routine starts here,New Leads,2025-07-27,1121,1108,240,36,1
2025-07-27 First-Time Buyers - lifecycle,How to get the most from your serum,First-Time Buyers,2025-07-27,556,544,115,15,0
2025-07-28 Monthly Newsletter (Batch),Monthly news + featured products,All contacts (batch),2025-07-28,17758,17314,2652,335,28
2025-07-28 New Leads - lifecycle,Your 3-step routine starts here,New Leads,2025-07-28,900,880,184,29,1
2025-07-28 Cart Abandoners - lifecycle,Still thinking it over? 10% inside,Cart Abandoners,2025-07-28,352,348,83,14,0
2025-07-29 Lapsed Customers - lifecycle,We miss you - here's 15% back,Lapsed Customers,2025-07-29,752,736,125,20,1
2025-07-29 VIP Loyalists - lifecycle,Early access: your VIP drop is live,VIP Loyalists,2025-07-29,255,251,65,11,0
2025-07-30 Monthly Newsletter (Batch),Monthly news + featured products,All contacts (batch),2025-07-30,14903,14530,2235,287,23
2025-07-30 New Leads - lifecycle,Your 3-step routine starts here,New Leads,2025-07-30,984,967,218,32,1
2025-07-30 Cart Abandoners - lifecycle,Still thinking it over? 10% inside,Cart Abandoners,2025-07-30,423,419,99,17,0
2025-07-30 First-Time Buyers - lifecycle,How to get the most from your serum,First-Time Buyers,2025-07-30,618,606,121,18,1
2025-07-30 Lapsed Customers - lifecycle,We miss you - here's 15% back,Lapsed Customers,2025-07-30,615,600,102,16,1
2025-07-30 VIP Loyalists - lifecycle,Early access: your VIP drop is live,VIP Loyalists,2025-07-30,237,231,64,10,0
2025-07-31 Cart Abandoners - lifecycle,Still thinking it over? 10% inside,Cart Abandoners,2025-07-31,384,374,90,15,0
2025-07-31 Lapsed Customers - lifecycle,We miss you - here's 15% back,Lapsed Customers,2025-07-31,605,595,103,15,1
2025-07-31 VIP Loyalists - lifecycle,Early access: your VIP drop is live,VIP Loyalists,2025-07-31,239,235,63,10,0
2025-08-01 Monthly Newsletter (Batch),Monthly news + featured products,All contacts (batch),2025-08-01,15514,15126,2225,304,24
2025-08-01 New Leads - lifecycle,Your 3-step routine starts here,New Leads,2025-08-01,1018,996,216,32,1
2025-08-01 Cart Abandoners - lifecycle,Still thinking it over? 10% inside,Cart Abandoners,2025-08-01,430,425,99,17,0
2025-08-01 Lapsed Customers - lifecycle,We miss you - here's 15% back,Lapsed Customers,2025-08-01,622,612,107,17,1
2025-08-01 VIP Loyalists - lifecycle,Early access: your VIP drop is live,VIP Loyalists,2025-08-01,209,207,55,9,0
2025-08-02 Monthly Newsletter (Batch),Monthly news + featured products,All contacts (batch),2025-08-02,16382,15972,2260,304,26
2025-08-02 First-Time Buyers - lifecycle,How to get the most from your serum,First-Time Buyers,2025-08-02,624,617,121,20,1
2025-08-02 Lapsed Customers - lifecycle,We miss you - here's 15% back,Lapsed Customers,2025-08-02,705,695,125,18,1
2025-08-02 VIP Loyalists - lifecycle,Early access: your VIP drop is live,VIP Loyalists,2025-08-02,239,233,65,10,0
2025-08-03 Monthly Newsletter (Batch),Monthly news + featured products,All contacts (batch),2025-08-03,16075,15673,2359,320,25
2025-08-03 VIP Loyalists - lifecycle,Early access: your VIP drop is live,VIP Loyalists,2025-08-03,242,237,65,11,0
2025-08-04 Monthly Newsletter (Batch),Monthly news + featured products,All contacts (batch),2025-08-04,16665,16248,2313,322,26
2025-08-04 New Leads - lifecycle,Your 3-step routine starts here,New Leads,2025-08-04,1085,1061,242,35,1
2025-08-04 Cart Abandoners - lifecycle,Still thinking it over? 10% inside,Cart Abandoners,2025-08-04,392,384,89,15,0
2025-08-04 First-Time Buyers - lifecycle,How to get the most from your serum,First-Time Buyers,2025-08-04,579,569,119,17,1
2025-08-05 New Leads - lifecycle,Your 3-step routine starts here,New Leads,2025-08-05,1036,1018,222,35,1
2025-08-05 Cart Abandoners - lifecycle,Still thinking it over? 10% inside,Cart Abandoners,2025-08-05,445,437,106,17,0
2025-08-05 First-Time Buyers - lifecycle,How to get the most from your serum,First-Time Buyers,2025-08-05,652,645,139,20,1
2025-08-06 Cart Abandoners - lifecycle,Still thinking it over? 10% inside,Cart Abandoners,2025-08-06,434,427,105,17,0
2025-08-06 First-Time Buyers - lifecycle,How to get the most from your serum,First-Time Buyers,2025-08-06,559,548,115,17,0
2025-08-06 Lapsed Customers - lifecycle,We miss you - here's 15% back,Lapsed Customers,2025-08-06,704,691,120,18,1
2025-08-07 Monthly Newsletter (Batch),Monthly news + featured products,All contacts (batch),2025-08-07,16805,16385,2366,323,26
2025-08-07 New Leads - lifecycle,Your 3-step routine starts here,New Leads,2025-08-07,1002,990,220,32,1
2025-08-07 Lapsed Customers - lifecycle,We miss you - here's 15% back,Lapsed Customers,2025-08-07,661,652,111,18,1
2025-08-07 VIP Loyalists - lifecycle,Early access: your VIP drop is live,VIP Loyalists,2025-08-07,276,270,75,13,0
2025-08-08 Cart Abandoners - lifecycle,Still thinking it over? 10% inside,Cart Abandoners,2025-08-08,355,349,79,14,0
2025-08-08 Lapsed Customers - lifecycle,We miss you - here's 15% back,Lapsed Customers,2025-08-08,706,694,129,19,1
2025-08-09 Monthly Newsletter (Batch),Monthly news + featured products,All contacts (batch),2025-08-09,14759,14390,2192,298,23
2025-08-09 New Leads - lifecycle,Your 3-step routine starts here,New Leads,2025-08-09,1026,1001,223,36,1
2025-08-09 Cart Abandoners - lifecycle,Still thinking it over? 10% inside,Cart Abandoners,2025-08-09,459,450,104,18,0
2025-08-09 VIP Loyalists - lifecycle,Early access: your VIP drop is live,VIP Loyalists,2025-08-09,284,280,77,13,0
2025-08-10 Monthly Newsletter (Batch),Monthly news + featured products,All contacts (batch),2025-08-10,14516,14153,2093,275,23
2025-08-10 New Leads - lifecycle,Your 3-step routine starts here,New Leads,2025-08-10,1107,1093,245,38,1
2025-08-10 VIP Loyalists - lifecycle,Early access: your VIP drop is live,VIP Loyalists,2025-08-10,261,255,72,12,0
2025-08-11 Monthly Newsletter (Batch),Monthly news + featured products,All contacts (batch),2025-08-11,15274,14892,2241,307,24
2025-08-11 New Leads - lifecycle,Your 3-step routine starts here,New Leads,2025-08-11,1181,1156,243,40,1
2025-08-11 Lapsed Customers - lifecycle,We miss you - here's 15% back,Lapsed Customers,2025-08-11,618,606,112,16,1
2025-08-12 New Leads - lifecycle,Your 3-step routine starts here,New Leads,2025-08-12,922,910,195,29,1
2025-08-12 First-Time Buyers - lifecycle,How to get the most from your serum,First-Time Buyers,2025-08-12,612,597,129,18,1
2025-08-12 Lapsed Customers - lifecycle,We miss you - here's 15% back,Lapsed Customers,2025-08-12,788,778,144,21,1
2025-08-13 Cart Abandoners - lifecycle,Still thinking it over? 10% inside,Cart Abandoners,2025-08-13,438,427,102,18,0
2025-08-13 Lapsed Customers - lifecycle,We miss you - here's 15% back,Lapsed Customers,2025-08-13,765,752,133,22,1
2025-08-14 Monthly Newsletter (Batch),Monthly news + featured products,All contacts (batch),2025-08-14,14691,14324,2090,302,23
2025-08-14 New Leads - lifecycle,Your 3-step routine starts here,New Leads,2025-08-14,1066,1054,238,36,1
2025-08-14 Cart Abandoners - lifecycle,Still thinking it over? 10% inside,Cart Abandoners,2025-08-14,439,431,108,18,0
2025-08-14 Lapsed Customers - lifecycle,We miss you - here's 15% back,Lapsed Customers,2025-08-14,806,788,143,22,1
2025-08-15 Monthly Newsletter (Batch),Monthly news + featured products,All contacts (batch),2025-08-15,15326,14943,2322,318,24
2025-08-15 New Leads - lifecycle,Your 3-step routine starts here,New Leads,2025-08-15,1167,1142,244,38,1
2025-08-15 Lapsed Customers - lifecycle,We miss you - here's 15% back,Lapsed Customers,2025-08-15,751,739,133,20,1
2025-08-16 Monthly Newsletter (Batch),Monthly news + featured products,All contacts (batch),2025-08-16,16394,15984,2491,308,26
2025-08-16 Cart Abandoners - lifecycle,Still thinking it over? 10% inside,Cart Abandoners,2025-08-16,470,465,109,20,0
2025-08-17 Lapsed Customers - lifecycle,We miss you - here's 15% back,Lapsed Customers,2025-08-17,705,688,131,19,1
2025-08-17 VIP Loyalists - lifecycle,Early access: your VIP drop is live,VIP Loyalists,2025-08-17,252,247,71,11,0
2025-08-18 Monthly Newsletter (Batch),Monthly news + featured products,All contacts (batch),2025-08-18,15148,14769,2163,305,24
2025-08-18 Lapsed Customers - lifecycle,We miss you - here's 15% back,Lapsed Customers,2025-08-18,695,686,122,18,1
2025-08-19 Monthly Newsletter (Batch),Monthly news + featured products,All contacts (batch),2025-08-19,16436,16025,2363,334,26
2025-08-19 New Leads - lifecycle,Your 3-step routine starts here,New Leads,2025-08-19,1001,979,229,35,1
2025-08-19 First-Time Buyers - lifecycle,How to get the most from your serum,First-Time Buyers,2025-08-19,601,593,131,19,1
2025-08-19 Lapsed Customers - lifecycle,We miss you - here's 15% back,Lapsed Customers,2025-08-19,672,655,120,19,1
2025-08-20 Cart Abandoners - lifecycle,Still thinking it over? 10% inside,Cart Abandoners,2025-08-20,365,360,90,15,0
2025-08-20 Lapsed Customers - lifecycle,We miss you - here's 15% back,Lapsed Customers,2025-08-20,695,686,126,19,1
2025-08-21 Cart Abandoners - lifecycle,Still thinking it over? 10% inside,Cart Abandoners,2025-08-21,458,449,108,19,0
2025-08-22 Monthly Newsletter (Batch),Monthly news + featured products,All contacts (batch),2025-08-22,16739,16321,2545,329,26
2025-08-22 Lapsed Customers - lifecycle,We miss you - here's 15% back,Lapsed Customers,2025-08-22,651,644,123,18,1
2025-08-22 VIP Loyalists - lifecycle,Early access: your VIP drop is live,VIP Loyalists,2025-08-22,274,271,76,13,0
2025-08-23 Monthly Newsletter (Batch),Monthly news + featured products,All contacts (batch),2025-08-23,14531,14168,2092,290,23
2025-08-24 VIP Loyalists - lifecycle,Early access: your VIP drop is live,VIP Loyalists,2025-08-24,285,279,80,14,0
2025-08-25 New Leads - lifecycle,Your 3-step routine starts here,New Leads,2025-08-25,1235,1210,264,42,1
2025-08-25 First-Time Buyers - lifecycle,How to get the most from your serum,First-Time Buyers,2025-08-25,593,584,130,19,1
2025-08-26 Monthly Newsletter (Batch),Monthly news + featured products,All contacts (batch),2025-08-26,14797,14427,2098,304,23
2025-08-27 Monthly Newsletter (Batch),Monthly news + featured products,All contacts (batch),2025-08-27,16211,15806,2456,311,25
2025-08-27 New Leads - lifecycle,Your 3-step routine starts here,New Leads,2025-08-27,1069,1041,241,35,1
2025-08-27 Cart Abandoners - lifecycle,Still thinking it over? 10% inside,Cart Abandoners,2025-08-27,427,416,108,18,0
2025-08-28 Monthly Newsletter (Batch),Monthly news + featured products,All contacts (batch),2025-08-28,16379,15970,2337,342,26
2025-08-28 Cart Abandoners - lifecycle,Still thinking it over? 10% inside,Cart Abandoners,2025-08-28,428,417,108,17,0
2025-08-28 VIP Loyalists - lifecycle,Early access: your VIP drop is live,VIP Loyalists,2025-08-28,283,279,79,13,0
2025-08-29 Cart Abandoners - lifecycle,Still thinking it over? 10% inside,Cart Abandoners,2025-08-29,391,385,96,16,0
2025-08-29 Lapsed Customers - lifecycle,We miss you - here's 15% back,Lapsed Customers,2025-08-29,859,850,165,23,1
2025-08-30 Monthly Newsletter (Batch),Monthly news + featured products,All contacts (batch),2025-08-30,15849,15453,2297,307,25
2025-08-30 Lapsed Customers - lifecycle,We miss you - here's 15% back,Lapsed Customers,2025-08-30,694,677,133,19,1
2025-08-30 VIP Loyalists - lifecycle,Early access: your VIP drop is live,VIP Loyalists,2025-08-30,270,267,79,13,0
2025-08-31 New Leads - lifecycle,Your 3-step routine starts here,New Leads,2025-08-31,1215,1197,260,45,1
2025-08-31 First-Time Buyers - lifecycle,How to get the most from your serum,First-Time Buyers,2025-08-31,677,667,149,21,1
2025-08-31 Lapsed Customers - lifecycle,We miss you - here's 15% back,Lapsed Customers,2025-08-31,655,648,124,19,1
2025-08-31 VIP Loyalists - lifecycle,Early access: your VIP drop is live,VIP Loyalists,2025-08-31,246,243,67,11,0
2025-09-01 Monthly Newsletter (Batch),Monthly news + featured products,All contacts (batch),2025-09-01,13972,13623,1951,268,22
2025-09-02 Monthly Newsletter (Batch),Monthly news + featured products,All contacts (batch),2025-09-02,14894,14522,2174,282,23
2025-09-02 Cart Abandoners - lifecycle,Still thinking it over? 10% inside,Cart Abandoners,2025-09-02,478,473,115,21,0
2025-09-02 Lapsed Customers - lifecycle,We miss you - here's 15% back,Lapsed Customers,2025-09-02,837,821,150,24,1
2025-09-03 Monthly Newsletter (Batch),Monthly news + featured products,All contacts (batch),2025-09-03,13968,13619,2029,295,22
2025-09-03 New Leads - lifecycle,Your 3-step routine starts here,New Leads,2025-09-03,1084,1073,246,39,1
2025-09-03 Cart Abandoners - lifecycle,Still thinking it over? 10% inside,Cart Abandoners,2025-09-03,432,427,105,18,0
2025-09-03 VIP Loyalists - lifecycle,Early access: your VIP drop is live,VIP Loyalists,2025-09-03,260,257,72,12,0
2025-09-04 Lapsed Customers - lifecycle,We miss you - here's 15% back,Lapsed Customers,2025-09-04,827,809,148,23,1
2025-09-05 Monthly Newsletter (Batch),Monthly news + featured products,All contacts (batch),2025-09-05,16291,15884,2475,344,25
2025-09-06 First-Time Buyers - lifecycle,How to get the most from your serum,First-Time Buyers,2025-09-06,660,650,143,21,1
2025-09-06 Lapsed Customers - lifecycle,We miss you - here's 15% back,Lapsed Customers,2025-09-06,699,683,126,21,1
2025-09-07 Monthly Newsletter (Batch),Monthly news + featured products,All contacts (batch),2025-09-07,15549,15160,2262,324,24
2025-09-07 Cart Abandoners - lifecycle,Still thinking it over? 10% inside,Cart Abandoners,2025-09-07,466,458,118,20,0
2025-09-07 VIP Loyalists - lifecycle,Early access: your VIP drop is live,VIP Loyalists,2025-09-07,292,286,80,13,0
2025-09-08 Lapsed Customers - lifecycle,We miss you - here's 15% back,Lapsed Customers,2025-09-08,856,836,156,24,1
2025-09-08 VIP Loyalists - lifecycle,Early access: your VIP drop is live,VIP Loyalists,2025-09-08,250,246,71,12,0
2025-09-09 Monthly Newsletter (Batch),Monthly news + featured products,All contacts (batch),2025-09-09,13628,13287,1988,259,21
2025-09-09 New Leads - lifecycle,Your 3-step routine starts here,New Leads,2025-09-09,994,977,235,36,1
2025-09-10 Monthly Newsletter (Batch),Monthly news + featured products,All contacts (batch),2025-09-10,15336,14953,2328,310,24
2025-09-10 VIP Loyalists - lifecycle,Early access: your VIP drop is live,VIP Loyalists,2025-09-10,261,257,75,13,0
2025-09-11 First-Time Buyers - lifecycle,How to get the most from your serum,First-Time Buyers,2025-09-11,700,688,150,24,1
2025-09-11 VIP Loyalists - lifecycle,Early access: your VIP drop is live,VIP Loyalists,2025-09-11,238,235,70,11,0
2025-09-12 New Leads - lifecycle,Your 3-step routine starts here,New Leads,2025-09-12,1031,1013,244,36,1
2025-09-12 First-Time Buyers - lifecycle,How to get the most from your serum,First-Time Buyers,2025-09-12,613,601,131,20,1
2025-09-12 Lapsed Customers - lifecycle,We miss you - here's 15% back,Lapsed Customers,2025-09-12,780,762,146,21,1
2025-09-12 VIP Loyalists - lifecycle,Early access: your VIP drop is live,VIP Loyalists,2025-09-12,287,283,86,13,0
2025-09-13 Monthly Newsletter (Batch),Monthly news + featured products,All contacts (batch),2025-09-13,14579,14215,2127,310,23
2025-09-13 New Leads - lifecycle,Your 3-step routine starts here,New Leads,2025-09-13,1215,1197,275,46,1
2025-09-13 Cart Abandoners - lifecycle,Still thinking it over? 10% inside,Cart Abandoners,2025-09-13,463,455,122,21,0
2025-09-13 First-Time Buyers - lifecycle,How to get the most from your serum,First-Time Buyers,2025-09-13,711,693,150,22,1
2025-09-13 VIP Loyalists - lifecycle,Early access: your VIP drop is live,VIP Loyalists,2025-09-13,257,254,73,13,0
2025-09-14 Monthly Newsletter (Batch),Monthly news + featured products,All contacts (batch),2025-09-14,13225,12894,1914,254,21
2025-09-14 Cart Abandoners - lifecycle,Still thinking it over? 10% inside,Cart Abandoners,2025-09-14,405,396,97,18,0
2025-09-14 First-Time Buyers - lifecycle,How to get the most from your serum,First-Time Buyers,2025-09-14,678,670,155,23,1
2025-09-15 Monthly Newsletter (Batch),Monthly news + featured products,All contacts (batch),2025-09-15,13796,13451,2063,268,22
2025-09-15 Cart Abandoners - lifecycle,Still thinking it over? 10% inside,Cart Abandoners,2025-09-15,453,443,118,19,0
2025-09-16 Monthly Newsletter (Batch),Monthly news + featured products,All contacts (batch),2025-09-16,13135,12807,1863,280,20
2025-09-16 New Leads - lifecycle,Your 3-step routine starts here,New Leads,2025-09-16,1018,994,230,38,1
2025-09-16 Lapsed Customers - lifecycle,We miss you - here's 15% back,Lapsed Customers,2025-09-16,786,771,154,23,1
2025-09-16 VIP Loyalists - lifecycle,Early access: your VIP drop is live,VIP Loyalists,2025-09-16,261,256,78,13,0
2025-09-17 Lapsed Customers - lifecycle,We miss you - here's 15% back,Lapsed Customers,2025-09-17,786,769,147,22,1
2025-09-17 VIP Loyalists - lifecycle,Early access: your VIP drop is live,VIP Loyalists,2025-09-17,252,249,70,13,0
2025-09-18 Monthly Newsletter (Batch),Monthly news + featured products,All contacts (batch),2025-09-18,15297,14915,2188,309,24
2025-09-18 Lapsed Customers - lifecycle,We miss you - here's 15% back,Lapsed Customers,2025-09-18,792,784,154,23,1
2025-09-19 Cart Abandoners - lifecycle,Still thinking it over? 10% inside,Cart Abandoners,2025-09-19,526,521,132,24,0
2025-09-19 First-Time Buyers - lifecycle,How to get the most from your serum,First-Time Buyers,2025-09-19,675,662,155,23,1
2025-09-19 Lapsed Customers - lifecycle,We miss you - here's 15% back,Lapsed Customers,2025-09-19,749,737,151,23,1
2025-09-20 Monthly Newsletter (Batch),Monthly news + featured products,All contacts (batch),2025-09-20,14701,14333,2285,314,23
2025-09-20 New Leads - lifecycle,Your 3-step routine starts here,New Leads,2025-09-20,1292,1268,295,45,1
2025-09-20 First-Time Buyers - lifecycle,How to get the most from your serum,First-Time Buyers,2025-09-20,663,648,142,23,1
2025-09-21 Cart Abandoners - lifecycle,Still thinking it over? 10% inside,Cart Abandoners,2025-09-21,423,412,111,19,0
2025-09-22 New Leads - lifecycle,Your 3-step routine starts here,New Leads,2025-09-22,1041,1029,233,40,1
2025-09-22 Lapsed Customers - lifecycle,We miss you - here's 15% back,Lapsed Customers,2025-09-22,869,847,163,26,1
2025-09-23 New Leads - lifecycle,Your 3-step routine starts here,New Leads,2025-09-23,1095,1077,259,42,1
2025-09-23 Cart Abandoners - lifecycle,Still thinking it over? 10% inside,Cart Abandoners,2025-09-23,503,493,134,23,0
2025-09-24 Monthly Newsletter (Batch),Monthly news + featured products,All contacts (batch),2025-09-24,13371,13037,2018,265,21
2025-09-25 Cart Abandoners - lifecycle,Still thinking it over? 10% inside,Cart Abandoners,2025-09-25,432,422,105,19,0
2025-09-25 Lapsed Customers - lifecycle,We miss you - here's 15% back,Lapsed Customers,2025-09-25,719,707,133,21,1
2025-09-25 VIP Loyalists - lifecycle,Early access: your VIP drop is live,VIP Loyalists,2025-09-25,254,251,73,12,0
2025-09-26 New Leads - lifecycle,Your 3-step routine starts here,New Leads,2025-09-26,1144,1120,277,43,1
2025-09-26 Cart Abandoners - lifecycle,Still thinking it over? 10% inside,Cart Abandoners,2025-09-26,485,476,121,21,0
2025-09-26 First-Time Buyers - lifecycle,How to get the most from your serum,First-Time Buyers,2025-09-26,810,800,173,27,1
2025-09-26 Lapsed Customers - lifecycle,We miss you - here's 15% back,Lapsed Customers,2025-09-26,907,888,172,28,1
2025-09-27 New Leads - lifecycle,Your 3-step routine starts here,New Leads,2025-09-27,1271,1255,303,51,1
2025-09-27 Cart Abandoners - lifecycle,Still thinking it over? 10% inside,Cart Abandoners,2025-09-27,443,433,111,20,0
2025-09-27 VIP Loyalists - lifecycle,Early access: your VIP drop is live,VIP Loyalists,2025-09-27,267,261,81,14,0
2025-09-28 New Leads - lifecycle,Your 3-step routine starts here,New Leads,2025-09-28,1240,1209,288,46,1
2025-09-28 Cart Abandoners - lifecycle,Still thinking it over? 10% inside,Cart Abandoners,2025-09-28,469,463,117,22,0
2025-09-28 Lapsed Customers - lifecycle,We miss you - here's 15% back,Lapsed Customers,2025-09-28,742,725,142,22,1
2025-09-29 Monthly Newsletter (Batch),Monthly news + featured products,All contacts (batch),2025-09-29,12754,12435,1833,270,20
2025-09-29 New Leads - lifecycle,Your 3-step routine starts here,New Leads,2025-09-29,1351,1316,324,51,1
2025-09-29 Cart Abandoners - lifecycle,Still thinking it over? 10% inside,Cart Abandoners,2025-09-29,543,533,144,25,0
2025-09-29 Lapsed Customers - lifecycle,We miss you - here's 15% back,Lapsed Customers,2025-09-29,793,783,162,26,1
2025-09-29 VIP Loyalists - lifecycle,Early access: your VIP drop is live,VIP Loyalists,2025-09-29,254,249,78,13,0
2025-09-30 Monthly Newsletter (Batch),Monthly news + featured products,All contacts (batch),2025-09-30,14504,14141,2193,314,23
2025-09-30 Cart Abandoners - lifecycle,Still thinking it over? 10% inside,Cart Abandoners,2025-09-30,486,476,128,23,0
2025-09-30 VIP Loyalists - lifecycle,Early access: your VIP drop is live,VIP Loyalists,2025-09-30,275,270,79,14,0
2025-10-01 VIP Loyalists - lifecycle,Early access: your VIP drop is live,VIP Loyalists,2025-10-01,310,304,95,15,0
2025-10-02 Monthly Newsletter (Batch),Monthly news + featured products,All contacts (batch),2025-10-02,14767,14398,2150,314,23
2025-10-02 New Leads - lifecycle,Your 3-step routine starts here,New Leads,2025-10-02,1160,1141,284,47,1
2025-10-02 Cart Abandoners - lifecycle,Still thinking it over? 10% inside,Cart Abandoners,2025-10-02,451,445,116,20,0
2025-10-02 VIP Loyalists - lifecycle,Early access: your VIP drop is live,VIP Loyalists,2025-10-02,326,321,95,16,0
2025-10-03 Lapsed Customers - lifecycle,We miss you - here's 15% back,Lapsed Customers,2025-10-03,877,862,168,28,1
2025-10-04 Monthly Newsletter (Batch),Monthly news + featured products,All contacts (batch),2025-10-04,13100,12772,1877,264,20
2025-10-04 New Leads - lifecycle,Your 3-step routine starts here,New Leads,2025-10-04,1399,1369,330,51,1
2025-10-04 Cart Abandoners - lifecycle,Still thinking it over? 10% inside,Cart Abandoners,2025-10-04,505,499,134,23,0
2025-10-04 First-Time Buyers - lifecycle,How to get the most from your serum,First-Time Buyers,2025-10-04,635,627,141,21,1
2025-10-04 Lapsed Customers - lifecycle,We miss you - here's 15% back,Lapsed Customers,2025-10-04,829,820,163,27,1
2025-10-05 Monthly Newsletter (Batch),Monthly news + featured products,All contacts (batch),2025-10-05,13897,13550,2109,293,22
2025-10-05 New Leads - lifecycle,Your 3-step routine starts here,New Leads,2025-10-05,1138,1112,266,45,1
2025-10-05 VIP Loyalists - lifecycle,Early access: your VIP drop is live,VIP Loyalists,2025-10-05,281,275,85,14,0
2025-10-06 Monthly Newsletter (Batch),Monthly news + featured products,All contacts (batch),2025-10-06,12384,12074,1769,246,19
2025-10-06 Cart Abandoners - lifecycle,Still thinking it over? 10% inside,Cart Abandoners,2025-10-06,523,513,140,24,0
2025-10-06 VIP Loyalists - lifecycle,Early access: your VIP drop is live,VIP Loyalists,2025-10-06,335,328,96,18,0
2025-10-07 Cart Abandoners - lifecycle,Still thinking it over? 10% inside,Cart Abandoners,2025-10-07,480,475,130,23,0
2025-10-07 Lapsed Customers - lifecycle,We miss you - here's 15% back,Lapsed Customers,2025-10-07,724,708,147,21,1
2025-10-07 VIP Loyalists - lifecycle,Early access: your VIP drop is live,VIP Loyalists,2025-10-07,292,285,91,16,0
2025-10-08 Monthly Newsletter (Batch),Monthly news + featured products,All contacts (batch),2025-10-08,12905,12582,1855,267,20
2025-10-08 Cart Abandoners - lifecycle,Still thinking it over? 10% inside,Cart Abandoners,2025-10-08,520,513,138,25,0
2025-10-08 First-Time Buyers - lifecycle,How to get the most from your serum,First-Time Buyers,2025-10-08,711,703,164,25,1
2025-10-09 Cart Abandoners - lifecycle,Still thinking it over? 10% inside,Cart Abandoners,2025-10-09,551,541,143,24,0
2025-10-10 Cart Abandoners - lifecycle,Still thinking it over? 10% inside,Cart Abandoners,2025-10-10,512,499,132,24,0
2025-10-10 First-Time Buyers - lifecycle,How to get the most from your serum,First-Time Buyers,2025-10-10,701,685,160,23,1
2025-10-10 Lapsed Customers - lifecycle,We miss you - here's 15% back,Lapsed Customers,2025-10-10,743,734,143,24,1
2025-10-11 Monthly Newsletter (Batch),Monthly news + featured products,All contacts (batch),2025-10-11,13609,13269,2063,293,21
2025-10-11 New Leads - lifecycle,Your 3-step routine starts here,New Leads,2025-10-11,1355,1329,330,52,1
2025-10-11 Cart Abandoners - lifecycle,Still thinking it over? 10% inside,Cart Abandoners,2025-10-11,540,530,138,25,0
2025-10-11 First-Time Buyers - lifecycle,How to get the most from your serum,First-Time Buyers,2025-10-11,831,811,182,29,1
2025-10-12 Cart Abandoners - lifecycle,Still thinking it over? 10% inside,Cart Abandoners,2025-10-12,455,449,125,22,0
2025-10-12 Lapsed Customers - lifecycle,We miss you - here's 15% back,Lapsed Customers,2025-10-12,941,918,193,29,1
2025-10-13 Cart Abandoners - lifecycle,Still thinking it over? 10% inside,Cart Abandoners,2025-10-13,544,532,146,24,0
2025-10-13 Lapsed Customers - lifecycle,We miss you - here's 15% back,Lapsed Customers,2025-10-13,899,886,177,27,1
2025-10-13 VIP Loyalists - lifecycle,Early access: your VIP drop is live,VIP Loyalists,2025-10-13,320,315,92,18,0
2025-10-14 Monthly Newsletter (Batch),Monthly news + featured products,All contacts (batch),2025-10-14,13159,12830,1928,276,21
2025-10-14 New Leads - lifecycle,Your 3-step routine starts here,New Leads,2025-10-14,1240,1213,296,51,1
2025-10-14 First-Time Buyers - lifecycle,How to get the most from your serum,First-Time Buyers,2025-10-14,737,725,166,25,1
2025-10-14 Lapsed Customers - lifecycle,We miss you - here's 15% back,Lapsed Customers,2025-10-14,874,858,168,27,1
2025-10-15 New Leads - lifecycle,Your 3-step routine starts here,New Leads,2025-10-15,1447,1419,348,55,1
2025-10-16 New Leads - lifecycle,Your 3-step routine starts here,New Leads,2025-10-16,1380,1345,332,56,1
2025-10-17 New Leads - lifecycle,Your 3-step routine starts here,New Leads,2025-10-17,1163,1140,273,44,1
2025-10-17 Cart Abandoners - lifecycle,Still thinking it over? 10% inside,Cart Abandoners,2025-10-17,522,512,137,24,0
2025-10-17 First-Time Buyers - lifecycle,How to get the most from your serum,First-Time Buyers,2025-10-17,821,813,194,28,1
2025-10-17 Lapsed Customers - lifecycle,We miss you - here's 15% back,Lapsed Customers,2025-10-17,971,947,193,31,1
2025-10-18 Monthly Newsletter (Batch),Monthly news + featured products,All contacts (batch),2025-10-18,12461,12149,1967,252,19
2025-10-18 Cart Abandoners - lifecycle,Still thinking it over? 10% inside,Cart Abandoners,2025-10-18,490,479,129,23,0
2025-10-20 New Leads - lifecycle,Your 3-step routine starts here,New Leads,2025-10-20,1378,1348,317,56,1
2025-10-20 Lapsed Customers - lifecycle,We miss you - here's 15% back,Lapsed Customers,2025-10-20,824,815,172,27,1
2025-10-20 VIP Loyalists - lifecycle,Early access: your VIP drop is live,VIP Loyalists,2025-10-20,326,323,97,17,0
2025-10-21 New Leads - lifecycle,Your 3-step routine starts here,New Leads,2025-10-21,1225,1211,299,52,1
2025-10-21 Cart Abandoners - lifecycle,Still thinking it over? 10% inside,Cart Abandoners,2025-10-21,516,511,135,24,0
2025-10-21 VIP Loyalists - lifecycle,Early access: your VIP drop is live,VIP Loyalists,2025-10-21,317,309,100,17,0
2025-10-22 Monthly Newsletter (Batch),Monthly news + featured products,All contacts (batch),2025-10-22,11818,11523,1857,248,18
2025-10-22 New Leads - lifecycle,Your 3-step routine starts here,New Leads,2025-10-22,1145,1127,265,48,1
2025-10-22 First-Time Buyers - lifecycle,How to get the most from your serum,First-Time Buyers,2025-10-22,750,736,174,28,1
2025-10-22 Lapsed Customers - lifecycle,We miss you - here's 15% back,Lapsed Customers,2025-10-22,837,819,178,28,1
2025-10-23 Cart Abandoners - lifecycle,Still thinking it over? 10% inside,Cart Abandoners,2025-10-23,456,445,126,21,0
2025-10-23 First-Time Buyers - lifecycle,How to get the most from your serum,First-Time Buyers,2025-10-23,809,792,182,30,1
2025-10-24 New Leads - lifecycle,Your 3-step routine starts here,New Leads,2025-10-24,1179,1154,283,44,1
2025-10-24 Cart Abandoners - lifecycle,Still thinking it over? 10% inside,Cart Abandoners,2025-10-24,501,493,131,23,0
2025-10-24 First-Time Buyers - lifecycle,How to get the most from your serum,First-Time Buyers,2025-10-24,797,781,182,28,1
2025-10-24 Lapsed Customers - lifecycle,We miss you - here's 15% back,Lapsed Customers,2025-10-24,935,918,196,28,1
2025-10-24 VIP Loyalists - lifecycle,Early access: your VIP drop is live,VIP Loyalists,2025-10-24,288,281,89,16,0
2025-10-26 Monthly Newsletter (Batch),Monthly news + featured products,All contacts (batch),2025-10-26,13402,13067,2087,273,21
2025-10-26 VIP Loyalists - lifecycle,Early access: your VIP drop is live,VIP Loyalists,2025-10-26,344,340,109,18,0
2025-10-27 Monthly Newsletter (Batch),Monthly news + featured products,All contacts (batch),2025-10-27,11806,11511,1882,246,18
2025-10-27 VIP Loyalists - lifecycle,Early access: your VIP drop is live,VIP Loyalists,2025-10-27,308,302,93,18,0
2025-10-28 Lapsed Customers - lifecycle,We miss you - here's 15% back,Lapsed Customers,2025-10-28,850,837,184,29,1
2025-10-29 New Leads - lifecycle,Your 3-step routine starts here,New Leads,2025-10-29,1493,1468,349,59,1
2025-10-29 First-Time Buyers - lifecycle,How to get the most from your serum,First-Time Buyers,2025-10-29,769,756,188,27,1
2025-10-29 Lapsed Customers - lifecycle,We miss you - here's 15% back,Lapsed Customers,2025-10-29,937,926,189,32,1
2025-10-30 Monthly Newsletter (Batch),Monthly news + featured products,All contacts (batch),2025-10-30,12288,11981,1798,267,19
2025-10-31 Monthly Newsletter (Batch),Monthly news + featured products,All contacts (batch),2025-10-31,12278,11971,1910,250,19
2025-10-31 Cart Abandoners - lifecycle,Still thinking it over? 10% inside,Cart Abandoners,2025-10-31,563,553,150,28,0
2025-11-01 Cart Abandoners - lifecycle,Still thinking it over? 10% inside,Cart Abandoners,2025-11-01,522,511,141,25,0
2025-11-01 First-Time Buyers - lifecycle,How to get the most from your serum,First-Time Buyers,2025-11-01,768,756,178,30,1
2025-11-01 VIP Loyalists - lifecycle,Early access: your VIP drop is live,VIP Loyalists,2025-11-01,343,335,112,19,0
2025-11-02 New Leads - lifecycle,Your 3-step routine starts here,New Leads,2025-11-02,1363,1348,346,53,1
2025-11-02 Lapsed Customers - lifecycle,We miss you - here's 15% back,Lapsed Customers,2025-11-02,913,898,198,29,1
2025-11-03 Monthly Newsletter (Batch),Monthly news + featured products,All contacts (batch),2025-11-03,13073,12746,2006,285,20
2025-11-03 Cart Abandoners - lifecycle,Still thinking it over? 10% inside,Cart Abandoners,2025-11-03,588,580,166,30,1
2025-11-03 Lapsed Customers - lifecycle,We miss you - here's 15% back,Lapsed Customers,2025-11-03,938,917,203,29,1
2025-11-04 Monthly Newsletter (Batch),Monthly news + featured products,All contacts (batch),2025-11-04,11062,10785,1731,245,17
2025-11-04 Cart Abandoners - lifecycle,Still thinking it over? 10% inside,Cart Abandoners,2025-11-04,582,573,155,29,1
2025-11-04 First-Time Buyers - lifecycle,How to get the most from your serum,First-Time Buyers,2025-11-04,843,825,201,31,1
2025-11-05 New Leads - lifecycle,Your 3-step routine starts here,New Leads,2025-11-05,1190,1161,300,50,1
2025-11-05 Cart Abandoners - lifecycle,Still thinking it over? 10% inside,Cart Abandoners,2025-11-05,584,576,155,27,1
2025-11-05 Lapsed Customers - lifecycle,We miss you - here's 15% back,Lapsed Customers,2025-11-05,917,901,186,30,1
2025-11-06 First-Time Buyers - lifecycle,How to get the most from your serum,First-Time Buyers,2025-11-06,793,780,183,29,1
2025-11-06 Lapsed Customers - lifecycle,We miss you - here's 15% back,Lapsed Customers,2025-11-06,901,882,189,29,1
2025-11-07 Monthly Newsletter (Batch),Monthly news + featured products,All contacts (batch),2025-11-07,12259,11953,1923,251,19
2025-11-07 Lapsed Customers - lifecycle,We miss you - here's 15% back,Lapsed Customers,2025-11-07,914,896,197,32,1
2025-11-08 First-Time Buyers - lifecycle,How to get the most from your serum,First-Time Buyers,2025-11-08,727,718,183,27,1
2025-11-09 First-Time Buyers - lifecycle,How to get the most from your serum,First-Time Buyers,2025-11-09,872,857,214,34,1
2025-11-09 Lapsed Customers - lifecycle,We miss you - here's 15% back,Lapsed Customers,2025-11-09,933,913,190,30,1
2025-11-09 VIP Loyalists - lifecycle,Early access: your VIP drop is live,VIP Loyalists,2025-11-09,332,327,106,20,0
2025-11-10 Cart Abandoners - lifecycle,Still thinking it over? 10% inside,Cart Abandoners,2025-11-10,489,483,140,24,0
2025-11-10 First-Time Buyers - lifecycle,How to get the most from your serum,First-Time Buyers,2025-11-10,771,759,183,29,1
2025-11-10 Lapsed Customers - lifecycle,We miss you - here's 15% back,Lapsed Customers,2025-11-10,924,902,193,29,1
2025-11-11 New Leads - lifecycle,Your 3-step routine starts here,New Leads,2025-11-11,1501,1471,378,66,1
2025-11-11 Cart Abandoners - lifecycle,Still thinking it over? 10% inside,Cart Abandoners,2025-11-11,550,540,146,26,0
2025-11-12 Cart Abandoners - lifecycle,Still thinking it over? 10% inside,Cart Abandoners,2025-11-12,520,507,136,26,0
2025-11-12 Lapsed Customers - lifecycle,We miss you - here's 15% back,Lapsed Customers,2025-11-12,945,930,191,33,1
2025-11-12 VIP Loyalists - lifecycle,Early access: your VIP drop is live,VIP Loyalists,2025-11-12,306,302,102,17,0
2025-11-13 Cart Abandoners - lifecycle,Still thinking it over? 10% inside,Cart Abandoners,2025-11-13,528,518,144,27,0
2025-11-13 Lapsed Customers - lifecycle,We miss you - here's 15% back,Lapsed Customers,2025-11-13,835,819,170,29,1
2025-11-13 VIP Loyalists - lifecycle,Early access: your VIP drop is live,VIP Loyalists,2025-11-13,351,344,116,19,0
2025-11-14 Monthly Newsletter (Batch),Monthly news + featured products,All contacts (batch),2025-11-14,11973,11674,1792,256,19
2025-11-15 Monthly Newsletter (Batch),Monthly news + featured products,All contacts (batch),2025-11-15,10511,10248,1663,226,16
2025-11-15 First-Time Buyers - lifecycle,How to get the most from your serum,First-Time Buyers,2025-11-15,820,802,193,31,1
2025-11-16 Monthly Newsletter (Batch),Monthly news + featured products,All contacts (batch),2025-11-16,12689,12372,2008,271,20
2025-11-16 Cart Abandoners - lifecycle,Still thinking it over? 10% inside,Cart Abandoners,2025-11-16,503,494,139,26,0
2025-11-16 First-Time Buyers - lifecycle,How to get the most from your serum,First-Time Buyers,2025-11-16,892,876,223,36,1
2025-11-17 Monthly Newsletter (Batch),Monthly news + featured products,All contacts (batch),2025-11-17,10470,10208,1584,236,16
2025-11-17 Lapsed Customers - lifecycle,We miss you - here's 15% back,Lapsed Customers,2025-11-17,858,847,191,29,1
2025-11-18 Monthly Newsletter (Batch),Monthly news + featured products,All contacts (batch),2025-11-18,12534,12221,2000,266,20
2025-11-19 Cart Abandoners - lifecycle,Still thinking it over? 10% inside,Cart Abandoners,2025-11-19,627,611,173,32,1
2025-11-20 Monthly Newsletter (Batch),Monthly news + featured products,All contacts (batch),2025-11-20,11399,11114,1704,257,18
2025-11-20 New Leads - lifecycle,Your 3-step routine starts here,New Leads,2025-11-20,1390,1355,360,62,1
2025-11-20 Cart Abandoners - lifecycle,Still thinking it over? 10% inside,Cart Abandoners,2025-11-20,585,578,167,32,1
2025-11-20 First-Time Buyers - lifecycle,How to get the most from your serum,First-Time Buyers,2025-11-20,737,719,172,26,1
2025-11-20 VIP Loyalists - lifecycle,Early access: your VIP drop is live,VIP Loyalists,2025-11-20,340,333,115,19,0
2025-11-21 Monthly Newsletter (Batch),Monthly news + featured products,All contacts (batch),2025-11-21,10705,10437,1728,224,17
2025-11-21 Lapsed Customers - lifecycle,We miss you - here's 15% back,Lapsed Customers,2025-11-21,820,805,182,26,1
2025-11-22 Cart Abandoners - lifecycle,Still thinking it over? 10% inside,Cart Abandoners,2025-11-22,571,562,157,28,1
2025-11-22 Lapsed Customers - lifecycle,We miss you - here's 15% back,Lapsed Customers,2025-11-22,854,844,193,31,1
2025-11-22 VIP Loyalists - lifecycle,Early access: your VIP drop is live,VIP Loyalists,2025-11-22,358,352,118,20,0
2025-11-23 Cart Abandoners - lifecycle,Still thinking it over? 10% inside,Cart Abandoners,2025-11-23,622,612,175,33,1
2025-11-23 VIP Loyalists - lifecycle,Early access: your VIP drop is live,VIP Loyalists,2025-11-23,375,371,120,23,0
2025-11-24 Cart Abandoners - lifecycle,Still thinking it over? 10% inside,Cart Abandoners,2025-11-24,610,594,174,32,1
2025-11-25 New Leads - lifecycle,Your 3-step routine starts here,New Leads,2025-11-25,1456,1423,376,62,1
2025-11-25 Lapsed Customers - lifecycle,We miss you - here's 15% back,Lapsed Customers,2025-11-25,889,880,199,32,1
2025-11-26 New Leads - lifecycle,Your 3-step routine starts here,New Leads,2025-11-26,1513,1494,388,68,1
2025-11-27 Monthly Newsletter (Batch),Monthly news + featured products,All contacts (batch),2025-11-27,10090,9838,1535,221,16
2025-11-27 Cart Abandoners - lifecycle,Still thinking it over? 10% inside,Cart Abandoners,2025-11-27,516,505,151,25,0
2025-11-27 First-Time Buyers - lifecycle,How to get the most from your serum,First-Time Buyers,2025-11-27,736,718,189,30,1
2025-11-28 Cart Abandoners - lifecycle,Still thinking it over? 10% inside,Cart Abandoners,2025-11-28,532,523,159,26,0
2025-11-29 First-Time Buyers - lifecycle,How to get the most from your serum,First-Time Buyers,2025-11-29,840,822,214,31,1
2025-11-30 First-Time Buyers - lifecycle,How to get the most from your serum,First-Time Buyers,2025-11-30,909,894,231,37,1
2025-12-01 Cart Abandoners - lifecycle,Still thinking it over? 10% inside,Cart Abandoners,2025-12-01,639,627,190,33,1
2025-12-01 First-Time Buyers - lifecycle,How to get the most from your serum,First-Time Buyers,2025-12-01,921,903,227,34,1
2025-12-01 VIP Loyalists - lifecycle,Early access: your VIP drop is live,VIP Loyalists,2025-12-01,388,379,131,24,0
2025-12-02 First-Time Buyers - lifecycle,How to get the most from your serum,First-Time Buyers,2025-12-02,941,929,231,36,1
2025-12-02 Lapsed Customers - lifecycle,We miss you - here's 15% back,Lapsed Customers,2025-12-02,895,877,194,32,1
2025-12-02 VIP Loyalists - lifecycle,Early access: your VIP drop is live,VIP Loyalists,2025-12-02,342,333,110,20,0
2025-12-03 Monthly Newsletter (Batch),Monthly news + featured products,All contacts (batch),2025-12-03,10391,10131,1666,228,16
2025-12-03 First-Time Buyers - lifecycle,How to get the most from your serum,First-Time Buyers,2025-12-03,962,941,245,39,1
2025-12-03 Lapsed Customers - lifecycle,We miss you - here's 15% back,Lapsed Customers,2025-12-03,991,970,210,34,1
2025-12-03 VIP Loyalists - lifecycle,Early access: your VIP drop is live,VIP Loyalists,2025-12-03,340,333,115,19,0
2025-12-04 New Leads - lifecycle,Your 3-step routine starts here,New Leads,2025-12-04,1348,1314,363,58,1
2025-12-04 First-Time Buyers - lifecycle,How to get the most from your serum,First-Time Buyers,2025-12-04,850,832,214,32,1
2025-12-04 Lapsed Customers - lifecycle,We miss you - here's 15% back,Lapsed Customers,2025-12-04,921,908,194,30,1
2025-12-05 Monthly Newsletter (Batch),Monthly news + featured products,All contacts (batch),2025-12-05,9765,9521,1596,209,15
2025-12-05 Cart Abandoners - lifecycle,Still thinking it over? 10% inside,Cart Abandoners,2025-12-05,565,554,155,31,0
2025-12-06 First-Time Buyers - lifecycle,How to get the most from your serum,First-Time Buyers,2025-12-06,754,736,195,29,1
2025-12-07 Monthly Newsletter (Batch),Monthly news + featured products,All contacts (batch),2025-12-07,9763,9519,1524,218,15
2025-12-07 Cart Abandoners - lifecycle,Still thinking it over? 10% inside,Cart Abandoners,2025-12-07,667,652,200,35,1
2025-12-08 Monthly Newsletter (Batch),Monthly news + featured products,All contacts (batch),2025-12-08,11223,10942,1682,258,18
2025-12-08 First-Time Buyers - lifecycle,How to get the most from your serum,First-Time Buyers,2025-12-08,968,958,246,41,1
2025-12-09 Monthly Newsletter (Batch),Monthly news + featured products,All contacts (batch),2025-12-09,10902,10629,1745,238,17
2025-12-09 New Leads - lifecycle,Your 3-step routine starts here,New Leads,2025-12-09,1477,1454,370,66,1
2025-12-09 Cart Abandoners - lifecycle,Still thinking it over? 10% inside,Cart Abandoners,2025-12-09,585,572,161,29,1
2025-12-09 First-Time Buyers - lifecycle,How to get the most from your serum,First-Time Buyers,2025-12-09,775,762,201,31,1
2025-12-09 Lapsed Customers - lifecycle,We miss you - here's 15% back,Lapsed Customers,2025-12-09,1040,1019,226,36,1
2025-12-09 VIP Loyalists - lifecycle,Early access: your VIP drop is live,VIP Loyalists,2025-12-09,399,392,139,25,0
2025-12-10 Cart Abandoners - lifecycle,Still thinking it over? 10% inside,Cart Abandoners,2025-12-10,640,629,181,34,1
2025-12-10 First-Time Buyers - lifecycle,How to get the most from your serum,First-Time Buyers,2025-12-10,795,780,206,32,1
2025-12-10 VIP Loyalists - lifecycle,Early access: your VIP drop is live,VIP Loyalists,2025-12-10,349,341,112,20,0
2025-12-11 First-Time Buyers - lifecycle,How to get the most from your serum,First-Time Buyers,2025-12-11,774,759,188,30,1
2025-12-11 Lapsed Customers - lifecycle,We miss you - here's 15% back,Lapsed Customers,2025-12-11,925,912,211,32,1
2025-12-12 Cart Abandoners - lifecycle,Still thinking it over? 10% inside,Cart Abandoners,2025-12-12,531,519,148,28,0
2025-12-12 Lapsed Customers - lifecycle,We miss you - here's 15% back,Lapsed Customers,2025-12-12,991,975,231,36,1
2025-12-12 VIP Loyalists - lifecycle,Early access: your VIP drop is live,VIP Loyalists,2025-12-12,399,389,131,24,0
2025-12-13 Cart Abandoners - lifecycle,Still thinking it over? 10% inside,Cart Abandoners,2025-12-13,634,619,181,35,1
2025-12-13 First-Time Buyers - lifecycle,How to get the most from your serum,First-Time Buyers,2025-12-13,862,842,213,35,1
2025-12-14 Monthly Newsletter (Batch),Monthly news + featured products,All contacts (batch),2025-12-14,9319,9086,1477,212,15
2025-12-14 Lapsed Customers - lifecycle,We miss you - here's 15% back,Lapsed Customers,2025-12-14,934,912,218,34,1
2025-12-15 Monthly Newsletter (Batch),Monthly news + featured products,All contacts (batch),2025-12-15,9420,9184,1495,198,15
2025-12-15 New Leads - lifecycle,Your 3-step routine starts here,New Leads,2025-12-15,1512,1476,406,69,1
2025-12-16 New Leads - lifecycle,Your 3-step routine starts here,New Leads,2025-12-16,1620,1596,408,70,1
2025-12-16 First-Time Buyers - lifecycle,How to get the most from your serum,First-Time Buyers,2025-12-16,845,835,220,36,1
2025-12-16 Lapsed Customers - lifecycle,We miss you - here's 15% back,Lapsed Customers,2025-12-16,841,822,193,30,1
2025-12-17 Monthly Newsletter (Batch),Monthly news + featured products,All contacts (batch),2025-12-17,9275,9043,1531,204,14
2025-12-17 First-Time Buyers - lifecycle,How to get the most from your serum,First-Time Buyers,2025-12-17,950,938,250,39,1
2025-12-17 Lapsed Customers - lifecycle,We miss you - here's 15% back,Lapsed Customers,2025-12-17,924,912,217,31,1
2025-12-18 New Leads - lifecycle,Your 3-step routine starts here,New Leads,2025-12-18,1387,1358,374,65,1
2025-12-18 Cart Abandoners - lifecycle,Still thinking it over? 10% inside,Cart Abandoners,2025-12-18,565,555,166,32,0
2025-12-19 New Leads - lifecycle,Your 3-step routine starts here,New Leads,2025-12-19,1561,1538,408,72,1
2025-12-19 Lapsed Customers - lifecycle,We miss you - here's 15% back,Lapsed Customers,2025-12-19,959,949,220,34,1
2025-12-19 VIP Loyalists - lifecycle,Early access: your VIP drop is live,VIP Loyalists,2025-12-19,393,387,131,24,0
2025-12-20 New Leads - lifecycle,Your 3-step routine starts here,New Leads,2025-12-20,1536,1500,422,66,1
2025-12-20 Cart Abandoners - lifecycle,Still thinking it over? 10% inside,Cart Abandoners,2025-12-20,628,613,184,34,1
2025-12-20 Lapsed Customers - lifecycle,We miss you - here's 15% back,Lapsed Customers,2025-12-20,859,847,192,33,1
2025-12-21 Cart Abandoners - lifecycle,Still thinking it over? 10% inside,Cart Abandoners,2025-12-21,687,679,208,38,1
2025-12-21 First-Time Buyers - lifecycle,How to get the most from your serum,First-Time Buyers,2025-12-21,884,864,227,34,1
2025-12-21 VIP Loyalists - lifecycle,Early access: your VIP drop is live,VIP Loyalists,2025-12-21,387,383,134,25,0
2025-12-22 VIP Loyalists - lifecycle,Early access: your VIP drop is live,VIP Loyalists,2025-12-22,337,331,114,22,0
2025-12-23 Monthly Newsletter (Batch),Monthly news + featured products,All contacts (batch),2025-12-23,10538,10275,1622,227,16
2025-12-23 Lapsed Customers - lifecycle,We miss you - here's 15% back,Lapsed Customers,2025-12-23,1049,1030,245,39,1
2025-12-23 VIP Loyalists - lifecycle,Early access: your VIP drop is live,VIP Loyalists,2025-12-23,362,356,128,23,0
2025-12-24 Cart Abandoners - lifecycle,Still thinking it over? 10% inside,Cart Abandoners,2025-12-24,691,674,203,36,1
2025-12-24 First-Time Buyers - lifecycle,How to get the most from your serum,First-Time Buyers,2025-12-24,967,955,251,41,1
2025-12-24 Lapsed Customers - lifecycle,We miss you - here's 15% back,Lapsed Customers,2025-12-24,892,869,191,34,1
2025-12-24 VIP Loyalists - lifecycle,Early access: your VIP drop is live,VIP Loyalists,2025-12-24,327,320,116,21,0
2025-12-25 Monthly Newsletter (Batch),Monthly news + featured products,All contacts (batch),2025-12-25,9681,9439,1460,223,15
2025-12-25 New Leads - lifecycle,Your 3-step routine starts here,New Leads,2025-12-25,1497,1466,392,65,1
2025-12-25 Lapsed Customers - lifecycle,We miss you - here's 15% back,Lapsed Customers,2025-12-25,1055,1040,238,38,1
2025-12-26 First-Time Buyers - lifecycle,How to get the most from your serum,First-Time Buyers,2025-12-26,791,778,196,32,1
2025-12-26 Lapsed Customers - lifecycle,We miss you - here's 15% back,Lapsed Customers,2025-12-26,979,967,224,35,1
2025-12-27 New Leads - lifecycle,Your 3-step routine starts here,New Leads,2025-12-27,1620,1581,414,70,1
2025-12-27 VIP Loyalists - lifecycle,Early access: your VIP drop is live,VIP Loyalists,2025-12-27,366,357,122,22,0
2025-12-28 Monthly Newsletter (Batch),Monthly news + featured products,All contacts (batch),2025-12-28,8907,8684,1406,200,14
2025-12-28 Cart Abandoners - lifecycle,Still thinking it over? 10% inside,Cart Abandoners,2025-12-28,561,555,176,31,0
2025-12-28 First-Time Buyers - lifecycle,How to get the most from your serum,First-Time Buyers,2025-12-28,792,779,196,33,1
2025-12-28 Lapsed Customers - lifecycle,We miss you - here's 15% back,Lapsed Customers,2025-12-28,879,866,206,32,1
2025-12-29 Monthly Newsletter (Batch),Monthly news + featured products,All contacts (batch),2025-12-29,9168,8939,1435,210,14
2025-12-29 New Leads - lifecycle,Your 3-step routine starts here,New Leads,2025-12-29,1405,1372,382,65,1
2025-12-29 Cart Abandoners - lifecycle,Still thinking it over? 10% inside,Cart Abandoners,2025-12-29,603,595,181,35,1
2025-12-30 Cart Abandoners - lifecycle,Still thinking it over? 10% inside,Cart Abandoners,2025-12-30,630,617,187,35,1
2025-12-30 First-Time Buyers - lifecycle,How to get the most from your serum,First-Time Buyers,2025-12-30,818,800,218,33,1
2025-12-31 Monthly Newsletter (Batch),Monthly news + featured products,All contacts (batch),2025-12-31,9748,9504,1526,233,15
2025-12-31 Cart Abandoners - lifecycle,Still thinking it over? 10% inside,Cart Abandoners,2025-12-31,609,601,186,33,1
2025-12-31 First-Time Buyers - lifecycle,How to get the most from your serum,First-Time Buyers,2025-12-31,857,845,221,37,1
2025-12-31 Lapsed Customers - lifecycle,We miss you - here's 15% back,Lapsed Customers,2025-12-31,1138,1124,271,44,1
2025-12-31 VIP Loyalists - lifecycle,Early access: your VIP drop is live,VIP Loyalists,2025-12-31,404,394,145,25,0
2026-01-01 Cart Abandoners - lifecycle,Still thinking it over? 10% inside,Cart Abandoners,2026-01-01,647,637,196,35,1
2026-01-01 First-Time Buyers - lifecycle,How to get the most from your serum,First-Time Buyers,2026-01-01,793,781,212,32,1
2026-01-02 Cart Abandoners - lifecycle,Still thinking it over? 10% inside,Cart Abandoners,2026-01-02,684,674,200,39,1
2026-01-02 First-Time Buyers - lifecycle,How to get the most from your serum,First-Time Buyers,2026-01-02,978,960,256,42,1
2026-01-02 VIP Loyalists - lifecycle,Early access: your VIP drop is live,VIP Loyalists,2026-01-02,394,388,136,25,0
2026-01-03 New Leads - lifecycle,Your 3-step routine starts here,New Leads,2026-01-03,1436,1416,405,69,1
2026-01-03 Cart Abandoners - lifecycle,Still thinking it over? 10% inside,Cart Abandoners,2026-01-03,582,574,174,34,1
2026-01-03 VIP Loyalists - lifecycle,Early access: your VIP drop is live,VIP Loyalists,2026-01-03,422,416,142,26,0
2026-01-04 First-Time Buyers - lifecycle,How to get the most from your serum,First-Time Buyers,2026-01-04,895,883,228,36,1
2026-01-06 Monthly Newsletter (Batch),Monthly news + featured products,All contacts (batch),2026-01-06,9695,9453,1470,230,15
2026-01-06 First-Time Buyers - lifecycle,How to get the most from your serum,First-Time Buyers,2026-01-06,1042,1021,284,44,1
2026-01-06 VIP Loyalists - lifecycle,Early access: your VIP drop is live,VIP Loyalists,2026-01-06,354,348,123,22,0
2026-01-07 Monthly Newsletter (Batch),Monthly news + featured products,All contacts (batch),2026-01-07,9356,9122,1543,220,15
2026-01-07 Lapsed Customers - lifecycle,We miss you - here's 15% back,Lapsed Customers,2026-01-07,1120,1099,254,43,1
2026-01-08 Lapsed Customers - lifecycle,We miss you - here's 15% back,Lapsed Customers,2026-01-08,1040,1025,248,38,1
2026-01-09 New Leads - lifecycle,Your 3-step routine starts here,New Leads,2026-01-09,1492,1461,412,68,1
2026-01-09 Cart Abandoners - lifecycle,Still thinking it over? 10% inside,Cart Abandoners,2026-01-09,706,693,217,39,1
2026-01-09 First-Time Buyers - lifecycle,How to get the most from your serum,First-Time Buyers,2026-01-09,1000,983,272,40,1
2026-01-10 Monthly Newsletter (Batch),Monthly news + featured products,All contacts (batch),2026-01-10,9018,8793,1467,207,14
2026-01-10 Lapsed Customers - lifecycle,We miss you - here's 15% back,Lapsed Customers,2026-01-10,946,931,227,35,1
2026-01-11 Cart Abandoners - lifecycle,Still thinking it over? 10% inside,Cart Abandoners,2026-01-11,644,632,199,38,1
2026-01-11 First-Time Buyers - lifecycle,How to get the most from your serum,First-Time Buyers,2026-01-11,1030,1011,264,42,1
2026-01-11 Lapsed Customers - lifecycle,We miss you - here's 15% back,Lapsed Customers,2026-01-11,1025,1002,250,37,1
2026-01-12 First-Time Buyers - lifecycle,How to get the most from your serum,First-Time Buyers,2026-01-12,966,944,261,40,1
2026-01-12 VIP Loyalists - lifecycle,Early access: your VIP drop is live,VIP Loyalists,2026-01-12,372,368,137,25,0
2026-01-13 Cart Abandoners - lifecycle,Still thinking it over? 10% inside,Cart Abandoners,2026-01-13,645,637,199,35,1
2026-01-13 Lapsed Customers - lifecycle,We miss you - here's 15% back,Lapsed Customers,2026-01-13,1075,1061,261,40,1
2026-01-13 VIP Loyalists - lifecycle,Early access: your VIP drop is live,VIP Loyalists,2026-01-13,423,415,143,28,0
2026-01-14 Monthly Newsletter (Batch),Monthly news + featured products,All contacts (batch),2026-01-14,9068,8841,1480,197,14
2026-01-14 New Leads - lifecycle,Your 3-step routine starts here,New Leads,2026-01-14,1778,1744,486,84,2
2026-01-14 Cart Abandoners - lifecycle,Still thinking it over? 10% inside,Cart Abandoners,2026-01-14,739,725,223,40,1
2026-01-15 Monthly Newsletter (Batch),Monthly news + featured products,All contacts (batch),2026-01-15,9480,9243,1447,218,15
2026-01-15 Cart Abandoners - lifecycle,Still thinking it over? 10% inside,Cart Abandoners,2026-01-15,723,709,231,39,1
2026-01-15 Lapsed Customers - lifecycle,We miss you - here's 15% back,Lapsed Customers,2026-01-15,994,975,232,39,1
2026-01-16 Monthly Newsletter (Batch),Monthly news + featured products,All contacts (batch),2026-01-16,9089,8862,1428,214,14
2026-01-16 New Leads - lifecycle,Your 3-step routine starts here,New Leads,2026-01-16,1582,1549,417,76,1
2026-01-16 First-Time Buyers - lifecycle,How to get the most from your serum,First-Time Buyers,2026-01-16,856,840,217,36,1
2026-01-16 Lapsed Customers - lifecycle,We miss you - here's 15% back,Lapsed Customers,2026-01-16,1084,1060,250,42,1
2026-01-17 VIP Loyalists - lifecycle,Early access: your VIP drop is live,VIP Loyalists,2026-01-17,390,383,139,25,0
2026-01-18 New Leads - lifecycle,Your 3-step routine starts here,New Leads,2026-01-18,1432,1397,410,66,1
2026-01-18 First-Time Buyers - lifecycle,How to get the most from your serum,First-Time Buyers,2026-01-18,939,925,249,39,1
2026-01-18 Lapsed Customers - lifecycle,We miss you - here's 15% back,Lapsed Customers,2026-01-18,1186,1158,273,44,1
2026-01-19 Monthly Newsletter (Batch),Monthly news + featured products,All contacts (batch),2026-01-19,9257,9026,1415,206,14
2026-01-19 Lapsed Customers - lifecycle,We miss you - here's 15% back,Lapsed Customers,2026-01-19,1088,1077,261,44,1
2026-01-19 VIP Loyalists - lifecycle,Early access: your VIP drop is live,VIP Loyalists,2026-01-19,358,352,134,23,0
2026-01-20 First-Time Buyers - lifecycle,How to get the most from your serum,First-Time Buyers,2026-01-20,960,939,265,40,1
2026-01-20 Lapsed Customers - lifecycle,We miss you - here's 15% back,Lapsed Customers,2026-01-20,1167,1155,285,43,1
2026-01-21 First-Time Buyers - lifecycle,How to get the most from your serum,First-Time Buyers,2026-01-21,1075,1055,276,48,1
2026-01-22 Lapsed Customers - lifecycle,We miss you - here's 15% back,Lapsed Customers,2026-01-22,1159,1144,270,45,1
2026-01-22 VIP Loyalists - lifecycle,Early access: your VIP drop is live,VIP Loyalists,2026-01-22,430,425,161,27,0
2026-01-23 New Leads - lifecycle,Your 3-step routine starts here,New Leads,2026-01-23,1767,1740,478,84,2
2026-01-23 Lapsed Customers - lifecycle,We miss you - here's 15% back,Lapsed Customers,2026-01-23,1097,1082,275,41,1
2026-01-23 VIP Loyalists - lifecycle,Early access: your VIP drop is live,VIP Loyalists,2026-01-23,350,342,124,23,0
2026-01-24 First-Time Buyers - lifecycle,How to get the most from your serum,First-Time Buyers,2026-01-24,1031,1007,268,43,1
2026-01-24 VIP Loyalists - lifecycle,Early access: your VIP drop is live,VIP Loyalists,2026-01-24,435,424,152,28,0
2026-01-25 VIP Loyalists - lifecycle,Early access: your VIP drop is live,VIP Loyalists,2026-01-25,358,349,128,24,0
2026-01-26 Cart Abandoners - lifecycle,Still thinking it over? 10% inside,Cart Abandoners,2026-01-26,621,610,188,38,1
2026-01-26 First-Time Buyers - lifecycle,How to get the most from your serum,First-Time Buyers,2026-01-26,1048,1025,283,47,1
2026-01-27 Cart Abandoners - lifecycle,Still thinking it over? 10% inside,Cart Abandoners,2026-01-27,667,656,208,39,1
2026-01-27 VIP Loyalists - lifecycle,Early access: your VIP drop is live,VIP Loyalists,2026-01-27,355,349,125,24,0
2026-01-28 Monthly Newsletter (Batch),Monthly news + featured products,All contacts (batch),2026-01-28,7662,7470,1191,177,12
2026-01-28 Cart Abandoners - lifecycle,Still thinking it over? 10% inside,Cart Abandoners,2026-01-28,639,624,197,37,1
2026-01-28 First-Time Buyers - lifecycle,How to get the most from your serum,First-Time Buyers,2026-01-28,998,979,262,42,1
2026-01-29 New Leads - lifecycle,Your 3-step routine starts here,New Leads,2026-01-29,1722,1703,470,87,2
2026-01-29 Cart Abandoners - lifecycle,Still thinking it over? 10% inside,Cart Abandoners,2026-01-29,661,647,209,40,1
2026-01-29 VIP Loyalists - lifecycle,Early access: your VIP drop is live,VIP Loyalists,2026-01-29,372,365,139,24,0
2026-01-30 Monthly Newsletter (Batch),Monthly news + featured products,All contacts (batch),2026-01-30,7747,7553,1314,174,12
2026-01-30 New Leads - lifecycle,Your 3-step routine starts here,New Leads,2026-01-30,1813,1777,488,90,2
2026-01-30 Lapsed Customers - lifecycle,We miss you - here's 15% back,Lapsed Customers,2026-01-30,1071,1055,261,43,1
2026-01-31 New Leads - lifecycle,Your 3-step routine starts here,New Leads,2026-01-31,1546,1516,420,75,1
2026-01-31 Lapsed Customers - lifecycle,We miss you - here's 15% back,Lapsed Customers,2026-01-31,1177,1151,283,45,1
2026-01-31 VIP Loyalists - lifecycle,Early access: your VIP drop is live,VIP Loyalists,2026-01-31,370,361,140,26,0
2026-02-01 First-Time Buyers - lifecycle,How to get the most from your serum,First-Time Buyers,2026-02-01,1039,1018,282,47,1
2026-02-02 New Leads - lifecycle,Your 3-step routine starts here,New Leads,2026-02-02,1855,1815,521,93,2
2026-02-02 Cart Abandoners - lifecycle,Still thinking it over? 10% inside,Cart Abandoners,2026-02-02,686,678,217,38,1
2026-02-02 VIP Loyalists - lifecycle,Early access: your VIP drop is live,VIP Loyalists,2026-02-02,368,361,132,26,0
2026-02-03 Lapsed Customers - lifecycle,We miss you - here's 15% back,Lapsed Customers,2026-02-03,1222,1204,300,48,1
2026-02-03 VIP Loyalists - lifecycle,Early access: your VIP drop is live,VIP Loyalists,2026-02-03,378,373,138,26,0
2026-02-04 Cart Abandoners - lifecycle,Still thinking it over? 10% inside,Cart Abandoners,2026-02-04,648,633,200,40,1
2026-02-04 Lapsed Customers - lifecycle,We miss you - here's 15% back,Lapsed Customers,2026-02-04,966,949,224,40,1
2026-02-04 VIP Loyalists - lifecycle,Early access: your VIP drop is live,VIP Loyalists,2026-02-04,370,362,141,26,0
2026-02-05 New Leads - lifecycle,Your 3-step routine starts here,New Leads,2026-02-05,1831,1796,498,89,2
2026-02-05 Cart Abandoners - lifecycle,Still thinking it over? 10% inside,Cart Abandoners,2026-02-05,761,751,237,43,1
2026-02-06 Lapsed Customers - lifecycle,We miss you - here's 15% back,Lapsed Customers,2026-02-06,954,940,227,39,1
2026-02-07 Lapsed Customers - lifecycle,We miss you - here's 15% back,Lapsed Customers,2026-02-07,1061,1049,271,43,1
2026-02-07 VIP Loyalists - lifecycle,Early access: your VIP drop is live,VIP Loyalists,2026-02-07,353,346,135,24,0
2026-02-08 Cart Abandoners - lifecycle,Still thinking it over? 10% inside,Cart Abandoners,2026-02-08,690,683,220,42,1
2026-02-08 First-Time Buyers - lifecycle,How to get the most from your serum,First-Time Buyers,2026-02-08,911,895,258,39,1
2026-02-08 Lapsed Customers - lifecycle,We miss you - here's 15% back,Lapsed Customers,2026-02-08,1185,1157,295,44,1
2026-02-10 Lapsed Customers - lifecycle,We miss you - here's 15% back,Lapsed Customers,2026-02-10,1231,1202,297,47,1
2026-02-11 Monthly Newsletter (Batch),Monthly news + featured products,All contacts (batch),2026-02-11,8281,8074,1413,185,13
2026-02-11 New Leads - lifecycle,Your 3-step routine starts here,New Leads,2026-02-11,1769,1733,488,85,2
2026-02-13 Lapsed Customers - lifecycle,We miss you - here's 15% back,Lapsed Customers,2026-02-13,1222,1201,289,51,1
2026-02-13 VIP Loyalists - lifecycle,Early access: your VIP drop is live,VIP Loyalists,2026-02-13,462,456,165,32,0
2026-02-14 New Leads - lifecycle,Your 3-step routine starts here,New Leads,2026-02-14,1729,1696,508,90,2
2026-02-14 Lapsed Customers - lifecycle,We miss you - here's 15% back,Lapsed Customers,2026-02-14,1238,1209,300,51,1
2026-02-14 VIP Loyalists - lifecycle,Early access: your VIP drop is live,VIP Loyalists,2026-02-14,449,442,164,33,0
2026-02-15 New Leads - lifecycle,Your 3-step routine starts here,New Leads,2026-02-15,1704,1686,508,84,2
2026-02-15 Cart Abandoners - lifecycle,Still thinking it over? 10% inside,Cart Abandoners,2026-02-15,715,700,231,44,1
2026-02-15 VIP Loyalists - lifecycle,Early access: your VIP drop is live,VIP Loyalists,2026-02-15,456,448,168,32,0
2026-02-18 First-Time Buyers - lifecycle,How to get the most from your serum,First-Time Buyers,2026-02-18,1009,983,285,43,1
2026-02-18 Lapsed Customers - lifecycle,We miss you - here's 15% back,Lapsed Customers,2026-02-18,1216,1197,315,51,1
2026-02-18 VIP Loyalists - lifecycle,Early access: your VIP drop is live,VIP Loyalists,2026-02-18,371,363,143,27,0
2026-02-19 Lapsed Customers - lifecycle,We miss you - here's 15% back,Lapsed Customers,2026-02-19,1129,1104,286,44,1
2026-02-20 VIP Loyalists - lifecycle,Early access: your VIP drop is live,VIP Loyalists,2026-02-20,453,442,166,30,0
2026-02-21 New Leads - lifecycle,Your 3-step routine starts here,New Leads,2026-02-21,1524,1486,454,76,1
2026-02-21 Cart Abandoners - lifecycle,Still thinking it over? 10% inside,Cart Abandoners,2026-02-21,621,614,201,38,1
2026-02-22 First-Time Buyers - lifecycle,How to get the most from your serum,First-Time Buyers,2026-02-22,1148,1133,313,50,1
2026-02-23 New Leads - lifecycle,Your 3-step routine starts here,New Leads,2026-02-23,1810,1775,524,89,2
2026-02-23 First-Time Buyers - lifecycle,How to get the most from your serum,First-Time Buyers,2026-02-23,924,909,254,44,1
2026-02-23 Lapsed Customers - lifecycle,We miss you - here's 15% back,Lapsed Customers,2026-02-23,1013,998,262,42,1
2026-02-24 Lapsed Customers - lifecycle,We miss you - here's 15% back,Lapsed Customers,2026-02-24,1096,1078,277,46,1
2026-02-24 VIP Loyalists - lifecycle,Early access: your VIP drop is live,VIP Loyalists,2026-02-24,418,407,151,27,0
2026-02-25 Lapsed Customers - lifecycle,We miss you - here's 15% back,Lapsed Customers,2026-02-25,1014,1003,266,39,1
2026-02-25 VIP Loyalists - lifecycle,Early access: your VIP drop is live,VIP Loyalists,2026-02-25,389,381,153,26,0
2026-02-26 New Leads - lifecycle,Your 3-step routine starts here,New Leads,2026-02-26,1679,1657,513,85,1
2026-02-27 Cart Abandoners - lifecycle,Still thinking it over? 10% inside,Cart Abandoners,2026-02-27,658,651,218,42,1
2026-02-27 Lapsed Customers - lifecycle,We miss you - here's 15% back,Lapsed Customers,2026-02-27,1194,1171,307,52,1
2026-02-28 Cart Abandoners - lifecycle,Still thinking it over? 10% inside,Cart Abandoners,2026-02-28,734,717,235,46,1
2026-02-28 First-Time Buyers - lifecycle,How to get the most from your serum,First-Time Buyers,2026-02-28,1127,1109,328,50,1
2026-02-28 Lapsed Customers - lifecycle,We miss you - here's 15% back,Lapsed Customers,2026-02-28,1076,1055,284,41,1
2026-03-01 New Leads - lifecycle,Your 3-step routine starts here,New Leads,2026-03-01,1912,1873,564,98,2
2026-03-02 Cart Abandoners - lifecycle,Still thinking it over? 10% inside,Cart Abandoners,2026-03-02,806,787,270,51,1
2026-03-02 First-Time Buyers - lifecycle,How to get the most from your serum,First-Time Buyers,2026-03-02,1169,1150,320,51,1
2026-03-02 Lapsed Customers - lifecycle,We miss you - here's 15% back,Lapsed Customers,2026-03-02,1236,1208,298,51,1
2026-03-03 Cart Abandoners - lifecycle,Still thinking it over? 10% inside,Cart Abandoners,2026-03-03,784,771,270,51,1
2026-03-04 Monthly Newsletter (Batch),Monthly news + featured products,All contacts (batch),2026-03-04,6976,6802,1117,164,11
2026-03-05 Cart Abandoners - lifecycle,Still thinking it over? 10% inside,Cart Abandoners,2026-03-05,704,691,225,46,1
2026-03-05 First-Time Buyers - lifecycle,How to get the most from your serum,First-Time Buyers,2026-03-05,1149,1137,327,51,1
2026-03-05 Lapsed Customers - lifecycle,We miss you - here's 15% back,Lapsed Customers,2026-03-05,1104,1080,267,46,1
2026-03-05 VIP Loyalists - lifecycle,Early access: your VIP drop is live,VIP Loyalists,2026-03-05,429,422,156,29,0
2026-03-06 Monthly Newsletter (Batch),Monthly news + featured products,All contacts (batch),2026-03-06,6248,6092,1013,143,10
2026-03-06 Cart Abandoners - lifecycle,Still thinking it over? 10% inside,Cart Abandoners,2026-03-06,663,650,216,41,1
2026-03-06 First-Time Buyers - lifecycle,How to get the most from your serum,First-Time Buyers,2026-03-06,1094,1075,325,50,1
2026-03-06 VIP Loyalists - lifecycle,Early access: your VIP drop is live,VIP Loyalists,2026-03-06,375,367,141,27,0
2026-03-08 Lapsed Customers - lifecycle,We miss you - here's 15% back,Lapsed Customers,2026-03-08,1074,1047,263,42,1
2026-03-09 Lapsed Customers - lifecycle,We miss you - here's 15% back,Lapsed Customers,2026-03-09,1155,1133,280,51,1
2026-03-10 Lapsed Customers - lifecycle,We miss you - here's 15% back,Lapsed Customers,2026-03-10,1251,1227,316,51,1
2026-03-11 Monthly Newsletter (Batch),Monthly news + featured products,All contacts (batch),2026-03-11,6317,6159,1016,155,10
2026-03-11 New Leads - lifecycle,Your 3-step routine starts here,New Leads,2026-03-11,1666,1641,516,90,1
2026-03-12 Monthly Newsletter (Batch),Monthly news + featured products,All contacts (batch),2026-03-12,6454,6293,1111,162,10
2026-03-12 New Leads - lifecycle,Your 3-step routine starts here,New Leads,2026-03-12,1697,1674,522,90,2
2026-03-12 Lapsed Customers - lifecycle,We miss you - here's 15% back,Lapsed Customers,2026-03-12,1118,1095,295,46,1
2026-03-13 First-Time Buyers - lifecycle,How to get the most from your serum,First-Time Buyers,2026-03-13,1060,1041,290,48,1
2026-03-13 Lapsed Customers - lifecycle,We miss you - here's 15% back,Lapsed Customers,2026-03-13,1169,1140,291,51,1
2026-03-14 New Leads - lifecycle,Your 3-step routine starts here,New Leads,2026-03-14,1908,1873,575,99,2
2026-03-14 Cart Abandoners - lifecycle,Still thinking it over? 10% inside,Cart Abandoners,2026-03-14,700,689,222,44,1
2026-03-14 VIP Loyalists - lifecycle,Early access: your VIP drop is live,VIP Loyalists,2026-03-14,411,405,164,31,0
2026-03-15 VIP Loyalists - lifecycle,Early access: your VIP drop is live,VIP Loyalists,2026-03-15,484,472,182,34,0
2026-03-16 First-Time Buyers - lifecycle,How to get the most from your serum,First-Time Buyers,2026-03-16,1104,1079,328,50,1
2026-03-17 Cart Abandoners - lifecycle,Still thinking it over? 10% inside,Cart Abandoners,2026-03-17,832,816,280,51,1
2026-03-18 Monthly Newsletter (Batch),Monthly news + featured products,All contacts (batch),2026-03-18,6355,6196,1049,147,10
2026-03-18 Cart Abandoners - lifecycle,Still thinking it over? 10% inside,Cart Abandoners,2026-03-18,709,692,240,42,1
2026-03-18 Lapsed Customers - lifecycle,We miss you - here's 15% back,Lapsed Customers,2026-03-18,1057,1036,270,46,1
2026-03-19 VIP Loyalists - lifecycle,Early access: your VIP drop is live,VIP Loyalists,2026-03-19,414,407,167,30,0
2026-03-20 Cart Abandoners - lifecycle,Still thinking it over? 10% inside,Cart Abandoners,2026-03-20,854,832,281,52,1
2026-03-20 First-Time Buyers - lifecycle,How to get the most from your serum,First-Time Buyers,2026-03-20,1024,999,291,48,1
2026-03-21 New Leads - lifecycle,Your 3-step routine starts here,New Leads,2026-03-21,1837,1807,556,100,2
2026-03-21 Lapsed Customers - lifecycle,We miss you - here's 15% back,Lapsed Customers,2026-03-21,1297,1280,326,57,1
2026-03-21 VIP Loyalists - lifecycle,Early access: your VIP drop is live,VIP Loyalists,2026-03-21,487,475,195,35,0
2026-03-22 Monthly Newsletter (Batch),Monthly news + featured products,All contacts (batch),2026-03-22,5305,5172,928,131,8
2026-03-22 New Leads - lifecycle,Your 3-step routine starts here,New Leads,2026-03-22,1826,1799,562,103,2
2026-03-22 VIP Loyalists - lifecycle,Early access: your VIP drop is live,VIP Loyalists,2026-03-22,498,487,188,35,0
2026-03-23 New Leads - lifecycle,Your 3-step routine starts here,New Leads,2026-03-23,2044,2023,626,111,2
2026-03-24 VIP Loyalists - lifecycle,Early access: your VIP drop is live,VIP Loyalists,2026-03-24,420,414,171,30,0
2026-03-25 Cart Abandoners - lifecycle,Still thinking it over? 10% inside,Cart Abandoners,2026-03-25,662,648,225,42,1
2026-03-25 VIP Loyalists - lifecycle,Early access: your VIP drop is live,VIP Loyalists,2026-03-25,436,426,170,33,0
2026-03-26 Cart Abandoners - lifecycle,Still thinking it over? 10% inside,Cart Abandoners,2026-03-26,795,784,282,52,1
2026-03-26 Lapsed Customers - lifecycle,We miss you - here's 15% back,Lapsed Customers,2026-03-26,1086,1063,276,49,1
2026-03-27 New Leads - lifecycle,Your 3-step routine starts here,New Leads,2026-03-27,1754,1724,546,91,2
2026-03-27 VIP Loyalists - lifecycle,Early access: your VIP drop is live,VIP Loyalists,2026-03-27,402,393,152,28,0
2026-03-28 New Leads - lifecycle,Your 3-step routine starts here,New Leads,2026-03-28,2062,2029,634,118,2
2026-03-28 First-Time Buyers - lifecycle,How to get the most from your serum,First-Time Buyers,2026-03-28,1230,1212,363,58,1
2026-03-29 New Leads - lifecycle,Your 3-step routine starts here,New Leads,2026-03-29,1921,1873,587,99,2
2026-03-29 Cart Abandoners - lifecycle,Still thinking it over? 10% inside,Cart Abandoners,2026-03-29,813,793,267,51,1
2026-03-29 VIP Loyalists - lifecycle,Early access: your VIP drop is live,VIP Loyalists,2026-03-29,491,486,187,38,0
2026-03-30 New Leads - lifecycle,Your 3-step routine starts here,New Leads,2026-03-30,1885,1863,600,102,2
2026-03-30 VIP Loyalists - lifecycle,Early access: your VIP drop is live,VIP Loyalists,2026-03-30,481,476,187,35,0
2026-03-31 First-Time Buyers - lifecycle,How to get the most from your serum,First-Time Buyers,2026-03-31,1025,1008,291,52,1
2026-03-31 VIP Loyalists - lifecycle,Early access: your VIP drop is live,VIP Loyalists,2026-03-31,434,429,171,31,0
2026-04-01 Cart Abandoners - lifecycle,Still thinking it over? 10% inside,Cart Abandoners,2026-04-01,677,665,241,44,1
2026-04-01 Lapsed Customers - lifecycle,We miss you - here's 15% back,Lapsed Customers,2026-04-01,1237,1208,333,52,1
2026-04-02 VIP Loyalists - lifecycle,Early access: your VIP drop is live,VIP Loyalists,2026-04-02,483,473,183,35,0
2026-04-03 First-Time Buyers - lifecycle,How to get the most from your serum,First-Time Buyers,2026-04-03,1073,1052,303,53,1
2026-04-03 Lapsed Customers - lifecycle,We miss you - here's 15% back,Lapsed Customers,2026-04-03,1355,1330,350,59,1
2026-04-04 New Leads - lifecycle,Your 3-step routine starts here,New Leads,2026-04-04,1758,1725,511,97,2
2026-04-04 Lapsed Customers - lifecycle,We miss you - here's 15% back,Lapsed Customers,2026-04-04,1058,1033,292,45,1
2026-04-06 New Leads - lifecycle,Your 3-step routine starts here,New Leads,2026-04-06,2032,1991,604,113,2
2026-04-06 Cart Abandoners - lifecycle,Still thinking it over? 10% inside,Cart Abandoners,2026-04-06,802,792,275,56,1
2026-04-06 First-Time Buyers - lifecycle,How to get the most from your serum,First-Time Buyers,2026-04-06,954,941,288,46,1
2026-04-08 New Leads - lifecycle,Your 3-step routine starts here,New Leads,2026-04-08,2137,2095,671,121,2
2026-04-08 VIP Loyalists - lifecycle,Early access: your VIP drop is live,VIP Loyalists,2026-04-08,411,403,162,32,0
2026-04-09 Lapsed Customers - lifecycle,We miss you - here's 15% back,Lapsed Customers,2026-04-09,1335,1317,348,61,1
2026-04-10 New Leads - lifecycle,Your 3-step routine starts here,New Leads,2026-04-10,1976,1933,578,113,2
2026-04-10 Cart Abandoners - lifecycle,Still thinking it over? 10% inside,Cart Abandoners,2026-04-10,872,858,308,58,1
2026-04-11 Lapsed Customers - lifecycle,We miss you - here's 15% back,Lapsed Customers,2026-04-11,1079,1051,283,49,1
2026-04-12 New Leads - lifecycle,Your 3-step routine starts here,New Leads,2026-04-12,1806,1771,562,96,2
2026-04-12 Cart Abandoners - lifecycle,Still thinking it over? 10% inside,Cart Abandoners,2026-04-12,837,815,289,58,1
2026-04-13 Cart Abandoners - lifecycle,Still thinking it over? 10% inside,Cart Abandoners,2026-04-13,851,841,293,56,1
2026-04-13 VIP Loyalists - lifecycle,Early access: your VIP drop is live,VIP Loyalists,2026-04-13,440,434,184,35,0
2026-04-14 Cart Abandoners - lifecycle,Still thinking it over? 10% inside,Cart Abandoners,2026-04-14,704,693,240,46,1
2026-04-14 VIP Loyalists - lifecycle,Early access: your VIP drop is live,VIP Loyalists,2026-04-14,420,411,167,31,0
2026-04-15 New Leads - lifecycle,Your 3-step routine starts here,New Leads,2026-04-15,1780,1752,525,103,2
2026-04-16 Monthly Newsletter (Batch),Monthly news + featured products,All contacts (batch),2026-04-16,4763,4644,844,126,7
2026-04-16 First-Time Buyers - lifecycle,How to get the most from your serum,First-Time Buyers,2026-04-16,1249,1224,386,63,1
2026-04-16 Lapsed Customers - lifecycle,We miss you - here's 15% back,Lapsed Customers,2026-04-16,1344,1316,357,62,1
2026-04-16 VIP Loyalists - lifecycle,Early access: your VIP drop is live,VIP Loyalists,2026-04-16,421,412,176,33,0
2026-04-17 New Leads - lifecycle,Your 3-step routine starts here,New Leads,2026-04-17,1674,1642,538,94,1
2026-04-17 Lapsed Customers - lifecycle,We miss you - here's 15% back,Lapsed Customers,2026-04-17,1110,1097,299,47,1
2026-04-17 VIP Loyalists - lifecycle,Early access: your VIP drop is live,VIP Loyalists,2026-04-17,443,436,174,35,0
2026-04-19 Cart Abandoners - lifecycle,Still thinking it over? 10% inside,Cart Abandoners,2026-04-19,832,814,294,53,1
2026-04-20 New Leads - lifecycle,Your 3-step routine starts here,New Leads,2026-04-20,2026,1992,623,111,2
2026-04-20 Cart Abandoners - lifecycle,Still thinking it over? 10% inside,Cart Abandoners,2026-04-20,720,711,241,49,1
2026-04-20 Lapsed Customers - lifecycle,We miss you - here's 15% back,Lapsed Customers,2026-04-20,1147,1127,318,52,1
2026-04-20 VIP Loyalists - lifecycle,Early access: your VIP drop is live,VIP Loyalists,2026-04-20,472,462,195,35,0
2026-04-21 Monthly Newsletter (Batch),Monthly news + featured products,All contacts (batch),2026-04-21,4780,4660,837,121,7
2026-04-21 New Leads - lifecycle,Your 3-step routine starts here,New Leads,2026-04-21,2136,2108,672,117,2
2026-04-21 Lapsed Customers - lifecycle,We miss you - here's 15% back,Lapsed Customers,2026-04-21,1273,1254,338,57,1
2026-04-21 VIP Loyalists - lifecycle,Early access: your VIP drop is live,VIP Loyalists,2026-04-21,466,458,181,36,0
2026-04-22 Lapsed Customers - lifecycle,We miss you - here's 15% back,Lapsed Customers,2026-04-22,1261,1234,325,58,1
2026-04-24 Cart Abandoners - lifecycle,Still thinking it over? 10% inside,Cart Abandoners,2026-04-24,821,811,291,53,1
2026-04-24 VIP Loyalists - lifecycle,Early access: your VIP drop is live,VIP Loyalists,2026-04-24,478,469,195,39,0
2026-04-25 New Leads - lifecycle,Your 3-step routine starts here,New Leads,2026-04-25,1981,1943,644,107,2
2026-04-25 VIP Loyalists - lifecycle,Early access: your VIP drop is live,VIP Loyalists,2026-04-25,427,417,168,35,0
2026-04-26 Cart Abandoners - lifecycle,Still thinking it over? 10% inside,Cart Abandoners,2026-04-26,861,848,307,58,1
2026-04-26 First-Time Buyers - lifecycle,How to get the most from your serum,First-Time Buyers,2026-04-26,1242,1220,393,60,1
2026-04-27 New Leads - lifecycle,Your 3-step routine starts here,New Leads,2026-04-27,1922,1879,612,103,2
2026-04-27 Cart Abandoners - lifecycle,Still thinking it over? 10% inside,Cart Abandoners,2026-04-27,879,862,308,62,1
2026-04-27 First-Time Buyers - lifecycle,How to get the most from your serum,First-Time Buyers,2026-04-27,1219,1198,378,63,1
2026-04-27 VIP Loyalists - lifecycle,Early access: your VIP drop is live,VIP Loyalists,2026-04-27,488,481,202,39,0
2026-04-28 New Leads - lifecycle,Your 3-step routine starts here,New Leads,2026-04-28,2124,2080,687,115,2
2026-04-28 Cart Abandoners - lifecycle,Still thinking it over? 10% inside,Cart Abandoners,2026-04-28,845,823,286,55,1
2026-04-28 Lapsed Customers - lifecycle,We miss you - here's 15% back,Lapsed Customers,2026-04-28,1144,1122,312,51,1
2026-04-28 VIP Loyalists - lifecycle,Early access: your VIP drop is live,VIP Loyalists,2026-04-28,477,466,199,37,0
2026-04-29 Monthly Newsletter (Batch),Monthly news + featured products,All contacts (batch),2026-04-29,4111,4008,683,109,6
2026-04-29 Cart Abandoners - lifecycle,Still thinking it over? 10% inside,Cart Abandoners,2026-04-29,891,878,301,58,1
2026-04-29 Lapsed Customers - lifecycle,We miss you - here's 15% back,Lapsed Customers,2026-04-29,1234,1206,347,58,1
